url	source_name	name	form	rig
https://tonedeafmonk.squig.link/data/3APLUS%20300%20L.txt	3APLUS Beyerdynamic Xelento Gen2 1:1 Clone (300 LEVEL MESH NOZZLE FILTER)	3APLUS Beyerdynamic Xelento Gen2 11 Clone (300 LEVEL MESH NOZZLE FILTER)	ignore	711
https://tonedeafmonk.squig.link/data/3APLUS%20350%20L.txt	3APLUS Beyerdynamic Xelento Gen2 1:1 Clone (350 LEVEL MESH NOZZLE FILTER)	3APLUS Beyerdynamic Xelento Gen2 11 Clone (350 LEVEL MESH NOZZLE FILTER)	ignore	711
https://tonedeafmonk.squig.link/data/3APLUS%20400%20L.txt	3APLUS Beyerdynamic Xelento Gen2 1:1 Clone (400 LEVEL MESH NOZZLE FILTER)	3APLUS Beyerdynamic Xelento Gen2 11 Clone (400 LEVEL MESH NOZZLE FILTER)	ignore	711
https://tonedeafmonk.squig.link/data/3APLUS%20500%20L.txt	3APLUS Beyerdynamic Xelento Gen2 1:1 Clone (500 LEVEL MESH NOZZLE FILTER)	3APLUS Beyerdynamic Xelento Gen2 11 Clone (500 LEVEL MESH NOZZLE FILTER)	ignore	711
https://tonedeafmonk.squig.link/data/3APLUS%20L.txt	3APLUS Beyerdynamic Xelento Gen2 1:1 Clone (STOCK)	3APLUS Beyerdynamic Xelento Gen2 11 Clone (STOCK)	ignore	711
https://tonedeafmonk.squig.link/data/3APLUS%20R.txt	3APLUS Beyerdynamic Xelento Gen2 1:1 Clone (STOCK)	3APLUS Beyerdynamic Xelento Gen2 11 Clone (STOCK)	ignore	711
https://tonedeafmonk.squig.link/data/64%20Audio%20U12T%20M15%20L.txt	64 Audio U12T (M15)	64 Audio U12t (m15 Apex module)	in-ear	711
https://tonedeafmonk.squig.link/data/64%20Audio%20U12T%20M20%20L.txt	64 Audio U12T (M20)	64 Audio U12t (m20 Apex module)	in-ear	711
https://tonedeafmonk.squig.link/data/64%20Audio%20U12T%20M20%20R.txt	64 Audio U12T (M20)	64 Audio U12t (m20 Apex module)	in-ear	711
https://tonedeafmonk.squig.link/data/64%20Audio%20U12T%20MX%20L.txt	64 Audio U12T (MX)	64 Audio U12t (mX Apex module)	in-ear	711
https://tonedeafmonk.squig.link/data/64%20Audio%20Volur%20M12%20L.txt	64 Audio Volur (Apex Module M12)	64 Audio Volur (m12 Apex module)	in-ear	711
https://tonedeafmonk.squig.link/data/64%20Audio%20Volur%20M15%20L.txt	64 Audio Volur (Apex Module M15)	64 Audio Volur (m15 Apex module)	in-ear	711
https://tonedeafmonk.squig.link/data/64%20Audio%20Volur%20M15%20R.txt	64 Audio Volur (Apex Module M15)	64 Audio Volur (m15 Apex module)	in-ear	711
https://tonedeafmonk.squig.link/data/64%20Audio%20Volur%20M20%20L.txt	64 Audio Volur (Apex Module M20)	64 Audio Volur (m20 Apex module)	in-ear	711
https://tonedeafmonk.squig.link/data/64%20Audio%20Volur%20MX%20L.txt	64 Audio Volur (Apex Module MX)	64 Audio Volur (mX Apex module)	in-ear	711
https://tonedeafmonk.squig.link/data/7Hz%20Diablo%20L.txt	7Hz Diablo	7Hz Diablo	in-ear	711
https://tonedeafmonk.squig.link/data/7Hz%20Diablo%20R.txt	7Hz Diablo	7Hz Diablo	in-ear	711
https://tonedeafmonk.squig.link/data/7Hz%20Diablo%20Set2%20L.txt	7Hz Diablo Set#2	7Hz Diablo Set#2	in-ear	711
https://tonedeafmonk.squig.link/data/7Hz%20Diablo%20Set2%20R.txt	7Hz Diablo Set#2	7Hz Diablo Set#2	in-ear	711
https://tonedeafmonk.squig.link/data/7hz%20Legato%20L.txt	7hz Legato	7Hz Legato	in-ear	711
https://tonedeafmonk.squig.link/data/7hz%20Legato%20R.txt	7hz Legato	7Hz Legato	in-ear	711
https://tonedeafmonk.squig.link/data/SALNOTES%20ZERO%202%20L.txt	7hz SALNOTES X CRIN ZERO 2 SET 2	7Hz Salnotes Zero 2	in-ear	711
https://tonedeafmonk.squig.link/data/SALNOTES%20ZERO%202%20R.txt	7hz SALNOTES X CRIN ZERO 2 SET 2	7Hz Salnotes Zero 2	in-ear	711
https://tonedeafmonk.squig.link/data/7HZ%20Sonus%20L.txt	7hz Sonus	7Hz Sonus	in-ear	711
https://tonedeafmonk.squig.link/data/7HZ%20Sonus%20R.txt	7hz Sonus	7Hz Sonus	in-ear	711
https://tonedeafmonk.squig.link/data/7HZ%20ZERO2%20L.txt	7hz ZERO 2.0	7Hz x Crinacle Zero 2	in-ear	711
https://tonedeafmonk.squig.link/data/7HZ%20ZERO2%20R.txt	7hz ZERO 2.0	7Hz x Crinacle Zero 2	in-ear	711
https://tonedeafmonk.squig.link/data/7th%20Acoustics%20Stargazer%20L.txt	7th Acoustics Stargazer	7th Acoustics Stargazer	in-ear	711
https://tonedeafmonk.squig.link/data/7th%20Acoustics%20Stargazer%20R.txt	7th Acoustics Stargazer	7th Acoustics Stargazer	in-ear	711
https://tonedeafmonk.squig.link/data/AAW%20Z02%20L.txt	AAW Z02	AAW Z02	in-ear	711
https://tonedeafmonk.squig.link/data/AAW%20Z02%20R.txt	AAW Z02	AAW Z02	in-ear	711
https://tonedeafmonk.squig.link/data/AAW%20Z06%20L.txt	AAW Z06	AAW Z06	in-ear	711
https://tonedeafmonk.squig.link/data/AAW%20Z06%20R.txt	AAW Z06	AAW Z06	in-ear	711
https://tonedeafmonk.squig.link/data/AFUL%20Cantor%20L.txt	AFUL CANTOR	AFUL Cantor	in-ear	711
https://tonedeafmonk.squig.link/data/AFUL%20Cantor%20R.txt	AFUL CANTOR	AFUL Cantor	in-ear	711
https://tonedeafmonk.squig.link/data/AFUL%20Dawn%20X%20L.txt	AFUL DAWN X	AFUL DAWN X	in-ear	711
https://tonedeafmonk.squig.link/data/AFUL%20Dawn%20X%20R.txt	AFUL DAWN X	AFUL DAWN X	in-ear	711
https://tonedeafmonk.squig.link/data/AFUL%20EXPLORER%203%20L.txt	AFUL EXPLORER 3	AFUL Explorer 3	in-ear	711
https://tonedeafmonk.squig.link/data/AFUL%20EXPLORER%203%20R.txt	AFUL EXPLORER 3	AFUL Explorer 3	in-ear	711
https://tonedeafmonk.squig.link/data/AFUL%20PERFORMER%207%20L.txt	AFUL PERFORMER 7	AFUL Performer 7	in-ear	711
https://tonedeafmonk.squig.link/data/AFUL%20PERFORMER%207%20R.txt	AFUL PERFORMER 7	AFUL Performer 7	in-ear	711
https://tonedeafmonk.squig.link/data/AFUL%20P8%20L.txt	AFUL PERFORMER8	AFUL Performer 8	in-ear	711
https://tonedeafmonk.squig.link/data/AFUL%20P8%20R.txt	AFUL PERFORMER8	AFUL Performer 8	in-ear	711
https://tonedeafmonk.squig.link/data/AOSHIDA%20E20%20L.txt	AOSHIDA E20	AOSHIDA E20	in-ear	711
https://tonedeafmonk.squig.link/data/AOSHIDA%20E20%20R.txt	AOSHIDA E20	AOSHIDA E20	in-ear	711
https://tonedeafmonk.squig.link/data/AOSHIDA%20SET2%20L.txt	AOSHIDA E20 SET2 (STOCK 4,4 CABLE FOAM TIPS)	AOSHIDA E20	in-ear	711
https://tonedeafmonk.squig.link/data/AOSHIDA%20E20%20FF%20IMP%20ADAPT%20L.txt	AOSHIDA E20 SET2 (FAT FREQ IMPEDANCE ADAPTER)	AOSHIDA E20 SET2 (FAT FREQ IMPEDANCE ADAPTER)	ignore	711
https://tonedeafmonk.squig.link/data/AOSHIDA%20E20%2050%20OHM%20L.txt	AOSHIDA E20 SET2 (USING A 50OHM IMPEDANCE ADAPTER)	AOSHIDA E20 SET2 (USING A 50OHM IMPEDANCE ADAPTER)	ignore	711
https://tonedeafmonk.squig.link/data/AOSHIDA%20E20%20IEMATCH%20H%20L.txt	AOSHIDA E20 SET2 (USING IFI IEMATCH HIGH MODE	AOSHIDA E20 SET2 (USING IFI IEMATCH HIGH MODE	ignore	711
https://tonedeafmonk.squig.link/data/AOSHIDA%20E20%20IEMATCH%20U%20L.txt	AOSHIDA E20 SET2 (USING IFI IEMATCH ULTRA MODE)	AOSHIDA E20 SET2 (USING IFI IEMATCH ULTRA MODE)	ignore	711
https://tonedeafmonk.squig.link/data/AOSHIDA%20SET2%20FF%20IMP%20ADAPT%20L.txt		AOSHIDA SET2 FF IMP ADAPT	ignore	711
https://tonedeafmonk.squig.link/data/ARTTI%20R1%20L.txt	ARTTI R1	ARTTI R1	in-ear	711
https://tonedeafmonk.squig.link/data/ARTTI%20R1%20R.txt	ARTTI R1	ARTTI R1	in-ear	711
https://tonedeafmonk.squig.link/data/ARTTI%20R2%20L.txt	ARTTI R2	ARTTI R2	in-ear	711
https://tonedeafmonk.squig.link/data/ARTTI%20R2%20R.txt	ARTTI R2	ARTTI R2	in-ear	711
https://tonedeafmonk.squig.link/data/ARTTI%20R3%20L.txt	ARTTI R3	ARTTI R3	in-ear	711
https://tonedeafmonk.squig.link/data/ARTTI%20R3%20R.txt	ARTTI R3	ARTTI R3	in-ear	711
https://tonedeafmonk.squig.link/data/ARTTI%20R6%20L.txt	ARTTI R6	ARTTI R6	in-ear	711
https://tonedeafmonk.squig.link/data/ARTTI%20R6%20R.txt	ARTTI R6	ARTTI R6	in-ear	711
https://tonedeafmonk.squig.link/data/ARTTI%20T10%20L.txt	ARTTI T10	ARTTI T10	in-ear	711
https://tonedeafmonk.squig.link/data/ARTTI%20T10%20R.txt	ARTTI T10	ARTTI T10	in-ear	711
https://tonedeafmonk.squig.link/data/ARTTI%20T10%20PRO%20L.txt	ARTTI T10 PRO	ARTTI T10 Pro	in-ear	711
https://tonedeafmonk.squig.link/data/ARTTI%20T10%20PRO%20R.txt	ARTTI T10 PRO	ARTTI T10 Pro	in-ear	711
https://tonedeafmonk.squig.link/data/AGASOUND%20AGA%20ONE%20L.txt	Agasound AGA ONE (Stock)	Agasound AGA ONE	in-ear	711
https://tonedeafmonk.squig.link/data/AGASOUND%20AGA%20ONE%20R.txt	Agasound AGA ONE (Stock)	Agasound AGA ONE	in-ear	711
https://tonedeafmonk.squig.link/data/AGASOUND%20AGA%20ONE%20500%20L.txt	Agasound AGA ONE (With 500 Level Mesh Filter)	Agasound AGA ONE (With 500 Level Mesh Filter)	ignore	711
https://tonedeafmonk.squig.link/data/Alpha%20&%20Delta%20KS1%20L.txt	ALPHA & DELTA KS1	Alpha & Delta KS1	in-ear	711
https://tonedeafmonk.squig.link/data/Alpha%20&%20Delta%20KS1%20R.txt	ALPHA & DELTA KS1	Alpha & Delta KS1	in-ear	711
https://tonedeafmonk.squig.link/data/Alpha%20Delta%20KS3%20L.txt	ALPHA & DELTA KS3	Alpha & Delta KS3	in-ear	711
https://tonedeafmonk.squig.link/data/Alpha%20Delta%20KS3%20R.txt	ALPHA & DELTA KS3	Alpha & Delta KS3	in-ear	711
https://tonedeafmonk.squig.link/data/Alpha%20&%20Delta%20KS3%20L.txt		Alpha & Delta KS3	in-ear	711
https://tonedeafmonk.squig.link/data/Alpha%20&%20Delta%20KS3%20R.txt		Alpha & Delta KS3	in-ear	711
https://tonedeafmonk.squig.link/data/AO%20OMEGA%20DDD%20L.txt	ALPHA OMEGA OMEGA (ALL SWITCHES DOWN)	Alpha Omega Omega (off-off-off)	in-ear	711
https://tonedeafmonk.squig.link/data/AO%20OMEGA%20DDD%20R.txt	ALPHA OMEGA OMEGA (ALL SWITCHES DOWN)	Alpha Omega Omega (off-off-off)	in-ear	711
https://tonedeafmonk.squig.link/data/AO%20OMEGA%20DDU%20L.txt	ALPHA OMEGA OMEGA (SWITCHES DDU)	Alpha Omega Omega (off-off-on)	in-ear	711
https://tonedeafmonk.squig.link/data/AO%20OMEGA%20DUD%20L.txt	ALPHA OMEGA OMEGA (SWITCHES DUD)	Alpha Omega Omega (off-on-off)	in-ear	711
https://tonedeafmonk.squig.link/data/AO%20OMEGA%20DUU%20L.txt	ALPHA OMEGA OMEGA (SWITCHES DUU)	Alpha Omega Omega (off-on-on)	in-ear	711
https://tonedeafmonk.squig.link/data/AO%20OMEGA%20UDD%20L.txt	ALPHA OMEGA OMEGA (SWITCHES UDD)	Alpha Omega Omega (on-off-off)	in-ear	711
https://tonedeafmonk.squig.link/data/AO%20OMEGA%20UDU%20L.txt	ALPHA OMEGA OMEGA (SWITCHES UDU)	Alpha Omega Omega (on-off-on)	in-ear	711
https://tonedeafmonk.squig.link/data/AO%20OMEGA%20UUD%20L.txt	ALPHA OMEGA OMEGA (SWITCHES UUD)	Alpha Omega Omega (on-on-off)	in-ear	711
https://tonedeafmonk.squig.link/data/AO%20OMEGA%20UUU%20L.txt	ALPHA OMEGA OMEGA (SWITCHES UUU)	Alpha Omega Omega (on-on-on)	in-ear	711
https://tonedeafmonk.squig.link/data/Ambient%20Acoustics%20MAD24%20L.txt	Ambient Acoustics MAD24	Ambient Acoustics MAD24	in-ear	711
https://tonedeafmonk.squig.link/data/Ambient%20Acoustics%20MAD24%20R.txt	Ambient Acoustics MAD24	Ambient Acoustics MAD24	in-ear	711
https://tonedeafmonk.squig.link/data/APEVOIX%20GRIT%20L.txt	APEVOIX GRIT	Apevoix GRIT	in-ear	711
https://tonedeafmonk.squig.link/data/APEVOIX%20GRIT%20R.txt	APEVOIX GRIT	Apevoix GRIT	in-ear	711
https://tonedeafmonk.squig.link/data/APOS%20Rock%20Lobster%20L.txt	APOS Rock Lobster	Apos Audio Rock Lobster	in-ear	711
https://tonedeafmonk.squig.link/data/APOS%20Rock%20Lobster%20R.txt	APOS Rock Lobster	Apos Audio Rock Lobster	in-ear	711
https://tonedeafmonk.squig.link/data/ARISYN%20KONG%20YOU%20L.txt	ARISYN KONG YOU	Arisyn KONG YOU	in-ear	711
https://tonedeafmonk.squig.link/data/ARISYN%20KONG%20YOU%20R.txt	ARISYN KONG YOU	Arisyn KONG YOU	in-ear	711
https://tonedeafmonk.squig.link/data/AROMA%20THUNDER%20L.txt	AROMA AUDIO THUNDER	Aroma Audio Thunder	in-ear	711
https://tonedeafmonk.squig.link/data/astrotec%20GX100%20L.txt	astrotec GX100	Astrotec GX100	in-ear	711
https://tonedeafmonk.squig.link/data/astrotec%20GX100%20R.txt	astrotec GX100	Astrotec GX100	in-ear	711
https://tonedeafmonk.squig.link/data/BASN%20Bmaster%20X%20L.txt	BASN Bmaster X	BASN Bmaster X	in-ear	711
https://tonedeafmonk.squig.link/data/BASN%20Bmaster%20X%20R.txt	BASN Bmaster X	BASN Bmaster X	in-ear	711
https://tonedeafmonk.squig.link/data/BGVP%20Astrum%20L.txt	BGVP Astrum	BGVP Astrum	in-ear	711
https://tonedeafmonk.squig.link/data/BGVP%20Astrum%20R.txt	BGVP Astrum	BGVP Astrum	in-ear	711
https://tonedeafmonk.squig.link/data/BGVP%20DMA%20L.txt	BGVP DMA	BGVP DMA	in-ear	711
https://tonedeafmonk.squig.link/data/BGVP%20DMA%20R.txt	BGVP DMA	BGVP DMA	in-ear	711
https://tonedeafmonk.squig.link/data/BGVP%20NS10%20PRO%20RED%20400%20L.txt	BGVP NS10 PRO (RED FILTER WITH 400 LEVEL MESH)	BGVP NS10 PRO (RED FILTER WITH 400 LEVEL MESH)	ignore	711
https://tonedeafmonk.squig.link/data/BGVP%20NS10%20PRO%20RED%20L.txt	BGVP NS10 PRO (RED FILTER)	BGVP NS10 PRO (red filter)	in-ear	711
https://tonedeafmonk.squig.link/data/BGVP%20NS10%20PRO%20STOCK%20L.txt	BGVP NS10 PRO (STOCK SHORT FILTER)	BGVP NS10 PRO (short filter)	in-ear	711
https://tonedeafmonk.squig.link/data/BGVP%20NS10%20PRO%20STOCK%20R.txt	BGVP NS10 PRO (STOCK SHORT FILTER)	BGVP NS10 PRO (short filter)	in-ear	711
https://tonedeafmonk.squig.link/data/BGVP%20NS10%20PRO%20SILVER%20L.txt	BGVP NS10 PRO (SILVER FILTER)	BGVP NS10 PRO (silver filter)	in-ear	711
https://tonedeafmonk.squig.link/data/SE%20STOCK%20L.txt	BGVP Phantom SE (STOCK )	BGVP Phantom SE (STOCK )	in-ear	711
https://tonedeafmonk.squig.link/data/SE%20FF%20IMP%20L.txt	BGVP Phantom SE (With The FATFreq or a 35 Ohm Impedance Adapter)	BGVP Phantom SE (With The FATFreq or a 35 Ohm Impedance Adapter)	in-ear	711
https://tonedeafmonk.squig.link/data/SE%2050%20OHM%20L.txt	BGVP Phantom SE (With a 50 Ohm Impedance Adapter)	BGVP Phantom SE (With a 50 Ohm Impedance Adapter)	in-ear	711
https://tonedeafmonk.squig.link/data/SE%20IFI%20HIGH%20L.txt	BGVP Phantom SE (With iFi iEMatch 4,4 High Setting)	BGVP Phantom SE (With iFi iEMatch 4,4 High Setting)	in-ear	711
https://tonedeafmonk.squig.link/data/SE%20IFI%20ULTRA%20L.txt	BGVP Phantom SE (With iFi iEMatch 4.4 Ultra Setting)	BGVP Phantom SE (With iFi iEMatch 4.4 Ultra Setting)	in-ear	711
https://tonedeafmonk.squig.link/data/BGVP%20Phantom%20SE%20L.txt	BGVP Phantom SE Snake Edition	BGVP Phantom SE Snake Edition	in-ear	711
https://tonedeafmonk.squig.link/data/BGVP%20Phantom%20SE%20R.txt	BGVP Phantom SE Snake Edition	BGVP Phantom SE Snake Edition	in-ear	711
https://tonedeafmonk.squig.link/data/BGVP%20SOLOMON%20L.txt		BGVP Solomon	in-ear	711
https://tonedeafmonk.squig.link/data/BGVP%20SOLOMON%20R.txt		BGVP Solomon	in-ear	711
https://tonedeafmonk.squig.link/data/Solomon%20L.txt	BGVP Solomon #2 (STOCK)	BGVP Solomon #2 (STOCK)	in-ear	711
https://tonedeafmonk.squig.link/data/Solomon%20FF%20Adapt%20L.txt	BGVP Solomon #2 (With The FATFreq or a 35 Ohm Impedance Adapter)	BGVP Solomon #2 (With The FATFreq or a 35 Ohm Impedance Adapter)	in-ear	711
https://tonedeafmonk.squig.link/data/Solomon%2050ohm%20L.txt	BGVP Solomon #2 (With a 50 Ohm Impedance Adapter)	BGVP Solomon #2 (With a 50 Ohm Impedance Adapter)	in-ear	711
https://tonedeafmonk.squig.link/data/Solomon%20IEMatch%20High%20L.txt	BGVP Solomon #2 (With iFi iEMatch 4,4 High Setting)	BGVP Solomon #2 (With iFi iEMatch 4,4 High Setting)	in-ear	711
https://tonedeafmonk.squig.link/data/Solomon%20IEMatch%20Ultra%20L.txt	BGVP Solomon #2 (With iFi iEMatch 4.4 Ultra Setting)	BGVP Solomon #2 (With iFi iEMatch 4.4 Ultra Setting)	in-ear	711
https://tonedeafmonk.squig.link/data/BLON%20A6%20L.txt	BLON A6	BLON A6	in-ear	711
https://tonedeafmonk.squig.link/data/BLON%20A6%20R.txt	BLON A6	BLON A6	in-ear	711
https://tonedeafmonk.squig.link/data/BLON%20HBB%20Z300%20L.txt	BLON HBB Z300	BLON x HBB Z300	in-ear	711
https://tonedeafmonk.squig.link/data/BQEYZ%20NI%20L.txt	BQEYZ NI	BQEYZ NI	in-ear	711
https://tonedeafmonk.squig.link/data/BQEYZ%20NI%20R.txt	BQEYZ NI	BQEYZ NI	in-ear	711
https://tonedeafmonk.squig.link/data/BQEYZ%20WIND%20L.txt	BQEYZ Wind	BQEYZ Wind	in-ear	711
https://tonedeafmonk.squig.link/data/BQEYZ%20WIND%20R.txt	BQEYZ Wind	BQEYZ Wind	in-ear	711
https://tonedeafmonk.squig.link/data/Binary%201900%20L.txt	Binary Acoustics 1900	Binary Acoustics 1900	in-ear	711
https://tonedeafmonk.squig.link/data/Binary%201900%20R.txt	Binary Acoustics 1900	Binary Acoustics 1900	in-ear	711
https://tonedeafmonk.squig.link/data/Binary%20Acoustics%20DYNAQUATTRO%20L.txt	Binary Acoustics DYNAQUATTRO	Binary Acoustics Dynaquattro	in-ear	711
https://tonedeafmonk.squig.link/data/Binary%20Acoustics%20DYNAQUATTRO%20R.txt	Binary Acoustics DYNAQUATTRO	Binary Acoustics Dynaquattro	in-ear	711
https://tonedeafmonk.squig.link/data/Binary%20Acoustics%20EP321%20L.txt	Binary Acoustics EP321 MEMS	Binary Acoustics EP321 MEMS	in-ear	711
https://tonedeafmonk.squig.link/data/Binary%20Acoustics%20EP321%20R.txt	Binary Acoustics EP321 MEMS	Binary Acoustics EP321 MEMS	in-ear	711
https://tonedeafmonk.squig.link/data/Binary%20Acoustics%20Chopin%20L.txt	Binary Acoustics x Gizaudio Chopin	Binary Acoustics x Gizaudio Chopin	in-ear	711
https://tonedeafmonk.squig.link/data/Binary%20Acoustics%20Chopin%20R.txt	Binary Acoustics x Gizaudio Chopin	Binary Acoustics x Gizaudio Chopin	in-ear	711
https://tonedeafmonk.squig.link/data/CCA%20DUO%20L.txt	CCA DUO	CCA DUO	in-ear	711
https://tonedeafmonk.squig.link/data/CCA%20DUO%20R.txt	CCA DUO	CCA DUO	in-ear	711
https://tonedeafmonk.squig.link/data/CCA%20Falcon%20L.txt	CCA Falcon	CCA Falcon	in-ear	711
https://tonedeafmonk.squig.link/data/CCA%20Falcon%20R.txt	CCA Falcon	CCA Falcon	in-ear	711
https://tonedeafmonk.squig.link/data/CCA%20HYDRO%20UDDD%20L.txt	CCA Hyrdo (BASS BOOST LEV1)	CCA Hyrdo (BASS BOOST LEV1)	ignore	711
https://tonedeafmonk.squig.link/data/CCA%20HYDRO%20UUDD%20L.txt	CCA Hyrdo (BASS BOOST LEV2)	CCA Hyrdo (BASS BOOST LEV2)	ignore	711
https://tonedeafmonk.squig.link/data/CCA%20HYDRO%20UUUU%20L.txt	CCA Hyrdo (HIGH EFFICIENCY MODE)	CCA Hyrdo (HIGH EFFICIENCY MODE)	ignore	711
https://tonedeafmonk.squig.link/data/CCA%20HYDRO%20DDUU%20L.txt	CCA Hyrdo (MID & HIGH LEV2)	CCA Hyrdo (MID & HIGH LEV2)	ignore	711
https://tonedeafmonk.squig.link/data/CCA%20HYDRO%20DDUD%20L.txt	CCA Hyrdo (MID & HIGHS LEV1)	CCA Hyrdo (MID & HIGHS LEV1)	ignore	711
https://tonedeafmonk.squig.link/data/CCA%20Phoenix%20L.txt	CCA Phoenix	CCA Phoenix	in-ear	711
https://tonedeafmonk.squig.link/data/CCA%20Phoenix%20R.txt	CCA Phoenix	CCA Phoenix	in-ear	711
https://tonedeafmonk.squig.link/data/CCA%20Pianist%20L.txt	CCA Pianist	CCA Pianist	in-ear	711
https://tonedeafmonk.squig.link/data/CCA%20Pianist%20R.txt	CCA Pianist	CCA Pianist	in-ear	711
https://tonedeafmonk.squig.link/data/CCA%20Polaris%201110%20FOAM%20300%20R.txt	CCA Polaris (1110 2X MED FOAM & 300 LEV NOZZLE FILTER)	CCA Polaris (1110 2X MED FOAM & 300 LEV NOZZLE FILTER)	ignore	
https://tonedeafmonk.squig.link/data/CCA%20Polaris%200111%20FOAM%20500%20L.txt	CCA Polaris (1110 2X MED FOAM & 500 LEV NOZZLE FILTER)	CCA Polaris (1110 2X MED FOAM & 500 LEV NOZZLE FILTER)	ignore	
https://tonedeafmonk.squig.link/data/CCA%20Polaris%200111%20500%20FILTER%20L.txt	CCA Polaris (111O 500 LEV NOZZLE FILTER)	CCA Polaris (111O 500 LEV NOZZLE FILTER)	ignore	
https://tonedeafmonk.squig.link/data/CCA%20Polaris%200000%20L.txt	CCA Polaris (0000)	CCA Polaris (off-off-off-off)	in-ear	711
https://tonedeafmonk.squig.link/data/CCA%20Polaris%200010%20L.txt	CCA Polaris (0010)	CCA Polaris (off-off-on-off)	in-ear	711
https://tonedeafmonk.squig.link/data/CCA%20Polaris%200100%20L.txt	CCA Polaris (0100)	CCA Polaris (off-on-off-off)	in-ear	711
https://tonedeafmonk.squig.link/data/CCA%20Polaris%201000%20L.txt	CCA Polaris (1000)	CCA Polaris (on-off-off-off)	in-ear	711
https://tonedeafmonk.squig.link/data/CCA%20Rhapsody%200000%20L.txt	CCA Rhapsody (0000)	CCA Rhapsody (off-off-off-off)	in-ear	711
https://tonedeafmonk.squig.link/data/CCA%20Rhapsody%200010%20L.txt	CCA Rhapsody (0010)	CCA Rhapsody (off-off-on-off)	in-ear	711
https://tonedeafmonk.squig.link/data/CCA%20Rhapsody%200011%20L.txt	CCA Rhapsody (0011)	CCA Rhapsody (off-off-on-on)	in-ear	711
https://tonedeafmonk.squig.link/data/CCA%20Rhapsody%200110%20L.txt	CCA Rhapsody (0110)	CCA Rhapsody (off-on-on-off)	in-ear	711
https://tonedeafmonk.squig.link/data/CCA%20Rhapsody%201000%20L.txt	CCA Rhapsody (1000)	CCA Rhapsody (on-off-off-off)	in-ear	711
https://tonedeafmonk.squig.link/data/CCA%20Rhapsody%201010%20L.txt	CCA Rhapsody (1010)	CCA Rhapsody (on-off-on-off)	in-ear	711
https://tonedeafmonk.squig.link/data/CCA%20Rhapsody%201100%20L.txt	CCA Rhapsody (1100)	CCA Rhapsody (on-on-off-off)	in-ear	711
https://tonedeafmonk.squig.link/data/CCA%20Rhapsody%201110%20L.txt	CCA Rhapsody (1110)	CCA Rhapsody (on-on-on-off)	in-ear	711
https://tonedeafmonk.squig.link/data/CCA%20TRIO%20DDDD%20L.txt	CCA Trio (DDDD)	CCA Trio (off-off-off-off)	in-ear	711
https://tonedeafmonk.squig.link/data/CCA%20TRIO%20DDUU%20L.txt	CCA Trio (DDUU)	CCA Trio (off-off-on-on)	in-ear	711
https://tonedeafmonk.squig.link/data/CCA%20TRIO%20DUUD%20L.txt		CCA Trio (off-on-on-	ignore	711
https://tonedeafmonk.squig.link/data/CCA%20TRIO%20UDDU%20L.txt	CCA Trio (DUUD)	CCA Trio (off-on-on-off)	in-ear	711
https://tonedeafmonk.squig.link/data/CCA%20TRIO%20DUUU%20L.txt	CCA Trio (DUUU)	CCA Trio (off-on-on-on)	in-ear	711
https://tonedeafmonk.squig.link/data/CCA%20TRIO%20UDDD%20L.txt	CCA Trio (UDDD)	CCA Trio (on-off-off-off)	in-ear	711
https://tonedeafmonk.squig.link/data/CCA%20TRIO%20DDDU%20L.txt	CCA Trio (UDDU)	CCA Trio (on-off-off-on)	in-ear	711
https://tonedeafmonk.squig.link/data/CCA%20TRIO%20UUDD%20L.txt	CCA Trio (UUDD)	CCA Trio (on-on-off-off)	in-ear	711
https://tonedeafmonk.squig.link/data/CCA%20TRIO%20UUUD%20L.txt	CCA Trio (UUUD)	CCA Trio (on-on-on-off)	in-ear	711
https://tonedeafmonk.squig.link/data/CCA%20TRIO%20UUUU%20L.txt	CCA Trio (UUUU)	CCA Trio (on-on-on-on)	in-ear	711
https://tonedeafmonk.squig.link/data/CCZ%20SOLO%20DS02%20L.txt	CCZ SOLO DC02	CCZ SOLO	in-ear	711
https://tonedeafmonk.squig.link/data/CCZ%20SOLO%20DS02%20R.txt	CCZ SOLO DC02	CCZ SOLO	in-ear	711
https://tonedeafmonk.squig.link/data/CVJ%20ShadowBlade%20TBlack%20L.txt	CVJ AUDIO Shadow Blade (Equilibrium Black Nozzle with Micropore Tape over Big Vent)	CVJ AUDIO Shadow Blade (Equilibrium Black Nozzle with Micropore Tape over Big Vent)	ignore	711
https://tonedeafmonk.squig.link/data/CVJ%20ShadowBlade%20TSilver%20L.txt	CVJ AUDIO Shadow Blade (Popular Silver Nozzle with Micropore Tape over Big Vent)	CVJ AUDIO Shadow Blade (Popular Silver Nozzle with Micropore Tape over Big Vent)	ignore	711
https://tonedeafmonk.squig.link/data/CVJ%20AUDIO%20YAKUMI%20MPT%20350%20L.txt	CVJ AUDIO YAKUMI (MICROPORE TAPE & 350 LEVEL 4.8MM NOZZLE FILTER)	CVJ AUDIO YAKUMI (MICROPORE TAPE & 350 LEVEL 4.8MM NOZZLE FILTER)	ignore	711
https://tonedeafmonk.squig.link/data/CVJ%20AUDIO%20YAKUMI%20MP%20TAPE%20L.txt	CVJ AUDIO YAKUMI (MICROPORE TAPE MOD OVER FRONT NOZZLE VENT)	CVJ AUDIO YAKUMI (MICROPORE TAPE MOD OVER FRONT NOZZLE VENT)	ignore	711
https://tonedeafmonk.squig.link/data/CVJ%20AUDIO%20YAKUMI%20MPT%20200%20R.txt		CVJ AUDIO YAKUMI MPT 200	ignore	711
https://tonedeafmonk.squig.link/data/CVJ%20ARIA%202025%20POPULAR%20L.txt	CVJ AUDIO ARIA 2025 (BLUE NOZZLE POPULAR)	CVJ Aria 2025 (blue nozzle)	in-ear	711
https://tonedeafmonk.squig.link/data/CVJ%20ARIA%202025%20EQUILIBRIUM%20L.txt	CVJ AUDIO ARIA 2025 (GOLD NOZZLE EQUILIBRIUM)	CVJ Aria 2025 (gold nozzle)	in-ear	711
https://tonedeafmonk.squig.link/data/CVJ%20ARIA%202025%20INSTRUMENTAL%20L.txt	CVJ AUDIO ARIA 2025 (SILVER NOZZLE INSTRUMENTAL)	CVJ Aria 2025 (silver nozzle)	in-ear	711
https://tonedeafmonk.squig.link/data/CVJ%20ASSASSIN%20MUSIC%20L.txt	CVJ AUDIO ASSASSIN (MUSIC MODE SWITCHES DOWN DOWN)	CVJ Assassin (off-off)	in-ear	711
https://tonedeafmonk.squig.link/data/CVJ%20ASSASSIN%20MOVIES%20L.txt	CVJ AUDIO ASSASSIN (MOVIES MODE SWITCHES DOWN UP)	CVJ Assassin (off-on)	in-ear	711
https://tonedeafmonk.squig.link/data/CVJ%20ASSASSIN%20MONITOR%20L.txt	CVJ AUDIO ASSASSIN (MONITOR MODE SWITCHES UP DOWN)	CVJ Assassin (on-off)	in-ear	711
https://tonedeafmonk.squig.link/data/CVJ%20ASSASSIN%20ESPORTS%20L.txt	CVJ AUDIO ASSASSIN (ESPORTS MODE SWITCHES UP UP)	CVJ Assassin (on-on)	in-ear	711
https://tonedeafmonk.squig.link/data/CVJ%20MYTHERA%20L.txt	CVJ AUDIO MYTHERA (Foam Tips Stock Cable)	CVJ MYTHERA (Foam Tips Stock Cable)	in-ear	711
https://tonedeafmonk.squig.link/data/CVJ%20MYTHERA%20R.txt	CVJ AUDIO MYTHERA (Foam Tips Stock Cable)	CVJ MYTHERA (Foam Tips Stock Cable)	in-ear	711
https://tonedeafmonk.squig.link/data/CVJ%20Mei%20DD%20L.txt	CVJ MEI (DD)	CVJ Mei (off-off)	in-ear	711
https://tonedeafmonk.squig.link/data/CVJ%20Mei%20DU%20L.txt	CVJ MEI (DU)	CVJ Mei (off-on)	in-ear	711
https://tonedeafmonk.squig.link/data/CVJ%20Mei%20UD%20L.txt	CVJ MEI (UD)	CVJ Mei (on-off)	in-ear	711
https://tonedeafmonk.squig.link/data/CVJ%20Mei%20UU%20L.txt	CVJ MEI (UU)	CVJ Mei (on-on)	in-ear	711
https://tonedeafmonk.squig.link/data/CVJ%20x%20R2E3%20Mermaid%20II%20L.txt	CVJ x R2E3 Acoustics Mermaid II (STOCK)	CVJ Mermaid II	in-ear	711
https://tonedeafmonk.squig.link/data/CVJ%20x%20R2E3%20Mermaid%20II%20R.txt	CVJ x R2E3 Acoustics Mermaid II (STOCK)	CVJ Mermaid II	in-ear	711
https://tonedeafmonk.squig.link/data/CVJ%20ShadowBlade%20Black%20L.txt	CVJ AUDIO Shadow Blade (Equilibrium Black Nozzles)	CVJ ShadowBlade (black nozzle)	in-ear	711
https://tonedeafmonk.squig.link/data/CVJ%20ShadowBlade%20Gold%20L.txt	CVJ AUDIO Shadow Blade (Instrumental Gold Nozzles)	CVJ ShadowBlade (gold nozzle)	in-ear	711
https://tonedeafmonk.squig.link/data/CVJ%20ShadowBlade%20Silver%20L.txt	CVJ AUDIO Shadow Blade (Popular Silver Nozzle)	CVJ ShadowBlade (silver nozzle)	in-ear	711
https://tonedeafmonk.squig.link/data/CVJ%20ShadowBlade%20Silver%20R.txt	CVJ AUDIO Shadow Blade (Popular Silver Nozzle)	CVJ ShadowBlade (silver nozzle)	in-ear	711
https://tonedeafmonk.squig.link/data/CVJ%20TXS%20DD%20L.txt	CVJ TXS (DD)	CVJ TXS (off-off)	in-ear	711
https://tonedeafmonk.squig.link/data/CVJ%20TXS%20DU%20L.txt	CVJ TXS (DU)	CVJ TXS (off-on)	in-ear	711
https://tonedeafmonk.squig.link/data/CVJ%20TXS%20UU%20L.txt	CVJ TXS (UU)	CVJ TXS (on-on)	in-ear	711
https://tonedeafmonk.squig.link/data/CVJ%20Vivian%20500%20L.txt	CVJ AUDIO Vivian (500 level mesh nozzle filter)	CVJ Vivian (500 level mesh nozzle filter)	in-ear	711
https://tonedeafmonk.squig.link/data/CVJ%20Vivian%20L.txt	CVJ AUDIO Vivian (Foam Tips Stock Cable)	CVJ Vivian (Foam Tips Stock Cable)	in-ear	711
https://tonedeafmonk.squig.link/data/CVJ%20Vivian%20R.txt	CVJ AUDIO Vivian (Foam Tips Stock Cable)	CVJ Vivian (Foam Tips Stock Cable)	in-ear	711
https://tonedeafmonk.squig.link/data/CVJ%20AUDIO%20YAKUMI%20L.txt	CVJ AUDIO YAKUMI (STOCK)	CVJ Yakumi	in-ear	711
https://tonedeafmonk.squig.link/data/CVJ%20AUDIO%20YAKUMI%20R.txt	CVJ AUDIO YAKUMI (STOCK)	CVJ Yakumi	in-ear	711
https://tonedeafmonk.squig.link/data/CVJ%20x%20R2E3%20Mermaid%20II%20VENT%20R.txt	CVJ x R2E3 Acoustics Mermaid II (Front Vent Mod w Micropore Tape)	CVJ x R2E3 Acoustics Mermaid II (Front Vent Mod w Micropore Tape)	ignore	711
https://tonedeafmonk.squig.link/data/CVJ%20x%20R2E3%20Mermaid%20II%20A.txt		CVJ x R2E3 Mermaid II A	ignore	711
https://tonedeafmonk.squig.link/data/Canpur%20CP622B%20L.txt	Canpur CP622B	Canpur CP622B	in-ear	711
https://tonedeafmonk.squig.link/data/Canpur%20CP622B%20R.txt	Canpur CP622B	Canpur CP622B	in-ear	711
https://tonedeafmonk.squig.link/data/CANPUR%20Silver%20Flash%20L.txt	Canpur Silver Flash	Canpur Silver Flash	in-ear	711
https://tonedeafmonk.squig.link/data/CANPUR%20Silver%20Flash%20R.txt	Canpur Silver Flash	Canpur Silver Flash	in-ear	711
https://tonedeafmonk.squig.link/data/Celest%20Phoenix%20Call%202.0%20L.txt	Celest Phoenix Call 2.0	Celest Phoenix Call 2.0	in-ear	711
https://tonedeafmonk.squig.link/data/Celest%20Phoenix%20Call%202.0%20R.txt	Celest Phoenix Call 2.0	Celest Phoenix Call 2.0	in-ear	711
https://tonedeafmonk.squig.link/data/Colorfly%20Lunar%20Roam%20L.txt	COLORFLY Lunar Roam	Colorfly Lunar Roam	in-ear	711
https://tonedeafmonk.squig.link/data/Colorfly%20Lunar%20Roam%20R.txt	COLORFLY Lunar Roam	Colorfly Lunar Roam	in-ear	711
https://tonedeafmonk.squig.link/data/COLORFLY%20REFERENCE%203%20L.txt	COLORFLY Silver Reference	Colorfly Silver Reference	in-ear	711
https://tonedeafmonk.squig.link/data/COLORFLY%20REFERENCE%203%20R.txt	COLORFLY Silver Reference	Colorfly Silver Reference	in-ear	711
https://tonedeafmonk.squig.link/data/COZOY%20L.txt	COZOY D1	Cozoy D1	in-ear	711
https://tonedeafmonk.squig.link/data/COZOY%20R.txt	COZOY D1	Cozoy D1	in-ear	711
https://tonedeafmonk.squig.link/data/COZOY%20D2%20L.txt	COZOY D2	Cozoy D2	in-ear	711
https://tonedeafmonk.squig.link/data/COZOY%20D2%20R.txt	COZOY D2	Cozoy D2	in-ear	711
https://tonedeafmonk.squig.link/data/Crinear%20Reference%20L.txt	Crinear Reference	CrinEar Reference	in-ear	711
https://tonedeafmonk.squig.link/data/Crinear%20Reference%20R.txt	Crinear Reference	CrinEar Reference	in-ear	711
https://tonedeafmonk.squig.link/data/Custom%20Art%20Fibae%205%20L.txt	Custom Art Fibae 5	Custom Art Fibae 5	in-ear	711
https://tonedeafmonk.squig.link/data/Custom%20Art%20Fibae%205%20R.txt	Custom Art Fibae 5	Custom Art Fibae 5	in-ear	711
https://tonedeafmonk.squig.link/data/MECHA%20300%20L.txt	DITA AUDIO MECHA (300 LEVEL NOZZLE FILTER)	DITA AUDIO MECHA (300 LEVEL NOZZLE FILTER)	ignore	711
https://tonedeafmonk.squig.link/data/MECHA%20400%20L.txt	DITA AUDIO MECHA (400 LEVEL NOZZLE FILTER)	DITA AUDIO MECHA (400 LEVEL NOZZLE FILTER)	ignore	711
https://tonedeafmonk.squig.link/data/MECHA%20oxy%20L.txt	DITA AUDIO MECHA (500 LEVEL TANCHJIM OXYGEN FILTER)	DITA AUDIO MECHA (500 LEVEL TANCHJIM OXYGEN FILTER)	ignore	711
https://tonedeafmonk.squig.link/data/DITA%20PROJECT%20M%2050%20L.txt	DITA AUDIO PROJECT M (FOAM TIPS AND 50 OHM IMPEDANCE ADAPTER)	DITA AUDIO PROJECT M (FOAM TIPS AND 50 OHM IMPEDANCE ADAPTER)	ignore	711
https://tonedeafmonk.squig.link/data/DITA%20AUDIO%20PRELUDE%20FILTER%20L.txt	DITA AUDIO Prelude (500 LEVEL TANCHJIM OXYGEN FILTER)	DITA AUDIO Prelude (500 LEVEL TANCHJIM OXYGEN FILTER)	ignore	711
https://tonedeafmonk.squig.link/data/DUNU%20142%20L.txt	DUNU 142	DUNU 142	in-ear	711
https://tonedeafmonk.squig.link/data/DUNU%20142%20R.txt	DUNU 142	DUNU 142	in-ear	711
https://tonedeafmonk.squig.link/data/DUNU%20242%20L.txt	DUNU 242 (STOCK >0.1 OHM OUTPUT IMPEDANCE)	DUNU 242 (STOCK 0.1 OHM OUTPUT IMPEDANCE)	in-ear	711
https://tonedeafmonk.squig.link/data/DUNU%20242%20R.txt	DUNU 242 (STOCK >0.1 OHM OUTPUT IMPEDANCE)	DUNU 242 (STOCK 0.1 OHM OUTPUT IMPEDANCE)	in-ear	711
https://tonedeafmonk.squig.link/data/DUNU%20242%2020%20OHM%20L.txt	DUNU 242 (With a 20 Ohm Output Impedance)	DUNU 242 (With a 20 Ohm Output Impedance)	in-ear	711
https://tonedeafmonk.squig.link/data/DUNU%20242%2040%20OHM%20L.txt	DUNU 242 (With a 40 Ohm Output Impedance)	DUNU 242 (With a 40 Ohm Output Impedance)	in-ear	711
https://tonedeafmonk.squig.link/data/DUNU%20242%206%20OHM%20L.txt	DUNU 242 (With a 6 Ohm Output Impedance)	DUNU 242 (With a 6 Ohm Output Impedance)	in-ear	711
https://tonedeafmonk.squig.link/data/DUNU%20Falcon%20Ultra%20Blue%20L.txt	DUNU Falcon Ultra (Blue Nozzle)	DUNU Falcon Ultra (blue nozzle)	in-ear	711
https://tonedeafmonk.squig.link/data/DUNU%20Falcon%20Ultra%20Blue%20R.txt	DUNU Falcon Ultra (Blue Nozzle)	DUNU Falcon Ultra (blue nozzle)	in-ear	711
https://tonedeafmonk.squig.link/data/DUNU%20Falcon%20Ultra%20Brass%20L.txt	DUNU Falcon Ultra (Brass Nozzle)	DUNU Falcon Ultra (brass nozzle)	in-ear	711
https://tonedeafmonk.squig.link/data/DUNU%20Falcon%20Ultra%20Brass%20R.txt	DUNU Falcon Ultra (Brass Nozzle)	DUNU Falcon Ultra (brass nozzle)	in-ear	711
https://tonedeafmonk.squig.link/data/DUNU%20SA6MKII%20BASS%20L.txt	DUNU SA6 MKII (BASS SWITCH ON)	DUNU SA6 MK2 (Atmospheric Immersion mode)	in-ear	711
https://tonedeafmonk.squig.link/data/DUNU%20SA6MKII%20L.txt	DUNU SA6 MKII (BASS SWITCH OFF)	DUNU SA6 MK2 (default mode)	in-ear	711
https://tonedeafmonk.squig.link/data/DUNU%20SA6MKII%20R.txt	DUNU SA6 MKII (BASS SWITCH OFF)	DUNU SA6 MK2 (default mode)	in-ear	711
https://tonedeafmonk.squig.link/data/DUNU%20Titan%20X%20350%20L.txt	DUNU TITAN X	DUNU TITAN X	in-ear	711
https://tonedeafmonk.squig.link/data/DUNU%20Titan%20X%20350%20R.txt	DUNU TITAN X	DUNU TITAN X	in-ear	711
https://tonedeafmonk.squig.link/data/DUNU%20TITAN%20S2%20L.txt	DUNU TITAN S2	DUNU Titan S2	in-ear	711
https://tonedeafmonk.squig.link/data/DUNU%20TITAN%20S2%20R.txt	DUNU TITAN S2	DUNU Titan S2	in-ear	711
https://tonedeafmonk.squig.link/data/DUNU%20VULCAN%20L.txt	DUNU Vulcan	DUNU Vulkan	in-ear	711
https://tonedeafmonk.squig.link/data/DUNU%20VULCAN%20R.txt	DUNU Vulcan	DUNU Vulkan	in-ear	711
https://tonedeafmonk.squig.link/data/DaVinci%20L.txt	DUNU x GizAudio DaVinci	DUNU x Gizaudio DaVinci	in-ear	711
https://tonedeafmonk.squig.link/data/DaVinci%20R.txt	DUNU x GizAudio DaVinci	DUNU x Gizaudio DaVinci	in-ear	711
https://tonedeafmonk.squig.link/data/DUNU%20x%20KOTO%20ITO%20L.txt	DUNU x KOTO ITO	DUNU x KOTO ITO	in-ear	711
https://tonedeafmonk.squig.link/data/DUNU%20x%20KOTO%20ITO%20R.txt	DUNU x KOTO ITO	DUNU x KOTO ITO	in-ear	711
https://tonedeafmonk.squig.link/data/Dita%20Audio%20MECHA%20L.txt	DITA AUDIO MECHA (STOCK FOAM TIPS)	Dita Audio Mecha	in-ear	711
https://tonedeafmonk.squig.link/data/Dita%20Audio%20MECHA%20R.txt	DITA AUDIO MECHA (STOCK FOAM TIPS)	Dita Audio Mecha	in-ear	711
https://tonedeafmonk.squig.link/data/PM2%20500%20L.txt	DITA AUDIO PROJECT M2 (500 Level Nozzle Filter)	Dita Audio PROJECT M2 (500 Level Nozzle Filter)	in-ear	711
https://tonedeafmonk.squig.link/data/PM2%20L.txt	DITA AUDIO PROJECT M2 (STOCK FOAM TIPS)	Dita Audio PROJECT M2 (STOCK FOAM TIPS)	in-ear	711
https://tonedeafmonk.squig.link/data/PM2%20R.txt	DITA AUDIO PROJECT M2 (STOCK FOAM TIPS)	Dita Audio PROJECT M2 (STOCK FOAM TIPS)	in-ear	711
https://tonedeafmonk.squig.link/data/DITA%20AUDIO%20PRELUDE%20L.txt	DITA AUDIO Prelude (STOCK FOAM TIPS)	Dita Audio Prelude	in-ear	711
https://tonedeafmonk.squig.link/data/DITA%20AUDIO%20PRELUDE%20R.txt	DITA AUDIO Prelude (STOCK FOAM TIPS)	Dita Audio Prelude	in-ear	711
https://tonedeafmonk.squig.link/data/DITA%20PROJECT%20M%20L.txt	DITA AUDIO PROJECT M (FOAM TIPS)	Dita Audio Project M (foam eartips)	in-ear	711
https://tonedeafmonk.squig.link/data/DITA%20PROJECT%20M%20R.txt	DITA AUDIO PROJECT M (FOAM TIPS)	Dita Audio Project M (foam eartips)	in-ear	711
https://tonedeafmonk.squig.link/data/DITA%20AUDIO%20PROJECT%20M%20L.txt	DITA AUDIO PROJECT M (STOCK FOAM TIPS DCE 4.4)	Dita Audio Project M (foam eartips)	in-ear	711
https://tonedeafmonk.squig.link/data/DITA%20AUDIO%20PROJECT%20M%20R.txt	DITA AUDIO PROJECT M (STOCK FOAM TIPS DCE 4.4)	Dita Audio Project M (foam eartips)	in-ear	711
https://tonedeafmonk.squig.link/data/DITA%20PROJECT%20M%20STOCK%20T%20L.txt	DITA AUDIO PROJECT M (STOCK SILICONE TIPS)	Dita Audio Project M (silicone eartips)	in-ear	711
https://tonedeafmonk.squig.link/data/DITA%20PROJECT%20M%20STOCK%20T%20R.txt	DITA AUDIO PROJECT M (STOCK SILICONE TIPS)	Dita Audio Project M (silicone eartips)	in-ear	711
https://tonedeafmonk.squig.link/data/EA1000%20BLK%20FOAM%20TAPE%20L.txt		EA1000 BLK FOAM TAPE	ignore	
https://tonedeafmonk.squig.link/data/EA1000%20KIT%20500%20FOAM.txt		EA1000 KIT 500 FOAM	ignore	
https://tonedeafmonk.squig.link/data/EA1000%20KIT%20500%20FOAM%20TAPE%20L.txt		EA1000 KIT 500 FOAM TAPE	ignore	
https://tonedeafmonk.squig.link/data/EA500%20KIT%20500%20MDF%20TPT%20L.txt		EA500 KIT 500 MDF TPT	ignore	
https://tonedeafmonk.squig.link/data/ECCI%20YST-02%20L.txt	ECCI YST-02 (Unmodified)	ECCI YST-02	in-ear	711
https://tonedeafmonk.squig.link/data/ECCI%20YST-02%20R.txt	ECCI YST-02 (Unmodified)	ECCI YST-02	in-ear	711
https://tonedeafmonk.squig.link/data/ECCI%20YST-02%20Vent%20Mod%20L.txt	ECCI YST-02 (Front Vent Mod Micropore & 500 Lev Mesh Noz Filter)	ECCI YST-02 (Front Vent Mod Micropore & 500 Lev Mesh Noz Filter)	ignore	
https://tonedeafmonk.squig.link/data/ECCI%20YST-02%20Transpore%20Vent%20Mod%20L.txt	ECCI YST-02 (Front Vent Mod Transpore & HD Foam & 500 Lev Nozzle Mesh)	ECCI YST-02 (Front Vent Mod Transpore & HD Foam & 500 Lev Nozzle Mesh)	ignore	
https://tonedeafmonk.squig.link/data/ECCI%20YST-02%20HD%20Foam%20L.txt	ECCI YST-02 (Front Vent Mod Transpore & HD Foam in Nozzle)	ECCI YST-02 (Front Vent Mod Transpore & HD Foam in Nozzle)	ignore	
https://tonedeafmonk.squig.link/data/ECCI%20YST-02%20Transpore%20No%20Filter%20L.txt	ECCI YST-02 (Front Vent Mod Transpore & No Filter)	ECCI YST-02 (Front Vent Mod Transpore & No Filter)	ignore	
https://tonedeafmonk.squig.link/data/ECCI%20YST-02%20Transpore%20Vent%20Mod%20White%20Nozzle%20Mesh%20L.txt	ECCI YST-02 (Front Vent Mod transpore & White Nozzle Mesh)	ECCI YST-02 (Front Vent Mod transpore & White Nozzle Mesh)	ignore	
https://tonedeafmonk.squig.link/data/ECCI%20YST-02%20HD%20Foam%20500%20LEV%20FIlter%20L.txt		ECCI YST-02 HD Foam 500 LEV FIlter	ignore	
https://tonedeafmonk.squig.link/data/EPZ%20320%20L.txt	EPZ 320	EPZ 320	in-ear	711
https://tonedeafmonk.squig.link/data/EPZ%20320%20R.txt	EPZ 320	EPZ 320	in-ear	711
https://tonedeafmonk.squig.link/data/EPZ%20530%20L.txt	EPZ 530	EPZ 530	in-ear	711
https://tonedeafmonk.squig.link/data/EPZ%20530%20R.txt	EPZ 530	EPZ 530	in-ear	711
https://tonedeafmonk.squig.link/data/EPZ%20530%20SET%202%20L.txt	EPZ 530	EPZ 530	in-ear	711
https://tonedeafmonk.squig.link/data/EPZ%20530%20SET%202%20R.txt	EPZ 530	EPZ 530	in-ear	711
https://tonedeafmonk.squig.link/data/EPZ%20530%20PRO%20L.txt	EPZ 530 PRO	EPZ 530 PRO	in-ear	711
https://tonedeafmonk.squig.link/data/EPZ%20530%20PRO%20R.txt	EPZ 530 PRO	EPZ 530 PRO	in-ear	711
https://tonedeafmonk.squig.link/data/EPZ%20G10%20L.txt	EPZ G10	EPZ G10	in-ear	711
https://tonedeafmonk.squig.link/data/EPZ%20G10%20R.txt	EPZ G10	EPZ G10	in-ear	711
https://tonedeafmonk.squig.link/data/EPZ%20K5%20L.txt	EPZ K5 (STOCK)	EPZ K5	in-ear	711
https://tonedeafmonk.squig.link/data/EPZ%20K5%20R.txt	EPZ K5 (STOCK)	EPZ K5	in-ear	711
https://tonedeafmonk.squig.link/data/EPZ%20K5%20300%20MESH%20L.txt	EPZ K5 (300 MESH ON THE NOZZLE)	EPZ K5 (300 MESH ON THE NOZZLE)	ignore	711
https://tonedeafmonk.squig.link/data/EPZ%20K5%20500%20MESH%20L.txt	EPZ K5 (500 MESH ON THE NOZZLE)	EPZ K5 (500 MESH ON THE NOZZLE)	ignore	711
https://tonedeafmonk.squig.link/data/EPZ%20K5%2015%20OHM%20L.txt	EPZ K5 (USING 15 OHM IMPEDANCE ADAPTER)	EPZ K5 (USING 15 OHM IMPEDANCE ADAPTER)	ignore	711
https://tonedeafmonk.squig.link/data/EPZ%20K5%2020%20OHM%20L.txt	EPZ K5 (USING 20 OHM IMPEDANCE ADAPTER)	EPZ K5 (USING 20 OHM IMPEDANCE ADAPTER)	ignore	711
https://tonedeafmonk.squig.link/data/EPZ%20K5%2030%20OHM%20L.txt	EPZ K5 (USING 30 OHM IMPEDANCE ADAPTER)	EPZ K5 (USING 30 OHM IMPEDANCE ADAPTER)	ignore	711
https://tonedeafmonk.squig.link/data/EPZ%20K5%20IE%20MATCH%20L.txt	EPZ K5 (USING iFi IE MATCH)	EPZ K5 (USING iFi IE MATCH)	ignore	711
https://tonedeafmonk.squig.link/data/EPZ%20K9%20L.txt	EPZ K9	EPZ K9	in-ear	711
https://tonedeafmonk.squig.link/data/EPZ%20K9%20R.txt	EPZ K9	EPZ K9	in-ear	711
https://tonedeafmonk.squig.link/data/EPZ%20P40%20L.txt	EPZ P40	EPZ P40	in-ear	711
https://tonedeafmonk.squig.link/data/EPZ%20P40%20R.txt	EPZ P40	EPZ P40	in-ear	711
https://tonedeafmonk.squig.link/data/EPZ%20P50%20L.txt	EPZ P50	EPZ P50	in-ear	711
https://tonedeafmonk.squig.link/data/EPZ%20P50%20R.txt	EPZ P50	EPZ P50	in-ear	711
https://tonedeafmonk.squig.link/data/EPZ%20Q1%20PRO%20L.txt	EPZ Q1 PRO	EPZ Q1 Pro	in-ear	711
https://tonedeafmonk.squig.link/data/EPZ%20Q1%20PRO%20R.txt	EPZ Q1 PRO	EPZ Q1 Pro	in-ear	711
https://tonedeafmonk.squig.link/data/EPZ%20Q5%20L.txt	EPZ Q5	EPZ Q5	in-ear	711
https://tonedeafmonk.squig.link/data/EPZ%20Q5%20R.txt	EPZ Q5	EPZ Q5	in-ear	711
https://tonedeafmonk.squig.link/data/EPZ%20Q5%20PRO%20L.txt	EPZ Q5 PRO	EPZ Q5 Pro	in-ear	711
https://tonedeafmonk.squig.link/data/EPZ%20Q5%20PRO%20R.txt	EPZ Q5 PRO	EPZ Q5 Pro	in-ear	711
https://tonedeafmonk.squig.link/data/EPZ%20x%20Tipsy%20STAR%20ONE%20300%20L.txt		EPZ x Tipsy STAR ONE 300	ignore	711
https://tonedeafmonk.squig.link/data/EPZ%20x%20Tipsy%20STAR%20&%20ONE%20L.txt	EPZ x Tipsy STAR & ONE	EPZ x Tipsy Star & One	in-ear	711
https://tonedeafmonk.squig.link/data/EPZ%20x%20Tipsy%20STAR%20&%20ONE%20R.txt	EPZ x Tipsy STAR & ONE	EPZ x Tipsy Star & One	in-ear	711
https://tonedeafmonk.squig.link/data/EAR%20ACOUSTICS%20SPA%20ULTRA%20L.txt	EarAcoustic Audio Silver Angel SPA High End Ultra (SPA HIGH END ULTRA FOAM TIPS)	EarAcoustic Audio Silver Angel SPA High End Ultra (SPA HIGH END ULTRA FOAM TIPS)	ignore	711
https://tonedeafmonk.squig.link/data/EAR%20ACOUSTICS%20SPA%20ULTRA%20R.txt	EarAcoustic Audio Silver Angel SPA High End Ultra (SPA HIGH END ULTRA FOAM TIPS)	EarAcoustic Audio Silver Angel SPA High End Ultra (SPA HIGH END ULTRA FOAM TIPS)	ignore	711
https://tonedeafmonk.squig.link/data/Silver%20Angel%20SPA%20Limited%20L.txt	EarAcoustic Audio Silver Angel SPA High End Ultra (SPA LIMITED EDITION FOAM TIPS)	EarAcoustic Audio Silver Angel SPA High End Ultra (SPA LIMITED EDITION FOAM TIPS)	ignore	711
https://tonedeafmonk.squig.link/data/Silver%20Angel%20SPA%20Limited%20R.txt	EarAcoustic Audio Silver Angel SPA High End Ultra (SPA LIMITED EDITION FOAM TIPS)	EarAcoustic Audio Silver Angel SPA High End Ultra (SPA LIMITED EDITION FOAM TIPS)	ignore	711
https://tonedeafmonk.squig.link/data/EarAcoustic%20Audio%20STA-K%20L.txt	EarAcoustic Audio Silver Angel STA-K	EarAcoustic Audio Silver Angel STA-K	in-ear	711
https://tonedeafmonk.squig.link/data/EarAcoustic%20Audio%20STA-K%20R.txt	EarAcoustic Audio Silver Angel STA-K	EarAcoustic Audio Silver Angel STA-K	in-ear	711
https://tonedeafmonk.squig.link/data/ELYSIAN%20EFFECT%20AUDIO%20L.txt	Elysian Acoustical Labs Effect Audio GAEA (Foam Tips)	Effect Audio Agea (foam eartips)	in-ear	711
https://tonedeafmonk.squig.link/data/ELYSIAN%20EFFECT%20AUDIO%20R.txt	Elysian Acoustical Labs Effect Audio GAEA (Foam Tips)	Effect Audio Agea (foam eartips)	in-ear	711
https://tonedeafmonk.squig.link/data/ELYSIAN%20PILGRIM%20L.txt		Elysian Pilgrim	in-ear	711
https://tonedeafmonk.squig.link/data/ELYSIAN%20PILGRIM%20R.txt		Elysian Pilgrim	in-ear	711
https://tonedeafmonk.squig.link/data/ELYSIAN%20OX%20FILTER%20L.txt	Elysian Acoustical Labs Pilgrim (Foam Tips)	Elysian Pilgrim (foam eartips)	in-ear	711
https://tonedeafmonk.squig.link/data/ELYSIAN%20OX%20FILTER%20R.txt	Elysian Acoustical Labs Pilgrim (Foam Tips)	Elysian Pilgrim (foam eartips)	in-ear	711
https://tonedeafmonk.squig.link/data/Empire%20Ears%20Legend%20EVO%20L.txt	Empire Ears Legend EVO	Empire Ears Legend EVO	in-ear	711
https://tonedeafmonk.squig.link/data/Empire%20Ears%20Legend%20EVO%20R.txt	Empire Ears Legend EVO	Empire Ears Legend EVO	in-ear	711
https://tonedeafmonk.squig.link/data/EMPIRE%20EARS%20TRITON%20L.txt	Empire Ears Triton	Empire Ears Triton	in-ear	711
https://tonedeafmonk.squig.link/data/EMPIRE%20EARS%20TRITON%20R.txt	Empire Ears Triton	Empire Ears Triton	in-ear	711
https://tonedeafmonk.squig.link/data/ERAND%20RESONANCE%205%20L.txt	ERAND RESONANCE 5 (Stock Foam Tips)	Erand RESONANCE 5 (Stock Foam Tips)	in-ear	711
https://tonedeafmonk.squig.link/data/ERAND%20RESONANCE%205%20R.txt	ERAND RESONANCE 5 (Stock Foam Tips)	Erand RESONANCE 5 (Stock Foam Tips)	in-ear	711
https://tonedeafmonk.squig.link/data/TULIP%20500%20L.txt	FAAEAL TULIP (500 Level Mesh Filter)	FAAEAL TULIP (500 Level Mesh Filter)	ignore	711
https://tonedeafmonk.squig.link/data/FAAEAL%20TULIP%20L.txt	FAAEAL TULIP (Stock)	FAAEAL Tulip	in-ear	711
https://tonedeafmonk.squig.link/data/FAAEAL%20TULIP%20R.txt	FAAEAL TULIP (Stock)	FAAEAL Tulip	in-ear	711
https://tonedeafmonk.squig.link/data/FATFreq%20Deuce%20Imp%20Adapt%20R.txt	FATfreq Deuce (BStock 4.4 Cable With Impedance Adapter Foam Tips)	FATfreq Deuce (BStock 4.4 Cable With Impedance Adapter Foam Tips)	ignore	711
https://tonedeafmonk.squig.link/data/FF%20GM%20BLKVON%20L.txt	FATfreq Grand Maestro (BLKVOF)	FATfreq Grand Maestro (BLKVOF)	ignore	
https://tonedeafmonk.squig.link/data/FF%20GM%20BLKVOF%20L.txt	FATfreq Grand Maestro (BLKVON)	FATfreq Grand Maestro (BLKVON)	ignore	
https://tonedeafmonk.squig.link/data/FF%20GM%20BLKVOF%20R.txt	FATfreq Grand Maestro (BLKVON)	FATfreq Grand Maestro (BLKVON)	ignore	
https://tonedeafmonk.squig.link/data/FF%20GM%20BLUVOF%20L.txt	FATfreq Grand Maestro (BLUVOF)	FATfreq Grand Maestro (BLUVOF)	ignore	
https://tonedeafmonk.squig.link/data/FF%20GM%20BLUVON%20L.txt	FATfreq Grand Maestro (BLUVON)	FATfreq Grand Maestro (BLUVON)	ignore	
https://tonedeafmonk.squig.link/data/FATfreq%20Scarlet%20Mini%20L.txt	FATfreq Scarlet Mini	Fatfreq Scarlet Mini	in-ear	711
https://tonedeafmonk.squig.link/data/FATfreq%20Scarlet%20Mini%20R.txt	FATfreq Scarlet Mini	Fatfreq Scarlet Mini	in-ear	711
https://tonedeafmonk.squig.link/data/FATFreq%20Deuce%20L.txt	FATfreq Deuce (Stock 4.4 Cable Foam Tips)	Fatfreq x HBB Deuce	in-ear	711
https://tonedeafmonk.squig.link/data/FATFreq%20Deuce%20R.txt	FATfreq Deuce (Stock 4.4 Cable Foam Tips)	Fatfreq x HBB Deuce	in-ear	711
https://tonedeafmonk.squig.link/data/FIIO%20FH5S%20L.txt	Fiio FH5S	FiiO FH5s	in-ear	711
https://tonedeafmonk.squig.link/data/FAKE%20Final%20E3000%20L.txt	Final E3000 FAKE Fake E3000	Final E3000 FAKE Fake E3000	ignore	
https://tonedeafmonk.squig.link/data/FIR%20Audio%20Xe6%20L.txt	FiR Audio Xe6	Fir Audio Xenon 6	in-ear	711
https://tonedeafmonk.squig.link/data/Fosi%20Audio%20IM4%20Gold%20L.txt	Fosi Audio IM4 (Gold Nozzles)	Fosi Audio IM4 (Gold Nozzles)	in-ear	711
https://tonedeafmonk.squig.link/data/Fosi%20Audio%20IM4%20Black%20450%20L.txt	Fosi Audio IM4 (Stock Black Nozzles w 450 Level Nozzle Filter)	Fosi Audio IM4 (Stock Black Nozzles w 450 Level Nozzle Filter)	in-ear	711
https://tonedeafmonk.squig.link/data/Fosi%20Audio%20IM4%20Black%20L.txt	Fosi Audio IM4 (Stock Black Nozzles)	Fosi Audio IM4 (Stock Black Nozzles)	in-ear	711
https://tonedeafmonk.squig.link/data/Fosi%20Audio%20IM4%20Black%20R.txt	Fosi Audio IM4 (Stock Black Nozzles)	Fosi Audio IM4 (Stock Black Nozzles)	in-ear	711
https://tonedeafmonk.squig.link/data/GS%20AUDIO%20SE12%20L.txt	GS AUDIO SE12	GS Audio SE12	in-ear	711
https://tonedeafmonk.squig.link/data/GAUDIO%20T%c3%96DI%20L.txt	GAUDIO TÖDI	Gaudio Tödi	in-ear	711
https://tonedeafmonk.squig.link/data/GAUDIO%20T%c3%96DI%20R.txt	GAUDIO TÖDI	Gaudio Tödi	in-ear	711
https://tonedeafmonk.squig.link/data/Geek%20Wold%20GK12%20Ultra%20L.txt	GEEKWOLD GK12 ULTRA	Geek Wold GK12 ULTRA	in-ear	711
https://tonedeafmonk.squig.link/data/Geek%20Wold%20GK12%20Ultra%20R.txt	GEEKWOLD GK12 ULTRA	Geek Wold GK12 ULTRA	in-ear	711
https://tonedeafmonk.squig.link/data/GEEKWOLD%20GK20PRO%20L.txt	GEEKWOLD GK20PRO	Geek Wold GK20PRO	in-ear	711
https://tonedeafmonk.squig.link/data/GEEKWOLD%20GK20PRO%20R.txt	GEEKWOLD GK20PRO	Geek Wold GK20PRO	in-ear	711
https://tonedeafmonk.squig.link/data/GEEKFLY%20Amazing%20GF01%20Classical%20L.txt	GEEKFLY Amazing GF01 (Classical EQ)	Geekfly Amazing GF01 (Classical EQ)	in-ear	711
https://tonedeafmonk.squig.link/data/GEEKFLY%20Amazing%20GF01%20Flat%20L.txt	GEEKFLY Amazing GF01 (Flat EQ)	Geekfly Amazing GF01 (Flat EQ)	in-ear	711
https://tonedeafmonk.squig.link/data/GEEKFLY%20Amazing%20GF01%20Funk%20L.txt	GEEKFLY Amazing GF01 (Funk EQ)	Geekfly Amazing GF01 (Funk EQ)	in-ear	711
https://tonedeafmonk.squig.link/data/GEEKFLY%20Amazing%20GF01%20Pop%20L.txt	GEEKFLY Amazing GF01 (Pop EQ)	Geekfly Amazing GF01 (Pop EQ)	in-ear	711
https://tonedeafmonk.squig.link/data/GEEKFLY%20Amazing%20GF01%20Rock%20L.txt	GEEKFLY Amazing GF01 (Rock EQ)	Geekfly Amazing GF01 (Rock EQ)	in-ear	711
https://tonedeafmonk.squig.link/data/GEEKFLY%20Amazing%20GF01%20Speech%20L.txt	GEEKFLY Amazing GF01 (Speech EQ)	Geekfly Amazing GF01 (Speech EQ)	in-ear	711
https://tonedeafmonk.squig.link/data/GEEKFLY%20Amazing%20GF01%20TDM2%20L.txt	GEEKFLY Amazing GF01 (Tone Deaf Monk Settings)	Geekfly Amazing GF01 (Tone Deaf Monk Settings)	in-ear	711
https://tonedeafmonk.squig.link/data/GEEKFLY%20Amazing%20GF01%20TDM%20L.txt	GEEKFLY Amazing GF01 (Tone Deaf Monk Settings2)	Geekfly Amazing GF01 (Tone Deaf Monk Settings2)	in-ear	711
https://tonedeafmonk.squig.link/data/GEEKFLY%20Vitas%20Classical%20L.txt	GEEKFLY Vitas (Classical EQ)	Geekfly Vitas (Classical EQ)	in-ear	711
https://tonedeafmonk.squig.link/data/GEEKFLY%20Vitas%20Flat%20L.txt	GEEKFLY Vitas (Flat EQ)	Geekfly Vitas (Flat EQ)	in-ear	711
https://tonedeafmonk.squig.link/data/GEEKFLY%20Vitas%20Funk%20L.txt	GEEKFLY Vitas (Funk EQ)	Geekfly Vitas (Funk EQ)	in-ear	711
https://tonedeafmonk.squig.link/data/GEEKFLY%20Vitas%20Pop%20L.txt	GEEKFLY Vitas (Pop EQ)	Geekfly Vitas (Pop EQ)	in-ear	711
https://tonedeafmonk.squig.link/data/GEEKFLY%20Vitas%20Rock%20L.txt	GEEKFLY Vitas (Rock EQ)	Geekfly Vitas (Rock EQ)	in-ear	711
https://tonedeafmonk.squig.link/data/GEEKFLY%20Vitas%20Speech%20L.txt	GEEKFLY Vitas (Speech EQ)	Geekfly Vitas (Speech EQ)	in-ear	711
https://tonedeafmonk.squig.link/data/GEEKFLY%20Vitas%20User%20L.txt	GEEKFLY Vitas (Tone Deaf Monk EQ Settings)	Geekfly Vitas (Tone Deaf Monk EQ Settings)	in-ear	711
https://tonedeafmonk.squig.link/data/GL-AMT16%205.5_2.7%20L.txt	Goldplanar GL-AMT16 (OUT DIA 5.5mm-IN 2.7mm Nozzle)	Goldplanar GL-AMT16 (OUT DIA 5.5mm-IN 2.7mm Nozzle)	ignore	
https://tonedeafmonk.squig.link/data/GL-AMT16%205.5_2.7%20R.txt	Goldplanar GL-AMT16 (OUT DIA 5.5mm-IN 2.7mm Nozzle)	Goldplanar GL-AMT16 (OUT DIA 5.5mm-IN 2.7mm Nozzle)	ignore	
https://tonedeafmonk.squig.link/data/GL-AMT16%205.5_3.3%20NO%20SCRN%20L.txt	Goldplanar GL-AMT16 (OUT DIA 5.5mm-IN 3.3mm Nozzle No Screen)	Goldplanar GL-AMT16 (OUT DIA 5.5mm-IN 3.3mm Nozzle No Screen)	ignore	
https://tonedeafmonk.squig.link/data/GL-AMT16%205.5_3.3%20L.txt	Goldplanar GL-AMT16 (OUT DIA 5.5mm-IN 3.3mm Nozzle)	Goldplanar GL-AMT16 (OUT DIA 5.5mm-IN 3.3mm Nozzle)	ignore	
https://tonedeafmonk.squig.link/data/GL-AMT16%206.0_4.4%20Cotton%20Filter%20L.txt	Goldplanar GL-AMT16 (OUT DIA 6.0mm-IN 3.8mm Nozzle High Desity Cotton Filter)	Goldplanar GL-AMT16 (OUT DIA 6.0mm-IN 3.8mm Nozzle High Desity Cotton Filter)	ignore	
https://tonedeafmonk.squig.link/data/GL-AMT16%206.0_4.4%20Noz%20Filter%20L.txt	Goldplanar GL-AMT16 (OUT DIA 6.0mm-IN 3.8mm Nozzle Oxygen Filter)	Goldplanar GL-AMT16 (OUT DIA 6.0mm-IN 3.8mm Nozzle Oxygen Filter)	ignore	
https://tonedeafmonk.squig.link/data/GL-AMT16%206.0_3.8%20L.txt	Goldplanar GL-AMT16 (OUT DIA 6.0mm-IN 3.8mm Nozzle)	Goldplanar GL-AMT16 (OUT DIA 6.0mm-IN 3.8mm Nozzle)	ignore	
https://tonedeafmonk.squig.link/data/GL-AMT16%206.0_4.4%20L.txt	Goldplanar GL-AMT16 (OUT DIA 6.0mm-IN 4.4mm Nozzle)	Goldplanar GL-AMT16 (OUT DIA 6.0mm-IN 4.4mm Nozzle)	ignore	
https://tonedeafmonk.squig.link/data/HIBY%20XENO%20MONKS%20L.txt	HIBY XENO (MONK'S RE-EQ)	HIBY XENO (MONK'S RE-EQ)	ignore	711
https://tonedeafmonk.squig.link/data/HZSound%20LUNA%20L.txt	HZSound LUNA	HZSOUND LUNA	in-ear	711
https://tonedeafmonk.squig.link/data/HZSound%20LUNA%20R.txt	HZSound LUNA	HZSOUND LUNA	in-ear	711
https://tonedeafmonk.squig.link/data/HZSOUND%20White%20Snow%20L.txt	HZSound White Snow	HZSOUND White Snow	in-ear	711
https://tonedeafmonk.squig.link/data/HZSOUND%20White%20Snow%20R.txt	HZSound White Snow	HZSOUND White Snow	in-ear	711
https://tonedeafmonk.squig.link/data/Hedaele%20Lunaris%20500%20L.txt	Hedaele Lunaris (500 Level Mesh Filter)	Hedaele Lunaris (500 Level Mesh Filter)	in-ear	711
https://tonedeafmonk.squig.link/data/Hedaele%20Lunaris%20L.txt	Hedaele Lunaris (Stock)	Hedaele Lunaris (Stock)	in-ear	711
https://tonedeafmonk.squig.link/data/Hedaele%20Lunaris%20R.txt	Hedaele Lunaris (Stock)	Hedaele Lunaris (Stock)	in-ear	711
https://tonedeafmonk.squig.link/data/HIBY%20XENO%20NO%20EQ%20L.txt	HIBY XENO (STOCK NO EQ)	HiBy XENO	in-ear	711
https://tonedeafmonk.squig.link/data/HIBY%20XENO%20NO%20EQ%20R.txt	HIBY XENO (STOCK NO EQ)	HiBy XENO	in-ear	711
https://tonedeafmonk.squig.link/data/HIBY%20YACHT%2010%20L.txt	HIBY YACHT 10	HiBy Yacht 10	in-ear	711
https://tonedeafmonk.squig.link/data/HIBY%20YACHT%2010%20R.txt	HIBY YACHT 10	HiBy Yacht 10	in-ear	711
https://tonedeafmonk.squig.link/data/Yacht%2010%20L.txt	HIBY Yacht 10	HiBy Yacht 10	in-ear	711
https://tonedeafmonk.squig.link/data/Yacht%2010%20R.txt	HIBY Yacht 10	HiBy Yacht 10	in-ear	711
https://tonedeafmonk.squig.link/data/YUME%20SE%20L.txt	HIBY Yume	HiBy Yume	in-ear	711
https://tonedeafmonk.squig.link/data/YUME%20SE%20R.txt	HIBY Yume	HiBy Yume	in-ear	711
https://tonedeafmonk.squig.link/data/Hiby%20YVES%20L.txt	HIBY YVES	HiBy Yves	in-ear	711
https://tonedeafmonk.squig.link/data/Hiby%20YVES%20R.txt	HIBY YVES	HiBy Yves	in-ear	711
https://tonedeafmonk.squig.link/data/Hiby%20Zeta%20II%20L.txt	HIBY ZETA II	HiBy ZETA II	in-ear	711
https://tonedeafmonk.squig.link/data/Hiby%20Zeta%20II%20R.txt	HIBY ZETA II	HiBy ZETA II	in-ear	711
https://tonedeafmonk.squig.link/data/HIBY%20PROJECT%20ACE%20L.txt	HIBY PROJECT ACE	HiBy x FAudio Project Ace	in-ear	711
https://tonedeafmonk.squig.link/data/HIBY%20PROJECT%20ACE%20R.txt	HIBY PROJECT ACE	HiBy x FAudio Project Ace	in-ear	711
https://tonedeafmonk.squig.link/data/HIDIZS%20MS5%20RED%20900%20FTR%20NOZZLE%20L.txt	Hidizs MS5 (RED NOZZLE with 900 FTR)	Hidizs MS5 (RED NOZZLE with 900 FTR)	ignore	
https://tonedeafmonk.squig.link/data/HIDIZS%20MS5%20RED%20NOZZLE%20L.txt	Hidizs MS5 (RED NOZZLE)	Hidizs MS5 (red nozzle)	in-ear	711
https://tonedeafmonk.squig.link/data/HIDIZS%20MS5%20ROSE%20NOZZLE%20L.txt	Hidizs MS5 (ROSE NOZZLE)	Hidizs MS5 (rosegold nozzle)	in-ear	711
https://tonedeafmonk.squig.link/data/HIDIZS%20MS5%20STEEL%20NOZZLE%20L.txt	Hidizs MS5 (STEEL NOZZLE)	Hidizs MS5 (silver nozzle)	in-ear	711
https://tonedeafmonk.squig.link/data/HISENIOR%20MEGA5EST%20L.txt	Hisenior Audio Mega5EST 7th Aniversary Edition Silent Retune	Hisenior Audio Mega5EST 7th Aniversary Edition Silent Retune	ignore	711
https://tonedeafmonk.squig.link/data/HISENIOR%20MEGA5EST%20R.txt	Hisenior Audio Mega5EST 7th Aniversary Edition Silent Retune	Hisenior Audio Mega5EST 7th Aniversary Edition Silent Retune	ignore	711
https://tonedeafmonk.squig.link/data/Hisenior%20MEGA%205%20EST%20L.txt	Hisenior Audio Mega 5 EST	Hisenior Mega 5 EST	in-ear	711
https://tonedeafmonk.squig.link/data/Hisenior%20MEGA%205%20EST%20R.txt	Hisenior Audio Mega 5 EST	Hisenior Mega 5 EST	in-ear	711
https://tonedeafmonk.squig.link/data/Hisenior%20Audio%20Mega5P%20L.txt	Hisenior Audio Mega5P	Hisenior Mega5P	in-ear	711
https://tonedeafmonk.squig.link/data/Hisenior%20Audio%20Mega5P%20R.txt	Hisenior Audio Mega5P	Hisenior Mega5P	in-ear	711
https://tonedeafmonk.squig.link/data/Okavango%20Dn%20Dn%20L.txt	Hisenior Audio Okavango (Balanced)	Hisenior Okavango (off-off)	in-ear	711
https://tonedeafmonk.squig.link/data/Okavango%20Dn%20Up%20L.txt	Hisenior Audio Okavango (Vocal+)	Hisenior Okavango (off-on)	in-ear	711
https://tonedeafmonk.squig.link/data/Okavango%20Up%20Dn%20L.txt	Hisenior Audio Okavango (Bass+)	Hisenior Okavango (on-off)	in-ear	711
https://tonedeafmonk.squig.link/data/Okavango%20Up%20Up%20L.txt	Hisenior Audio Okavango (Soundstage+)	Hisenior Okavango (on-on)	in-ear	711
https://tonedeafmonk.squig.link/data/Okavango%20Up%20Up%20%20R.txt		Hisenior Okavango (on-on)	in-ear	711
https://tonedeafmonk.squig.link/data/Hisenior%20Audio%20T2U%20L.txt	Hisenior Audio T2U	Hisenior T2U	in-ear	711
https://tonedeafmonk.squig.link/data/Hisenior%20Audio%20T2U%20R.txt	Hisenior Audio T2U	Hisenior T2U	in-ear	711
https://tonedeafmonk.squig.link/data/Hisenior%20T4%20Balanced%20L.txt	Hisenior Audio T4 (Balanced)	Hisenior T4 (off-off)	in-ear	711
https://tonedeafmonk.squig.link/data/Hisenior%20T4%20Vocal+%20L.txt	Hisenior Audio T4 (Vocal+)	Hisenior T4 (off-on)	in-ear	711
https://tonedeafmonk.squig.link/data/Hisenior%20T4%20Bass+%20L.txt	Hisenior Audio T4 (Bass+)	Hisenior T4 (on-off)	in-ear	711
https://tonedeafmonk.squig.link/data/Hisenior%20T4%20Soundstage+%20L.txt	Hisenior Audio T4 (Soundstage+)	Hisenior T4 (on-on)	in-ear	711
https://tonedeafmonk.squig.link/data/Hisenior%20T4%20Soundstage+%20R.txt	Hisenior Audio T4 (Soundstage+)	Hisenior T4 (on-on)	in-ear	711
https://tonedeafmonk.squig.link/data/IKKO%20OBSIDIAN%20OH10%20L.txt	IKKO OBSIDIAN OH10	IKKO OH10	in-ear	711
https://tonedeafmonk.squig.link/data/Intuaura%20Luna%20L.txt	Intuaura Balance	INTUAURA Balance	in-ear	711
https://tonedeafmonk.squig.link/data/Intuaura%20Luna%20R.txt	Intuaura Balance	INTUAURA Balance	in-ear	711
https://tonedeafmonk.squig.link/data/Intuaura%20Impact%20L.txt	Intuaura Impact	INTUAURA Impact	in-ear	711
https://tonedeafmonk.squig.link/data/Intuaura%20Impact%20R.txt	Intuaura Impact	INTUAURA Impact	in-ear	711
https://tonedeafmonk.squig.link/data/I_O%20Volare%20L.txt	IO Volare	IO Audio Volare	in-ear	711
https://tonedeafmonk.squig.link/data/I_O%20Volare%20R.txt	IO Volare	IO Audio Volare	in-ear	711
https://tonedeafmonk.squig.link/data/ISN%20ECB80%20L.txt	ISN ECB80	ISN AUDIO ECB80	in-ear	711
https://tonedeafmonk.squig.link/data/ISN%20ECB80%20R.txt	ISN ECB80	ISN AUDIO ECB80	in-ear	711
https://tonedeafmonk.squig.link/data/ISN%20H50%20L.txt	ISN H50	ISN AUDIO H50	in-ear	711
https://tonedeafmonk.squig.link/data/ISN%20H50%20R.txt	ISN H50	ISN AUDIO H50	in-ear	711
https://tonedeafmonk.squig.link/data/ISN%20NEO1%20L.txt	ISN Neo1	ISN AUDIO Neo 1	in-ear	711
https://tonedeafmonk.squig.link/data/ISN%20NEO1%20R.txt	ISN Neo1	ISN AUDIO Neo 1	in-ear	711
https://tonedeafmonk.squig.link/data/ISN%20Neo5%20L.txt	ISN Neo5	ISN AUDIO Neo 5	in-ear	711
https://tonedeafmonk.squig.link/data/ISN%20Neo5%20R.txt	ISN Neo5	ISN AUDIO Neo 5	in-ear	711
https://tonedeafmonk.squig.link/data/ISN%20NEO1%20500%20L.txt	ISN Neo1 RETUNE	ISN Neo1 RETUNE	ignore	
https://tonedeafmonk.squig.link/data/ICE%20LAB%20PRISMATICA%20L.txt	ICE LAB Prismatica	Ice Lab Prismatica	in-ear	711
https://tonedeafmonk.squig.link/data/ICE%20LAB%20PRISMATICA%20R.txt	ICE LAB Prismatica	Ice Lab Prismatica	in-ear	711
https://tonedeafmonk.squig.link/data/INAWAKEN%20DAWN%20L.txt	INAWAKEN DAWN	InAwaken Dawn	in-ear	711
https://tonedeafmonk.squig.link/data/INAWAKEN%20DAWN%20R.txt	INAWAKEN DAWN	InAwaken Dawn	in-ear	711
https://tonedeafmonk.squig.link/data/NICEHCK%20JIALAI%20CARAT%20L.txt	JIALAI by NICEHCK CARAT	Jialai Carat	in-ear	711
https://tonedeafmonk.squig.link/data/NICEHCK%20JIALAI%20CARAT%20R.txt	JIALAI by NICEHCK CARAT	Jialai Carat	in-ear	711
https://tonedeafmonk.squig.link/data/JOMO%20AUDIO%20Nautilus%20L.txt	JOMO AUDIO Nautilus	Jomo Audio Nautilus	in-ear	711
https://tonedeafmonk.squig.link/data/JOMO%20AUDIO%20Nautilus%20R.txt	JOMO AUDIO Nautilus	Jomo Audio Nautilus	in-ear	711
https://tonedeafmonk.squig.link/data/JUZEAR%20FLAME%20L.txt	Juzear FLAME/41T	Juzear 41T	in-ear	711
https://tonedeafmonk.squig.link/data/Juzear%20Butterfly%20L.txt	Juzear Butterfly 61T	Juzear 61T	in-ear	711
https://tonedeafmonk.squig.link/data/Juzear%20Butterfly%20R.txt	Juzear Butterfly 61T	Juzear 61T	in-ear	711
https://tonedeafmonk.squig.link/data/Juzear%20Dragonfly%2081T%20L.txt	Juzear Dragonly 81T	Juzear 81T	in-ear	711
https://tonedeafmonk.squig.link/data/Juzear%20Dragonfly%2081T%20R.txt	Juzear Dragonly 81T	Juzear 81T	in-ear	711
https://tonedeafmonk.squig.link/data/Juzear%20Clear%20L.txt	Juzear Clear	Juzear Clear	in-ear	711
https://tonedeafmonk.squig.link/data/Juzear%20Clear%20R.txt	Juzear Clear	Juzear Clear	in-ear	711
https://tonedeafmonk.squig.link/data/Juzear%20Clear%20RETUNE%20L.txt	Juzear Clear Retune	Juzear Clear Retune	ignore	
https://tonedeafmonk.squig.link/data/Juzear%20Clear%20RETUNE%20R.txt	Juzear Clear Retune	Juzear Clear Retune	ignore	
https://tonedeafmonk.squig.link/data/Juzear%20Harrier%20L.txt	Juzear Harrier	Juzear Harrier	in-ear	711
https://tonedeafmonk.squig.link/data/Juzear%20Harrier%20R.txt	Juzear Harrier	Juzear Harrier	in-ear	711
https://tonedeafmonk.squig.link/data/Juzear%20Light%20Shuttle%20L.txt	Juzear Light Shuttle	Juzear Light Shuttle	in-ear	711
https://tonedeafmonk.squig.link/data/Juzear%20Light%20Shuttle%20R.txt	Juzear Light Shuttle	Juzear Light Shuttle	in-ear	711
https://tonedeafmonk.squig.link/data/Juzear%20x%20KOTO%20Nebula%20L.txt	Juzear X KOTO Nebula	Juzear X KOTO Nebula	in-ear	711
https://tonedeafmonk.squig.link/data/Juzear%20x%20KOTO%20Nebula%20R.txt	Juzear X KOTO Nebula	Juzear X KOTO Nebula	in-ear	711
https://tonedeafmonk.squig.link/data/Juzear%20x%20VD%20L.txt	Juzear X VD Fiesta	Juzear X VD Fiesta	in-ear	711
https://tonedeafmonk.squig.link/data/Juzear%20x%20VD%20R.txt	Juzear X VD Fiesta	Juzear X VD Fiesta	in-ear	711
https://tonedeafmonk.squig.link/data/JUZEAR%20DEFIANT%20L.txt	Juzear X ZEOS DEFIANT	Juzear x Z Reviews Defiant	in-ear	711
https://tonedeafmonk.squig.link/data/JUZEAR%20DEFIANT%20R.txt	Juzear X ZEOS DEFIANT	Juzear x Z Reviews Defiant	in-ear	711
https://tonedeafmonk.squig.link/data/KBEAR%20KB02%20L.txt	KBEAR KB02	KBEAR KB02	in-ear	711
https://tonedeafmonk.squig.link/data/KBEAR%20KB02%20R.txt	KBEAR KB02	KBEAR KB02	in-ear	711
https://tonedeafmonk.squig.link/data/KBEAR%20KB03%20L.txt	KBEAR KB03	KBEAR KB03	in-ear	711
https://tonedeafmonk.squig.link/data/KBEAR%20KB03%20R.txt	KBEAR KB03	KBEAR KB03	in-ear	711
https://tonedeafmonk.squig.link/data/KBEAR%20Kalideer%20APEX-P6%20L.txt	KBEAR Kalideer APEX-P6	KBEAR Kalideer APEX-P6	in-ear	711
https://tonedeafmonk.squig.link/data/KBEAR%20Kalideer%20APEX-P6%20R.txt	KBEAR Kalideer APEX-P6	KBEAR Kalideer APEX-P6	in-ear	711
https://tonedeafmonk.squig.link/data/KBEAR%20ROSEFINCH%20L.txt	KBEAR Rosefinch	KBEAR Rosefinch	in-ear	711
https://tonedeafmonk.squig.link/data/KBEAR%20Tourbillon%20Pro%20L.txt	KBEAR Tourbillon Pro	KBEAR Tourbillon Pro	in-ear	711
https://tonedeafmonk.squig.link/data/KBEAR%20Tourbillon%20Pro%20R.txt	KBEAR Tourbillon Pro	KBEAR Tourbillon Pro	in-ear	711
https://tonedeafmonk.squig.link/data/KBEAR%20SR8%20L.txt	KBEAR Voyages SR8 	KBEAR Voyages SR8	in-ear	711
https://tonedeafmonk.squig.link/data/KBEAR%20SR8%20R.txt	KBEAR Voyages SR8 	KBEAR Voyages SR8	in-ear	711
https://tonedeafmonk.squig.link/data/Kefine%20Arnar%20Black%20L.txt	KEFINE Arnar (Black Nozzles)	KEFINE Arnar (Black Nozzles)	in-ear	711
https://tonedeafmonk.squig.link/data/Kefine%20Arnar%20Gold%20L.txt	KEFINE Arnar (Gold Nozzles)	KEFINE Arnar (Gold Nozzles)	in-ear	711
https://tonedeafmonk.squig.link/data/Kefine%20Arnar%20Gold%20R.txt	KEFINE Arnar (Gold Nozzles)	KEFINE Arnar (Gold Nozzles)	in-ear	711
https://tonedeafmonk.squig.link/data/Kefine%20Arnar%20Silver%20L.txt	KEFINE Arnar (Silver Nozzles)	KEFINE Arnar (Silver Nozzles)	in-ear	711
https://tonedeafmonk.squig.link/data/KEFINE%20Delci%20L.txt	KEFINE Delci	KEFINE Delci	in-ear	711
https://tonedeafmonk.squig.link/data/KEFINE%20Delci%20R.txt	KEFINE Delci	KEFINE Delci	in-ear	711
https://tonedeafmonk.squig.link/data/Kefine%20Delci%20OG%20L.txt		KEFINE Delci	in-ear	711
https://tonedeafmonk.squig.link/data/Kefine%20Delci%20AE%20GOLD%20200%20L.txt	KEFINE Delci AE (Gold Filter 200 LEVEL MESH FILTER)	KEFINE Delci AE (Gold Filter 200 LEVEL MESH FILTER)	ignore	711
https://tonedeafmonk.squig.link/data/Kefine%20Delci%20AE%20GOLD%20300%20L.txt	KEFINE Delci AE (Gold Filter 300 LEVEL MESH FILTER)	KEFINE Delci AE (Gold Filter 300 LEVEL MESH FILTER)	ignore	711
https://tonedeafmonk.squig.link/data/Kefine%20Delci%20AE%20GOLD%20350%20L.txt	KEFINE Delci AE (Gold Filter 350 LEVEL MESH FILTER)	KEFINE Delci AE (Gold Filter 350 LEVEL MESH FILTER)	ignore	711
https://tonedeafmonk.squig.link/data/Kefine%20Delci%20AE%20GOLD%20L.txt	KEFINE Delci AE (Gold Filter)	KEFINE Delci AE (gold nozzle)	in-ear	711
https://tonedeafmonk.squig.link/data/Kefine%20Delci%20AE%20SS%20L.txt	KEFINE Delci AE (Silver Filter)	KEFINE Delci AE (silver nozzle)	in-ear	711
https://tonedeafmonk.squig.link/data/Kefine%20Delci%20AE%20SS%20R.txt	KEFINE Delci AE (Silver Filter)	KEFINE Delci AE (silver nozzle)	in-ear	711
https://tonedeafmonk.squig.link/data/KEFINE%20KLEAN%20BLACK%20L.txt	KEFINE Klean (Black Nozzle Filter)	KEFINE Klean (black filter)	in-ear	711
https://tonedeafmonk.squig.link/data/KEFINE%20KLEAN%20BLACK%20R.txt	KEFINE Klean (Black Nozzle Filter)	KEFINE Klean (black filter)	in-ear	711
https://tonedeafmonk.squig.link/data/KEFINE%20KLEAN%20SILVER%20L.txt	KEFINE Klean (Silver Nozzle Filter)	KEFINE Klean (silver filter)	in-ear	711
https://tonedeafmonk.squig.link/data/KEFINE%20KLEAN%20SILVER%20R.txt	KEFINE Klean (Silver Nozzle Filter)	KEFINE Klean (silver filter)	in-ear	711
https://tonedeafmonk.squig.link/data/kefine%20Klean%20SV%20Black%20L.txt	KEFINE Klean SV (Black Nozzle Filter)	KEFINE Klean SV (Black Nozzle Filter)	in-ear	711
https://tonedeafmonk.squig.link/data/kefine%20Klean%20SV%20Gold%20L.txt	KEFINE Klean SV (Gold Nozzle Filter)	KEFINE Klean SV (Gold Nozzle Filter)	in-ear	711
https://tonedeafmonk.squig.link/data/kefine%20Klean%20SV%20Silver%20L.txt	KEFINE Klean SV (Silver Nozzle Filter)	KEFINE Klean SV (Silver Nozzle Filter)	in-ear	711
https://tonedeafmonk.squig.link/data/kefine%20Klean%20SV%20Silver%20R.txt	KEFINE Klean SV (Silver Nozzle Filter)	KEFINE Klean SV (Silver Nozzle Filter)	in-ear	711
https://tonedeafmonk.squig.link/data/KEFINE%20Loric%20L.txt	KEFINE Loric	KEFINE Loric	in-ear	711
https://tonedeafmonk.squig.link/data/KEFINE%20Loric%20R.txt	KEFINE Loric	KEFINE Loric	in-ear	711
https://tonedeafmonk.squig.link/data/KEFINE%20QUATIO%20BLK%20L.txt	KEFINE Quatio (BLACK FILTER)	KEFINE Quatio (black nozzle)	in-ear	711
https://tonedeafmonk.squig.link/data/KEFINE%20QUATIO%20gold%20L.txt	KEFINE Quatio (GOLD FILTER)	KEFINE Quatio (gold nozzle)	in-ear	711
https://tonedeafmonk.squig.link/data/KEFINE%20QUATIO%20GOLD%20L.txt		KEFINE Quatio (gold nozzle)	in-ear	711
https://tonedeafmonk.squig.link/data/KEFINE%20QUATIO%20L.txt	KEFINE Quatio (STOCK SILVER FILTER)	KEFINE Quatio (silver nozzle)	in-ear	711
https://tonedeafmonk.squig.link/data/KEFINE%20QUATIO%20R.txt	KEFINE Quatio (STOCK SILVER FILTER)	KEFINE Quatio (silver nozzle)	in-ear	711
https://tonedeafmonk.squig.link/data/KZ%20Castor%200000%20L.txt		KZ Castor (off-off-off-off)	in-ear	711
https://tonedeafmonk.squig.link/data/KZ%20CSR%200010%20L.txt	KZ Castor Standard Silver Version (0010)	KZ Castor (off-off-on-off)	in-ear	711
https://tonedeafmonk.squig.link/data/KZ%20CSR%200011%20L.txt	KZ Castor Standard Silver Version (0011)	KZ Castor (off-off-on-on)	in-ear	711
https://tonedeafmonk.squig.link/data/KZ%20CSR%201000%20L.txt	KZ Castor Standard Silver Version (1000)	KZ Castor (on-off-off-off)	in-ear	711
https://tonedeafmonk.squig.link/data/KZ%20CSR%201100%20L.txt	KZ Castor Standard Silver Version (1100)	KZ Castor (on-on-off-off)	in-ear	711
https://tonedeafmonk.squig.link/data/KZ%20CSR%201100%20R.txt	KZ Castor Standard Silver Version (1100)	KZ Castor (on-on-off-off)	in-ear	711
https://tonedeafmonk.squig.link/data/KZ%20CSR%201111%20L.txt	KZ Castor Standard Silver Version (1111)	KZ Castor (on-on-on-on)	in-ear	711
https://tonedeafmonk.squig.link/data/KZ%20Castor%200011%20500%20Mesh%20L.txt	KZ Castor Black Bass Enhanced Version (0011 & 500 lev Mesh on Nozzle)	KZ Castor Black Bass Enhanced Version (0011 & 500 lev Mesh on Nozzle)	ignore	
https://tonedeafmonk.squig.link/data/KZ%20Castor%201001%20500%20Mesh%20L.txt	KZ Castor Black Bass Enhanced Version (1001 & 500 lev Mesh on Nozzle)	KZ Castor Black Bass Enhanced Version (1001 & 500 lev Mesh on Nozzle)	ignore	
https://tonedeafmonk.squig.link/data/KZ%20Castor%201100%20500%20Mesh%20L.txt	KZ Castor Black Bass Enhanced Version (1100 & 500 lev Mesh on Nozzle)	KZ Castor Black Bass Enhanced Version (1100 & 500 lev Mesh on Nozzle)	ignore	
https://tonedeafmonk.squig.link/data/KZ%20Castor%200001%20L.txt	KZ Castor Black Bass Enhanced Version (0001)	KZ Castor Improved Bass Version (off-off-off-on)	in-ear	711
https://tonedeafmonk.squig.link/data/KZ%20Castor%200010%20L.txt	KZ Castor Black Bass Enhanced Version (0010)	KZ Castor Improved Bass Version (off-off-on-off)	in-ear	711
https://tonedeafmonk.squig.link/data/KZ%20Castor%200011%20L.txt	KZ Castor Black Bass Enhanced Version (0011)	KZ Castor Improved Bass Version (off-off-on-on)	in-ear	711
https://tonedeafmonk.squig.link/data/KZ%20Castor%200011%20R.txt	KZ Castor Black Bass Enhanced Version (0011)	KZ Castor Improved Bass Version (off-off-on-on)	in-ear	711
https://tonedeafmonk.squig.link/data/KZ%20Castor%200111%20L.txt	KZ Castor Black Bass Enhanced Version (0111)	KZ Castor Improved Bass Version (off-on-on-on)	in-ear	711
https://tonedeafmonk.squig.link/data/KZ%20Castor%201000%20L.txt	KZ Castor Black Bass Enhanced Version (1000)	KZ Castor Improved Bass Version (on-off-off-off)	in-ear	711
https://tonedeafmonk.squig.link/data/KZ%20Castor%201100%20L.txt	KZ Castor Black Bass Enhanced Version (1100)	KZ Castor Improved Bass Version (on-on-off-off)	in-ear	711
https://tonedeafmonk.squig.link/data/KZ%20Castor%201111%20L.txt	KZ Castor Black Bass Enhanced Version (1111)	KZ Castor Improved Bass Version (on-on-on-on)	in-ear	711
https://tonedeafmonk.squig.link/data/KZ%20CSR%201100%20500%20Mesh%20L.txt	KZ Castor Standard Silver Version (1100 & 500 Lev Mesh on Nozzle)	KZ Castor Standard Silver Version (1100 & 500 Lev Mesh on Nozzle)	ignore	
https://tonedeafmonk.squig.link/data/KZ%20D-Fi%20DDDD%20L.txt	KZ D-Fi (DDDD)	KZ D-FI (off-off-off-off)	in-ear	711
https://tonedeafmonk.squig.link/data/KZ%20D-Fi%20UDDD%20L.txt	KZ D-Fi (UDDD)	KZ D-FI (on-off-off-off)	in-ear	711
https://tonedeafmonk.squig.link/data/KZ%20D-Fi%20UUDD%20L.txt	KZ D-Fi (UUDD)	KZ D-FI (on-on-off-off)	in-ear	711
https://tonedeafmonk.squig.link/data/KZ%20D-Fi%20UUUD%20L.txt		KZ D-FI (on-on-on-off)	in-ear	711
https://tonedeafmonk.squig.link/data/KZ%20D-Fi%20UUUU%20L.txt	KZ D-Fi (UUUU)	KZ D-FI (on-on-on-on)	in-ear	711
https://tonedeafmonk.squig.link/data/KZ%20EDXS%20L.txt	KZ EDXS	KZ EDXS	in-ear	711
https://tonedeafmonk.squig.link/data/KZ%20HBB%20PR2%20FILTER%20MOD%20L.txt	KZ HBB PR2 FILTER MOD	KZ HBB PR2 FILTER MOD	ignore	
https://tonedeafmonk.squig.link/data/KZ%20Linlong%20L.txt	KZ Linlong	KZ Lin Long	in-ear	711
https://tonedeafmonk.squig.link/data/KZ%20PR1%20PRO%20500FTR%20L.txt		KZ PR1 PRO 500FTR	ignore	
https://tonedeafmonk.squig.link/data/KZ%20PR1%20PRO%20L.txt		KZ PR1 Pro	in-ear	711
https://tonedeafmonk.squig.link/data/KZ%20PR3%20L.txt	KZ PR3	KZ PR3	in-ear	711
https://tonedeafmonk.squig.link/data/KZ%20PR3%20R.txt	KZ PR3	KZ PR3	in-ear	711
https://tonedeafmonk.squig.link/data/KZ%20Symphony%20L.txt	KZ Symphony	KZ Symphony	in-ear	711
https://tonedeafmonk.squig.link/data/KZ%20Symphony%20R.txt	KZ Symphony	KZ Symphony	in-ear	711
https://tonedeafmonk.squig.link/data/KZ%20Taurus%20L.txt	KZ Taurus	KZ Taurus	in-ear	711
https://tonedeafmonk.squig.link/data/KZ%20Taurus%20R.txt	KZ Taurus	KZ Taurus	in-ear	711
https://tonedeafmonk.squig.link/data/KZ%20ZS10%20Pro%202%20UDDD%20L.txt	KZ ZS10 Pro 2 (UDDD)	KZ ZS10 Pro 2 (on-off-off-off)	in-ear	711
https://tonedeafmonk.squig.link/data/KZ%20ZS10%20Pro%202%20UUDD%20L.txt	KZ ZS10 Pro 2 (UUDD)	KZ ZS10 Pro 2 (on-on-off-off)	in-ear	711
https://tonedeafmonk.squig.link/data/KZ%20ZS10%20Pro%202%20UUUD%20L.txt	KZ ZS10 Pro 2 (UUUD)	KZ ZS10 Pro 2 (on-on-on-off)	in-ear	711
https://tonedeafmonk.squig.link/data/KZ%20ZS10%20Pro%202%20UUUU%20L.txt	KZ ZS10 Pro 2 (UUUU)	KZ ZS10 Pro 2 (on-on-on-on)	in-ear	711
https://tonedeafmonk.squig.link/data/KZ%20ZS10%20Pro%202%20UUUU%20R.txt	KZ ZS10 Pro 2 (UUUU)	KZ ZS10 Pro 2 (on-on-on-on)	in-ear	711
https://tonedeafmonk.squig.link/data/KZ%20ZS12%20PRO%20X%20L.txt	KZ ZS12 PRO X	KZ ZS12 PRO X	in-ear	711
https://tonedeafmonk.squig.link/data/KZ%20ZS12%20PRO%20X%20R.txt	KZ ZS12 PRO X	KZ ZS12 PRO X	in-ear	711
https://tonedeafmonk.squig.link/data/KZ%20ZVX%20L.txt	KZ ZVX	KZ ZVX	in-ear	711
https://tonedeafmonk.squig.link/data/KZ%20HBB%20PR2%20L.txt	KZ HBB PR2	KZ x HBB PR2	in-ear	711
https://tonedeafmonk.squig.link/data/Kataear%20EVORX%20300%20L.txt	Kataear EVORX 300	Kataear EVORX 300	in-ear	711
https://tonedeafmonk.squig.link/data/Kataear%20EVORX%20300%20R.txt	Kataear EVORX 300	Kataear EVORX 300	in-ear	711
https://tonedeafmonk.squig.link/data/Celest%20Phoenix%20Call%20L.txt	Kinera Celest Phoenix Call	Kinera Celest Phoenixcall	in-ear	711
https://tonedeafmonk.squig.link/data/Celest%20Phoenix%20Call%20R.txt	Kinera Celest Phoenix Call	Kinera Celest Phoenixcall	in-ear	711
https://tonedeafmonk.squig.link/data/Kinera%20Celest%20Plutus%20Beast%20L.txt	Kinera Celest Plutus Beast	Kinera Celest Plutus Beast	in-ear	711
https://tonedeafmonk.squig.link/data/Kinera%20Celest%20Plutus%20Beast%20R.txt	Kinera Celest Plutus Beast	Kinera Celest Plutus Beast	in-ear	711
https://tonedeafmonk.squig.link/data/Celest%20Wyvern%20PRO%20L.txt	Celest Wyvern PRO	Kinera Celest Wyvern Pro	in-ear	711
https://tonedeafmonk.squig.link/data/Celest%20Wyvern%20PRO%20R.txt	Celest Wyvern PRO	Kinera Celest Wyvern Pro	in-ear	711
https://tonedeafmonk.squig.link/data/Celest%20Wyvern%20Qing%20L.txt	Kinera Celest Wyvern Qing	Kinera Celest Wyvern Qing	in-ear	711
https://tonedeafmonk.squig.link/data/Celest%20Wyvern%20Qing%20R.txt	Kinera Celest Wyvern Qing	Kinera Celest Wyvern Qing	in-ear	711
https://tonedeafmonk.squig.link/data/KINERA%20CELEST%20YAKSHA%20L.txt	Kinera Celest Yaksha	Kinera Celest Yaksha	in-ear	711
https://tonedeafmonk.squig.link/data/KINERA%20CELEST%20YAKSHA%20R.txt	Kinera Celest Yaksha	Kinera Celest Yaksha	in-ear	711
https://tonedeafmonk.squig.link/data/Kinera%20Freya2%20L.txt		Kinera Freya 2.0	in-ear	711
https://tonedeafmonk.squig.link/data/Kinera%20Freya2%20R.txt		Kinera Freya 2.0	in-ear	711
https://tonedeafmonk.squig.link/data/Kinera%20Imperial%20LOKI%20L.txt	Kinera Imperial LOKI	Kinera Imperial Loki	in-ear	711
https://tonedeafmonk.squig.link/data/Kinera%20Imperial%20LOKI%20R.txt	Kinera Imperial LOKI	Kinera Imperial Loki	in-ear	711
https://tonedeafmonk.squig.link/data/Kinera%20Verdandi%20L.txt	Kinera Verdandi	Kinera Verdandi	in-ear	711
https://tonedeafmonk.squig.link/data/Kinera%20Verdandi%20R.txt	Kinera Verdandi	Kinera Verdandi	in-ear	711
https://tonedeafmonk.squig.link/data/KiwiEars%20Aether%20L.txt	Kiwi Ears Aether	Kiwi Ears Aether	in-ear	711
https://tonedeafmonk.squig.link/data/KiwiEars%20Aether%20R.txt	Kiwi Ears Aether	Kiwi Ears Aether	in-ear	711
https://tonedeafmonk.squig.link/data/Kiwi%20Ears%20Airos%20L.txt	Kiwi Ears Airoso	Kiwi Ears Airoso	in-ear	711
https://tonedeafmonk.squig.link/data/Kiwi%20Ears%20Airos%20R.txt	Kiwi Ears Airoso	Kiwi Ears Airoso	in-ear	711
https://tonedeafmonk.squig.link/data/Kiwi%20Ears%20Belle%20L.txt	Kiwi Ears Belle	Kiwi Ears Belle	in-ear	711
https://tonedeafmonk.squig.link/data/Kiwi%20Ears%20Belle%20R.txt	Kiwi Ears Belle	Kiwi Ears Belle	in-ear	711
https://tonedeafmonk.squig.link/data/KiwiEars%20Cadenza%20L.txt	KiwiEars Cadenza	Kiwi Ears Cadenza	in-ear	711
https://tonedeafmonk.squig.link/data/KiwiEars%20DOLCE%20L.txt	KiwiEars DOLCE	Kiwi Ears Dolce	in-ear	711
https://tonedeafmonk.squig.link/data/KiwiEars%20DOLCE%20R.txt	KiwiEars DOLCE	Kiwi Ears Dolce	in-ear	711
https://tonedeafmonk.squig.link/data/KiwiEars%20Etude%20L.txt	Kiwi Ears Etude	Kiwi Ears Etude	in-ear	711
https://tonedeafmonk.squig.link/data/KiwiEars%20Etude%20R.txt	Kiwi Ears Etude	Kiwi Ears Etude	in-ear	711
https://tonedeafmonk.squig.link/data/KIWIEARS%20FORTENZA%20L.txt	KiwiEars FORTENZA	Kiwi Ears Forteza	in-ear	711
https://tonedeafmonk.squig.link/data/KIWIEARS%20FORTENZA%20R.txt	KiwiEars FORTENZA	Kiwi Ears Forteza	in-ear	711
https://tonedeafmonk.squig.link/data/KIWI%20EARS%20HALCYON%20L.txt	Kiwi Ears Halcyon	Kiwi Ears Halcyon	in-ear	711
https://tonedeafmonk.squig.link/data/KIWI%20EARS%20HALCYON%20R.txt	Kiwi Ears Halcyon	Kiwi Ears Halcyon	in-ear	711
https://tonedeafmonk.squig.link/data/KIWIEARS%20MELODY%20L.txt	KiwiEars MELODY	Kiwi Ears Melody	in-ear	711
https://tonedeafmonk.squig.link/data/KIWIEARS%20MELODY%20R.txt	KiwiEars MELODY	Kiwi Ears Melody	in-ear	711
https://tonedeafmonk.squig.link/data/KiwiEars%20Quartet%20DD%20L.txt	KiwiEars Quartet (DD)	Kiwi Ears Quartet (off-off)	in-ear	711
https://tonedeafmonk.squig.link/data/KiwiEars%20Quartet%20DU%20L.txt	KiwiEars Quartet (DU)	Kiwi Ears Quartet (off-on)	in-ear	711
https://tonedeafmonk.squig.link/data/KiwiEars%20Quartet%20UD%20L.txt	KiwiEars Quartet (UD)	Kiwi Ears Quartet (on-off)	in-ear	711
https://tonedeafmonk.squig.link/data/KiwiEars%20Quartet%20UU%20L.txt	KiwiEars Quartet (UU)	Kiwi Ears Quartet (on-on)	in-ear	711
https://tonedeafmonk.squig.link/data/Kiwiears%20Quintet%20L.txt	KiwiEars Quintet	Kiwi Ears Quintet	in-ear	711
https://tonedeafmonk.squig.link/data/Kiwiears%20Quintet%20R.txt	KiwiEars Quintet	Kiwi Ears Quintet	in-ear	711
https://tonedeafmonk.squig.link/data/KiwiEars%20Septet%20L.txt	Kiwi Ears Septet	Kiwi Ears Septet	in-ear	711
https://tonedeafmonk.squig.link/data/KiwiEars%20Septet%20R.txt	Kiwi Ears Septet	Kiwi Ears Septet	in-ear	711
https://tonedeafmonk.squig.link/data/KATORI%20VAMPIRE%20L.txt		Kotori Vampire	in-ear	711
https://tonedeafmonk.squig.link/data/KATORI%20VAMPIRE%20R.txt		Kotori Vampire	in-ear	711
https://tonedeafmonk.squig.link/data/KATORI%20AUDIO%20VAMPIRE%20L.txt	KOTORI AUDIO VAMPIRE	Kotori Vampire	in-ear	711
https://tonedeafmonk.squig.link/data/KATORI%20AUDIO%20VAMPIRE%20R.txt	KOTORI AUDIO VAMPIRE	Kotori Vampire	in-ear	711
https://tonedeafmonk.squig.link/data/KOTORI%20AUDIO%20ZEPHYR%20L.txt	KOTORI AUDIO ZEPHYR	Kotori Zephyr	in-ear	711
https://tonedeafmonk.squig.link/data/KOTORI%20AUDIO%20ZEPHYR%20R.txt	KOTORI AUDIO ZEPHYR	Kotori Zephyr	in-ear	711
https://tonedeafmonk.squig.link/data/Letshouer%20D13%20L.txt	Letshouer D13	Letshouer D13	ignore	
https://tonedeafmonk.squig.link/data/Letshouer%20D13%20R.txt	Letshouer D13	Letshouer D13	ignore	
https://tonedeafmonk.squig.link/data/Letshouer%20S15%20PROTYPE%20L.txt	Letshouer S15 PROTOTYPE	Letshouer S15 PROTOTYPE	ignore	
https://tonedeafmonk.squig.link/data/Letshouer%20S15%20PROTYPE%20R.txt	Letshouer S15 PROTOTYPE	Letshouer S15 PROTOTYPE	ignore	
https://tonedeafmonk.squig.link/data/THOR%20Mjolnir%20R.txt	THOR Mjolnir MKII OG	Linsoul x THOR Mjölnir MKII	in-ear	711
https://tonedeafmonk.squig.link/data/CKLVX%20CK2V%20L.txt	Myer Audio CKLVX CK2V	MYER-AUDIO CKLVX CK2V	in-ear	711
https://tonedeafmonk.squig.link/data/CKLVX%20CK2V%20R.txt	Myer Audio CKLVX CK2V	MYER-AUDIO CKLVX CK2V	in-ear	711
https://tonedeafmonk.squig.link/data/CKLVX%20D41%20L.txt	Myer Audio CKLVX D41	MYER-AUDIO CKLVX D41	in-ear	711
https://tonedeafmonk.squig.link/data/CKLVX%20D41%20R.txt	Myer Audio CKLVX D41	MYER-AUDIO CKLVX D41	in-ear	711
https://tonedeafmonk.squig.link/data/MYER-AUDIO%20SLIIVO%20D62%20L.txt	Myer Audio CKLVX D62	MYER-AUDIO CKLVX D62	in-ear	711
https://tonedeafmonk.squig.link/data/MYER-AUDIO%20SLIIVO%20D62%20R.txt	Myer Audio CKLVX D62	MYER-AUDIO CKLVX D62	in-ear	711
https://tonedeafmonk.squig.link/data/Myer%20Audio%20LAVA%20L.txt	Myer Audio CKLVX LAVA	MYER-AUDIO CKLVX LAVA	in-ear	711
https://tonedeafmonk.squig.link/data/Myer%20Audio%20LAVA%20R.txt	Myer Audio CKLVX LAVA	MYER-AUDIO CKLVX LAVA	in-ear	711
https://tonedeafmonk.squig.link/data/Myer-Audio%20SLIIVO%20SL224%20L.txt	Myer Audio SLIIVO SL224	MYER-AUDIO SLIIVO SL224	in-ear	711
https://tonedeafmonk.squig.link/data/Myer-Audio%20SLIIVO%20SL224%20R.txt	Myer Audio SLIIVO SL224	MYER-AUDIO SLIIVO SL224	in-ear	711
https://tonedeafmonk.squig.link/data/Meyer-Audio%20SLIIVO%20SL41%20L.txt	Myer Audio SLIIVO SL41	MYER-AUDIO SLIIVO SL41	in-ear	711
https://tonedeafmonk.squig.link/data/Meyer-Audio%20SLIIVO%20SL41%20R.txt	Myer Audio SLIIVO SL41	MYER-AUDIO SLIIVO SL41	in-ear	711
https://tonedeafmonk.squig.link/data/SL41%20MK2%20L.txt	Myer Audio SLIIVO SL41 MKII SET2	MYER-AUDIO SLIIVO SL41 MKII	in-ear	711
https://tonedeafmonk.squig.link/data/SL41%20MK2%20R.txt	Myer Audio SLIIVO SL41 MKII SET2	MYER-AUDIO SLIIVO SL41 MKII	in-ear	711
https://tonedeafmonk.squig.link/data/SLIIVO%20SL41%20PRO%20L.txt	Myer Audio SLIIVO SL41 PRO	MYER-AUDIO SLIIVO SL41 PRO	in-ear	711
https://tonedeafmonk.squig.link/data/SLIIVO%20SL41%20PRO%20R.txt	Myer Audio SLIIVO SL41 PRO	MYER-AUDIO SLIIVO SL41 PRO	in-ear	711
https://tonedeafmonk.squig.link/data/SLIIVO%20SLA3%20L.txt	Myer Audio SLIIVO SLA3	MYER-AUDIO SLIIVO SLA3	in-ear	711
https://tonedeafmonk.squig.link/data/SLIIVO%20SLA3%20R.txt	Myer Audio SLIIVO SLA3	MYER-AUDIO SLIIVO SLA3	in-ear	711
https://tonedeafmonk.squig.link/data/SLT6%20SET2%20DD%20L.txt	Myer Audio SLIIVO SLT6 SET 2 (STANDARD TUNING Switches DOWN DOWN)	MYER-AUDIO SLIIVO SLT6 (off-off)	in-ear	711
https://tonedeafmonk.squig.link/data/SLT6%20SET2%20DD%20R.txt	Myer Audio SLIIVO SLT6 SET 2 (STANDARD TUNING Switches DOWN DOWN)	MYER-AUDIO SLIIVO SLT6 (off-off)	in-ear	711
https://tonedeafmonk.squig.link/data/SLT6%20SET2%20DU%20L.txt	Myer Audio SLIIVO SLT6 SET 2 (BEAUTIFUL VOCALS Switches DOWN UP)	MYER-AUDIO SLIIVO SLT6 (off-on)	in-ear	711
https://tonedeafmonk.squig.link/data/SLT6%20SET2%20UD%20L.txt	Myer Audio SLIIVO SLT6 SET 2 (ATMOSPHERE Switches UP DOWN)	MYER-AUDIO SLIIVO SLT6 (on-off)	in-ear	711
https://tonedeafmonk.squig.link/data/SLT6%20SET2%20UU%20L.txt	Myer Audio SLIIVO SLT6 SET 2 (HIGH SENSITIVITY Switches UP UP)	MYER-AUDIO SLIIVO SLT6 (on-on)	in-ear	711
https://tonedeafmonk.squig.link/data/SLT6%20SET2%20UU%20R.txt	Myer Audio SLIIVO SLT6 SET 2 (HIGH SENSITIVITY Switches UP UP)	MYER-AUDIO SLIIVO SLT6 (on-on)	in-ear	711
https://tonedeafmonk.squig.link/data/Melody%20Wings%20Jupiter%20Cable%20L.txt	Melody Wings Jupiter (REGULAR 2PIN CABLE)	Melody Wings Jupiter (REGULAR 2PIN CABLE)	in-ear	711
https://tonedeafmonk.squig.link/data/Melody%20Wings%20Jupiter%20Cable%20R.txt	Melody Wings Jupiter (REGULAR 2PIN CABLE)	Melody Wings Jupiter (REGULAR 2PIN CABLE)	in-ear	711
https://tonedeafmonk.squig.link/data/Melody%20Wings%20Jupiter%20USB%20L.txt	Melody Wings Jupiter (USB CABLE USED)	Melody Wings Jupiter (USB CABLE USED)	in-ear	711
https://tonedeafmonk.squig.link/data/Melody%20Wings%20Jupiter%20USB%20R.txt	Melody Wings Jupiter (USB CABLE USED)	Melody Wings Jupiter (USB CABLE USED)	in-ear	711
https://tonedeafmonk.squig.link/data/Melody%20Wings%20Neptune%20L.txt	Melody Wings Neptune (Stock Deeper Insertion)	Melody Wings Neptune (Stock Deeper Insertion)	in-ear	711
https://tonedeafmonk.squig.link/data/Melody%20Wings%20Neptune%20R.txt	Melody Wings Neptune (Stock Deeper Insertion)	Melody Wings Neptune (Stock Deeper Insertion)	in-ear	711
https://tonedeafmonk.squig.link/data/Melody%20Wings%20Neptune%2B33%20Ohm%20L.txt	Melody Wings Neptune (With Adding a 33 Ohm Impedance Adapter)	Melody Wings Neptune (With Adding a 33 Ohm Impedance Adapter)	in-ear	711
https://tonedeafmonk.squig.link/data/Melody%20Wings%20Neptune%2B50%20Ohm%20L.txt	Melody Wings Neptune (With Adding a 50 Ohm Impedance Adapter)	Melody Wings Neptune (With Adding a 50 Ohm Impedance Adapter)	in-ear	711
https://tonedeafmonk.squig.link/data/Melody%20Wings%20Neptune%2BIEMatch%20L.txt	Melody Wings Neptune (With Adding a iFi IEMATCH High Setting 4.4)	Melody Wings Neptune (With Adding a iFi IEMATCH High Setting 4.4)	in-ear	711
https://tonedeafmonk.squig.link/data/Melody%20Wings%20Venus%20L.txt	Melody Wings Venus	Melody Wings Venus	in-ear	711
https://tonedeafmonk.squig.link/data/Melody%20Wings%20Venus%20R.txt	Melody Wings Venus	Melody Wings Venus	in-ear	711
https://tonedeafmonk.squig.link/data/SLIIVO%20SL41%20L.txt	Meyer Audio SLIIVO SL41-PROTOTYPE	Meyer Audio SLIIVO SL41-PROTOTYPE	ignore	711
https://tonedeafmonk.squig.link/data/SLIIVO%20SL41%20R.txt	Meyer Audio SLIIVO SL41-PROTOTYPE	Meyer Audio SLIIVO SL41-PROTOTYPE	ignore	711
https://tonedeafmonk.squig.link/data/SLIIVO%20MYER04%20DD%20L.txt	Meyer Audio SLIIVO SLT6 (STANDARD TUNING Switches DOWN DOWN)	Meyer Audio SLIIVO SLT6 (off-off)	in-ear	711
https://tonedeafmonk.squig.link/data/SLIIVO%20MEYR04%20DU%20L.txt	Meyer Audio SLIIVO SLT6 (BEAUTIFUL VOCALS Switches DOWN UP)	Meyer Audio SLIIVO SLT6 (off-on)	in-ear	711
https://tonedeafmonk.squig.link/data/SLIIVO%20MEYR04%20UD%20L.txt	Meyer Audio SLIIVO SLT6 (ATMOSPHERE Switches UP DOWN)	Meyer Audio SLIIVO SLT6 (on-off)	in-ear	711
https://tonedeafmonk.squig.link/data/SLIIVO%20MEYR04%20UU%20L.txt	Meyer Audio SLIIVO SLT6 (HIGH SENSITIVITY Switches UP UP)	Meyer Audio SLIIVO SLT6 (on-on)	in-ear	711
https://tonedeafmonk.squig.link/data/SLIIVO%20MEYR04%20UU%20R.txt	Meyer Audio SLIIVO SLT6 (HIGH SENSITIVITY Switches UP UP)	Meyer Audio SLIIVO SLT6 (on-on)	in-ear	711
https://tonedeafmonk.squig.link/data/Meze%20ALBA%20L.txt	MEZE AUDIO ALBA	Meze ALBA	in-ear	711
https://tonedeafmonk.squig.link/data/Meze%20ALBA%20R.txt	MEZE AUDIO ALBA	Meze ALBA	in-ear	711
https://tonedeafmonk.squig.link/data/Meze%20Audio%20Advar%20L.txt	MEZE AUDIO ADVAR	Meze Advar	in-ear	711
https://tonedeafmonk.squig.link/data/Meze%20Audio%20Advar%20R.txt	MEZE AUDIO ADVAR	Meze Advar	in-ear	711
https://tonedeafmonk.squig.link/data/MOONDROP%20CHU%20L.txt	MOONDROP CHU	Moondrop Chu	in-ear	711
https://tonedeafmonk.squig.link/data/MOONDROP%20CHU%20R.txt	MOONDROP CHU	Moondrop Chu	in-ear	711
https://tonedeafmonk.squig.link/data/MOONDROP%20CHU2%20L.txt	MOONDROP CHU#2	Moondrop Chu 2	in-ear	711
https://tonedeafmonk.squig.link/data/MOONDROP%20CHU2%20R.txt	MOONDROP CHU#2	Moondrop Chu 2	in-ear	711
https://tonedeafmonk.squig.link/data/Moondrop%20Space%20Travel%202%20Ultra%20L.txt	MOONDROP Space Travel 2 ULTRA	Moondrop Space Travel 2 ULTRA	in-ear	711
https://tonedeafmonk.squig.link/data/Moritz%20Audio%20ENZO%20DD%20L.txt	Moritz Audio ENZO (Switches in Down Down Position)	Moritz ENZO (Switches in Down Down Position)	in-ear	711
https://tonedeafmonk.squig.link/data/Moritz%20Audio%20ENZO%20DU%20L.txt	Moritz Audio ENZO (Switches in Down Up Position)	Moritz ENZO (Switches in Down Up Position)	in-ear	711
https://tonedeafmonk.squig.link/data/Moritz%20Audio%20ENZO%20DU%20R.txt	Moritz Audio ENZO (Switches in Down Up Position)	Moritz ENZO (Switches in Down Up Position)	in-ear	711
https://tonedeafmonk.squig.link/data/Moritz%20Audio%20ENZO%20UD%20L.txt	Moritz Audio ENZO (Switches in Up Down Position)	Moritz ENZO (Switches in Up Down Position)	in-ear	711
https://tonedeafmonk.squig.link/data/Moritz%20Audio%20ENZO%20UU%20L.txt	Moritz Audio ENZO (Switches in Up Up Position)	Moritz ENZO (Switches in Up Up Position)	in-ear	711
https://tonedeafmonk.squig.link/data/Moritz%20Audio%20ENZO%20UU%20R.txt	Moritz Audio ENZO (Switches in Up Up Position)	Moritz ENZO (Switches in Up Up Position)	in-ear	711
https://tonedeafmonk.squig.link/data/My%20Beast%20Set%20W%20R.txt		My Beast Set W	ignore	711
https://tonedeafmonk.squig.link/data/ND%20LEO%20L.txt	ND Audio LEO	ND LEO	in-ear	711
https://tonedeafmonk.squig.link/data/ND%20LEO%20R.txt	ND Audio LEO	ND LEO	in-ear	711
https://tonedeafmonk.squig.link/data/ND%20AUDIO%20PLANET%20L.txt	ND Audio Planet (Foam Tips)	ND Planet	in-ear	711
https://tonedeafmonk.squig.link/data/ND%20AUDIO%20PLANET%20R.txt	ND Audio Planet (Foam Tips)	ND Planet	in-ear	711
https://tonedeafmonk.squig.link/data/ND%20Venus%20L.txt	ND Audio Venus (Foam Tips)	ND Venus	in-ear	711
https://tonedeafmonk.squig.link/data/ND%20Venus%20R.txt	ND Audio Venus (Foam Tips)	ND Venus	in-ear	711
https://tonedeafmonk.squig.link/data/NFACOUS%20NA20%20L.txt	NFACOUS NA20 (STOCK)	NF ACOUS NA20	in-ear	711
https://tonedeafmonk.squig.link/data/NFACOUS%20NA20%20R.txt	NFACOUS NA20 (STOCK)	NF ACOUS NA20	in-ear	711
https://tonedeafmonk.squig.link/data/NF%20AUDIO%20NE4%20CLR%20L.txt	NF AUDIO NE4 (LIVE CLEAR FACEPLATE)	NF ACOUS NE4 (clear faceplate)	in-ear	711
https://tonedeafmonk.squig.link/data/NF%20AUDIO%20NE4%20REF%20L.txt	NF AUDIO NE4 (REFERENCE GREY FACEPLATE )	NF ACOUS NE4 (grey faceplate)	in-ear	711
https://tonedeafmonk.squig.link/data/NF%20AUDIO%20NE4%20REF%20R.txt	NF AUDIO NE4 (REFERENCE GREY FACEPLATE )	NF ACOUS NE4 (grey faceplate)	in-ear	711
https://tonedeafmonk.squig.link/data/NF%20AUDIO%20NE4%20POP%20L.txt	NF AUDIO NE4 (POPULAR RED FACEPLATE)	NF ACOUS NE4 (red faceplate)	in-ear	711
https://tonedeafmonk.squig.link/data/NF%20AUDIO%20NE4%20TRANS%20L.txt	NF AUDIO NE4 (TRANSPARENCY BLUE FACEPLATE)	NF ACOUS NE4 (transparent blue faceplate)	in-ear	711
https://tonedeafmonk.squig.link/data/NF%20AUDIO%20NF2U%20L.txt	NF AUDIO NF2U	NF ACOUS NF2u	in-ear	711
https://tonedeafmonk.squig.link/data/NF%20ACOUS%20NM20%20L.txt	NFACOUS NM20	NF ACOUS NM20	in-ear	711
https://tonedeafmonk.squig.link/data/NF%20ACOUS%20NM20%20R.txt	NFACOUS NM20	NF ACOUS NM20	in-ear	711
https://tonedeafmonk.squig.link/data/NFACOUS%20NM25%20L.txt	NFACOUS NM25	NF ACOUS NM25	in-ear	711
https://tonedeafmonk.squig.link/data/NFACOUS%20NM25%20R.txt	NFACOUS NM25	NF ACOUS NM25	in-ear	711
https://tonedeafmonk.squig.link/data/NF%20Audio%20RA15%20Gold%20L.txt	NF AUDIO RA15 (Gold Nozzle)	NF ACOUS RA15 (gold nozzle)	in-ear	711
https://tonedeafmonk.squig.link/data/NF%20Audio%20RA15%20Gold%20R.txt	NF AUDIO RA15 (Gold Nozzle)	NF ACOUS RA15 (gold nozzle)	in-ear	711
https://tonedeafmonk.squig.link/data/NF%20Audio%20RA15%20Silver%20L.txt	NF AUDIO RA15 (Silver Nozzle)	NF ACOUS RA15 (silver nozzle)	in-ear	711
https://tonedeafmonk.squig.link/data/NF%20Audio%20x%20Mirage%20RG15%20L.txt	NF AUDIO x Mirage RG15	NF ACOUS RG15	in-ear	711
https://tonedeafmonk.squig.link/data/NF%20Audio%20x%20Mirage%20RG15%20R.txt	NF AUDIO x Mirage RG15	NF ACOUS RG15	in-ear	711
https://tonedeafmonk.squig.link/data/NF%20AUDIO%20NF2U%20L%20500.txt		NF AUDIO NF2U L 500	ignore	
https://tonedeafmonk.squig.link/data/NFACOUS%20NA20%20300%20L.txt	NFACOUS NA20 (300 LEVEL MESH FILTER)	NFACOUS NA20 (300 LEVEL MESH FILTER)	ignore	711
https://tonedeafmonk.squig.link/data/NFACOUS%20NA20%20400%20L.txt	NFACOUS NA20 (400 LEVEL MESH FILTER)	NFACOUS NA20 (400 LEVEL MESH FILTER)	ignore	711
https://tonedeafmonk.squig.link/data/NFACOUS%20NA20%20500%20L.txt		NFACOUS NA20 500	ignore	711
https://tonedeafmonk.squig.link/data/NICEHCK%20HIMALAYA%20MD%20SILVER%20L.txt	NICEHCK HIMALAYA (MOONDROP KATO SILVER NOZZLE)	NICEHCK HIMALAYA (MOONDROP KATO SILVER NOZZLE)	ignore	711
https://tonedeafmonk.squig.link/data/NICEHCK%20HIMALAYA%20SBR%20L.txt	NICEHCK HIMALAYA (SIMGOT KIT 500 MESH & FOAM IN NOZZLE)	NICEHCK HIMALAYA (SIMGOT KIT 500 MESH & FOAM IN NOZZLE)	ignore	711
https://tonedeafmonk.squig.link/data/NICEHCK%20HIMALAYA%20MDB%20L.txt		NICEHCK HIMALAYA MDB	ignore	711
https://tonedeafmonk.squig.link/data/NX8%20MDP%20BRASS%20L.txt	NICEHCK NX8 (With Moondrop Kato Brass Nozzles	NICEHCK NX8 (With Moondrop Kato Brass Nozzles	ignore	711
https://tonedeafmonk.squig.link/data/NX8%20MD%20SS%20L.txt	NICEHCK NX8 (With Moondrop Kato Stainless Steel Nozzles)	NICEHCK NX8 (With Moondrop Kato Stainless Steel Nozzles)	ignore	711
https://tonedeafmonk.squig.link/data/NX8%20SGT%20BRASS%20RED%20RING%20L.txt	NICEHCK NX8 (With Simgot Brass Nozzles Red Ring)	NICEHCK NX8 (With Simgot Brass Nozzles Red Ring)	ignore	711
https://tonedeafmonk.squig.link/data/NX8%20SGT%20SS%20BLK%20RING%20L.txt	NICEHCK NX8 (With Simgot Stainless Steel Nozzles Black Ring)	NICEHCK NX8 (With Simgot Stainless Steel Nozzles Black Ring)	ignore	711
https://tonedeafmonk.squig.link/data/NX8%20SGT%20SS%20CLR%20RING%20L.txt	NICEHCK NX8 (With Simgot Stainless Steel Nozzles KIT Clear Ring)	NICEHCK NX8 (With Simgot Stainless Steel Nozzles KIT Clear Ring)	ignore	711
https://tonedeafmonk.squig.link/data/NX8%20MDP%20SS%20L.txt		NX8 MDP SS	ignore	711
https://tonedeafmonk.squig.link/data/NZACOUS%20NA20%20300%20L.txt		NZACOUS NA20 300	ignore	711
https://tonedeafmonk.squig.link/data/NiceHCK%20DB2%20L.txt	NICEHCK DB2	NiceHCK DB2	in-ear	711
https://tonedeafmonk.squig.link/data/NiceHCK%20DB2%20R.txt	NICEHCK DB2	NiceHCK DB2	in-ear	711
https://tonedeafmonk.squig.link/data/NICEHCK%20F1%20PRO%20L.txt	NICEHCK F1 PRO	NiceHCK F1 Pro	in-ear	711
https://tonedeafmonk.squig.link/data/NICEHCK%20F1%20PRO%20R.txt	NICEHCK F1 PRO	NiceHCK F1 Pro	in-ear	711
https://tonedeafmonk.squig.link/data/NICEHCK%20HIMALAYA%20BLACK%20L.txt	NICEHCK HIMALAYA (STOCK BLACK)	NiceHCK Himalaya (black filter)	in-ear	711
https://tonedeafmonk.squig.link/data/NICEHCK%20HIMALAYA%20BLUE%20L.txt	NICEHCK HIMALAYA (STOCK BLUE)	NiceHCK Himalaya (blue filter)	in-ear	711
https://tonedeafmonk.squig.link/data/NICEHCK%20HIMALAYA%20BRASS%20L.txt	NICEHCK HIMALAYA (STOCK BRASS)	NiceHCK Himalaya (brass filter)	in-ear	711
https://tonedeafmonk.squig.link/data/NICEHCK%20HIMALAYA%20BRASS%20R.txt	NICEHCK HIMALAYA (STOCK BRASS)	NiceHCK Himalaya (brass filter)	in-ear	711
https://tonedeafmonk.squig.link/data/NX8%20STK%20BRASS%20L.txt	NICEHCK NX8 (STOCK BRASS)	NiceHCK NX8	in-ear	711
https://tonedeafmonk.squig.link/data/NX8%20STK%20BRASS%20R.txt	NICEHCK NX8 (STOCK BRASS)	NiceHCK NX8	in-ear	711
https://tonedeafmonk.squig.link/data/NiceHCK%20Rockies%20L.txt	NICEHCK Rockies	NiceHCK Rockies	in-ear	711
https://tonedeafmonk.squig.link/data/NiceHCK%20Rockies%20R.txt	NICEHCK Rockies	NiceHCK Rockies	in-ear	711
https://tonedeafmonk.squig.link/data/Noble%20Audio%20FoKus%20Presige%20Encore%20Classic%20EQ%20L.txt	Noble Audio FoKus Prestige Encore (Classic EQ Tuning)	Noble Audio FoKus Prestige Encore (Classic EQ Tuning)	in-ear	711
https://tonedeafmonk.squig.link/data/Noble%20Audio%20FoKus%20Presige%20Encore%20Folk%20EQ%20L.txt	Noble Audio FoKus Prestige Encore (Folk EQ Tuning)	Noble Audio FoKus Prestige Encore (Folk EQ Tuning)	in-ear	711
https://tonedeafmonk.squig.link/data/Noble%20Audio%20FoKus%20Presige%20Encore%20Jazz%20EQ%20L.txt	Noble Audio FoKus Prestige Encore (Jazz EQ Tuning)	Noble Audio FoKus Prestige Encore (Jazz EQ Tuning)	in-ear	711
https://tonedeafmonk.squig.link/data/Noble%20Audio%20FoKus%20Presige%20Encore%20%2B%202H%20EQ%20L.txt	Noble Audio FoKus Prestige Encore (Just a small Bass Tilt with the 3 Band EQ Mode)	Noble Audio FoKus Prestige Encore (Just a small Bass Tilt with the 3 Band EQ Mode)	in-ear	711
https://tonedeafmonk.squig.link/data/Noble%20Audio%20FoKus%20Presige%20Encore%20Bright%20EQ%20L.txt	Noble Audio FoKus Prestige Encore (Max Treble Tilt with the 3 Band EQ Mode)	Noble Audio FoKus Prestige Encore (Max Treble Tilt with the 3 Band EQ Mode)	in-ear	711
https://tonedeafmonk.squig.link/data/Noble%20Audio%20FoKus%20Presige%20Encore%20Pop%20EQ%20L.txt	Noble Audio FoKus Prestige Encore (Pop EQ Tuning)	Noble Audio FoKus Prestige Encore (Pop EQ Tuning)	in-ear	711
https://tonedeafmonk.squig.link/data/Noble%20Audio%20FoKus%20Presige%20Encore%20Rap%20EQ%20L.txt	Noble Audio FoKus Prestige Encore (Rap EQ Tuning)	Noble Audio FoKus Prestige Encore (Rap EQ Tuning)	in-ear	711
https://tonedeafmonk.squig.link/data/Noble%20Audio%20FoKus%20Presige%20Encore%20Default%20EQ%20L.txt	Noble Audio FoKus Prestige Encore (Stock NO EQ Default Tuning)	Noble Audio FoKus Prestige Encore (Stock NO EQ Default Tuning)	in-ear	711
https://tonedeafmonk.squig.link/data/Noble%20Audio%20FoKus%20Presige%20Encore%20TDM%20ULT%20EQ%20L.txt	Noble Audio FoKus Prestige Encore (TDM Best Curve I Could get)	Noble Audio FoKus Prestige Encore (TDM Best Curve I Could get)	in-ear	711
https://tonedeafmonk.squig.link/data/Noble%20Knight%20L.txt	NOBLE AUDIO Knight	Noble Audio Knight	in-ear	711
https://tonedeafmonk.squig.link/data/Noble%20Knight%20R.txt	NOBLE AUDIO Knight	Noble Audio Knight	in-ear	711
https://tonedeafmonk.squig.link/data/Nothing%20Ear%20TWS%20Bal%20Mode%20Bass%2B1%20L.txt	Nothing Ear Nothing Ear B162 TWS (Balanced Mode Bass Enhancement +1)	Nothing Ear Nothing Ear B162 TWS (Balanced Mode Bass Enhancement +1)	in-ear	711
https://tonedeafmonk.squig.link/data/Nothing%20Ear%20TWS%20Bal%20Mode%20Bass%2B2%20L.txt	Nothing Ear Nothing Ear B162 TWS (Balanced Mode Bass Enhancement +2)	Nothing Ear Nothing Ear B162 TWS (Balanced Mode Bass Enhancement +2)	in-ear	711
https://tonedeafmonk.squig.link/data/Nothing%20Ear%20TWS%20Bal%20Mode%20Bass%2B3%20L.txt	Nothing Ear Nothing Ear B162 TWS (Balanced Mode Bass Enhancement +3)	Nothing Ear Nothing Ear B162 TWS (Balanced Mode Bass Enhancement +3)	in-ear	711
https://tonedeafmonk.squig.link/data/Nothing%20Ear%20TWS%20Bal%20Mode%20Bass%2B4%20L.txt	Nothing Ear Nothing Ear B162 TWS (Balanced Mode Bass Enhancement +4)	Nothing Ear Nothing Ear B162 TWS (Balanced Mode Bass Enhancement +4)	in-ear	711
https://tonedeafmonk.squig.link/data/Nothing%20Ear%20TWS%20Bal%20Mode%20Bass%2B5%20L.txt	Nothing Ear Nothing Ear B162 TWS (Balanced Mode Bass Enhancement +5)	Nothing Ear Nothing Ear B162 TWS (Balanced Mode Bass Enhancement +5)	in-ear	711
https://tonedeafmonk.squig.link/data/Nothing%20Ear%20TWS%20Bal%20Mode%20L.txt	Nothing Ear Nothing Ear B162 TWS (Balanced Mode)	Nothing Ear Nothing Ear B162 TWS (Balanced Mode)	in-ear	711
https://tonedeafmonk.squig.link/data/Nothing%20Ear%20TWS%20Bass%20Mode%20L.txt	Nothing Ear Nothing Ear B162 TWS (Bass Mode)	Nothing Ear Nothing Ear B162 TWS (Bass Mode)	in-ear	711
https://tonedeafmonk.squig.link/data/Nothing%20Ear%20TWS%20Treble%20Mode%20L.txt	Nothing Ear Nothing Ear B162 TWS (Treble Mode)	Nothing Ear Nothing Ear B162 TWS (Treble Mode)	in-ear	711
https://tonedeafmonk.squig.link/data/Nothing%20Ear%20TWS%20Vocal%20Mode%20L.txt	Nothing Ear Nothing Ear B162 TWS (Vocal Mode)	Nothing Ear Nothing Ear B162 TWS (Vocal Mode)	in-ear	711
https://tonedeafmonk.squig.link/data/ORIVETI%20OD100%20500%20L.txt	ORIVETI OD100 (500 LEVEL MESH NOZZLE FILTER)	ORIVETI OD100 (500 LEVEL MESH NOZZLE FILTER)	ignore	
https://tonedeafmonk.squig.link/data/ORIVETI%20OD200%20SS%20400%20L.txt	ORIVETI OD200 (STAINLESS STEEL NOZZLE w 400 MESH FILTER)	ORIVETI OD200 (STAINLESS STEEL NOZZLE w 400 MESH FILTER)	ignore	
https://tonedeafmonk.squig.link/data/OH700VB%2020%20OHM%204.4%20SB%20R.txt	ORIVETI OH700VB (TUNING SWITCH BACK POSITION W 20OHM 4.4 IMP ADAPT)	ORIVETI OH700VB (TUNING SWITCH BACK POSITION W 20OHM 4.4 IMP ADAPT)	ignore	711
https://tonedeafmonk.squig.link/data/OH700VB%2050%20OHM%204.4%20SB%20R.txt	ORIVETI OH700VB (TUNING SWITCH BACK POSITION W 50OHM 4.4 IMP ADAPT)	ORIVETI OH700VB (TUNING SWITCH BACK POSITION W 50OHM 4.4 IMP ADAPT)	ignore	711
https://tonedeafmonk.squig.link/data/OH700VB%20DEUCE%204.4%20SB%20R.txt	ORIVETI OH700VB (TUNING SWITCH BACK POSITION W DEUCE 4.4 IMP ADAPT)	ORIVETI OH700VB (TUNING SWITCH BACK POSITION W DEUCE 4.4 IMP ADAPT)	ignore	711
https://tonedeafmonk.squig.link/data/OH700VB%20STOCK%204.4%20SB%20R.txt	ORIVETI OH700VB (TUNING SWITCH BACK POSITION)	ORIVETI OH700VB (TUNING SWITCH BACK POSITION)	ignore	711
https://tonedeafmonk.squig.link/data/OH700VB%20STOCK%204.4%20SF%20R.txt	ORIVETI OH700VB (TUNING SWITCH FORWARD POSITION)	ORIVETI OH700VB (TUNING SWITCH FORWARD POSITION)	ignore	711
https://tonedeafmonk.squig.link/data/One%20Dot%20Audio%20Helios%20D100%20L.txt	One Dot Audio Helios D100	One Dot Audio Helios D100	in-ear	711
https://tonedeafmonk.squig.link/data/One%20Dot%20Audio%20Helios%20D100%20R.txt	One Dot Audio Helios D100	One Dot Audio Helios D100	in-ear	711
https://tonedeafmonk.squig.link/data/One%20Dot%20Audio%20Hesperus%20A300%20L.txt	One Dot Audio Hesperus A300	One Dot Audio Hesperus A300	in-ear	711
https://tonedeafmonk.squig.link/data/One%20Dot%20Audio%20Hesperus%20A300%20R.txt	One Dot Audio Hesperus A300	One Dot Audio Hesperus A300	in-ear	711
https://tonedeafmonk.squig.link/data/Oriolus%20Szalayi%20L.txt	Oriolus Szalayi	Oriolus Szalayi	in-ear	711
https://tonedeafmonk.squig.link/data/Oriolus%20Szalayi%20R.txt	Oriolus Szalayi	Oriolus Szalayi	in-ear	711
https://tonedeafmonk.squig.link/data/Oriveti%20Dynabird%20L.txt	ORIVETI Dynabird	Oriveti Dynabird	in-ear	711
https://tonedeafmonk.squig.link/data/Oriveti%20Dynabird%20R.txt	ORIVETI Dynabird	Oriveti Dynabird	in-ear	711
https://tonedeafmonk.squig.link/data/ORIVETI%20OD100%20L.txt	ORIVETI OD100 (STOCK)	Oriveti OD100	in-ear	711
https://tonedeafmonk.squig.link/data/ORIVETI%20OD100%20R.txt	ORIVETI OD100 (STOCK)	Oriveti OD100	in-ear	711
https://tonedeafmonk.squig.link/data/ORIVETI%20OD200%20BLACK%20L.txt	ORIVETI OD200 (BLACK NOZZLE)	Oriveti OD200 (black nozzle)	in-ear	711
https://tonedeafmonk.squig.link/data/ORIVETI%20OD200%20BLACK%20R.txt	ORIVETI OD200 (BLACK NOZZLE)	Oriveti OD200 (black nozzle)	in-ear	711
https://tonedeafmonk.squig.link/data/ORIVETI%20OD200%20SS%20L.txt	ORIVETI OD200 (STAINLESS STEEL NOZZLE)	Oriveti OD200 (silver nozzle)	in-ear	711
https://tonedeafmonk.squig.link/data/ORIVETI%20OD200%20SS%20R.txt	ORIVETI OD200 (STAINLESS STEEL NOZZLE)	Oriveti OD200 (silver nozzle)	in-ear	711
https://tonedeafmonk.squig.link/data/ORIVETI%20OH700VB%20DOWN%20L.txt	ORIVETI OH700VB (BASS SWITCH DOWN POSITION)	Oriveti OH700VB (bass switch off)	in-ear	711
https://tonedeafmonk.squig.link/data/ORIVETI%20OH700VB%20DOWN%20R.txt	ORIVETI OH700VB (BASS SWITCH DOWN POSITION)	Oriveti OH700VB (bass switch off)	in-ear	711
https://tonedeafmonk.squig.link/data/ORIVETI%20OH700VB%20UP%20L.txt	ORIVETI OH700VB (BASS SWITCH UP POSITION)	Oriveti OH700VB (bass switch on)	in-ear	711
https://tonedeafmonk.squig.link/data/ORIVETI%20OH700VB%20UP%20R.txt	ORIVETI OH700VB (BASS SWITCH UP POSITION)	Oriveti OH700VB (bass switch on)	in-ear	711
https://tonedeafmonk.squig.link/data/ORIVETI%20Lowmaster%20L.txt	ORIVETI Lowmaster	Oriveti bleqk Lowmaster	in-ear	711
https://tonedeafmonk.squig.link/data/ORIVETI%20Lowmaster%20R.txt	ORIVETI Lowmaster	Oriveti bleqk Lowmaster	in-ear	711
https://tonedeafmonk.squig.link/data/PULA%20ANVIL%20114%20L.txt	PULA ANVIL 114	PULA Anvil 114	in-ear	711
https://tonedeafmonk.squig.link/data/PULA%20ANVIL%20114%20R.txt	PULA ANVIL 114	PULA Anvil 114	in-ear	711
https://tonedeafmonk.squig.link/data/PULA%20PA001%20L.txt	PULA PA01	PULA PA01	in-ear	711
https://tonedeafmonk.squig.link/data/PULA%20PA001%20R.txt	PULA PA01	PULA PA01	in-ear	711
https://tonedeafmonk.squig.link/data/PULA%20PA02%20L.txt	PULA PA02	PULA PA02	in-ear	711
https://tonedeafmonk.squig.link/data/PULA%20PA02%20R.txt	PULA PA02	PULA PA02	in-ear	711
https://tonedeafmonk.squig.link/data/PULA%20PA02%20SET2%20L.txt	PULA PA02 Set#2	PULA PA02 Set#2	ignore	711
https://tonedeafmonk.squig.link/data/PULA%20PA02%20SET2%20R.txt	PULA PA02 Set#2	PULA PA02 Set#2	ignore	711
https://tonedeafmonk.squig.link/data/PULA%20Unicrom%20PROTO%201%20L.txt	PULA UniCrom PROTO2	PULA UniCrom PROTO2	in-ear	711
https://tonedeafmonk.squig.link/data/PULA%20UNICROM%20L.txt	PULA UniCrom Prototype1	PULA UniCrom Prototype1	ignore	711
https://tonedeafmonk.squig.link/data/PULA%20UNICROM%20R.txt	PULA UniCrom Prototype1	PULA UniCrom Prototype1	ignore	711
https://tonedeafmonk.squig.link/data/PULA%20Unicrom%20Set1%20L.txt	PULA UniCrom SET 1	PULA UniCrom SET 1	in-ear	711
https://tonedeafmonk.squig.link/data/PULA%20Unicrom%20Set1%20R.txt	PULA UniCrom SET 1	PULA UniCrom SET 1	in-ear	711
https://tonedeafmonk.squig.link/data/PULA%20Unicrom%20Set2%20L.txt	PULA UniCrom SET 2	PULA UniCrom SET 2	in-ear	711
https://tonedeafmonk.squig.link/data/PULA%20Unicrom%20Set2%20R.txt	PULA UniCrom SET 2	PULA UniCrom SET 2	in-ear	711
https://tonedeafmonk.squig.link/data/PULA%20Unicrom%20Set3%20L.txt	PULA UniCrom SET 3	PULA UniCrom SET 3	in-ear	711
https://tonedeafmonk.squig.link/data/PULA%20Unicrom%20Set3%20R.txt	PULA UniCrom SET 3	PULA UniCrom SET 3	in-ear	711
https://tonedeafmonk.squig.link/data/PULA%20Unicrom%20Set4%20L.txt	PULA UniCrom SET 4	PULA UniCrom SET 4	in-ear	711
https://tonedeafmonk.squig.link/data/PULA%20Unicrom%20Set4%20R.txt	PULA UniCrom SET 4	PULA UniCrom SET 4	in-ear	711
https://tonedeafmonk.squig.link/data/PENON%2010TH%20L.txt	PENON 10TH ANNIVESARY	Penon 10th Anniversary IEM	in-ear	711
https://tonedeafmonk.squig.link/data/Penon%20Dome%20L.txt	PENON DOME	Penon DOME	in-ear	711
https://tonedeafmonk.squig.link/data/Penon%20Dome%20R.txt	PENON DOME	Penon DOME	in-ear	711
https://tonedeafmonk.squig.link/data/PENON%20FAN2%20L.txt	PENON FAN2	Penon Fan 2	in-ear	711
https://tonedeafmonk.squig.link/data/PENON%20Impact%20L.txt	PENON IMPACT	Penon IMPACT	in-ear	711
https://tonedeafmonk.squig.link/data/PENON%20Impact%20R.txt	PENON IMPACT	Penon IMPACT	in-ear	711
https://tonedeafmonk.squig.link/data/QUATTRO%20L.txt	PENON QUATTRO	Penon QUATTRO	in-ear	711
https://tonedeafmonk.squig.link/data/QUATTRO%20R.txt	PENON QUATTRO	Penon QUATTRO	in-ear	711
https://tonedeafmonk.squig.link/data/PENON%20TURBO%200%20001%20L.txt	PENON TURBO (0 001)	Penon Turbo (off, off-off-on)	in-ear	711
https://tonedeafmonk.squig.link/data/PENON%20TURBO%200%20010%20L.txt	PENON TURBO (0 010)	Penon Turbo (off, off-on-off)	in-ear	711
https://tonedeafmonk.squig.link/data/PENON%20TURBO%200%20011%20L.txt	PENON TURBO (0 011)	Penon Turbo (off, off-on-on)	in-ear	711
https://tonedeafmonk.squig.link/data/PENON%20TURBO%200%20100%20L.txt	PENON TURBO (0 100)	Penon Turbo (off, on-off-off)	in-ear	711
https://tonedeafmonk.squig.link/data/PENON%20TURBO%200%20100%20R.txt	PENON TURBO (0 100)	Penon Turbo (off, on-off-off)	in-ear	711
https://tonedeafmonk.squig.link/data/PENON%20TURBO%200%20101%20L.txt	PENON TURBO (0 101)	Penon Turbo (off, on-off-on)	in-ear	711
https://tonedeafmonk.squig.link/data/PENON%20TURBO%200%20110%20L.txt	PENON TURBO (0 110)	Penon Turbo (off, on-on-off)	in-ear	711
https://tonedeafmonk.squig.link/data/PENON%20TURBO%200%20111%20L.txt	PENON TURBO (0 111)	Penon Turbo (off, on-on-on)	in-ear	711
https://tonedeafmonk.squig.link/data/PENON%20TURBO%201%20000%20L.txt	PENON TURBO (T 000)	Penon Turbo (on, off-off-off)	in-ear	711
https://tonedeafmonk.squig.link/data/PENON%20TURBO%201%20001%20L.txt	PENON TURBO (T 001)	Penon Turbo (on, off-off-on)	in-ear	711
https://tonedeafmonk.squig.link/data/PENON%20TURBO%201%20011%20L.txt	PENON TURBO (T 011)	Penon Turbo (on, off-on-on)	in-ear	711
https://tonedeafmonk.squig.link/data/PENON%20TURBO%201%20100%20L.txt	PENON TURBO (T 100)	Penon Turbo (on, on-off-off)	in-ear	711
https://tonedeafmonk.squig.link/data/PENON%20TURBO%201%20010%20L.txt	PENON TURBO (T 101)	Penon Turbo (on, on-off-on)	in-ear	711
https://tonedeafmonk.squig.link/data/PENON%20TURBO%201%20110%20L.txt	PENON TURBO (T 110)	Penon Turbo (on, on-on-off)	in-ear	711
https://tonedeafmonk.squig.link/data/PENON%20TURBO%201%20111%20L.txt	PENON TURBO (T 111)	Penon Turbo (on, on-on-on)	in-ear	711
https://tonedeafmonk.squig.link/data/White%20Set%20L.txt	Plunge Audio CODE NAME ARENA - Project Beast Prototype #1	Plunge Audio CODE NAME ARENA - Project Beast Prototype #1	ignore	711
https://tonedeafmonk.squig.link/data/White%20Set%20R.txt	Plunge Audio CODE NAME ARENA - Project Beast Prototype #1	Plunge Audio CODE NAME ARENA - Project Beast Prototype #1	ignore	711
https://tonedeafmonk.squig.link/data/Black%20Set%20L.txt	Plunge Audio CODE NAME ARENA - Project Beast Prototype #2	Plunge Audio CODE NAME ARENA - Project Beast Prototype #2	ignore	711
https://tonedeafmonk.squig.link/data/Black%20Set%20R.txt	Plunge Audio CODE NAME ARENA - Project Beast Prototype #2	Plunge Audio CODE NAME ARENA - Project Beast Prototype #2	ignore	711
https://tonedeafmonk.squig.link/data/Plunge%20Audio%20Unity%20L.txt	Plunge Audio Unity	Plunge Audio Unity IEM	in-ear	711
https://tonedeafmonk.squig.link/data/Plunge%20Audio%20Unity%20R.txt	Plunge Audio Unity	Plunge Audio Unity IEM	in-ear	711
https://tonedeafmonk.squig.link/data/Plunge%20Audio%20Unity%20Dynamic%20L.txt	Plunge Audio Unity Dynamic	Plunge Audio Unity IEM	in-ear	711
https://tonedeafmonk.squig.link/data/Plunge%20Audio%20Unity%20Dynamic%20R.txt	Plunge Audio Unity Dynamic	Plunge Audio Unity IEM	in-ear	711
https://tonedeafmonk.squig.link/data/Project%20HRP%20L.txt		Project HRP	ignore	
https://tonedeafmonk.squig.link/data/Project%20HRP%20R.txt		Project HRP	ignore	
https://tonedeafmonk.squig.link/data/Punch%20Audio%20Martilo%20L.txt	Punch Audio Martilo	Punch Audio Martilo	in-ear	711
https://tonedeafmonk.squig.link/data/Punch%20Audio%20Martilo%20R.txt	Punch Audio Martilo	Punch Audio Martilo	in-ear	711
https://tonedeafmonk.squig.link/data/Punch%20Audio%20Martilo%20Set2%20L.txt	Punch Audio Martilo TDM Set2	Punch Audio Martilo TDM Set2	in-ear	711
https://tonedeafmonk.squig.link/data/Punch%20Audio%20Martilo%20Set2%20R.txt	Punch Audio Martilo TDM Set2	Punch Audio Martilo TDM Set2	in-ear	711
https://tonedeafmonk.squig.link/data/Punch%20Audio%20Portazo%20L.txt	Punch Audio Portazo	Punch Audio Portazo	in-ear	711
https://tonedeafmonk.squig.link/data/Punch%20Audio%20Portazo%20R.txt	Punch Audio Portazo	Punch Audio Portazo	in-ear	711
https://tonedeafmonk.squig.link/data/QKZ%20HBB%20KHAN%20L.txt	QKZ HBB KHAN	QKZ x HBB Khan	in-ear	711
https://tonedeafmonk.squig.link/data/QOA%20AVIATION%20L.txt	QOA Aviation	Queen of Audio Aviation	in-ear	711
https://tonedeafmonk.squig.link/data/QOA%20AVIATION%20R.txt	QOA Aviation	Queen of Audio Aviation	in-ear	711
https://tonedeafmonk.squig.link/data/QOA%20Bijou%20L.txt	QOA Bijou	Queen of Audio Bijou	in-ear	711
https://tonedeafmonk.squig.link/data/QOA%20Bijou%20R.txt	QOA Bijou	Queen of Audio Bijou	in-ear	711
https://tonedeafmonk.squig.link/data/QOA%20Matador%20L.txt	QOA Matador	Queen of Audio Matador	in-ear	711
https://tonedeafmonk.squig.link/data/QOA%20Matador%20R.txt	QOA Matador	Queen of Audio Matador	in-ear	711
https://tonedeafmonk.squig.link/data/QOA%20MIMOSA%20L.txt	QOA Mimosa	Queen of Audio Mimosa	in-ear	711
https://tonedeafmonk.squig.link/data/QOA%20MIMOSA%20R.txt	QOA Mimosa	Queen of Audio Mimosa	in-ear	711
https://tonedeafmonk.squig.link/data/RMS%20Average%201.txt		RMS Average 1	ignore	711
https://tonedeafmonk.squig.link/data/QUIETSEA%20II%20500%20FILTER%20L.txt	ROSE TECHNICS QUIET SEA II PROTOTYPE (500 Level Mesh Filter)	ROSE TECHNICS QUIET SEA II PROTOTYPE (500 Level Mesh Filter)	ignore	711
https://tonedeafmonk.squig.link/data/ROSE%20TECHNICS%20QUIETSEA%20II%20L.txt	ROSE TECHNICS QUIET SEA II PROTOTYPE (Stock)	ROSE TECHNICS QUIET SEA II PROTOTYPE (Stock)	ignore	711
https://tonedeafmonk.squig.link/data/ROSE%20TECHNICS%20QUIETSEA%20II%20R.txt	ROSE TECHNICS QUIET SEA II PROTOTYPE (Stock)	ROSE TECHNICS QUIET SEA II PROTOTYPE (Stock)	ignore	711
https://tonedeafmonk.squig.link/data/ROSESELSA%20AURORA%20500%20L.txt	ROSESELSA AURORA ULTRA (500 LELEL MESH NOZZLE FILTER)	ROSESELSA AURORA ULTRA (500 LELEL MESH NOZZLE FILTER)	ignore	711
https://tonedeafmonk.squig.link/data/RevoNext%20RH-213%20L.txt	RevoNext RH-213Plus	RevoNext RH-213 Plus	in-ear	711
https://tonedeafmonk.squig.link/data/RevoNext%20RH-213%20R.txt	RevoNext RH-213Plus	RevoNext RH-213 Plus	in-ear	711
https://tonedeafmonk.squig.link/data/ROSESELSA%20AURORA%20L.txt	ROSESELSA AURORA ULTRA (Stock FOAM TIPS)	Rose Technics Aurora Ultra	in-ear	711
https://tonedeafmonk.squig.link/data/ROSESELSA%20AURORA%20R.txt	ROSESELSA AURORA ULTRA (Stock FOAM TIPS)	Rose Technics Aurora Ultra	in-ear	711
https://tonedeafmonk.squig.link/data/Roseselsa%20x%20AV%20CJ20%20L.txt	ROSESELSA x AV CJ20 (Stock FOAM TIPS)	Rose Technics x AV CJ20 (Stock FOAM TIPS)	in-ear	711
https://tonedeafmonk.squig.link/data/Roseselsa%20x%20AV%20CJ20%20R.txt	ROSESELSA x AV CJ20 (Stock FOAM TIPS)	Rose Technics x AV CJ20 (Stock FOAM TIPS)	in-ear	711
https://tonedeafmonk.squig.link/data/RUVIEST%20NYX%20L.txt	RUVIEST NYX (Foam Tips)	Ruviest Audio NYX (Foam Tips)	in-ear	711
https://tonedeafmonk.squig.link/data/RUVIEST%20NYX%20R.txt	RUVIEST NYX (Foam Tips)	Ruviest Audio NYX (Foam Tips)	in-ear	711
https://tonedeafmonk.squig.link/data/RUVIEST%20Viola%20L.txt	RUVIEST Viola (Foam Tips)	Ruviest Audio Viola (Foam Tips)	in-ear	711
https://tonedeafmonk.squig.link/data/RUVIEST%20Viola%20R.txt	RUVIEST Viola (Foam Tips)	Ruviest Audio Viola (Foam Tips)	in-ear	711
https://tonedeafmonk.squig.link/data/SIMGOT%20EA500LM%20500%20RED%20BORE%20REDUCTION%20L.txt		SIMGOT EA500LM 500 RED BORE REDUCTION	ignore	711
https://tonedeafmonk.squig.link/data/SIMGOT%20REDNOZ%20500%20LDFOAM%20L.txt		SIMGOT REDNOZ 500 LDFOAM	ignore	
https://tonedeafmonk.squig.link/data/Shanling%20ME600%20B%20L.txt	Shanling ME600 (Black Nozzle)	Shanling ME600 (black nozzle)	in-ear	711
https://tonedeafmonk.squig.link/data/Shanling%20ME600%20C%20L.txt	Shanling ME600 (Clear Nozzle)	Shanling ME600 (clear nozzle)	in-ear	711
https://tonedeafmonk.squig.link/data/Shanling%20ME600%20C%20R.txt	Shanling ME600 (Clear Nozzle)	Shanling ME600 (clear nozzle)	in-ear	711
https://tonedeafmonk.squig.link/data/Shanling%20ME600%20R%20L.txt	Shanling ME600 (Red Nozzle)	Shanling ME600 (red nozzle)	in-ear	711
https://tonedeafmonk.squig.link/data/SHANLING%20TINO%20USB%20R.txt	Shanling TINO (USB CABLE FOAM TIPS)	Shanling TINO (USB cable)	in-ear	711
https://tonedeafmonk.squig.link/data/SHANLING%20TINO%20L.txt	Shanling TINO (STOCK 3.5 FOAM TIPS)	Shanling TINO (analog cable)	in-ear	711
https://tonedeafmonk.squig.link/data/SHANLING%20TINO%20R.txt	Shanling TINO (STOCK 3.5 FOAM TIPS)	Shanling TINO (analog cable)	in-ear	711
https://tonedeafmonk.squig.link/data/Letshouer%20Astralis%20L.txt	Letshuoer Astralis	Shuoer Astralis	in-ear	711
https://tonedeafmonk.squig.link/data/Letshouer%20Astralis%20R.txt	Letshuoer Astralis	Shuoer Astralis	in-ear	711
https://tonedeafmonk.squig.link/data/Letshouer%20Cadenza%20L.txt	Letshouer Cadenza	Shuoer Cadenza 12	in-ear	711
https://tonedeafmonk.squig.link/data/Letshouer%20Cadenza%20R.txt	Letshouer Cadenza	Shuoer Cadenza 12	in-ear	711
https://tonedeafmonk.squig.link/data/LETSHOUER%20Cadenza%2012%20L.txt	Letshouer Cadenza 12 2025 Edition	Shuoer Cadenza 12 2025 Edition	in-ear	711
https://tonedeafmonk.squig.link/data/LETSHOUER%20Cadenza%2012%20R.txt	Letshouer Cadenza 12 2025 Edition	Shuoer Cadenza 12 2025 Edition	in-ear	711
https://tonedeafmonk.squig.link/data/LETSHOUER%20CADENZA%204%20L.txt	Letshouer Cadenza 4	Shuoer Cadenza 4	in-ear	711
https://tonedeafmonk.squig.link/data/LETSHOUER%20CADENZA%204%20R.txt	Letshouer Cadenza 4	Shuoer Cadenza 4	in-ear	711
https://tonedeafmonk.squig.link/data/Letshouer%20Conductor%20L.txt	Letshouer Conductor	Shuoer Conductor	in-ear	711
https://tonedeafmonk.squig.link/data/Letshouer%20Conductor%20R.txt	Letshouer Conductor	Shuoer Conductor	in-ear	711
https://tonedeafmonk.squig.link/data/Letshouer%20D02%20L.txt	Letshuoer D02	Shuoer D02	in-ear	711
https://tonedeafmonk.squig.link/data/Letshouer%20D02%20R.txt	Letshuoer D02	Shuoer D02	in-ear	711
https://tonedeafmonk.squig.link/data/LETSHOUER%20DZ4%20L.txt	Letshouer DZ4	Shuoer DZ4	in-ear	711
https://tonedeafmonk.squig.link/data/LETSHOUER%20DZ4%20R.txt	Letshouer DZ4	Shuoer DZ4	in-ear	711
https://tonedeafmonk.squig.link/data/LETSHOUER%20DX1%20L.txt	Letshouer DX1	Shuoer Dx1	in-ear	711
https://tonedeafmonk.squig.link/data/LETSHOUER%20DX1%20R.txt	Letshouer DX1	Shuoer Dx1	in-ear	711
https://tonedeafmonk.squig.link/data/Letshouer%20EJ07%20R.txt	Letshouer EJ07	Shuoer EJ07	in-ear	711
https://tonedeafmonk.squig.link/data/Letshouer%20EJ07%20%20L.txt		Shuoer EJ07	in-ear	711
https://tonedeafmonk.squig.link/data/LETSHOUER%20EJ07M%20RESIN%20L.txt	Letshouer EJ07M RESIN	Shuoer EJ07M	in-ear	711
https://tonedeafmonk.squig.link/data/Letshouer%20EJ09%20L.txt	Letshouer EJ09	Shuoer EJ09	in-ear	711
https://tonedeafmonk.squig.link/data/Letshouer%20EJ09%20R.txt	Letshouer EJ09	Shuoer EJ09	in-ear	711
https://tonedeafmonk.squig.link/data/Letshouer%20X%20GizAudio%20L.txt	Letshouer  X Gizaudio Galileo	Shuoer Galileo	in-ear	711
https://tonedeafmonk.squig.link/data/Letshouer%20X%20GizAudio%20R.txt	Letshouer  X Gizaudio Galileo	Shuoer Galileo	in-ear	711
https://tonedeafmonk.squig.link/data/LETSHOUER%20MYSTIC%208%20L..txt		Shuoer Mystic 8	in-ear	711
https://tonedeafmonk.squig.link/data/LETSHOUER%20MYSTIC%208%20L.txt	Letshouer MYSTIC 8	Shuoer Mystic 8	in-ear	711
https://tonedeafmonk.squig.link/data/LETSHOUER%20MYSTIC%208%20R.txt	Letshouer MYSTIC 8	Shuoer Mystic 8	in-ear	711
https://tonedeafmonk.squig.link/data/LETSHOUER%20S08%20L.txt	Letshouer S08	Shuoer S08	in-ear	711
https://tonedeafmonk.squig.link/data/LETSHOUER%20S08%20R.txt	Letshouer S08	Shuoer S08	in-ear	711
https://tonedeafmonk.squig.link/data/LETSHOUER%20S12%20AE%20L.txt		Shuoer S12	in-ear	711
https://tonedeafmonk.squig.link/data/LETSHOUER%20S12%20AE%20R.txt		Shuoer S12	in-ear	711
https://tonedeafmonk.squig.link/data/LETSHOUER%20S12%202024%20AE%20L.txt	Letshouer S12 2024 SPECIAL EDITION	Shuoer S12 2024 Special Edition	in-ear	711
https://tonedeafmonk.squig.link/data/LETSHOUER%20S12%202024%20AE%20R.txt	Letshouer S12 2024 SPECIAL EDITION	Shuoer S12 2024 Special Edition	in-ear	711
https://tonedeafmonk.squig.link/data/Letshouer%20S12%20Ultra%20L.txt	Letshuoer S12 Ultra	Shuoer S12 Ultra	in-ear	711
https://tonedeafmonk.squig.link/data/Letshouer%20S12%20Ultra%20R.txt	Letshuoer S12 Ultra	Shuoer S12 Ultra	in-ear	711
https://tonedeafmonk.squig.link/data/Letshouer%20Soloist%20L.txt	Letshouer Soloist	Shuoer Soloist	in-ear	711
https://tonedeafmonk.squig.link/data/Letshouer%20Soloist%20R.txt	Letshouer Soloist	Shuoer Soloist	in-ear	711
https://tonedeafmonk.squig.link/data/Letshuoer%20Sonata%20L.txt	Letshuoer Sonata	Shuoer Sonata	in-ear	711
https://tonedeafmonk.squig.link/data/Letshuoer%20Sonata%20R.txt	Letshuoer Sonata	Shuoer Sonata	in-ear	711
https://tonedeafmonk.squig.link/data/Silver%20Angel%20RMS%20Average.txt		Silver Angel RMS Average	ignore	711
https://tonedeafmonk.squig.link/data/EA1000%20BLK%20L.txt	Simgot EA1000 (BLACK NOZZLE STOCK)	Simgot Audio EA1000 (black nozzle)	in-ear	711
https://tonedeafmonk.squig.link/data/EA1000%20GOLD%20L.txt	Simgot EA1000 (GOLD NOZZLE STOCK)	Simgot Audio EA1000 (gold nozzle)	in-ear	711
https://tonedeafmonk.squig.link/data/EA1000%20RED%20L.txt	Simgot EA1000 (RED NOZZLE STOCK)	Simgot Audio EA1000 (red nozzle)	in-ear	711
https://tonedeafmonk.squig.link/data/EA1000%20RED%20R.txt	Simgot EA1000 (RED NOZZLE STOCK)	Simgot Audio EA1000 (red nozzle)	in-ear	711
https://tonedeafmonk.squig.link/data/EA500%20RED%20L.txt	Simgot EA500 (RED NOZZLE STOCK)	Simgot Audio EA500 (red nozzle)	in-ear	711
https://tonedeafmonk.squig.link/data/EA500%20RED%20R.txt	Simgot EA500 (RED NOZZLE STOCK)	Simgot Audio EA500 (red nozzle)	in-ear	711
https://tonedeafmonk.squig.link/data/SIMGOT%20EA500LM%20GOLD%20L.txt	Simgot EA500LM (Silver Nozzle w Black Ring)	Simgot Audio EA500LM (black nozzle)	in-ear	711
https://tonedeafmonk.squig.link/data/SIMGOT%20EA500LM%20GOLD%20R.txt	Simgot EA500LM (Silver Nozzle w Black Ring)	Simgot Audio EA500LM (black nozzle)	in-ear	711
https://tonedeafmonk.squig.link/data/SIMGOT%20EA500LM%20H2019%20L.txt	Simgot EA500LM (Silver Nozzle w Red Ring)	Simgot Audio EA500LM (red nozzle)	in-ear	711
https://tonedeafmonk.squig.link/data/SIMGOT%20EM10%20STOCK%20L.txt		Simgot Audio EM10	in-ear	711
https://tonedeafmonk.squig.link/data/SIMGOT%20PHOENIX%20EM6L%20L.txt	Simgot PHOENIX EM6L (EM6L STOCK)	Simgot Audio EM6L	in-ear	711
https://tonedeafmonk.squig.link/data/SIMGOT%20PHOENIX%20EM6L%20R.txt	Simgot PHOENIX EM6L (EM6L STOCK)	Simgot Audio EM6L	in-ear	711
https://tonedeafmonk.squig.link/data/SIMGOT%20EW100P%20L.txt	Simgot EW100P	Simgot Audio EW100P	in-ear	711
https://tonedeafmonk.squig.link/data/SIMGOT%20EW200%20L.txt	Simgot EW200	Simgot Audio EW200	in-ear	711
https://tonedeafmonk.squig.link/data/SIMGOT%20EW200%20R.txt	Simgot EW200	Simgot Audio EW200	in-ear	711
https://tonedeafmonk.squig.link/data/SIMGOT%20SUPERMIX%204%20L.txt	Simgot SUPERMIX 4 (SUPERMIX 4 FOAM)	Simgot Audio SuperMix 4	in-ear	711
https://tonedeafmonk.squig.link/data/SIMGOT%20SUPERMIX%204%20R.txt	Simgot SUPERMIX 4 (SUPERMIX 4 FOAM)	Simgot Audio SuperMix 4	in-ear	711
https://tonedeafmonk.squig.link/data/EA1000%20GOLD%202X%204X3%20HDFM%20L.txt	Simgot EA1000 (GOLD NOZZLE WITH 2X 4X3 HIGH DENSITY FOAM)	Simgot EA1000 (GOLD NOZZLE WITH 2X 4X3 HIGH DENSITY FOAM)	ignore	
https://tonedeafmonk.squig.link/data/EA1000%20GOLD%20500%20FILTER%20L.txt	Simgot EA1000 (GOLD NOZZLE WITH 500 MESH FILTER)	Simgot EA1000 (GOLD NOZZLE WITH 500 MESH FILTER)	ignore	
https://tonedeafmonk.squig.link/data/EA1000%20GOLD%20FOAM%20500%20L.txt	Simgot EA1000 (GOLD NOZZLE WITH FOAM AND 500 MESH FILTER)	Simgot EA1000 (GOLD NOZZLE WITH FOAM AND 500 MESH FILTER)	ignore	
https://tonedeafmonk.squig.link/data/EA1000%20RED%20MD%20FOAM%20300%20MESH%20L.txt	Simgot EA1000 (RED NOZZLE MD FOAM 300 MESH)	Simgot EA1000 (RED NOZZLE MD FOAM 300 MESH)	ignore	
https://tonedeafmonk.squig.link/data/EA1000%20RED%20FOAM%20500%20L.txt	Simgot EA1000 (RED NOZZLE WITH 500 MESH FILTER)	Simgot EA1000 (RED NOZZLE WITH 500 MESH FILTER)	ignore	
https://tonedeafmonk.squig.link/data/EA500%20KIT%20500%202XMD%20FOAM%20L.txt	Simgot EA500 (KIT 500 LEV FILTER 2 X MED DENS FOAM)	Simgot EA500 (KIT 500 LEV FILTER 2 X MED DENS FOAM)	ignore	
https://tonedeafmonk.squig.link/data/EA500%20KIT%20500%20LD%20FOAM%20L.txt	Simgot EA500 (KIT 500 LEV FILTER LOW DENS FOAM)	Simgot EA500 (KIT 500 LEV FILTER LOW DENS FOAM)	ignore	
https://tonedeafmonk.squig.link/data/EA500%20KIT%20500%20LDF%20TAPE%20MOD%20L.txt	Simgot EA500 (KIT 500 LEV FILTER w VENT TAPE MOD)	Simgot EA500 (KIT 500 LEV FILTER w VENT TAPE MOD)	ignore	
https://tonedeafmonk.squig.link/data/SIMGOT%20EA500LM%20BRASS%20RED%202024%20L.txt	Simgot EA500LM (Brass Nozzle w Red Ring)	Simgot EA500LM (Brass Nozzle w Red Ring)	ignore	711
https://tonedeafmonk.squig.link/data/SIMGOT%20EA500LM%20H2019%20350%20L.txt	Simgot EA500LM (Silver Nozzle w Red Ring & 350 Mesh Filter)	Simgot EA500LM (Silver Nozzle w Red Ring & 350 Mesh Filter)	ignore	711
https://tonedeafmonk.squig.link/data/SIMGOT%20EA500LM%20RED%20500%20L.txt	Simgot EA500LM (Silver Nozzle w Red Ring & 500 Mesh Filter)	Simgot EA500LM (Silver Nozzle w Red Ring & 500 Mesh Filter)	ignore	711
https://tonedeafmonk.squig.link/data/SIMGOT%20EM10%20FILTER%20L.txt	Simgot EM10 DREAM (EM10 500 LEVEL 4.5MM NOZZLE FILTER)	Simgot EM10 DREAM (EM10 500 LEVEL 4.5MM NOZZLE FILTER)	ignore	711
https://tonedeafmonk.squig.link/data/SIMGOT%20EM10%20L.txt	Simgot EM10 DREAM (EM10 STOCK)	Simgot EM10 DREAM (EM10 STOCK)	ignore	711
https://tonedeafmonk.squig.link/data/SIMGOT%20EM10%20R.txt	Simgot EM10 DREAM (EM10 STOCK)	Simgot EM10 DREAM (EM10 STOCK)	ignore	711
https://tonedeafmonk.squig.link/data/SIMGOT%20EW300%20GOLD%20DSP%20L.txt	Simgot EW300DSP (Brass Nozzle w Pink Ring DSP Cable Tuning)	Simgot EW300DSP (Brass Nozzle w Pink Ring DSP Cable Tuning)	ignore	711
https://tonedeafmonk.squig.link/data/SIMGOT%20EW300%20GOLD%20L.txt	Simgot EW300DSP (Brass Nozzle w Pink Ring on SPC Cable)	Simgot EW300DSP (Brass Nozzle w Pink Ring on SPC Cable)	ignore	711
https://tonedeafmonk.squig.link/data/SIMGOT%20EW300%20SVR%20DSP%20L.txt	Simgot EW300DSP (Silver Nozzle w Red Ring DSP Cable Tuning)	Simgot EW300DSP (Silver Nozzle w Red Ring DSP Cable Tuning)	ignore	711
https://tonedeafmonk.squig.link/data/SIMGOT%20EW300%20SVR%20DSP%20R.txt	Simgot EW300DSP (Silver Nozzle w Red Ring DSP Cable Tuning)	Simgot EW300DSP (Silver Nozzle w Red Ring DSP Cable Tuning)	ignore	711
https://tonedeafmonk.squig.link/data/SIMGOT%20EW300%20SILVER%20L.txt	Simgot EW300DSP (Silver Nozzle w Red Ring on SPC Cable)	Simgot EW300DSP (Silver Nozzle w Red Ring on SPC Cable)	ignore	711
https://tonedeafmonk.squig.link/data/SIMGOT%20EW300%20SILVER%20R.txt	Simgot EW300DSP (Silver Nozzle w Red Ring on SPC Cable)	Simgot EW300DSP (Silver Nozzle w Red Ring on SPC Cable)	ignore	711
https://tonedeafmonk.squig.link/data/SIMGOT%20PHOENIX%20EM6L%20350%20L.txt	Simgot PHOENIX EM6L (EM6L 350 LEVEL NOZZLE FILTER)	Simgot PHOENIX EM6L (EM6L 350 LEVEL NOZZLE FILTER)	ignore	
https://tonedeafmonk.squig.link/data/EM6L%20400%20FILTER%20L.txt	Simgot PHOENIX EM6L (EM6L 400 LEVEL NOZZLE FILTER)	Simgot PHOENIX EM6L (EM6L 400 LEVEL NOZZLE FILTER)	ignore	
https://tonedeafmonk.squig.link/data/SIVGA%20Lyrebird%20L.txt	SIVGA Lyrebird	Sivga Lyrebird	in-ear	711
https://tonedeafmonk.squig.link/data/SIVGA%20Lyrebird%20R.txt	SIVGA Lyrebird	Sivga Lyrebird	in-ear	711
https://tonedeafmonk.squig.link/data/SIVGA%20Nightinggale%20PRO%20L.txt	SIVGA Nightingale PRO	Sivga Nightingale PRO	in-ear	711
https://tonedeafmonk.squig.link/data/SIVGA%20Nightinggale%20PRO%20R.txt	SIVGA Nightingale PRO	Sivga Nightingale PRO	in-ear	711
https://tonedeafmonk.squig.link/data/SIVGA%20QUE%20L.txt	SIVGA Que	Sivga Que	in-ear	711
https://tonedeafmonk.squig.link/data/SIVGA%20QUE%20R.txt	SIVGA Que	Sivga Que	in-ear	711
https://tonedeafmonk.squig.link/data/SIVGA%20QUE%20UTG%20L.txt	SIVGA Que UTG	Sivga Que UTG	in-ear	711
https://tonedeafmonk.squig.link/data/SIVGA%20QUE%20UTG%20R.txt	SIVGA Que UTG	Sivga Que UTG	in-ear	711
https://tonedeafmonk.squig.link/data/SIVGA%20SM100%20L.txt	SIVGA SM100	Sivga SM100	in-ear	711
https://tonedeafmonk.squig.link/data/SIVGA%20SM100%20R.txt	SIVGA SM100	Sivga SM100	in-ear	711
https://tonedeafmonk.squig.link/data/Softears%20EDGE%20L.txt	Softears EDGE	SoftEars EDGE	in-ear	711
https://tonedeafmonk.squig.link/data/Softears%20EDGE%20R.txt	Softears EDGE	SoftEars EDGE	in-ear	711
https://tonedeafmonk.squig.link/data/Softears%20RSV%20Mkii%20L.txt	Softears RSV MKii	SoftEars RSV MKii	in-ear	711
https://tonedeafmonk.squig.link/data/Softears%20RSV%20Mkii%20R.txt	Softears RSV MKii	SoftEars RSV MKii	in-ear	711
https://tonedeafmonk.squig.link/data/Softears%20Twilight%20L.txt	Softears Twilight	SoftEars Twilight	in-ear	711
https://tonedeafmonk.squig.link/data/Softears%20Twilight%20R.txt	Softears Twilight	SoftEars Twilight	in-ear	711
https://tonedeafmonk.squig.link/data/SOFTEARS%20VOLUME%20S%20HIGH%20L.txt	Softears VOLUME S (High Impedance Setting)	SoftEars Volume S (high impedance)	in-ear	711
https://tonedeafmonk.squig.link/data/SOFTEARS%20VOLUME%20S%20LOW%20L.txt	Softears VOLUME S (low Impedance Setting)	SoftEars Volume S (low impedance)	in-ear	711
https://tonedeafmonk.squig.link/data/SONY%20IER-M9%20L.txt	SONY IER-M9	Sony IER-M9	in-ear	711
https://tonedeafmonk.squig.link/data/SONY%20IER-M9%20R.txt	SONY IER-M9	Sony IER-M9	in-ear	711
https://tonedeafmonk.squig.link/data/Soratune%20YI01%20L.txt	Soratune YI01	Soratune YI01	in-ear	711
https://tonedeafmonk.squig.link/data/Soratune%20YI01%20R.txt	Soratune YI01	Soratune YI01	in-ear	711
https://tonedeafmonk.squig.link/data/Sound%20Rhyme%20DTE900%2000%20L.txt	Sound Rhyme DTE900 (00)	Sound Rhyme DTE900 (off-off)	in-ear	711
https://tonedeafmonk.squig.link/data/Sound%20Rhyme%20DTE900%2000%20R.txt	Sound Rhyme DTE900 (00)	Sound Rhyme DTE900 (off-off)	in-ear	711
https://tonedeafmonk.squig.link/data/Sound%20Rhyme%20DTE900%2001%20L.txt	Sound Rhyme DTE900 (01)	Sound Rhyme DTE900 (off-on)	in-ear	711
https://tonedeafmonk.squig.link/data/Sound%20Rhyme%20DTE900%2010%20L.txt	Sound Rhyme DTE900 (10)	Sound Rhyme DTE900 (on-off)	in-ear	711
https://tonedeafmonk.squig.link/data/Sound%20Rhyme%20DTE900%2011%20L.txt	Sound Rhyme DTE900 (11)	Sound Rhyme DTE900 (on-on)	in-ear	711
https://tonedeafmonk.squig.link/data/SoundRhyme%20PRADO%20DD%20L.txt	Sound Rhyme PRADO (SWITCHES DOWN DOWN)	Sound Rhyme Prado (off-off)	in-ear	711
https://tonedeafmonk.squig.link/data/SoundRhyme%20PRADO%20DU%20L.txt	Sound Rhyme PRADO (SWITCHES DOWN UP)	Sound Rhyme Prado (off-on)	in-ear	711
https://tonedeafmonk.squig.link/data/SoundRhyme%20PRADO%20UD%20L.txt	Sound Rhyme PRADO (SWITCHES UP DOWN)	Sound Rhyme Prado (on-off)	in-ear	711
https://tonedeafmonk.squig.link/data/SoundRhyme%20PRADO%20UU%20L.txt	Sound Rhyme PRADO (SWITCHES UP UP)	Sound Rhyme Prado (on-on)	in-ear	711
https://tonedeafmonk.squig.link/data/SoundRhyme%20PRADO%20UU%20R.txt	Sound Rhyme PRADO (SWITCHES UP UP)	Sound Rhyme Prado (on-on)	in-ear	711
https://tonedeafmonk.squig.link/data/Sound%20Rhyme%20SR5%20L.txt	Sound Rhyme SR5	Sound Rhyme SR5	in-ear	711
https://tonedeafmonk.squig.link/data/Sound%20Rhyme%20SR5%20R.txt	Sound Rhyme SR5	Sound Rhyme SR5	in-ear	711
https://tonedeafmonk.squig.link/data/SOUND%20RHYME%20SR7%20DD%20L.txt	Sound Rhyme SR7 (DD)	Sound Rhyme SR7 (off-off)	in-ear	711
https://tonedeafmonk.squig.link/data/SOUND%20RHYME%20SR7%20DU%20L.txt	Sound Rhyme SR7 (DU)	Sound Rhyme SR7 (off-on)	in-ear	711
https://tonedeafmonk.squig.link/data/SOUND%20RHYME%20SR7%20UD%20L.txt	Sound Rhyme SR7 (UD)	Sound Rhyme SR7 (on-off)	in-ear	711
https://tonedeafmonk.squig.link/data/SOUND%20RHYME%20SR7%20UU%20L.txt	Sound Rhyme SR7 (UU)	Sound Rhyme SR7 (on-on)	in-ear	711
https://tonedeafmonk.squig.link/data/SOUND%20RHYME%20SR7%20UU%20R.txt	Sound Rhyme SR7 (UU)	Sound Rhyme SR7 (on-on)	in-ear	711
https://tonedeafmonk.squig.link/data/Soumdpeats%20Air5%20Pro%2B%20ACG%20L.txt	Soundpeats Air5 Pro+ (ACG EQ)	SoundPeats Air5 Pro+ (ACG EQ)	in-ear	711
https://tonedeafmonk.squig.link/data/Soumdpeats%20Air5%20Pro%2B%20B%20Boost%20L.txt	Soundpeats Air5 Pro+ (Bass Boost EQ)	SoundPeats Air5 Pro+ (Bass Boost EQ)	in-ear	711
https://tonedeafmonk.squig.link/data/Soumdpeats%20Air5%20Pro%2B%20B%20Reduce%20L.txt	Soundpeats Air5 Pro+ (Bass Reduction EQ)	SoundPeats Air5 Pro+ (Bass Reduction EQ)	in-ear	711
https://tonedeafmonk.squig.link/data/Soumdpeats%20Air5%20Pro%2B%20Book%20L.txt	Soundpeats Air5 Pro+ (Book Whisper EQ)	SoundPeats Air5 Pro+ (Book Whisper EQ)	in-ear	711
https://tonedeafmonk.squig.link/data/Soumdpeats%20Air5%20Pro%2B%20Classic%20L.txt	Soundpeats Air5 Pro+ (Classic EQ)	SoundPeats Air5 Pro+ (Classic EQ)	in-ear	711
https://tonedeafmonk.squig.link/data/Soumdpeats%20Air5%20Pro%2B%20Classical%20L.txt	Soundpeats Air5 Pro+ (Classical Music EQ)	SoundPeats Air5 Pro+ (Classical Music EQ)	in-ear	711
https://tonedeafmonk.squig.link/data/Soumdpeats%20Air5%20Pro%2B%20Electronic%20L.txt	Soundpeats Air5 Pro+ (Electronic EQ)	SoundPeats Air5 Pro+ (Electronic EQ)	in-ear	711
https://tonedeafmonk.squig.link/data/Soumdpeats%20Air5%20Pro%2B%20Folk%20L.txt	Soundpeats Air5 Pro+ (Folk EQ)	SoundPeats Air5 Pro+ (Folk EQ)	in-ear	711
https://tonedeafmonk.squig.link/data/Soumdpeats%20Air5%20Pro%2B%20HiFi%20L.txt	Soundpeats Air5 Pro+ (HiFI EQ)	SoundPeats Air5 Pro+ (HiFI EQ)	in-ear	711
https://tonedeafmonk.squig.link/data/Soumdpeats%20Air5%20Pro%2B%20Popular%20L.txt	Soundpeats Air5 Pro+ (Popular EQ)	SoundPeats Air5 Pro+ (Popular EQ)	in-ear	711
https://tonedeafmonk.squig.link/data/Soumdpeats%20Air5%20Pro%2B%20R_R%20L.txt	Soundpeats Air5 Pro+ (Rock Roll EQ)	SoundPeats Air5 Pro+ (Rock Roll EQ)	in-ear	711
https://tonedeafmonk.squig.link/data/Soumdpeats%20Air5%20Pro%2B%20T%20Enhance%20L.txt	Soundpeats Air5 Pro+ (Treble Enhance EQ)	SoundPeats Air5 Pro+ (Treble Enhance EQ)	in-ear	711
https://tonedeafmonk.squig.link/data/Soundpeats%20H3%20Bass%20Boost%20L.txt	Soundpeats H3 (Bass Boost EQ)	SoundPeats H3 (Bass Boost EQ)	in-ear	711
https://tonedeafmonk.squig.link/data/Soundpeats%20H3%20Bass%20Reduction%20L.txt	Soundpeats H3 (Bass Reduction EQ)	SoundPeats H3 (Bass Reduction EQ)	in-ear	711
https://tonedeafmonk.squig.link/data/Soundpeats%20H3%20Book%20Whisper%20L.txt	Soundpeats H3 (Book Whisper)	SoundPeats H3 (Book Whisper)	in-ear	711
https://tonedeafmonk.squig.link/data/Soundpeats%20H3%20Classic%20L.txt	Soundpeats H3 (Classic EQ)	SoundPeats H3 (Classic EQ)	in-ear	711
https://tonedeafmonk.squig.link/data/Soundpeats%20H3%20Classical%20Music%20L.txt	Soundpeats H3 (Classical Music EQ)	SoundPeats H3 (Classical Music EQ)	in-ear	711
https://tonedeafmonk.squig.link/data/Soundpeats%20H3%20Electronic%20L.txt	Soundpeats H3 (Electronic EQ)	SoundPeats H3 (Electronic EQ)	in-ear	711
https://tonedeafmonk.squig.link/data/Soundpeats%20H3%20Folk%20L.txt	Soundpeats H3 (Folk EQ)	SoundPeats H3 (Folk EQ)	in-ear	711
https://tonedeafmonk.squig.link/data/Soundpeats%20H3%20HiFi%20L.txt	Soundpeats H3 (HiFI EQ)	SoundPeats H3 (HiFI EQ)	in-ear	711
https://tonedeafmonk.squig.link/data/Soundpeats%20H3%20Popular%20L.txt	Soundpeats H3 (Popular EQ)	SoundPeats H3 (Popular EQ)	in-ear	711
https://tonedeafmonk.squig.link/data/Soundpeats%20H3%20Rock%20Roll%20L.txt	Soundpeats H3 (Rock Roll EQ)	SoundPeats H3 (Rock Roll EQ)	in-ear	711
https://tonedeafmonk.squig.link/data/Soundpeats%20H3%20ACG%20L.txt	Soundpeats H3 (Tone Deaf Monk PEQ CURVE)	SoundPeats H3 (Tone Deaf Monk PEQ CURVE)	in-ear	711
https://tonedeafmonk.squig.link/data/Soundpeats%20H3%20Treble%20L.txt	Soundpeats H3 (Treble EQ)	SoundPeats H3 (Treble EQ)	in-ear	711
https://tonedeafmonk.squig.link/data/Symphonium%20Titan%20L.txt	Symphonium Audio Titan	Symphonium Audio Titan	in-ear	711
https://tonedeafmonk.squig.link/data/Symphonium%20Titan%20R.txt	Symphonium Audio Titan	Symphonium Audio Titan	in-ear	711
https://tonedeafmonk.squig.link/data/Symphony%20Ears%20Pre5tige%20L.txt	Symphony Ears Pre5stige	SymphonyEars Pre5stige	in-ear	711
https://tonedeafmonk.squig.link/data/Symphony%20Ears%20Pre5tige%20R.txt	Symphony Ears Pre5stige	SymphonyEars Pre5stige	in-ear	711
https://tonedeafmonk.squig.link/data/SYMPHONY%20EARS%20Tetrad%20L.txt	Symphony Ears Tetrad MK1	SymphonyEars Tetrad MK1	in-ear	711
https://tonedeafmonk.squig.link/data/SYMPHONY%20EARS%20Tetrad%20R.txt	Symphony Ears Tetrad MK1	SymphonyEars Tetrad MK1	in-ear	711
https://tonedeafmonk.squig.link/data/Tangzu%20Waner%20SG%20II%20Red%20Lion%20L.txt	Tangzu WanerSG II Red Lion	TANGZU WanerSG II Red Lion	in-ear	711
https://tonedeafmonk.squig.link/data/Tangzu%20Waner%20SG%20II%20Red%20Lion%20R.txt	Tangzu WanerSG II Red Lion	TANGZU WanerSG II Red Lion	in-ear	711
https://tonedeafmonk.squig.link/data/TDM%20LOGO%20TRANSP.png		TDM LOGO TRANSP.png	ignore	
https://tonedeafmonk.squig.link/data/THOR%20Mjolnir%20RETUNE%20L.txt	THOR Mjolnir MKII RETUNE	THOR Mjolnir MKII RETUNE	ignore	
https://tonedeafmonk.squig.link/data/TIGERISM%20Obsidian%20Ink%20L.txt	TIGERISM Obsidian Ink	TIGERISM Obsidian Ink	in-ear	711
https://tonedeafmonk.squig.link/data/TIGERISM%20Obsidian%20Ink%20R.txt	TIGERISM Obsidian Ink	TIGERISM Obsidian Ink	in-ear	711
https://tonedeafmonk.squig.link/data/TINO%20RMS%20Average%201.txt		TINO RMS Average 1	ignore	711
https://tonedeafmonk.squig.link/data/TINO%20USB%20R.txt		TINO USB	ignore	711
https://tonedeafmonk.squig.link/data/TRI%20DRACO%20L.txt	TRI DRACO	TRI Draco	in-ear	711
https://tonedeafmonk.squig.link/data/TRI%20DRACO%20R.txt	TRI DRACO	TRI Draco	in-ear	711
https://tonedeafmonk.squig.link/data/TRI%20i3%20MK3%20L.txt	TRI i3 MK3	TRI i3 MK3	in-ear	711
https://tonedeafmonk.squig.link/data/TRI%20i3%20MK3%20R.txt	TRI i3 MK3	TRI i3 MK3	in-ear	711
https://tonedeafmonk.squig.link/data/TRN%20Azure%20Dragon%20Atmos%20L.txt	TRN Azure Dragon (Atmospheric Immerersion)	TRN Azure Dragon (Atmospheric Immersion)	in-ear	711
https://tonedeafmonk.squig.link/data/TRN%20Azure%20Dragon%20200%20MDF%20L.txt	TRN Azure Dragon (Reference Nozzle w 200 Mesh Filter Med Density Foam)	TRN Azure Dragon (Reference Nozzle w 200 Mesh Filter Med Density Foam)	ignore	711
https://tonedeafmonk.squig.link/data/TRN%20Azure%20Dragon%20Ref%20200%20L.txt	TRN Azure Dragon (Reference Nozzle w 200 Mesh Filter)	TRN Azure Dragon (Reference Nozzle w 200 Mesh Filter)	ignore	711
https://tonedeafmonk.squig.link/data/TRN%20Azure%20Dragon%20Ref%20300%20L.txt	TRN Azure Dragon (Reference Nozzle w 300 Mesh Filter)	TRN Azure Dragon (Reference Nozzle w 300 Mesh Filter)	ignore	711
https://tonedeafmonk.squig.link/data/TRN%20Azure%20Dragon%20Ref%20350%20F%20L.txt	TRN Azure Dragon (Reference Nozzle w 350 Mesh MD Foam)	TRN Azure Dragon (Reference Nozzle w 350 Mesh MD Foam)	ignore	711
https://tonedeafmonk.squig.link/data/TRN%20Azure%20Dragon%20Ref%20400%20L.txt	TRN Azure Dragon (Reference Nozzle w 400 Mesh)	TRN Azure Dragon (Reference Nozzle w 400 Mesh)	ignore	711
https://tonedeafmonk.squig.link/data/TRN%20Azure%20Dragon%20Ref%20HDC%20L.txt	TRN Azure Dragon (Reference Nozzle w High Density Cotton Filter)	TRN Azure Dragon (Reference Nozzle w High Density Cotton Filter)	ignore	711
https://tonedeafmonk.squig.link/data/TRN%20Azure%20Dragon%20Ref%20L.txt	TRN Azure Dragon (Reference Nozzle)	TRN Azure Dragon (Reference nozzle)	in-ear	711
https://tonedeafmonk.squig.link/data/TRN%20Azure%20Dragon%20Ref%20R.txt	TRN Azure Dragon (Reference Nozzle)	TRN Azure Dragon (Reference nozzle)	in-ear	711
https://tonedeafmonk.squig.link/data/TRN%20Azure%20Dragon%20Trans%20L.txt	TRN Azure Dragon (Transparency Nozzle)	TRN Azure Dragon (Transparency nozzle)	in-ear	711
https://tonedeafmonk.squig.link/data/TRN%20BAX%20PRO%20DDD%20500%20L.txt		TRN BAX PRO DDD 500	ignore	
https://tonedeafmonk.squig.link/data/TRN%20BAX%20PRO%20DDD%20500%20W%20L.txt		TRN BAX PRO DDD 500 W	ignore	
https://tonedeafmonk.squig.link/data/TRN%20BAX%20PRO%20UDD%20500%20W%20L.txt		TRN BAX PRO UDD 500 W	ignore	
https://tonedeafmonk.squig.link/data/TRN%20BAX%20PRO%20DDD%20L.txt		TRN BAX Pro (off-off-off)	in-ear	711
https://tonedeafmonk.squig.link/data/TRN%20BAX%20PRO%20DDD%20R.txt		TRN BAX Pro (off-off-off)	in-ear	711
https://tonedeafmonk.squig.link/data/TRN%20BAX%20PRO%20DDU%20L.txt		TRN BAX Pro (off-off-on)	in-ear	711
https://tonedeafmonk.squig.link/data/TRN%20BAX%20PRO%20DUU%20L.txt		TRN BAX Pro (off-on-on)	in-ear	711
https://tonedeafmonk.squig.link/data/TRN%20BAX%20PRO%20UDD%20L.txt		TRN BAX Pro (on-off-off)	in-ear	711
https://tonedeafmonk.squig.link/data/TRN%20BAX%20PRO%20UUD%20L.txt		TRN BAX Pro (on-on-off)	in-ear	711
https://tonedeafmonk.squig.link/data/TRN%20BAX%20PRO%20UUU%20L.txt		TRN BAX Pro (on-on-on)	in-ear	711
https://tonedeafmonk.squig.link/data/TRN%20CONCH%20BLK%20L.txt	TRN CONCH (BLACK NOZZLE)	TRN Conch (black nozzle)	in-ear	711
https://tonedeafmonk.squig.link/data/TRN%20CONCH%20BLUE%20L.txt	TRN CONCH (BLUE NOZZLE)	TRN Conch (blue nozzle)	in-ear	711
https://tonedeafmonk.squig.link/data/TRN%20CONCH%20RED%20L.txt	TRN CONCH (RED NOZZLE)	TRN Conch (red nozzle)	in-ear	711
https://tonedeafmonk.squig.link/data/TRN%20CONCH%20RED%20R.txt	TRN CONCH (RED NOZZLE)	TRN Conch (red nozzle)	in-ear	711
https://tonedeafmonk.squig.link/data/TRN%20Dolphin%20L.txt	TRN Dolphin	TRN Dolphin	in-ear	711
https://tonedeafmonk.squig.link/data/TRN%20Dolphin%20R.txt	TRN Dolphin	TRN Dolphin	in-ear	711
https://tonedeafmonk.squig.link/data/TRN%20SHARK%20L.txt	TRN JAWS	TRN Jaws	in-ear	711
https://tonedeafmonk.squig.link/data/TRN%20SHARK%20R.txt	TRN JAWS	TRN Jaws	in-ear	711
https://tonedeafmonk.squig.link/data/TRN%20MT4%20L.txt	TRN MT4	TRN MT4	in-ear	711
https://tonedeafmonk.squig.link/data/TRN%20MT4%20PRO%20L.txt	TRN MT4 PRO HBB Almost Colab	TRN MT4 PRO HBB Almost Colab	ignore	
https://tonedeafmonk.squig.link/data/TRN%20MT4%20PRO%20R.txt	TRN MT4 PRO HBB Almost Colab	TRN MT4 PRO HBB Almost Colab	ignore	
https://tonedeafmonk.squig.link/data/TRN%20MT4%20PRO%20FINAL%20L.txt	TRN MT4 PRO Final	TRN MT4 Pro	in-ear	711
https://tonedeafmonk.squig.link/data/TRN%20MEDUSA%20L.txt	TRN MEDUSA	TRN Medusa	in-ear	711
https://tonedeafmonk.squig.link/data/TRN%20MEDUSA%20R.txt	TRN MEDUSA	TRN Medusa	in-ear	711
https://tonedeafmonk.squig.link/data/TRN%20Mermaid%20L.txt	TRN Mermaid	TRN Mermaid	in-ear	711
https://tonedeafmonk.squig.link/data/TRN%20Mermaid%20R.txt	TRN Mermaid	TRN Mermaid	in-ear	711
https://tonedeafmonk.squig.link/data/TRN%20ORCA%20000%20L.txt	TRN ORCA (SWITCHES DOWN DOWN DOWN)	TRN ORCA (off-off-off)	in-ear	711
https://tonedeafmonk.squig.link/data/TRN%20ORCA%20001%20L.txt	TRN ORCA (SWITCHES DOWN DOWN UP)	TRN ORCA (off-off-on)	in-ear	711
https://tonedeafmonk.squig.link/data/TRN%20ORCA%20011%20L.txt	TRN ORCA (SWITCHES DOWN UP UP)	TRN ORCA (off-on-on)	in-ear	711
https://tonedeafmonk.squig.link/data/TRN%20ORCA%20100%20L.txt	TRN ORCA (SWITCHES UP DOWN DOWN)	TRN ORCA (on-off-off)	in-ear	711
https://tonedeafmonk.squig.link/data/TRN%20ORCA%20010%20L.txt	TRN ORCA (SWITCHES UP DOWN UP)	TRN ORCA (on-off-on)	in-ear	711
https://tonedeafmonk.squig.link/data/TRN%20ORCA%20010%20R.txt	TRN ORCA (SWITCHES UP DOWN UP)	TRN ORCA (on-off-on)	in-ear	711
https://tonedeafmonk.squig.link/data/TRN%20ORCA%20110%20L.txt	TRN ORCA (SWITCHES UP UP DOWN)	TRN ORCA (on-on-off)	in-ear	711
https://tonedeafmonk.squig.link/data/TRN%20ORCA%20111%20L.txt	TRN ORCA (SWITCHES UP UP UP)	TRN ORCA (on-on-on)	in-ear	711
https://tonedeafmonk.squig.link/data/TRN%20SHELL%20BLACK%20L.txt	TRN SHELL (BLACK RING NOZZLE)	TRN SHELL (black nozzle)	in-ear	711
https://tonedeafmonk.squig.link/data/TRN%20SHELL%20GREEN%20L.txt	TRN SHELL (GREEN RING NOZZLE)	TRN SHELL (green nozzle)	in-ear	711
https://tonedeafmonk.squig.link/data/TRN%20SHELL%20RED%20L.txt	TRN SHELL (RED RING NOZZLE)	TRN SHELL (red nozzle)	in-ear	711
https://tonedeafmonk.squig.link/data/TRN%20Starfish%20L.txt	TRN Starfish	TRN Starfish	in-ear	711
https://tonedeafmonk.squig.link/data/TRN%20Starfish%20R.txt	TRN Starfish	TRN Starfish	in-ear	711
https://tonedeafmonk.squig.link/data/TRN%20TA3%20L.txt	TRN TA3	TRN TA3	in-ear	711
https://tonedeafmonk.squig.link/data/TRN%20TA4%20SET2%20L.txt	TRN TA4 (STOCK)	TRN TA4	in-ear	711
https://tonedeafmonk.squig.link/data/TRN%20TA4%20SET2%20R.txt	TRN TA4 (STOCK)	TRN TA4	in-ear	711
https://tonedeafmonk.squig.link/data/TRN%20TA4%20300%20FILTER%20L.txt	TRN TA4 (300 LEVEL NOZZLE MEST FILTER)	TRN TA4 (300 LEVEL NOZZLE MEST FILTER)	ignore	
https://tonedeafmonk.squig.link/data/TRN%20TA4%20500%20FILTER%20L.txt	TRN TA4 (500 LEVEL NOZZLE MESH FILTER)	TRN TA4 (500 LEVEL NOZZLE MESH FILTER)	ignore	
https://tonedeafmonk.squig.link/data/TRN%20V10%20PRO%20L.txt	TRN V10 PRO	TRN V10 PRO	in-ear	711
https://tonedeafmonk.squig.link/data/TRN%20V10%20PRO%20R.txt	TRN V10 PRO	TRN V10 PRO	in-ear	711
https://tonedeafmonk.squig.link/data/TRN%20V90%20PRO%20L.txt	TRN V90 PRO	TRN V90 PRO	in-ear	711
https://tonedeafmonk.squig.link/data/TRN%20V90%20PRO%20R.txt	TRN V90 PRO	TRN V90 PRO	in-ear	711
https://tonedeafmonk.squig.link/data/TRN%20VX%20PRO+%20SLVR%20L.txt	TRN VX PRO+ SET 1	TRN VX PRO+	in-ear	711
https://tonedeafmonk.squig.link/data/TRN%20VX%20PRO+%20SLVR%20R.txt	TRN VX PRO+ SET 1	TRN VX PRO+	in-ear	711
https://tonedeafmonk.squig.link/data/TRN%20VX%20PRO+%20BLK%20L.txt	TRN VX PRO+ SET 2	TRN VX PRO+	in-ear	711
https://tonedeafmonk.squig.link/data/TRN%20VX%20PRO+%20BLK%20R.txt	TRN VX PRO+ SET 2	TRN VX PRO+	in-ear	711
https://tonedeafmonk.squig.link/data/TRN%20VX%20PRO+%20SVLR%20L.txt		TRN VX PRO+ SVLR	ignore	711
https://tonedeafmonk.squig.link/data/TRN%20VX%20PRO+%20SVLR%20R.txt		TRN VX PRO+ SVLR	ignore	711
https://tonedeafmonk.squig.link/data/TRN%20Whale%20Shark%20BN%20L.txt	TRN Whale Shark (BLACK RING NOZZLE)	TRN Whale Shark (BLACK RING NOZZLE)	in-ear	711
https://tonedeafmonk.squig.link/data/TRN%20Whale%20Shark%20GN%20L.txt	TRN Whale Shark (GREEN RING NOZZLE)	TRN Whale Shark (GREEN RING NOZZLE)	in-ear	711
https://tonedeafmonk.squig.link/data/TRN%20Whale%20Shark%20RN%20L.txt	TRN Whale Shark (RED RING NOZZLE)	TRN Whale Shark (RED RING NOZZLE)	in-ear	711
https://tonedeafmonk.squig.link/data/TRN%20WHITE%20TIGER%20BLK%20L.txt	TRN White Tiger (BLACK NOZZLE)	TRN White Tiger (black nozzle)	in-ear	711
https://tonedeafmonk.squig.link/data/TRN%20WHITE%20TIGER%20GRN%20L.txt	TRN White Tiger (GREEN NOZZLE)	TRN White Tiger (green nozzle)	in-ear	711
https://tonedeafmonk.squig.link/data/TRN%20WHITE%20TIGER%20GRN%20R.txt	TRN White Tiger (GREEN NOZZLE)	TRN White Tiger (green nozzle)	in-ear	711
https://tonedeafmonk.squig.link/data/TRN%20WHITE%20TIGER%20RED%20L.txt	TRN White Tiger (RED NOZZLE)	TRN White Tiger (red nozzle)	in-ear	711
https://tonedeafmonk.squig.link/data/TRN%20ooopusX%20Mode1%20L.txt	TRN ooopusX (Mode1)	TRN ooopusX (Mode1)	in-ear	711
https://tonedeafmonk.squig.link/data/TRN%20ooopusX%20Mode1%20R.txt	TRN ooopusX (Mode1)	TRN ooopusX (Mode1)	in-ear	711
https://tonedeafmonk.squig.link/data/TRN%20ooopusX%20Mode2%20L.txt	TRN ooopusX (Mode2)	TRN ooopusX (Mode2)	in-ear	711
https://tonedeafmonk.squig.link/data/Twistura%20Beta%20Instrumental%20L.txt	Twistura Beta (Instrumental Black Nozzle)	TWISTURA Beta (Instrumental Black Nozzle)	in-ear	711
https://tonedeafmonk.squig.link/data/Twistura%20Beta%20Standard%20450%20L.txt	Twistura Beta (Standard Silver Nozzle with a 450 level filter)	TWISTURA Beta (Standard Silver Nozzle with a 450 level filter)	in-ear	711
https://tonedeafmonk.squig.link/data/Twistura%20Beta%20Standard%20450.txt	Twistura Beta (Standard Silver Nozzle with a 450 level filter)	TWISTURA Beta (Standard Silver Nozzle with a 450 level filter)	in-ear	711
https://tonedeafmonk.squig.link/data/Twistura%20Beta%20Standard%20L.txt	Twistura Beta (Standard Silver Nozzle)	TWISTURA Beta (Standard Silver Nozzle)	in-ear	711
https://tonedeafmonk.squig.link/data/Twistura%20Beta%20Standard%20R.txt	Twistura Beta (Standard Silver Nozzle)	TWISTURA Beta (Standard Silver Nozzle)	in-ear	711
https://tonedeafmonk.squig.link/data/Twistura%20Beta%20Vocal%20L.txt	Twistura Beta (Vocal Yellow Nozzle)	TWISTURA Beta (Vocal Yellow Nozzle)	in-ear	711
https://tonedeafmonk.squig.link/data/Twistura%20Delta%20L.txt	Twistura Delta	TWISTURA Delta	in-ear	711
https://tonedeafmonk.squig.link/data/Twistura%20Delta%20R.txt	Twistura Delta	TWISTURA Delta	in-ear	711
https://tonedeafmonk.squig.link/data/Twistura%20Woodnote%20Instrumental%20L.txt	Twistura Woodnote (Instrumental Nozzle Silver Al)	TWISTURA Woodnote (Instrumental Nozzle Silver Al)	in-ear	711
https://tonedeafmonk.squig.link/data/Twistura%20Woodnote%20Standard%20L.txt	Twistura Woodnote (Standard Nozzle Dark SS)	TWISTURA Woodnote (Standard Nozzle Dark SS)	in-ear	711
https://tonedeafmonk.squig.link/data/Twistura%20Woodnote%20Vocal%20L.txt	Twistura Woodnote (Vocal Nozzle - Brass	TWISTURA Woodnote (Vocal Nozzle - Brass	in-ear	711
https://tonedeafmonk.squig.link/data/Twistura%20Woodnote%20Vocal%20R.txt	Twistura Woodnote (Vocal Nozzle - Brass	TWISTURA Woodnote (Vocal Nozzle - Brass	in-ear	711
https://tonedeafmonk.squig.link/data/TANCHJIM%20BUNNY%20DSP%20INS%20L.txt	Tanchjim BUNNY (DSP CABLE INSTRUMENT ENHANCMENT SETTING)	Tanchjim BUNNY (DSP CABLE INSTRUMENT ENHANCMENT SETTING)	ignore	711
https://tonedeafmonk.squig.link/data/TANCHJIM%20BUNNY%20DSP%20NATURE%20L.txt	Tanchjim BUNNY (DSP CABLE NATURE SETTING)	Tanchjim BUNNY (DSP CABLE NATURE SETTING)	ignore	711
https://tonedeafmonk.squig.link/data/TANCHJIM%20BUNNY%20DSP%20POP%20L.txt	Tanchjim BUNNY (DSP CABLE POPULAR SETTING)	Tanchjim BUNNY (DSP CABLE POPULAR SETTING)	ignore	711
https://tonedeafmonk.squig.link/data/TANCHJIM%20BUNNY%20DSP%20BAL%20L.txt	Tanchjim BUNNY (DSP CABLE BALANCED SETTING)	Tanchjim Bunny (DSP CABLE BALANCED SETTING)	ignore	711
https://tonedeafmonk.squig.link/data/TANCHJIM%20BUNNY%20DSP%20DEF%20L.txt	Tanchjim BUNNY (DSP CABLE DEFAULT SETTING)	Tanchjim Bunny (USB)	in-ear	711
https://tonedeafmonk.squig.link/data/TANCHJIM%20BUNNY%20CABLE%20L.txt	Tanchjim BUNNY (STANDARD CABLE NO DSP)	Tanchjim Bunny (analog)	in-ear	711
https://tonedeafmonk.squig.link/data/FISSION%20STK%20NOZ%20DSP%20BAL%20L.txt	Tanchjim FISSION (DSP CABLE BALANCED SETTING)	Tanchjim FISSION (DSP CABLE BALANCED SETTING)	ignore	711
https://tonedeafmonk.squig.link/data/FISSION%20STK%20NOZ%20DSP%20MUS%20L.txt	Tanchjim FISSION (DSP CABLE MUSICAL SETTING)	Tanchjim FISSION (DSP CABLE MUSICAL SETTING)	ignore	711
https://tonedeafmonk.squig.link/data/FISSION%20STK%20NOZ%20DSP%20NAT%20L.txt	Tanchjim FISSION (DSP CABLE NATURAL SETTING)	Tanchjim FISSION (DSP CABLE NATURAL SETTING)	ignore	711
https://tonedeafmonk.squig.link/data/FISSION%20STK%20NOZ%20DSP%20POP%20L.txt	Tanchjim FISSION (DSP CABLE POPULAR SETTING)	Tanchjim FISSION (DSP CABLE POPULAR SETTING)	ignore	711
https://tonedeafmonk.squig.link/data/FISSION%20MX%20BASS%20C%20NOZ%20L.txt	Tanchjim FISSION (STOCK SETTINGS MAX BASS C NOZZLE)	Tanchjim FISSION (STOCK SETTINGS MAX BASS C NOZZLE)	ignore	711
https://tonedeafmonk.squig.link/data/FISSION%20MX%20BASS%20S%20NOZ%20L.txt	Tanchjim FISSION (STOCK SETTINGS MAX BASS STOCK S NOZZLE)	Tanchjim FISSION (STOCK SETTINGS MAX BASS STOCK S NOZZLE)	ignore	711
https://tonedeafmonk.squig.link/data/FISSION%20MX%20BASS%20S%20NOZ%20R.txt	Tanchjim FISSION (STOCK SETTINGS MAX BASS STOCK S NOZZLE)	Tanchjim FISSION (STOCK SETTINGS MAX BASS STOCK S NOZZLE)	ignore	711
https://tonedeafmonk.squig.link/data/FISSION%20MX%20BASS%20T%20NOZ%20L.txt	Tanchjim FISSION (STOCK SETTINGS MAX BASS T NOZZLE)	Tanchjim FISSION (STOCK SETTINGS MAX BASS T NOZZLE)	ignore	711
https://tonedeafmonk.squig.link/data/FISSION%20POSS%202%20S%20NOZ%20L.txt	Tanchjim FISSION (STOCK SETTINGS MIDDLE LINE S NOZZLE)	Tanchjim FISSION (STOCK SETTINGS MIDDLE LINE S NOZZLE)	ignore	711
https://tonedeafmonk.squig.link/data/FISSION%20POSS%201%20S%20NOZ%20L.txt	Tanchjim FISSION (STOCK SETTINGS THICKEST LINE S NOZZLE)	Tanchjim FISSION (STOCK SETTINGS THICKEST LINE S NOZZLE)	ignore	711
https://tonedeafmonk.squig.link/data/FISSION%20POSS%203%20S%20NOZ%20L.txt	Tanchjim FISSION (STOCK SETTINGS THIN LINE S NOZZLE)	Tanchjim FISSION (STOCK SETTINGS THIN LINE S NOZZLE)	ignore	711
https://tonedeafmonk.squig.link/data/Tanchjim%20FORCE%20DSP%20BAL%20L.txt	Tanchjim FORCE (DSP CABLE BALANCED SETTING)	Tanchjim FORCE (DSP CABLE BALANCED SETTING)	ignore	711
https://tonedeafmonk.squig.link/data/Tanchjim%20FORCE%20DSP%20DFLT%20L.txt	Tanchjim FORCE (DSP CABLE DEFAULT SETTING)	Tanchjim FORCE (DSP CABLE DEFAULT SETTING)	ignore	711
https://tonedeafmonk.squig.link/data/Tanchjim%20FORCE%20DSP%20MUS%20L.txt	Tanchjim FORCE (DSP CABLE MUSICAL SETTING)	Tanchjim FORCE (DSP CABLE MUSICAL SETTING)	ignore	711
https://tonedeafmonk.squig.link/data/Tanchjim%20FORCE%20DSP%20NTRL%20L.txt	Tanchjim FORCE (DSP CABLE NATURAL SETTING)	Tanchjim FORCE (DSP CABLE NATURAL SETTING)	ignore	711
https://tonedeafmonk.squig.link/data/Tanchjim%20FORCE%20DSP%20POPU%20L.txt	Tanchjim FORCE (DSP CABLE POPULAR SETTING)	Tanchjim FORCE (DSP CABLE POPULAR SETTING)	ignore	711
https://tonedeafmonk.squig.link/data/Tanchjim%20FORCE%20L.txt	Tanchjim FORCE (STOCK EA MODULAR CABLE NO DSP)	Tanchjim FORCE (STOCK EA MODULAR CABLE NO DSP)	ignore	711
https://tonedeafmonk.squig.link/data/Tanchjim%20FORCE%20R.txt	Tanchjim FORCE (STOCK EA MODULAR CABLE NO DSP)	Tanchjim FORCE (STOCK EA MODULAR CABLE NO DSP)	ignore	711
https://tonedeafmonk.squig.link/data/FISSION%20STK%20NOZ%20DSP%20DFLT%20L.txt	Tanchjim FISSION (DSP CABLE DEFAULT SETTING)	Tanchjim Fission (USB cable)	in-ear	711
https://tonedeafmonk.squig.link/data/Tanchjim%20ORIGIN%20L%20Filter%20L.txt	Tanchjim ORIGIN (Light Nozzle w Tanchjim Filter)	Tanchjim ORIGIN (Light Nozzle w Tanchjim Filter)	ignore	711
https://tonedeafmonk.squig.link/data/Tanchjim%20ONE%20L.txt	Tanchjim ONE	Tanchjim One	in-ear	711
https://tonedeafmonk.squig.link/data/Tanchjim%20ONE%20R.txt	Tanchjim ONE	Tanchjim One	in-ear	711
https://tonedeafmonk.squig.link/data/Tanchjim%20ORIGIN%20Dynamic%20L.txt	Tanchjim ORIGIN (Dynamic Nozzle D)	Tanchjim Origin (D nozzle)	in-ear	711
https://tonedeafmonk.squig.link/data/Tanchjim%20ORIGIN%20Light%20L.txt	Tanchjim ORIGIN (Light Nozzle L)	Tanchjim Origin (L nozzle)	in-ear	711
https://tonedeafmonk.squig.link/data/Tanchjim%20ORIGIN%20Standard%20L.txt	Tanchjim ORIGIN (Standard Nozzle S)	Tanchjim Origin (S nozzle)	in-ear	711
https://tonedeafmonk.squig.link/data/Tanchjim%20ORIGIN%20Standard%20R.txt	Tanchjim ORIGIN (Standard Nozzle S)	Tanchjim Origin (S nozzle)	in-ear	711
https://tonedeafmonk.squig.link/data/Tansio%20Marai%20RGB%20003%20L.txt		Tansio Marai RGB 003	ignore	711
https://tonedeafmonk.squig.link/data/Tansio%20Marai%20RGB%20020%20L.txt		Tansio Marai RGB 020	ignore	711
https://tonedeafmonk.squig.link/data/Tansio%20Marai%20HALO%20L.txt	Tansio Mirai HALO	Tansio Mirai HALO	in-ear	711
https://tonedeafmonk.squig.link/data/Tansio%20Marai%20HALO%20R.txt	Tansio Mirai HALO	Tansio Mirai HALO	in-ear	711
https://tonedeafmonk.squig.link/data/Tansio%20Marai%20RGB%20100%20L.txt	Tansio Mirai RGB	Tansio Mirai RGB	in-ear	711
https://tonedeafmonk.squig.link/data/Tansio%20Marai%20RGB%20100%20R.txt	Tansio Mirai RGB	Tansio Mirai RGB	in-ear	711
https://tonedeafmonk.squig.link/data/ThieAudio%20Hype10%20L.txt	THIEAUDIO Hype10	ThieAudio Hype 10	in-ear	711
https://tonedeafmonk.squig.link/data/ThieAudio%20Hype10%20R.txt	THIEAUDIO Hype10	ThieAudio Hype 10	in-ear	711
https://tonedeafmonk.squig.link/data/Thieaudio%20Hype%204%20MKII%20L.txt	THIEAUDIO Hype 4 MKII	ThieAudio Hype 4 MKII	in-ear	711
https://tonedeafmonk.squig.link/data/Thieaudio%20Hype%204%20MKII%20R.txt	THIEAUDIO Hype 4 MKII	ThieAudio Hype 4 MKII	in-ear	711
https://tonedeafmonk.squig.link/data/Thieaudio%20Monarch%20MK2%20L.txt	THIEAUDIO Monarch MK2	ThieAudio Monarch MKII	in-ear	711
https://tonedeafmonk.squig.link/data/Thieaudio%20Monarch%20MK2%20R.txt	THIEAUDIO Monarch MK2	ThieAudio Monarch MKII	in-ear	711
https://tonedeafmonk.squig.link/data/ThieAudio%20monarch%20MKIII%20L.txt	THIEAUDIO Monarch MKIII	ThieAudio Monarch MKIII	in-ear	711
https://tonedeafmonk.squig.link/data/ThieAudio%20monarch%20MKIII%20R.txt	THIEAUDIO Monarch MKIII	ThieAudio Monarch MKIII	in-ear	711
https://tonedeafmonk.squig.link/data/Thieaudio%20Monarch%20UP%20L.txt	THIEAUDIO Monarch MKIV (RUMBLE MODE - Switch Up Position Gold Showing)	ThieAudio Monarch MKIV (RUMBLE MODE - Switch Up Position Gold Showing)	in-ear	711
https://tonedeafmonk.squig.link/data/Thieaudio%20Monarch%20UP%20R.txt	THIEAUDIO Monarch MKIV (RUMBLE MODE - Switch Up Position Gold Showing)	ThieAudio Monarch MKIV (RUMBLE MODE - Switch Up Position Gold Showing)	in-ear	711
https://tonedeafmonk.squig.link/data/Thieaudio%20Monarch%20Red%20DN%20L.txt	THIEAUDIO Monarch MKIV (STANDARD - Switch Down Position Red Showing)	ThieAudio Monarch MKIV (STANDARD - Switch Down Position Red Showing)	in-ear	711
https://tonedeafmonk.squig.link/data/Thieaudio%20Oracle%20L.txt	THIEAUDIO Oracle	ThieAudio Oracle	in-ear	711
https://tonedeafmonk.squig.link/data/Thieaudio%20Oracle%20R.txt	THIEAUDIO Oracle	ThieAudio Oracle	in-ear	711
https://tonedeafmonk.squig.link/data/TIMSOK%20TS-316%20L.txt	TIMSOK TS-316	Timsok TS-316	in-ear	711
https://tonedeafmonk.squig.link/data/TIMSOK%20TS-316%20R.txt	TIMSOK TS-316	Timsok TS-316	in-ear	711
https://tonedeafmonk.squig.link/data/TINHiFi%20C0%20ELF%20L.txt	TINHiFi C0 ELF	Tin HiFi C0	in-ear	711
https://tonedeafmonk.squig.link/data/TINHiFi%20C1%20L.txt	TINHiFi C1	Tin HiFi C1	in-ear	711
https://tonedeafmonk.squig.link/data/TINHiFi%20C1%20R.txt	TINHiFi C1	Tin HiFi C1	in-ear	711
https://tonedeafmonk.squig.link/data/TIN%20HIFI%20C3%20L.txt	TINHiFi C3	Tin HiFi C3	in-ear	711
https://tonedeafmonk.squig.link/data/TINHiFi%20C3%20MKII%20L.txt	TINHiFi C3 MKII	Tin HiFi C3 MKII	in-ear	711
https://tonedeafmonk.squig.link/data/TINHiFi%20C3%20MKII%20R.txt	TINHiFi C3 MKII	Tin HiFi C3 MKII	in-ear	711
https://tonedeafmonk.squig.link/data/TinHiFi%20DUDU%20L.txt	TINHiFi DUDU	Tin HiFi DUDU	in-ear	711
https://tonedeafmonk.squig.link/data/TinHiFi%20DUDU%20R.txt	TINHiFi DUDU	Tin HiFi DUDU	in-ear	711
https://tonedeafmonk.squig.link/data/TINHIFI%20HUO%20L.txt	TINHiFi HUO	Tin HiFi HUO	in-ear	711
https://tonedeafmonk.squig.link/data/TINHIFI%20HUO%20R.txt	TINHiFi HUO	Tin HiFi HUO	in-ear	711
https://tonedeafmonk.squig.link/data/TINHiFi%20T2%20Mkiii%20L.txt	TINHiFi T2 MKIII	Tin HiFi T2 MKIII	in-ear	711
https://tonedeafmonk.squig.link/data/TINHiFi%20T2%20Mkiii%20R.txt	TINHiFi T2 MKIII	Tin HiFi T2 MKIII	in-ear	711
https://tonedeafmonk.squig.link/data/TINHiFi%20T5S%20L.txt	TINHiFi T5S	Tin HiFi T5S	in-ear	711
https://tonedeafmonk.squig.link/data/TINHiFi%20T5S%20R.txt	TINHiFi T5S	Tin HiFi T5S	in-ear	711
https://tonedeafmonk.squig.link/data/TinHiFi%20T6%20Black%20L.txt	TINHiFi T6 (Black Ring Nozzle)	Tin HiFi T6 (Black Ring Nozzle)	in-ear	711
https://tonedeafmonk.squig.link/data/TinHiFi%20T6%20Green%20L.txt	TINHiFi T6 (Green Ring Nozzle)	Tin HiFi T6 (Green Ring Nozzle)	in-ear	711
https://tonedeafmonk.squig.link/data/TinHiFi%20T6%20Green%20R.txt	TINHiFi T6 (Green Ring Nozzle)	Tin HiFi T6 (Green Ring Nozzle)	in-ear	711
https://tonedeafmonk.squig.link/data/TinHiFi%20T6%20Pink%20L.txt	TINHiFi T6 (Pink Ring Nozzle)	Tin HiFi T6 (Pink Ring Nozzle)	in-ear	711
https://tonedeafmonk.squig.link/data/TINGKER%20H6%20400%20L.txt	Tingker Acoustics H6 #2 (400 LEVEL MESH NOZZLE FILTER)	Tingker Acoustics H6 #2 (400 LEVEL MESH NOZZLE FILTER)	ignore	
https://tonedeafmonk.squig.link/data/Tingker%20Acoustics%20H6%20L.txt	Tingker Acoustics H6	Tingker H6	in-ear	711
https://tonedeafmonk.squig.link/data/Tingker%20Acoustics%20H6%20R.txt	Tingker Acoustics H6	Tingker H6	in-ear	711
https://tonedeafmonk.squig.link/data/TINGKER%20H6%20STOCK%20L.txt	Tingker Acoustics H6 #2 (STOCK)	Tingker H6	in-ear	711
https://tonedeafmonk.squig.link/data/TruthEar%20Hola%20L.txt	TruthEar HOLA	Truthear Hola	in-ear	711
https://tonedeafmonk.squig.link/data/TruthEar%20ZERO%20RED%20L.txt	TruthEar ZERO RED (L)	Truthear x Crinacle Zero RED	in-ear	711
https://tonedeafmonk.squig.link/data/TruthEar%20ZERO%20RED%20R.txt	TruthEar ZERO RED (L)	Truthear x Crinacle Zero RED	in-ear	711
https://tonedeafmonk.squig.link/data/TruthEar%20ZERO%20RED%2010-OHM%20L.txt	TruthEar ZERO RED (10-OHM)	Truthear x Crinacle Zero RED (Bass+)	in-ear	711
https://tonedeafmonk.squig.link/data/UA%20Guangzhi%20L.txt	Unabridged Audio (VE) Guangzhi	Unabridged Audio Guangzhi	in-ear	711
https://tonedeafmonk.squig.link/data/UA%20Guangzhi%20R.txt	Unabridged Audio (VE) Guangzhi	Unabridged Audio Guangzhi	in-ear	711
https://tonedeafmonk.squig.link/data/Zhuanxu%20L.txt	Unabridged Audio (VE) ZhuanXu (Stock	Unabridged Audio ZhuanXu (Stock	in-ear	711
https://tonedeafmonk.squig.link/data/Zhuanxu%2030%20Ohm%20L.txt	Unabridged Audio (VE) ZhuanXu (With 25-30 Ohm Impedance Adapter)	Unabridged Audio ZhuanXu (With 25-30 Ohm Impedance Adapter)	in-ear	711
https://tonedeafmonk.squig.link/data/Unique%20Melody%20MEST%20MK2%20L.txt	Unique Melody MEST MK2	Unique Melody MEST Mk2	in-ear	711
https://tonedeafmonk.squig.link/data/Unique%20Melody%20MEST%20MK2%20R.txt	Unique Melody MEST MK2	Unique Melody MEST Mk2	in-ear	711
https://tonedeafmonk.squig.link/data/Unique%20Melody%20Fortune%20Set_2%20L.txt	Unique Melody Mest Fortune	Unique Melody Mest Fortune	in-ear	711
https://tonedeafmonk.squig.link/data/Unique%20Melody%20Fortune%20Set_2%20R.txt	Unique Melody Mest Fortune	Unique Melody Mest Fortune	in-ear	711
https://tonedeafmonk.squig.link/data/Unique%20Melody%20Stardust%20L.txt	Unique Melody Stardust	Unique Melody Stardust	in-ear	711
https://tonedeafmonk.squig.link/data/Unique%20Melody%20Stardust%20R.txt	Unique Melody Stardust	Unique Melody Stardust	in-ear	711
https://tonedeafmonk.squig.link/data/Vision%20Ear_s%20EXT%20MKii%20L.txt	Vision Ears EXT Mkii	Vision Ears EXT MK II	in-ear	711
https://tonedeafmonk.squig.link/data/Vision%20Ear_s%20EXT%20MKii%20R.txt	Vision Ears EXT Mkii	Vision Ears EXT MK II	in-ear	711
https://tonedeafmonk.squig.link/data/UP%20SET%202%20L.txt	XENNS MANGIRD UP SET #2	XENNS MANGIRD UP SET #2	ignore	711
https://tonedeafmonk.squig.link/data/UP%20SET%202%20R.txt	XENNS MANGIRD UP SET #2	XENNS MANGIRD UP SET #2	ignore	711
https://tonedeafmonk.squig.link/data/XSL%20X8%20L.txt	XSL X8	XSL X8	in-ear	711
https://tonedeafmonk.squig.link/data/XSL%20X8%20R.txt	XSL X8	XSL X8	in-ear	711
https://tonedeafmonk.squig.link/data/Xenns%20Mangird%20Top%20Pro%20L.txt	XENNS MANGIRD TOP PRO	Xenns MANGIRD TOP PRO	in-ear	711
https://tonedeafmonk.squig.link/data/Xenns%20Mangird%20Top%20Pro%20R.txt	XENNS MANGIRD TOP PRO	Xenns MANGIRD TOP PRO	in-ear	711
https://tonedeafmonk.squig.link/data/XENNS%20TOP%20L.txt	XENNS MANGIRD TOP	Xenns Mangird Top	in-ear	711
https://tonedeafmonk.squig.link/data/XENNS%20TOP%20R.txt	XENNS MANGIRD TOP	Xenns Mangird Top	in-ear	711
https://tonedeafmonk.squig.link/data/XENNS%20TEA%20PRO%20L.txt	XENNS MANGIRD TEA PRO	Xenns Mangrid Tea PRO	in-ear	711
https://tonedeafmonk.squig.link/data/XENNS%20TEA%20PRO%20R.txt	XENNS MANGIRD TEA PRO	Xenns Mangrid Tea PRO	in-ear	711
https://tonedeafmonk.squig.link/data/XENNS%20MANGIRD%20UP%20R.txt	XENNS MANGIRD UP	Xenns UP	in-ear	711
https://tonedeafmonk.squig.link/data/Yanyin%20Canon%20000%20L.txt	Yanyin Canon OG (000)	Yanyin Canon (off-off-off)	in-ear	711
https://tonedeafmonk.squig.link/data/Yanyin%20Canon%20001%20L.txt	Yanyin Canon OG (001)	Yanyin Canon (off-off-on)	in-ear	711
https://tonedeafmonk.squig.link/data/Yanyin%20Canon%20010%20L.txt	Yanyin Canon OG (010)	Yanyin Canon (off-on-off)	in-ear	711
https://tonedeafmonk.squig.link/data/Yanyin%20Canon%20011%20L.txt	Yanyin Canon OG (011)	Yanyin Canon (off-on-on)	in-ear	711
https://tonedeafmonk.squig.link/data/Yanyin%20Canon%20100%20L.txt	Yanyin Canon OG (100)	Yanyin Canon (on-off-off)	in-ear	711
https://tonedeafmonk.squig.link/data/YANYIN%20CANON%202%20DD%20L.txt	Yanyin Canon 2 (SWITCHES DOWN DOWN)	Yanyin Canon 2 (off-off)	in-ear	711
https://tonedeafmonk.squig.link/data/YANYIN%20CANON%202%20DU%20L.txt	Yanyin Canon 2 (SWITCHES DOWN UP)	Yanyin Canon 2 (off-on)	in-ear	711
https://tonedeafmonk.squig.link/data/YANYIN%20CANON%202%20UD%20L.txt	Yanyin Canon 2 (SWITCHES UP DOWN)	Yanyin Canon 2 (on-off)	in-ear	711
https://tonedeafmonk.squig.link/data/YANYIN%20CANON%202%20UU%20L.txt	Yanyin Canon 2 (SWITCHES UP UP)	Yanyin Canon 2 (on-on)	in-ear	711
https://tonedeafmonk.squig.link/data/YANYIN%20CANON%202%20UU%20R.txt	Yanyin Canon 2 (SWITCHES UP UP)	Yanyin Canon 2 (on-on)	in-ear	711
https://tonedeafmonk.squig.link/data/Zhulinniao%20JingHong%20Z3%20L.txt	ZHULINNIAO JingHong Z3 2025	ZHULINNIAO JingHong Z3 2025	in-ear	711
https://tonedeafmonk.squig.link/data/Zhulinniao%20JingHong%20Z3%20R.txt	ZHULINNIAO JingHong Z3 2025	ZHULINNIAO JingHong Z3 2025	in-ear	711
https://tonedeafmonk.squig.link/data/ZUO%20DrumString%20Phanta%20L.txt	ZUO Drumstring Phanta	ZUO Drumstring Phanta	in-ear	711
https://tonedeafmonk.squig.link/data/ZUO%20DrumString%20Phanta%20R.txt	ZUO Drumstring Phanta	ZUO Drumstring Phanta	in-ear	711
https://tonedeafmonk.squig.link/data/ZIIGAAT%20CINNO%20L.txt	ZIIGAAT CINNO	ZiiGaat Cinno	in-ear	711
https://tonedeafmonk.squig.link/data/ZIIGAAT%20CINNO%20R.txt	ZIIGAAT CINNO	ZiiGaat Cinno	in-ear	711
https://tonedeafmonk.squig.link/data/ZIIGAAT%20x%20Jay%20ESTRELLA%20L.txt	ZIIGAAT X JAY ESTRELLA	ZiiGaat Estrella	in-ear	711
https://tonedeafmonk.squig.link/data/ZIIGAAT%20x%20Jay%20ESTRELLA%20R.txt	ZIIGAAT X JAY ESTRELLA	ZiiGaat Estrella	in-ear	711
https://tonedeafmonk.squig.link/data/ZIIGAAT%20NUO%20L.txt	ZIIGAAT NUO	ZiiGaat Nuo	in-ear	711
https://tonedeafmonk.squig.link/data/ZIIGAAT%20NUO%20R.txt	ZIIGAAT NUO	ZiiGaat Nuo	in-ear	711
https://tonedeafmonk.squig.link/data/ZIIGAAT%20ODYSSEY%20L.txt	ZIIGAAT ODYSSEY	ZiiGaat Odyssey	in-ear	711
https://tonedeafmonk.squig.link/data/ZIIGAAT%20ODYSSEY%20R.txt	ZIIGAAT ODYSSEY	ZiiGaat Odyssey	in-ear	711
https://tonedeafmonk.squig.link/data/ZIIGAAT%20ARETE%20L.txt	ZIIGAAT x Fresh Reviews Arete	ZiiGaat x Fresh Reviews Arete	in-ear	711
https://tonedeafmonk.squig.link/data/ZIIGAAT%20ARETE%20R.txt	ZIIGAAT x Fresh Reviews Arete	ZiiGaat x Fresh Reviews Arete	in-ear	711
https://tonedeafmonk.squig.link/data/DDHiFi%20Janus3%20L.txt	DDHiFi Janus3	ddHiFi Janus3	in-ear	711
https://tonedeafmonk.squig.link/data/DDHiFi%20Janus3%20R.txt	DDHiFi Janus3	ddHiFi Janus3	in-ear	711
https://tonedeafmonk.squig.link/data/DDHiFi%20Memory%20L.txt	DDHiFi Memory	ddHiFi Memory	in-ear	711
https://tonedeafmonk.squig.link/data/DDHiFi%20Memory%20R.txt	DDHiFi Memory	ddHiFi Memory	in-ear	711
https://tonedeafmonk.squig.link/data/Memory%20AL%204.4%20L.txt	DDHiFi Memory AL 4.4	ddHiFi Memory AL 4.4	in-ear	711
https://tonedeafmonk.squig.link/data/Memory%20AL%204.4%20R.txt	DDHiFi Memory AL 4.4	ddHiFi Memory AL 4.4	in-ear	711
https://tonedeafmonk.squig.link/data/Memory%20PD%204.4%20L.txt	DDHiFi Memory PD 4.4	ddHiFi Memory PD 4.4	in-ear	711
https://tonedeafmonk.squig.link/data/Memory%20PD%204.4%20R.txt	DDHiFi Memory PD 4.4	ddHiFi Memory PD 4.4	in-ear	711
https://tonedeafmonk.squig.link/data/DDHIFI%20SURFACE%20L.txt	DDHiFi Surface	ddHiFi Surface	in-ear	711
https://tonedeafmonk.squig.link/data/DDHIFI%20SURFACE%20R.txt	DDHiFi Surface	ddHiFi Surface	in-ear	711
https://tonedeafmonk.squig.link/data/iBASSO%20T3-154%20FM%20TPT%20500%20L.txt	iBASSO 3T-154 (TRANSPORE TAPE OVER 3 FRONT VENTS 2X MED DENSITY FOAMS & 500 MESH NOZZLE FILTER)	iBASSO 3T-154 (TRANSPORE TAPE OVER 3 FRONT VENTS 2X MED DENSITY FOAMS & 500 MESH NOZZLE FILTER)	ignore	711
https://tonedeafmonk.squig.link/data/iBASSO%20T3-154%20TPT%20500%20L.txt	iBASSO 3T-154 (TRANSPORE TAPE OVER 3 FRONT VENTS 500 MESH NOZZLE FILTER)	iBASSO 3T-154 (TRANSPORE TAPE OVER 3 FRONT VENTS 500 MESH NOZZLE FILTER)	ignore	711
https://tonedeafmonk.squig.link/data/iBASSO%20T3-154%20TPT%20L.txt	iBASSO 3T-154 (TRANSPORE TAPE OVER 3 FRONT VENTS)	iBASSO 3T-154 (TRANSPORE TAPE OVER 3 FRONT VENTS)	ignore	711
https://tonedeafmonk.squig.link/data/iBASSO%20T3-154%20L.txt	iBASSO 3T-154 (NO MODS STOCK)	iBasso 3T-154	in-ear	711
https://tonedeafmonk.squig.link/data/iBASSO%20T3-154%20R.txt	iBASSO 3T-154 (NO MODS STOCK)	iBasso 3T-154	in-ear	711
https://tonedeafmonk.squig.link/data/iBasso%20Epitome%20Burn%20L.txt	iBASSO Epitome	iBasso Epitome	in-ear	711
https://tonedeafmonk.squig.link/data/iBasso%20Epitome%20Burn%20R.txt	iBASSO Epitome	iBasso Epitome	in-ear	711
https://tonedeafmonk.squig.link/data/iBasso%20Jr%20COOKIE%20Ti%20Brass%20L.txt	iBASSO Jr. Cookie Ti (Brass Nozzle)	iBasso Jr. Cookie Ti (Brass Nozzle)	in-ear	711
https://tonedeafmonk.squig.link/data/iBasso%20Jr%20COOKIE%20Ti%20Brass%20R.txt	iBASSO Jr. Cookie Ti (Brass Nozzle)	iBasso Jr. Cookie Ti (Brass Nozzle)	in-ear	711
https://tonedeafmonk.squig.link/data/iBasso%20Jr%20COOKIE%20Ti%20SS%20L.txt	iBASSO Jr. Cookie Ti (Stainless Steel Nozzle)	iBasso Jr. Cookie Ti (Stainless Steel Nozzle)	in-ear	711
https://tonedeafmonk.squig.link/data/iBasso%20Jr.%20KLEE%20L.txt	iBASSO Jr. KLEE (Foam Tips Stock)	iBasso Jr. KLEE	in-ear	711
https://tonedeafmonk.squig.link/data/iBasso%20Jr.%20KLEE%20R.txt	iBASSO Jr. KLEE (Foam Tips Stock)	iBasso Jr. KLEE	in-ear	711
https://tonedeafmonk.squig.link/data/iBasso%20Jr%20KLEE%20KiSEKi%20L.txt	iBASSO Jr. KLEE KiSEKi (Foam Tips Stock)	iBasso Jr. KLEE KiSEKi (Foam Tips Stock)	in-ear	711
https://tonedeafmonk.squig.link/data/iBasso%20Jr%20KLEE%20KiSEKi%20R.txt	iBASSO Jr. KLEE KiSEKi (Foam Tips Stock)	iBasso Jr. KLEE KiSEKi (Foam Tips Stock)	in-ear	711
https://tonedeafmonk.squig.link/data/IvipQ%20Q-09%20Phoenixia%20L.txt	ivipQ Q-09 Phoenixia	ivipQ Q-09 Phoenixia	in-ear	711
https://tonedeafmonk.squig.link/data/IvipQ%20Q-09%20Phoenixia%20R.txt	ivipQ Q-09 Phoenixia	ivipQ Q-09 Phoenixia	in-ear	711
