url	source_name	name	form	rig
https://superreview.squig.link/earbuds/data/(temp)/			ignore	
https://superreview.squig.link/data/634ears%20MIROAK-II%20L.txt	634ears MIROAK-II	634ears MIROAK-II	in-ear	711
https://superreview.squig.link/data/634ears%20MIROAK-II%20R.txt	634ears MIROAK-II	634ears MIROAK-II	in-ear	711
https://superreview.squig.link/data/64%20Audio%20U12t%20(S2%20-%20m15)%20L.txt	64 Audio U12t (sample 2 - m15)	64 Audio A12t (m15 Apex module)	in-ear	711
https://superreview.squig.link/data/64%20Audio%20U12t%20(S2%20-%20m15)%20R.txt	64 Audio U12t (sample 2 - m15)	64 Audio A12t (m15 Apex module)	in-ear	711
https://superreview.squig.link/data/64%20Audio%20U12t%20(S2%20-%20m20)%20L.txt	64 Audio U12t (sample 2 - m20)	64 Audio A12t (m20 Apex module)	in-ear	711
https://superreview.squig.link/data/64%20Audio%20U12t%20(S2%20-%20m20)%20R.txt	64 Audio U12t (sample 2 - m20)	64 Audio A12t (m20 Apex module)	in-ear	711
https://superreview.squig.link/data/64%20Audio%20U12t%20(S2%20-%20mX)%20L.txt	64 Audio U12t (sample 2 - mX)	64 Audio A12t (mX Apex module)	in-ear	711
https://superreview.squig.link/data/64%20Audio%20U12t%20(S2%20-%20mX)%20R.txt	64 Audio U12t (sample 2 - mX)	64 Audio A12t (mX Apex module)	in-ear	711
https://superreview.squig.link/data/64%20Audio%20Aspire%201%20L.txt	64 Audio Aspire 1 	64 Audio Aspire 1	in-ear	711
https://superreview.squig.link/data/64%20Audio%20Aspire%201%20R.txt	64 Audio Aspire 1 	64 Audio Aspire 1	in-ear	711
https://superreview.squig.link/data/64%20Audio%20Aspire%201%20deep%20L.txt	64 Audio Aspire 1 (insert: deep)	64 Audio Aspire 1 (insert deep)	ignore	711
https://superreview.squig.link/data/64%20Audio%20Aspire%201%20deep%20R.txt	64 Audio Aspire 1 (insert: deep)	64 Audio Aspire 1 (insert deep)	ignore	711
https://superreview.squig.link/data/64%20Audio%20Aspire%201%20shallow%20L.txt	64 Audio Aspire 1 (insert: shallow)	64 Audio Aspire 1 (insert shallow)	ignore	711
https://superreview.squig.link/data/64%20Audio%20Aspire%201%20shallow%20R.txt	64 Audio Aspire 1 (insert: shallow)	64 Audio Aspire 1 (insert shallow)	ignore	711
https://superreview.squig.link/data/64%20Audio%20Aspire%202%20L.txt	64 Audio Aspire 2 	64 Audio Aspire 2	in-ear	711
https://superreview.squig.link/data/64%20Audio%20Aspire%202%20R.txt	64 Audio Aspire 2 	64 Audio Aspire 2	in-ear	711
https://superreview.squig.link/data/64%20Audio%20Aspire%202%20deep%20L.txt	64 Audio Aspire 2 (insert: deep)	64 Audio Aspire 2 (insert deep)	ignore	711
https://superreview.squig.link/data/64%20Audio%20Aspire%202%20deep%20R.txt	64 Audio Aspire 2 (insert: deep)	64 Audio Aspire 2 (insert deep)	ignore	711
https://superreview.squig.link/data/64%20Audio%20Aspire%202%20shallow%20L.txt	64 Audio Aspire 2 (insert: shallow)	64 Audio Aspire 2 (insert shallow)	ignore	711
https://superreview.squig.link/data/64%20Audio%20Aspire%202%20shallow%20R.txt	64 Audio Aspire 2 (insert: shallow)	64 Audio Aspire 2 (insert shallow)	ignore	711
https://superreview.squig.link/data/64%20Audio%20Aspire%203%20L.txt	64 Audio Aspire 3 	64 Audio Aspire 3	in-ear	711
https://superreview.squig.link/data/64%20Audio%20Aspire%203%20R.txt	64 Audio Aspire 3 	64 Audio Aspire 3	in-ear	711
https://superreview.squig.link/data/64%20Audio%20Aspire%203%20deep%20L.txt	64 Audio Aspire 3 (insert: deep)	64 Audio Aspire 3 (insert deep)	ignore	711
https://superreview.squig.link/data/64%20Audio%20Aspire%203%20deep%20R.txt	64 Audio Aspire 3 (insert: deep)	64 Audio Aspire 3 (insert deep)	ignore	711
https://superreview.squig.link/data/64%20Audio%20Aspire%203%20shallow%20L.txt	64 Audio Aspire 3 (insert: shallow)	64 Audio Aspire 3 (insert shallow)	ignore	711
https://superreview.squig.link/data/64%20Audio%20Aspire%203%20shallow%20R.txt	64 Audio Aspire 3 (insert: shallow)	64 Audio Aspire 3 (insert shallow)	ignore	711
https://superreview.squig.link/data/64%20Audio%20Aspire%204%20L.txt	64 Audio Aspire 4	64 Audio Aspire 4	in-ear	711
https://superreview.squig.link/data/64%20Audio%20Aspire%204%20R.txt	64 Audio Aspire 4	64 Audio Aspire 4	in-ear	711
https://superreview.squig.link/data/64%20Audio%20Duo%20L.txt	64 Audio Duo	64 Audio Duo	in-ear	711
https://superreview.squig.link/data/64%20Audio%20Duo%20R.txt	64 Audio Duo	64 Audio Duo	in-ear	711
https://superreview.squig.link/data/64%20Audio%20Fourte%20Blanc%20L.txt	64 Audio Fourte Blanc	64 Audio Fourte Blanc	in-ear	711
https://superreview.squig.link/data/64%20Audio%20Fourte%20Blanc%20R.txt	64 Audio Fourte Blanc	64 Audio Fourte Blanc	in-ear	711
https://superreview.squig.link/data/64%20Audio%20Nio%20(Fir%20black)%20L.txt	64 Audio Nio (sample 2 - Fir Audio black)	64 Audio Nio (Fir Audio black module)	in-ear	711
https://superreview.squig.link/data/64%20Audio%20Nio%20(Fir%20black)%20R.txt	64 Audio Nio (sample 2 - Fir Audio black)	64 Audio Nio (Fir Audio black module)	in-ear	711
https://superreview.squig.link/data/64%20Audio%20Nio%20(Fir%20red)%20L.txt	64 Audio Nio (sample 2 - Fir Audio red)	64 Audio Nio (Fir Audio red module)	in-ear	711
https://superreview.squig.link/data/64%20Audio%20Nio%20(Fir%20red)%20R.txt	64 Audio Nio (sample 2 - Fir Audio red)	64 Audio Nio (Fir Audio red module)	in-ear	711
https://superreview.squig.link/data/64%20Audio%20Nio%20(m12)%20L.txt	64 Audio Nio (sample 2 - m12)	64 Audio Nio (m12 Apex module)	in-ear	711
https://superreview.squig.link/data/64%20Audio%20Nio%20(m12)%20R.txt	64 Audio Nio (sample 2 - m12)	64 Audio Nio (m12 Apex module)	in-ear	711
https://superreview.squig.link/data/64%20Audio%20Nio%20(S1%20-%20m15)%20L.txt	64 Audio Nio (sample 1 - m15)	64 Audio Nio (m15 Apex module)	in-ear	711
https://superreview.squig.link/data/64%20Audio%20Nio%20(m15)%20L.txt	64 Audio Nio (sample 2 - m15)	64 Audio Nio (m15 Apex module)	in-ear	711
https://superreview.squig.link/data/64%20Audio%20Nio%20(m15)%20R.txt	64 Audio Nio (sample 2 - m15)	64 Audio Nio (m15 Apex module)	in-ear	711
https://superreview.squig.link/data/64%20Audio%20Nio%20(S1%20-%20m20)%20L.txt	64 Audio Nio (sample 1 - m20)	64 Audio Nio (m20 Apex module)	in-ear	711
https://superreview.squig.link/data/64%20Audio%20Nio%20(m20)%20L.txt	64 Audio Nio (sample 2 - m20)	64 Audio Nio (m20 Apex module)	in-ear	711
https://superreview.squig.link/data/64%20Audio%20Nio%20(m20)%20R.txt	64 Audio Nio (sample 2 - m20)	64 Audio Nio (m20 Apex module)	in-ear	711
https://superreview.squig.link/data/64%20Audio%20Nio%20(S1%20-%20mX)%20L.txt	64 Audio Nio (sample 1 - mX)	64 Audio Nio (mX Apex module)	in-ear	711
https://superreview.squig.link/data/64%20Audio%20Nio%20(mX)%20L.txt	64 Audio Nio (sample 2 - mX)	64 Audio Nio (mX Apex module)	in-ear	711
https://superreview.squig.link/data/64%20Audio%20Nio%20(mX)%20R.txt	64 Audio Nio (sample 2 - mX)	64 Audio Nio (mX Apex module)	in-ear	711
https://superreview.squig.link/data/64%20Audio%20Solo%20L.txt	64 Audio Solo	64 Audio Solo	in-ear	711
https://superreview.squig.link/data/64%20Audio%20Solo%20R.txt	64 Audio Solo	64 Audio Solo	in-ear	711
https://superreview.squig.link/data/64%20Audio%20Fourte%20L.txt	64 Audio Fourte	64 Audio Tia Fourte	in-ear	711
https://superreview.squig.link/data/64%20Audio%20Trio%20L.txt	64 Audio Trio	64 Audio Tia Trio	in-ear	711
https://superreview.squig.link/data/64%20Audio%20U12t%20(S2%20-%20red)%20L.txt	64 Audio U12t (sample 2 - Fir Audio red)	64 Audio U12t (Fir Audio red module)	in-ear	711
https://superreview.squig.link/data/64%20Audio%20U12t%20(S2%20-%20red)%20R.txt	64 Audio U12t (sample 2 - Fir Audio red)	64 Audio U12t (Fir Audio red module)	in-ear	711
https://superreview.squig.link/data/64%20Audio%20U12t%20(S2%20-%20m12)%20L.txt	64 Audio U12t (sample 2 - m12)	64 Audio U12t (m12 Apex module)	in-ear	711
https://superreview.squig.link/data/64%20Audio%20U12t%20(S2%20-%20m12)%20R.txt	64 Audio U12t (sample 2 - m12)	64 Audio U12t (m12 Apex module)	in-ear	711
https://superreview.squig.link/data/64%20Audio%20U12t%20(m15)%20L.txt	64 Audio U12t (m15)	64 Audio U12t (m15 Apex module)	in-ear	711
https://superreview.squig.link/data/64%20Audio%20U12t%20(m20)%20L.txt	64 Audio U12t (m20)	64 Audio U12t (m20 Apex module)	in-ear	711
https://superreview.squig.link/data/64%20Audio%20U12t%20(mX)%20L.txt	64 Audio U12t (mX)	64 Audio U12t (mX Apex module)	in-ear	711
https://superreview.squig.link/data/64%20Audio%20U18s%20(m20)%20L.txt	64 Audio U18s (m20)	64 Audio U18s (m20 Apex module)	in-ear	711
https://superreview.squig.link/data/64%20Audio%20U18t%20(m15)%20L.txt	64 Audio U18t (m15)	64 Audio U18t (m15 Apex module)	in-ear	711
https://superreview.squig.link/data/64%20Audio%20U18t%20(m20)%20L.txt	64 Audio U18t (m20)	64 Audio U18t (m20 Apex module)	in-ear	711
https://superreview.squig.link/data/64%20Audio%20U18t%20(mX)%20L.txt	64 Audio U18t (mX)	64 Audio U18t (mX Apex module)	in-ear	711
https://superreview.squig.link/data/64%20Audio%20U4s%20(Fir%20black)%20L.txt	64 Audio U4s (sample 2 - Fir Audio black)	64 Audio U4S (Fir Audio black module)	in-ear	711
https://superreview.squig.link/data/64%20Audio%20U4s%20(Fir%20black)%20R.txt	64 Audio U4s (sample 2 - Fir Audio black)	64 Audio U4S (Fir Audio black module)	in-ear	711
https://superreview.squig.link/data/64%20Audio%20U4s%20(Fir%20red)%20L.txt	64 Audio U4s (sample 2 - Fir Audio red)	64 Audio U4S (Fir Audio red module)	in-ear	711
https://superreview.squig.link/data/64%20Audio%20U4s%20(Fir%20red)%20R.txt	64 Audio U4s (sample 2 - Fir Audio red)	64 Audio U4S (Fir Audio red module)	in-ear	711
https://superreview.squig.link/data/64%20Audio%20U4s%20(S1%20-%20m12)%20L.txt	64 Audio U4s (sample 1 - m12)	64 Audio U4S (m12 Apex module)	in-ear	711
https://superreview.squig.link/data/64%20Audio%20U4s%20(S1%20-%20m12)%20R.txt	64 Audio U4s (sample 1 - m12)	64 Audio U4S (m12 Apex module)	in-ear	711
https://superreview.squig.link/data/64%20Audio%20U4s%20(m12)%20L.txt	64 Audio U4s (sample 2 - m12)	64 Audio U4S (m12 Apex module)	in-ear	711
https://superreview.squig.link/data/64%20Audio%20U4s%20(m12)%20R.txt	64 Audio U4s (sample 2 - m12)	64 Audio U4S (m12 Apex module)	in-ear	711
https://superreview.squig.link/data/64%20Audio%20U4s%20(S1%20-%20m15)%20L.txt	64 Audio U4s (sample 1 - m15)	64 Audio U4S (m15 Apex module)	in-ear	711
https://superreview.squig.link/data/64%20Audio%20U4s%20(S1%20-%20m15)%20R.txt	64 Audio U4s (sample 1 - m15)	64 Audio U4S (m15 Apex module)	in-ear	711
https://superreview.squig.link/data/64%20Audio%20U4s%20(m15)%20L.txt	64 Audio U4s (sample 2 - m15)	64 Audio U4S (m15 Apex module)	in-ear	711
https://superreview.squig.link/data/64%20Audio%20U4s%20(m15)%20R.txt	64 Audio U4s (sample 2 - m15)	64 Audio U4S (m15 Apex module)	in-ear	711
https://superreview.squig.link/data/64%20Audio%20U4s%20(S1%20-%20m20)%20L.txt	64 Audio U4s (sample 1 - m20)	64 Audio U4S (m20 Apex module)	in-ear	711
https://superreview.squig.link/data/64%20Audio%20U4s%20(S1%20-%20m20)%20R.txt	64 Audio U4s (sample 1 - m20)	64 Audio U4S (m20 Apex module)	in-ear	711
https://superreview.squig.link/data/64%20Audio%20U4s%20(m20)%20L.txt	64 Audio U4s (sample 2 - m20)	64 Audio U4S (m20 Apex module)	in-ear	711
https://superreview.squig.link/data/64%20Audio%20U4s%20(m20)%20R.txt	64 Audio U4s (sample 2 - m20)	64 Audio U4S (m20 Apex module)	in-ear	711
https://superreview.squig.link/data/64%20Audio%20U4s%20(S1%20-%20mX)%20L.txt	64 Audio U4s (sample 1 - mX)	64 Audio U4S (mX Apex module)	in-ear	711
https://superreview.squig.link/data/64%20Audio%20U4s%20(S1%20-%20mX)%20R.txt	64 Audio U4s (sample 1 - mX)	64 Audio U4S (mX Apex module)	in-ear	711
https://superreview.squig.link/data/64%20Audio%20U4s%20(mX)%20L.txt	64 Audio U4s (sample 2 - mX)	64 Audio U4S (mX Apex module)	in-ear	711
https://superreview.squig.link/data/64%20Audio%20U4s%20(mX)%20R.txt	64 Audio U4s (sample 2 - mX)	64 Audio U4S (mX Apex module)	in-ear	711
https://superreview.squig.link/data/64%20Audio%20U6t%20(m15)%20L.txt	64 Audio U6t (m15)	64 Audio U6t (m15 Apex module)	in-ear	711
https://superreview.squig.link/data/64%20Audio%20U6t%20(m15)%20R.txt	64 Audio U6t (m15)	64 Audio U6t (m15 Apex module)	in-ear	711
https://superreview.squig.link/data/64%20Audio%20Volur%20(m12)%20L.txt	64 Audio Volur (m12)	64 Audio Volur (m12 Apex module)	in-ear	711
https://superreview.squig.link/data/64%20Audio%20Volur%20(m12)%20R.txt	64 Audio Volur (m12)	64 Audio Volur (m12 Apex module)	in-ear	711
https://superreview.squig.link/data/64%20Audio%20Volur%20(m15)%20L.txt	64 Audio Volur (m15)	64 Audio Volur (m15 Apex module)	in-ear	711
https://superreview.squig.link/data/64%20Audio%20Volur%20(m15)%20R.txt	64 Audio Volur (m15)	64 Audio Volur (m15 Apex module)	in-ear	711
https://superreview.squig.link/data/64%20Audio%20Volur%20(m20)%20L.txt	64 Audio Volur (m20)	64 Audio Volur (m20 Apex module)	in-ear	711
https://superreview.squig.link/data/64%20Audio%20Volur%20(m20)%20R.txt	64 Audio Volur (m20)	64 Audio Volur (m20 Apex module)	in-ear	711
https://superreview.squig.link/data/64%20Audio%20Volur%20(mX)%20L.txt	64 Audio Volur (mX)	64 Audio Volur (mX Apex module)	in-ear	711
https://superreview.squig.link/data/64%20Audio%20Volur%20(mX)%20R.txt	64 Audio Volur (mX)	64 Audio Volur (mX Apex module)	in-ear	711
https://superreview.squig.link/data/7Hz%20Dioko%20L.txt	7Hz Salnotes Dioko (defect)	7Hz Salnotes Dioko (defect)	ignore	
https://superreview.squig.link/data/7Hz%20Dioko%20R.txt	7Hz Salnotes Dioko (defect)	7Hz Salnotes Dioko (defect)	ignore	
https://superreview.squig.link/data/7Hz%20Dioko%20(pre-op)%20L.txt	7Hz Salnotes Dioko (pre-op)	7Hz Salnotes Dioko (pre-op)	ignore	
https://superreview.squig.link/data/7Hz%20Dioko%20(pre-op)%20R.txt	7Hz Salnotes Dioko (pre-op)	7Hz Salnotes Dioko (pre-op)	ignore	
https://superreview.squig.link/data/7Hz%20Dioko%20(post-op)%20L.txt	7Hz Salnotes Dioko 7Hz Dioko (post-op)	7Hz Salnotes Dioko 7Hz Dioko (post-op)	ignore	
https://superreview.squig.link/data/7Hz%20Dioko%20(post-op)%20R.txt	7Hz Salnotes Dioko 7Hz Dioko (post-op)	7Hz Salnotes Dioko 7Hz Dioko (post-op)	ignore	
https://superreview.squig.link/data/7Hz%20Zero%20L.txt	7Hz Salnotes Zero	7Hz Salnotes Zero	in-ear	711
https://superreview.squig.link/data/7Hz%20Zero%20R.txt	7Hz Salnotes Zero	7Hz Salnotes Zero	in-ear	711
https://superreview.squig.link/data/7Hz%20Timeless%20L.txt	7Hz Timeless (sample 1)	7Hz Timeless	in-ear	711
https://superreview.squig.link/data/7Hz%20Timeless%20R.txt	7Hz Timeless (sample 1)	7Hz Timeless	in-ear	711
https://superreview.squig.link/data/7Hz%20Timeless%20(S2)%20L.txt	7Hz Timeless (sample 2)	7Hz Timeless	in-ear	711
https://superreview.squig.link/data/7Hz%20Timeless%20(S2)%20R.txt	7Hz Timeless (sample 2)	7Hz Timeless	in-ear	711
https://superreview.squig.link/data/7Hz%20Timeless%202%20L.txt	7Hz Timeless 2 (pre-production @ SIAS)	7Hz Timeless 2 (pre-production @ SIAS)	ignore	711
https://superreview.squig.link/data/7Hz%20Timeless%202%20R.txt	7Hz Timeless 2 (pre-production @ SIAS)	7Hz Timeless 2 (pre-production @ SIAS)	ignore	711
https://squig.link/data/7Hz%20Diablo%20L.txt	7Hz x Crinacle Diablo 	7Hz x Crinacle Diablo	in-ear	711
https://squig.link/data/7Hz%20Diablo%20R.txt	7Hz x Crinacle Diablo 	7Hz x Crinacle Diablo	in-ear	711
https://squig.link/data/7Hz%20Diablo%20deep%20L.txt	7Hz x Crinacle Diablo (insert: deep)	7Hz x Crinacle Diablo (insert deep)	in-ear	711
https://squig.link/data/7Hz%20Diablo%20deep%20R.txt	7Hz x Crinacle Diablo (insert: deep)	7Hz x Crinacle Diablo (insert deep)	in-ear	711
https://squig.link/data/7Hz%20Diablo%20shallow%20L.txt	7Hz x Crinacle Diablo (insert: shallow)	7Hz x Crinacle Diablo (insert shallow)	in-ear	711
https://squig.link/data/7Hz%20Diablo%20shallow%20R.txt	7Hz x Crinacle Diablo (insert: shallow)	7Hz x Crinacle Diablo (insert shallow)	in-ear	711
https://squig.link/data/7Hz%20Divine%20L.txt	7Hz x Crinacle Divine 	7Hz x Crinacle Divine	in-ear	711
https://squig.link/data/7Hz%20Divine%20R.txt	7Hz x Crinacle Divine 	7Hz x Crinacle Divine	in-ear	711
https://squig.link/data/7Hz%20Divine%20deep%20L.txt	7Hz x Crinacle Divine (insert: deep)	7Hz x Crinacle Divine (insert deep)	in-ear	711
https://squig.link/data/7Hz%20Divine%20shallow%20L.txt	7Hz x Crinacle Divine (insert: shallow)	7Hz x Crinacle Divine (insert shallow)	in-ear	711
https://squig.link/data/7Hz%20Divine%20shallow%20R.txt	7Hz x Crinacle Divine (insert: shallow)	7Hz x Crinacle Divine (insert shallow)	in-ear	711
https://superreview.squig.link/data/7Hz%20Zero%202%20L.txt	7Hz Salnotes x Crinacle Zero 2	7Hz x Crinacle Zero 2	in-ear	711
https://superreview.squig.link/data/7Hz%20Zero%202%20R.txt	7Hz Salnotes x Crinacle Zero 2	7Hz x Crinacle Zero 2	in-ear	711
https://superreview.squig.link/data/7th%20Acoustics%20Proxima%20L.txt	7th Acoustics Proxima	7th Acoustics Proxima	in-ear	711
https://superreview.squig.link/data/7th%20Acoustics%20Proxima%20R.txt	7th Acoustics Proxima	7th Acoustics Proxima	in-ear	711
https://superreview.squig.link/data/7th%20Acoustics%20Rawon%20proto%20L.txt	7th Acoustics Rawon (prototype)	7th Acoustics Rawon (prototype)	ignore	711
https://superreview.squig.link/data/7th%20Acoustics%20Rawon%20proto%20R.txt	7th Acoustics Rawon (prototype)	7th Acoustics Rawon (prototype)	ignore	711
https://superreview.squig.link/data/7th%20Acoustics%20Supernova%20L.txt	7th Acoustics Supernova (sample 1)	7th Acoustics Supernova	in-ear	711
https://superreview.squig.link/data/7th%20Acoustics%20Supernova%20R.txt	7th Acoustics Supernova (sample 1)	7th Acoustics Supernova	in-ear	711
https://superreview.squig.link/data/7th%20Acoustics%20Supernova%20(S2)%20L.txt	7th Acoustics Supernova (sample 2)	7th Acoustics Supernova	in-ear	711
https://superreview.squig.link/data/7th%20Acoustics%20Supernova%20(S2)%20R.txt	7th Acoustics Supernova (sample 2)	7th Acoustics Supernova	in-ear	711
https://superreview.squig.link/data/Aful%20Cantor%20deep%20L.txt	Aful Acoustics Cantor (deep fit)	AFUL Acoustics Cantor	in-ear	711
https://superreview.squig.link/data/Aful%20Cantor%20deep%20R.txt	Aful Acoustics Cantor (deep fit)	AFUL Acoustics Cantor	in-ear	711
https://superreview.squig.link/data/Aful%20Cantor%20L.txt	Aful Acoustics Cantor (shallow fit)	AFUL Acoustics Cantor	in-ear	711
https://superreview.squig.link/data/Aful%20Cantor%20R.txt	Aful Acoustics Cantor (shallow fit)	AFUL Acoustics Cantor	in-ear	711
https://squig.link/data/Aful%20Dawn-X%20L.txt	Aful Acoustics Dawn-X 	AFUL Acoustics Dawn-X	in-ear	711
https://squig.link/data/Aful%20Dawn-X%20R.txt	Aful Acoustics Dawn-X 	AFUL Acoustics Dawn-X	in-ear	711
https://squig.link/data/Aful%20Dawn-X%20deep%20L.txt	Aful Acoustics Dawn-X (insert: deep)	AFUL Acoustics Dawn-X (insert deep)	in-ear	711
https://squig.link/data/Aful%20Dawn-X%20deep%20R.txt	Aful Acoustics Dawn-X (insert: deep)	AFUL Acoustics Dawn-X (insert deep)	in-ear	711
https://squig.link/data/Aful%20Dawn-X%20shallow%20L.txt	Aful Acoustics Dawn-X (insert: shallow)	AFUL Acoustics Dawn-X (insert shallow)	in-ear	711
https://squig.link/data/Aful%20Dawn-X%20shallow%20R.txt	Aful Acoustics Dawn-X (insert: shallow)	AFUL Acoustics Dawn-X (insert shallow)	in-ear	711
https://superreview.squig.link/data/Aful%20Acoustics%20MagicOne%20L.txt	Aful Acoustics MagicOne	AFUL Acoustics MagicOne	in-ear	711
https://superreview.squig.link/data/Aful%20Acoustics%20MagicOne%20R.txt	Aful Acoustics MagicOne	AFUL Acoustics MagicOne	in-ear	711
https://superreview.squig.link/data/Aful%20Acoustics%20Performer5%20(15%20ohm)%20L.txt	Aful Acoustics Performer 5 (impedance adapter: 15 ohm)	AFUL Acoustics Performer 5 (15 ohm adapter)	ignore	711
https://superreview.squig.link/data/Aful%20Acoustics%20Performer5%20(15%20ohm)%20R.txt	Aful Acoustics Performer 5 (impedance adapter: 15 ohm)	AFUL Acoustics Performer 5 (15 ohm adapter)	ignore	711
https://superreview.squig.link/data/Aful%20Acoustics%20Performer5%20(36%20ohm)%20L.txt	Aful Acoustics Performer 5 (impedance adapter: 36 ohm)	AFUL Acoustics Performer 5 (36 ohm adapter)	ignore	711
https://superreview.squig.link/data/Aful%20Acoustics%20Performer5%20(36%20ohm)%20R.txt	Aful Acoustics Performer 5 (impedance adapter: 36 ohm)	AFUL Acoustics Performer 5 (36 ohm adapter)	ignore	711
https://superreview.squig.link/data/Aful%20Acoustics%20Performer5%20(75%20ohm)%20L.txt	Aful Acoustics Performer 5 (impedance adapter: 75 ohm)	AFUL Acoustics Performer 5 (75 ohm adapter)	ignore	711
https://superreview.squig.link/data/Aful%20Acoustics%20Performer5%20(75%20ohm)%20R.txt	Aful Acoustics Performer 5 (impedance adapter: 75 ohm)	AFUL Acoustics Performer 5 (75 ohm adapter)	ignore	711
https://superreview.squig.link/data/Aful%20Performer5+2%20L.txt	Aful Acoustics Performer 5+2	AFUL Acoustics Performer 5+2	in-ear	711
https://superreview.squig.link/data/Aful%20Performer5+2%20R.txt	Aful Acoustics Performer 5+2	AFUL Acoustics Performer 5+2	in-ear	711
https://squig.link/data/Aful%20Performer%208S%20L.txt	Aful Acoustics Performer 8S 	AFUL Acoustics Performer 8S	in-ear	711
https://squig.link/data/Aful%20Performer%208S%20R.txt	Aful Acoustics Performer 8S 	AFUL Acoustics Performer 8S	in-ear	711
https://squig.link/data/Aful%20Performer%208S%20plugged%20L.txt	Aful Acoustics Performer 8S (PR port: plugged)	AFUL Acoustics Performer 8S (PR port plugged)	in-ear	711
https://squig.link/data/Aful%20Performer%208S%20plugged%20R.txt	Aful Acoustics Performer 8S (PR port: plugged)	AFUL Acoustics Performer 8S (PR port plugged)	in-ear	711
https://squig.link/data/Aful%20Performer%208S%20unveiled%20L.txt	Aful Acoustics Performer 8S (PR port: unveiled)	AFUL Acoustics Performer 8S (PR port unveiled)	in-ear	711
https://squig.link/data/Aful%20Performer%208S%20unveiled%20R.txt	Aful Acoustics Performer 8S (PR port: unveiled)	AFUL Acoustics Performer 8S (PR port unveiled)	in-ear	711
https://squig.link/data/Aful%20Performer%208S%20deep%20L.txt	Aful Acoustics Performer 8S (insert: deep)	AFUL Acoustics Performer 8S (insert deep)	in-ear	711
https://squig.link/data/Aful%20Performer%208S%20deep%20R.txt	Aful Acoustics Performer 8S (insert: deep)	AFUL Acoustics Performer 8S (insert deep)	in-ear	711
https://squig.link/data/Aful%20Performer%208S%20shallow%20L.txt	Aful Acoustics Performer 8S (insert: shallow)	AFUL Acoustics Performer 8S (insert shallow)	in-ear	711
https://squig.link/data/Aful%20Performer%208S%20shallow%20R.txt	Aful Acoustics Performer 8S (insert: shallow)	AFUL Acoustics Performer 8S (insert shallow)	in-ear	711
https://superreview.squig.link/data/Aful%20Explorer%20L.txt	Aful Acoustics Explorer	AFUL Explorer	in-ear	711
https://superreview.squig.link/data/Aful%20Explorer%20R.txt	Aful Acoustics Explorer	AFUL Explorer	in-ear	711
https://superreview.squig.link/data/Aful%20Acoustics%20Performer5%20L.txt	Aful Acoustics Performer 5 	AFUL Performer 5	in-ear	711
https://superreview.squig.link/data/Aful%20Acoustics%20Performer5%20R.txt	Aful Acoustics Performer 5 	AFUL Performer 5	in-ear	711
https://superreview.squig.link/data/Aful%20Acoustics%20Performer%208%20L.txt	Aful Acoustics Performer 8	AFUL Performer 8	in-ear	711
https://superreview.squig.link/data/Aful%20Acoustics%20Performer%208%20R.txt	Aful Acoustics Performer 8	AFUL Performer 8	in-ear	711
https://superreview.squig.link/headphones/data/AKG%20K371%20L1.txt		AKG K371	over-ear	KB006x + 711
https://superreview.squig.link/headphones/data/AKG%20K371%20L2.txt		AKG K371	over-ear	KB006x + 711
https://superreview.squig.link/headphones/data/AKG%20K371%20L3.txt		AKG K371	over-ear	KB006x + 711
https://superreview.squig.link/headphones/data/AKG%20K371%20R1.txt		AKG K371	over-ear	KB006x + 711
https://superreview.squig.link/headphones/data/AKG%20K371%20R3.txt		AKG K371	over-ear	KB006x + 711
https://superreview.squig.link/headphones/data/AKG%20K371%20R2.txt		AKG K712	over-ear	KB006x + 711
https://superreview.squig.link/headphones/data/AKG%20K7XX%20L1.txt		AKG K7XX	over-ear	KB006x + 711
https://superreview.squig.link/headphones/data/AKG%20K7XX%20L2.txt		AKG K7XX	over-ear	KB006x + 711
https://superreview.squig.link/headphones/data/AKG%20K7XX%20L3.txt		AKG K7XX	over-ear	KB006x + 711
https://superreview.squig.link/headphones/data/AKG%20K7XX%20R1.txt		AKG K7XX	over-ear	KB006x + 711
https://superreview.squig.link/headphones/data/AKG%20K7XX%20R2.txt		AKG K7XX	over-ear	KB006x + 711
https://superreview.squig.link/headphones/data/AKG%20K7XX%20R3.txt		AKG K7XX	over-ear	KB006x + 711
https://superreview.squig.link/headphones/data/AKG%20Q701%20L1.txt		AKG Q701	over-ear	KB006x + 711
https://superreview.squig.link/headphones/data/AKG%20Q701%20L2.txt		AKG Q701	over-ear	KB006x + 711
https://superreview.squig.link/headphones/data/AKG%20Q701%20L3.txt		AKG Q701	over-ear	KB006x + 711
https://superreview.squig.link/headphones/data/AKG%20Q701%20R1.txt		AKG Q701	over-ear	KB006x + 711
https://superreview.squig.link/headphones/data/AKG%20Q701%20R2.txt		AKG Q701	over-ear	KB006x + 711
https://superreview.squig.link/headphones/data/AKG%20Q701%20R3.txt		AKG Q701	over-ear	KB006x + 711
https://squig.link/headphones/data/Aune%20AR9000%20L1.txt	Aune AR9000	AUNE AR9000	over-ear	KB006x + 711
https://squig.link/headphones/data/Aune%20AR9000%20L2.txt	Aune AR9000	AUNE AR9000	over-ear	KB006x + 711
https://squig.link/headphones/data/Aune%20AR9000%20L3.txt	Aune AR9000	AUNE AR9000	over-ear	KB006x + 711
https://squig.link/headphones/data/Aune%20AR9000%20R1.txt	Aune AR9000	AUNE AR9000	over-ear	KB006x + 711
https://squig.link/headphones/data/Aune%20AR9000%20R2.txt	Aune AR9000	AUNE AR9000	over-ear	KB006x + 711
https://squig.link/headphones/data/Aune%20AR9000%20R3.txt	Aune AR9000	AUNE AR9000	over-ear	KB006x + 711
https://superreview.squig.link/data/Aune%20Jasper%20L.txt	Aune Jasper (stock)	AUNE Jasper	in-ear	711
https://superreview.squig.link/data/Aune%20Jasper%20R.txt	Aune Jasper (stock)	AUNE Jasper	in-ear	711
https://superreview.squig.link/data/Acoustune%20RS%20One%20L.txt	Acoustune RS One	Acoustune RS ONE	in-ear	711
https://superreview.squig.link/data/Acoustune%20RS%20One%20R.txt	Acoustune RS One	Acoustune RS ONE	in-ear	711
https://superreview.squig.link/data/Aful%20Cantor%20shallow%20L.txt		Aful Cantor shallow	ignore	711
https://superreview.squig.link/data/Aful%20Cantor%20shallow%20R.txt		Aful Cantor shallow	ignore	711
https://superreview.squig.link/data/Delta%20Studio%20S1%20L.txt	Airlines Delta Studio (sample 1)	Airlines Delta Studio (sample 1)	ignore	711
https://superreview.squig.link/data/Delta%20Studio%20S1%20R.txt	Airlines Delta Studio (sample 1)	Airlines Delta Studio (sample 1)	ignore	711
https://superreview.squig.link/data/Delta%20Studio%20S2%20L.txt	Airlines Delta Studio (sample 2)	Airlines Delta Studio (sample 2)	ignore	711
https://superreview.squig.link/data/Delta%20Studio%20S2%20R.txt	Airlines Delta Studio (sample 2)	Airlines Delta Studio (sample 2)	ignore	711
https://superreview.squig.link/data/JetBlue%20Earbuds%20L.txt	Airlines JetBlue Earbuds	Airlines JetBlue Earbuds	ignore	711
https://superreview.squig.link/data/JetBlue%20Earbuds%20R.txt	Airlines JetBlue Earbuds	Airlines JetBlue Earbuds	ignore	711
https://superreview.squig.link/data/Akoustyx%20R-120%20L.txt	Akoustyx R-120	Akoustyx R-120	in-ear	711
https://superreview.squig.link/data/Akoustyx%20R-220%20L.txt	Akoustyx R-220	Akoustyx R-220	in-ear	711
https://superreview.squig.link/data/Akoustyx%20S-6%20L.txt	Akoustyx S-6 (sample 1)	Akoustyx S-6	in-ear	711
https://superreview.squig.link/data/Akoustyx%20S-6%20R.txt	Akoustyx S-6 (sample 1)	Akoustyx S-6	in-ear	711
https://superreview.squig.link/data/Akoustyx%20S-6%20(S2)%20L.txt	Akoustyx S-6 (sample 2)	Akoustyx S-6	in-ear	711
https://superreview.squig.link/data/Akoustyx%20S-6%20(S2)%20R.txt	Akoustyx S-6 (sample 2)	Akoustyx S-6	in-ear	711
https://superreview.squig.link/data/Akoustyx%20S-6%20(Tanchjim)%20L.txt	Akoustyx S-6 (S2 + Tanchjim filter)	Akoustyx S-6 (S2 + Tanchjim filter)	ignore	
https://superreview.squig.link/data/Akoustyx%20S-6%20(Tanchjim)%20R.txt	Akoustyx S-6 (S2 + Tanchjim filter)	Akoustyx S-6 (S2 + Tanchjim filter)	ignore	
https://superreview.squig.link/data/Alpha%20Omega%20Omega%20000%20L.txt	Alpha & Omega Omega (switches: DDD)	Alpha Omega Omega (off-off-off)	in-ear	711
https://superreview.squig.link/data/Alpha%20Omega%20Omega%20000%20R.txt	Alpha & Omega Omega (switches: DDD)	Alpha Omega Omega (off-off-off)	in-ear	711
https://superreview.squig.link/data/Alpha%20Omega%20Omega%20110%20L.txt	Alpha & Omega Omega (switches: UUD)	Alpha Omega Omega (on-on-off)	in-ear	711
https://superreview.squig.link/data/Alpha%20Omega%20Omega%20110%20R.txt	Alpha & Omega Omega (switches: UUD)	Alpha Omega Omega (on-on-off)	in-ear	711
https://superreview.squig.link/data/Alpha%20Omega%20Omega%20111%20L.txt	Alpha & Omega Omega (switches: UUU)	Alpha Omega Omega (on-on-on)	in-ear	711
https://superreview.squig.link/data/Alpha%20Omega%20Omega%20111%20R.txt	Alpha & Omega Omega (switches: UUU)	Alpha Omega Omega (on-on-on)	in-ear	711
https://superreview.squig.link/data/Alpha%20Omega%20Omega%20100%20L.txt	Alpha & Omega Omega (switches: UDD)	Alpha Omega Omega on-off-off)	in-ear	711
https://superreview.squig.link/data/Alpha%20Omega%20Omega%20100%20R.txt	Alpha & Omega Omega (switches: UDD)	Alpha Omega Omega on-off-off)	in-ear	711
https://superreview.squig.link/data/Alpha%20Omega%20Ra%20L.txt	Alpha & Omega Ra	Alpha Omega Ra	in-ear	711
https://superreview.squig.link/data/Alpha%20Omega%20Ra%20R.txt	Alpha & Omega Ra	Alpha Omega Ra	in-ear	711
https://squig.link/headphones/data/Amazon%20Basics%20Active%20Noise%20Cancelling%20Headphones%20L1.txt	Amazon Basics Active Noise Cancelling Headphones (model: AMZ-B6080B)	Amazon Basics Active Noise Cancelling Headphones (model AMZ-B6080B)	over-ear	KB006x + 711
https://squig.link/headphones/data/Amazon%20Basics%20Active%20Noise%20Cancelling%20Headphones%20L2.txt	Amazon Basics Active Noise Cancelling Headphones (model: AMZ-B6080B)	Amazon Basics Active Noise Cancelling Headphones (model AMZ-B6080B)	over-ear	KB006x + 711
https://squig.link/headphones/data/Amazon%20Basics%20Active%20Noise%20Cancelling%20Headphones%20L3.txt	Amazon Basics Active Noise Cancelling Headphones (model: AMZ-B6080B)	Amazon Basics Active Noise Cancelling Headphones (model AMZ-B6080B)	over-ear	KB006x + 711
https://squig.link/headphones/data/Amazon%20Basics%20Active%20Noise%20Cancelling%20Headphones%20R1.txt	Amazon Basics Active Noise Cancelling Headphones (model: AMZ-B6080B)	Amazon Basics Active Noise Cancelling Headphones (model AMZ-B6080B)	over-ear	KB006x + 711
https://squig.link/headphones/data/Amazon%20Basics%20Active%20Noise%20Cancelling%20Headphones%20R2.txt	Amazon Basics Active Noise Cancelling Headphones (model: AMZ-B6080B)	Amazon Basics Active Noise Cancelling Headphones (model AMZ-B6080B)	over-ear	KB006x + 711
https://squig.link/headphones/data/Amazon%20Basics%20Active%20Noise%20Cancelling%20Headphones%20R3.txt	Amazon Basics Active Noise Cancelling Headphones (model: AMZ-B6080B)	Amazon Basics Active Noise Cancelling Headphones (model AMZ-B6080B)	over-ear	KB006x + 711
https://squig.link/data/Apevoix%20Nebula%20L.txt	Apevoix Nebula 	Apevoix Nebula	in-ear	711
https://squig.link/data/Apevoix%20Nebula%20R.txt	Apevoix Nebula 	Apevoix Nebula	in-ear	711
https://squig.link/data/Apevoix%20Nebula%20deep%20L.txt	Apevoix Nebula (insert: deep)	Apevoix Nebula (insert deep)	in-ear	711
https://squig.link/data/Apevoix%20Nebula%20deep%20R.txt	Apevoix Nebula (insert: deep)	Apevoix Nebula (insert deep)	in-ear	711
https://squig.link/data/Apevoix%20Nebula%20shallow%20L.txt	Apevoix Nebula (insert: shallow)	Apevoix Nebula (insert shallow)	in-ear	711
https://squig.link/data/Apevoix%20Nebula%20shallow%20R.txt	Apevoix Nebula (insert: shallow)	Apevoix Nebula (insert shallow)	in-ear	711
https://squig.link/data/Apos%20Rock%20Lobster%20L.txt	Apos x Community Rock Lobster 	Apos Audio x Community Rock Lobster	in-ear	711
https://squig.link/data/Apos%20Rock%20Lobster%20R.txt	Apos x Community Rock Lobster 	Apos Audio x Community Rock Lobster	in-ear	711
https://squig.link/data/Apos%20Rock%20Lobster%20deep%20L.txt	Apos x Community Rock Lobster (insert: deep)	Apos Audio x Community Rock Lobster (insert deep)	in-ear	711
https://squig.link/data/Apos%20Rock%20Lobster%20deep%20R.txt	Apos x Community Rock Lobster (insert: deep)	Apos Audio x Community Rock Lobster (insert deep)	in-ear	711
https://squig.link/data/Apos%20Rock%20Lobster%20shallow%20L.txt	Apos x Community Rock Lobster (insert: shallow)	Apos Audio x Community Rock Lobster (insert shallow)	in-ear	711
https://squig.link/data/Apos%20Rock%20Lobster%20shallow%20R.txt	Apos x Community Rock Lobster (insert: shallow)	Apos Audio x Community Rock Lobster (insert shallow)	in-ear	711
https://superreview.squig.link/earbuds/data/Apple%20AirPods%202%20R1.txt		Apple AirPods 2	earbud	KB006x + 711
https://superreview.squig.link/earbuds/data/Apple%20AirPods%202%20R2.txt		Apple AirPods 2	earbud	KB006x + 711
https://superreview.squig.link/earbuds/data/Apple%20AirPods%202%20R3.txt		Apple AirPods 2	earbud	KB006x + 711
https://superreview.squig.link/earbuds/data/Apple%20AirPods%203%20R1.txt		Apple AirPods 3	earbud	KB006x + 711
https://superreview.squig.link/earbuds/data/Apple%20AirPods%203%20R2.txt		Apple AirPods 3	earbud	KB006x + 711
https://superreview.squig.link/earbuds/data/Apple%20AirPods%203%20R3.txt		Apple AirPods 3	earbud	KB006x + 711
https://superreview.squig.link/earbuds/data/Apple%20EarPods%20R3.txt		Apple AirPods 3	earbud	KB006x + 711
https://superreview.squig.link/data/Apple%20AirPods%20Pro%20L.txt	Apple AirPods Pro (firmware 3A283)	Apple AirPods Pro	in-ear	711
https://squig.link/data/Apple%20AirPods%20Pro%20100%20L.txt	Apple AirPods Pro (volume: 100%)	Apple AirPods Pro (volume 100%)	in-ear	711
https://squig.link/data/Apple%20AirPods%20Pro%20100%20R.txt	Apple AirPods Pro (volume: 100%)	Apple AirPods Pro (volume 100%)	in-ear	711
https://squig.link/data/Apple%20AirPods%20Pro%2025%20L.txt	Apple AirPods Pro (volume: 25%)	Apple AirPods Pro (volume 25%)	in-ear	711
https://squig.link/data/Apple%20AirPods%20Pro%2025%20R.txt	Apple AirPods Pro (volume: 25%)	Apple AirPods Pro (volume 25%)	in-ear	711
https://squig.link/data/Apple%20AirPods%20Pro%2050%20L.txt	Apple AirPods Pro (volume: 50%)	Apple AirPods Pro (volume 50%)	in-ear	711
https://squig.link/data/Apple%20AirPods%20Pro%2050%20R.txt	Apple AirPods Pro (volume: 50%)	Apple AirPods Pro (volume 50%)	in-ear	711
https://squig.link/data/Apple%20AirPods%20Pro%2075%20L.txt	Apple AirPods Pro (volume: 75%)	Apple AirPods Pro (volume 75%)	in-ear	711
https://squig.link/data/Apple%20AirPods%20Pro%2075%20R.txt	Apple AirPods Pro (volume: 75%)	Apple AirPods Pro (volume 75%)	in-ear	711
https://squig.link/data/Apple%20AirPods%20Pro%202%20100%20L.txt	Apple AirPods Pro 2 (volume: 100%)	Apple AirPods Pro 2 (volume 100%)	in-ear	711
https://squig.link/data/Apple%20AirPods%20Pro%202%20100%20R.txt	Apple AirPods Pro 2 (volume: 100%)	Apple AirPods Pro 2 (volume 100%)	in-ear	711
https://squig.link/data/Apple%20AirPods%20Pro%202%2025%20L.txt	Apple AirPods Pro 2 (volume: 25%)	Apple AirPods Pro 2 (volume 25%)	in-ear	711
https://squig.link/data/Apple%20AirPods%20Pro%202%2025%20R.txt	Apple AirPods Pro 2 (volume: 25%)	Apple AirPods Pro 2 (volume 25%)	in-ear	711
https://squig.link/data/Apple%20AirPods%20Pro%202%2050%20L.txt	Apple AirPods Pro 2 (volume: 50%)	Apple AirPods Pro 2 (volume 50%)	in-ear	711
https://squig.link/data/Apple%20AirPods%20Pro%202%2050%20R.txt	Apple AirPods Pro 2 (volume: 50%)	Apple AirPods Pro 2 (volume 50%)	in-ear	711
https://squig.link/data/Apple%20AirPods%20Pro%202%2075%20L.txt	Apple AirPods Pro 2 (volume: 75%)	Apple AirPods Pro 2 (volume 75%)	in-ear	711
https://squig.link/data/Apple%20AirPods%20Pro%202%2075%20R.txt	Apple AirPods Pro 2 (volume: 75%)	Apple AirPods Pro 2 (volume 75%)	in-ear	711
https://squig.link/data/Apple%20AirPods%20Pro%203%20100%20L.txt	Apple AirPods Pro 3 (volume: 100% :: firmware: 8A357)	Apple AirPods Pro 3 (volume 100% firmware 8A357)	in-ear	711
https://squig.link/data/Apple%20AirPods%20Pro%203%20100%20R.txt	Apple AirPods Pro 3 (volume: 100% :: firmware: 8A357)	Apple AirPods Pro 3 (volume 100% firmware 8A357)	in-ear	711
https://squig.link/data/Apple%20AirPods%20Pro%203%20100%208A358%20L.txt	Apple AirPods Pro 3 (volume: 100% :: firmware: 8A358)	Apple AirPods Pro 3 (volume 100% firmware 8A358)	in-ear	711
https://squig.link/data/Apple%20AirPods%20Pro%203%20100%208A358%20R.txt	Apple AirPods Pro 3 (volume: 100% :: firmware: 8A358)	Apple AirPods Pro 3 (volume 100% firmware 8A358)	in-ear	711
https://squig.link/data/Apple%20AirPods%20Pro%203%2025%20L.txt	Apple AirPods Pro 3 (volume: 25% :: firmware: 8A357)	Apple AirPods Pro 3 (volume 25% firmware 8A357)	in-ear	711
https://squig.link/data/Apple%20AirPods%20Pro%203%2025%20R.txt	Apple AirPods Pro 3 (volume: 25% :: firmware: 8A357)	Apple AirPods Pro 3 (volume 25% firmware 8A357)	in-ear	711
https://squig.link/data/Apple%20AirPods%20Pro%203%2025%208A358%20L.txt	Apple AirPods Pro 3 (volume: 25% :: firmware: 8A358)	Apple AirPods Pro 3 (volume 25% firmware 8A358)	in-ear	711
https://squig.link/data/Apple%20AirPods%20Pro%203%2025%208A358%20R.txt	Apple AirPods Pro 3 (volume: 25% :: firmware: 8A358)	Apple AirPods Pro 3 (volume 25% firmware 8A358)	in-ear	711
https://squig.link/data/Apple%20AirPods%20Pro%203%20balanced%20moderate%2050%20L.txt	Apple AirPods Pro 3 (volume: 50% :: accomodations: balanced tone - moderate)	Apple AirPods Pro 3 (volume 50% accomodations balanced tone - moderate)	in-ear	711
https://squig.link/data/Apple%20AirPods%20Pro%203%20balanced%20moderate%2050%20R.txt	Apple AirPods Pro 3 (volume: 50% :: accomodations: balanced tone - moderate)	Apple AirPods Pro 3 (volume 50% accomodations balanced tone - moderate)	in-ear	711
https://squig.link/data/Apple%20AirPods%20Pro%203%20balanced%20slight%2050%20L.txt	Apple AirPods Pro 3 (volume: 50% :: accomodations: balanced tone - slight)	Apple AirPods Pro 3 (volume 50% accomodations balanced tone - slight)	in-ear	711
https://squig.link/data/Apple%20AirPods%20Pro%203%20balanced%20slight%2050%20R.txt	Apple AirPods Pro 3 (volume: 50% :: accomodations: balanced tone - slight)	Apple AirPods Pro 3 (volume 50% accomodations balanced tone - slight)	in-ear	711
https://squig.link/data/Apple%20AirPods%20Pro%203%20balanced%20strong%2050%20L.txt	Apple AirPods Pro 3 (volume: 50% :: accomodations: balanced tone - strong)	Apple AirPods Pro 3 (volume 50% accomodations balanced tone - strong)	in-ear	711
https://squig.link/data/Apple%20AirPods%20Pro%203%20balanced%20strong%2050%20R.txt	Apple AirPods Pro 3 (volume: 50% :: accomodations: balanced tone - strong)	Apple AirPods Pro 3 (volume 50% accomodations balanced tone - strong)	in-ear	711
https://squig.link/data/Apple%20AirPods%20Pro%203%20brightness%20moderate%2050%20L.txt	Apple AirPods Pro 3 (volume: 50% :: accomodations: brightness - moderate)	Apple AirPods Pro 3 (volume 50% accomodations brightness - moderate)	in-ear	711
https://squig.link/data/Apple%20AirPods%20Pro%203%20brightness%20moderate%2050%20R.txt	Apple AirPods Pro 3 (volume: 50% :: accomodations: brightness - moderate)	Apple AirPods Pro 3 (volume 50% accomodations brightness - moderate)	in-ear	711
https://squig.link/data/Apple%20AirPods%20Pro%203%20brightness%20slight%2050%20L.txt	Apple AirPods Pro 3 (volume: 50% :: accomodations: brightness - slight)	Apple AirPods Pro 3 (volume 50% accomodations brightness - slight)	in-ear	711
https://squig.link/data/Apple%20AirPods%20Pro%203%20brightness%20slight%2050%20R.txt	Apple AirPods Pro 3 (volume: 50% :: accomodations: brightness - slight)	Apple AirPods Pro 3 (volume 50% accomodations brightness - slight)	in-ear	711
https://squig.link/data/Apple%20AirPods%20Pro%203%20brightness%20strong%2050%20L.txt	Apple AirPods Pro 3 (volume: 50% :: accomodations: brightness - strong)	Apple AirPods Pro 3 (volume 50% accomodations brightness - strong)	in-ear	711
https://squig.link/data/Apple%20AirPods%20Pro%203%20brightness%20strong%2050%20R.txt	Apple AirPods Pro 3 (volume: 50% :: accomodations: brightness - strong)	Apple AirPods Pro 3 (volume 50% accomodations brightness - strong)	in-ear	711
https://squig.link/data/Apple%20AirPods%20Pro%203%20vocal%20moderate%2050%20L.txt	Apple AirPods Pro 3 (volume: 50% :: accomodations: vocal range - moderate)	Apple AirPods Pro 3 (volume 50% accomodations vocal range - moderate)	in-ear	711
https://squig.link/data/Apple%20AirPods%20Pro%203%20vocal%20moderate%2050%20R.txt	Apple AirPods Pro 3 (volume: 50% :: accomodations: vocal range - moderate)	Apple AirPods Pro 3 (volume 50% accomodations vocal range - moderate)	in-ear	711
https://squig.link/data/Apple%20AirPods%20Pro%203%20vocal%20slight%2050%20L.txt	Apple AirPods Pro 3 (volume: 50% :: accomodations: vocal range - slight)	Apple AirPods Pro 3 (volume 50% accomodations vocal range - slight)	in-ear	711
https://squig.link/data/Apple%20AirPods%20Pro%203%20vocal%20slight%2050%20R.txt	Apple AirPods Pro 3 (volume: 50% :: accomodations: vocal range - slight)	Apple AirPods Pro 3 (volume 50% accomodations vocal range - slight)	in-ear	711
https://squig.link/data/Apple%20AirPods%20Pro%203%20vocal%20strong%2050%20L.txt	Apple AirPods Pro 3 (volume: 50% :: accomodations: vocal range - strong)	Apple AirPods Pro 3 (volume 50% accomodations vocal range - strong)	in-ear	711
https://squig.link/data/Apple%20AirPods%20Pro%203%20vocal%20strong%2050%20R.txt	Apple AirPods Pro 3 (volume: 50% :: accomodations: vocal range - strong)	Apple AirPods Pro 3 (volume 50% accomodations vocal range - strong)	in-ear	711
https://squig.link/data/Apple%20AirPods%20Pro%203%2050%20L.txt	Apple AirPods Pro 3 (volume: 50% :: firmware: 8A357)	Apple AirPods Pro 3 (volume 50% firmware 8A357)	in-ear	711
https://squig.link/data/Apple%20AirPods%20Pro%203%2050%20R.txt	Apple AirPods Pro 3 (volume: 50% :: firmware: 8A357)	Apple AirPods Pro 3 (volume 50% firmware 8A357)	in-ear	711
https://squig.link/data/Apple%20AirPods%20Pro%203%2050%208A358%20L.txt	Apple AirPods Pro 3 (volume: 50% :: firmware: 8A358)	Apple AirPods Pro 3 (volume 50% firmware 8A358)	in-ear	711
https://squig.link/data/Apple%20AirPods%20Pro%203%2050%208A358%20R.txt	Apple AirPods Pro 3 (volume: 50% :: firmware: 8A358)	Apple AirPods Pro 3 (volume 50% firmware 8A358)	in-ear	711
https://squig.link/data/Apple%20AirPods%20Pro%203%20625%20L.txt	Apple AirPods Pro 3 (volume: 62.5% :: firmware: 8A357)	Apple AirPods Pro 3 (volume 62.5% firmware 8A357)	in-ear	711
https://squig.link/data/Apple%20AirPods%20Pro%203%20625%20R.txt	Apple AirPods Pro 3 (volume: 62.5% :: firmware: 8A357)	Apple AirPods Pro 3 (volume 62.5% firmware 8A357)	in-ear	711
https://squig.link/data/Apple%20AirPods%20Pro%203%20625%208A358%20L.txt	Apple AirPods Pro 3 (volume: 62.5% :: firmware: 8A358)	Apple AirPods Pro 3 (volume 62.5% firmware 8A358)	in-ear	711
https://squig.link/data/Apple%20AirPods%20Pro%203%20625%208A358%20R.txt	Apple AirPods Pro 3 (volume: 62.5% :: firmware: 8A358)	Apple AirPods Pro 3 (volume 62.5% firmware 8A358)	in-ear	711
https://squig.link/data/Apple%20AirPods%20Pro%203%2075%20L.txt	Apple AirPods Pro 3 (volume: 75% :: firmware: 8A357)	Apple AirPods Pro 3 (volume 75% firmware 8A357)	in-ear	711
https://squig.link/data/Apple%20AirPods%20Pro%203%2075%20R.txt	Apple AirPods Pro 3 (volume: 75% :: firmware: 8A357)	Apple AirPods Pro 3 (volume 75% firmware 8A357)	in-ear	711
https://squig.link/data/Apple%20AirPods%20Pro%203%2075%208A358%20L.txt	Apple AirPods Pro 3 (volume: 75% :: firmware: 8A358)	Apple AirPods Pro 3 (volume 75% firmware 8A358)	in-ear	711
https://squig.link/data/Apple%20AirPods%20Pro%203%2075%208A358%20R.txt	Apple AirPods Pro 3 (volume: 75% :: firmware: 8A358)	Apple AirPods Pro 3 (volume 75% firmware 8A358)	in-ear	711
https://superreview.squig.link/earbuds/data/Apple%20EarPods%20R1.txt		Apple EarPods	earbud	KB006x + 711
https://superreview.squig.link/earbuds/data/Apple%20EarPods%20R2.txt		Apple EarPods	earbud	KB006x + 711
https://superreview.squig.link/data/Arpegear%20Hane%20DDDD%20L.txt	Arpegear Hane (switches: DDDD)	Arpegear Hane (off-off-off-off)	in-ear	711
https://superreview.squig.link/data/Arpegear%20Hane%20DDDD%20R.txt	Arpegear Hane (switches: DDDD)	Arpegear Hane (off-off-off-off)	in-ear	711
https://superreview.squig.link/data/Arpegear%20Hane%20DDDU%20L.txt	Arpegear Hane (switches: DDDU)	Arpegear Hane (off-off-off-on)	in-ear	711
https://superreview.squig.link/data/Arpegear%20Hane%20DDDU%20R.txt	Arpegear Hane (switches: DDDU)	Arpegear Hane (off-off-off-on)	in-ear	711
https://superreview.squig.link/data/Arpegear%20Hane%20DDUD%20L.txt	Arpegear Hane (switches: DDUD)	Arpegear Hane (off-off-on-off)	in-ear	711
https://superreview.squig.link/data/Arpegear%20Hane%20DDUD%20R.txt	Arpegear Hane (switches: DDUD)	Arpegear Hane (off-off-on-off)	in-ear	711
https://superreview.squig.link/data/Arpegear%20Hane%20DUDD%20L.txt	Arpegear Hane (switches: DUDD)	Arpegear Hane (off-on-off-off)	in-ear	711
https://superreview.squig.link/data/Arpegear%20Hane%20DUDD%20R.txt	Arpegear Hane (switches: DUDD)	Arpegear Hane (off-on-off-off)	in-ear	711
https://superreview.squig.link/data/Arpegear%20Hane%20UDDD%20L.txt	Arpegear Hane (switches: UDDD)	Arpegear Hane (on-off-off-off)	in-ear	711
https://superreview.squig.link/data/Arpegear%20Hane%20UDDD%20R.txt	Arpegear Hane (switches: UDDD)	Arpegear Hane (on-off-off-off)	in-ear	711
https://squig.link/data/Artpical%20Raphael%20L.txt	Artpical Raphael	Artpical Raphael	in-ear	711
https://squig.link/data/Artpical%20Raphael%20R.txt	Artpical Raphael	Artpical Raphael	in-ear	711
https://superreview.squig.link/earbuds/data/Astrotec%20Lyra%20Nature%20R1.txt		Astrotec Lyra Nature	earbud	KB006x + 711
https://superreview.squig.link/earbuds/data/Astrotec%20Lyra%20Nature%20(no%20foam)%20R1.txt		Astrotec Lyra Nature (no foam)	earbud	KB006x + 711
https://superreview.squig.link/data/Auglamour%20F300%20L.txt	Auglamour F300	AuGlamour F300	in-ear	711
https://superreview.squig.link/data/Auglamour%20RT-3%20L.txt	Auglamour RT-3	AuGlamour RT-3	in-ear	711
https://superreview.squig.link/headphones/data/Audeze%20LCD-2%20Closed%20L1.txt	Audeze LCD-2 Closed Back	Audeze LCD-2 Closed Back	over-ear	KB006x + 711
https://superreview.squig.link/headphones/data/Audeze%20LCD-2%20Closed%20L2.txt	Audeze LCD-2 Closed Back	Audeze LCD-2 Closed Back	over-ear	KB006x + 711
https://superreview.squig.link/headphones/data/Audeze%20LCD-2%20Closed%20L3.txt	Audeze LCD-2 Closed Back	Audeze LCD-2 Closed Back	over-ear	KB006x + 711
https://superreview.squig.link/headphones/data/Audeze%20LCD-2%20Closed%20R1.txt	Audeze LCD-2 Closed Back	Audeze LCD-2 Closed Back	over-ear	KB006x + 711
https://superreview.squig.link/headphones/data/Audeze%20LCD-2%20Closed%20R2.txt	Audeze LCD-2 Closed Back	Audeze LCD-2 Closed Back	over-ear	KB006x + 711
https://superreview.squig.link/headphones/data/Audeze%20LCD-2%20Closed%20R3.txt	Audeze LCD-2 Closed Back	Audeze LCD-2 Closed Back	over-ear	KB006x + 711
https://superreview.squig.link/headphones/data/Audeze%20MM-500%20L1.txt	Audeze MM-500	Audeze MM-500	over-ear	KB006x + 711
https://superreview.squig.link/headphones/data/Audeze%20MM-500%20L2.txt	Audeze MM-500	Audeze MM-500	over-ear	KB006x + 711
https://superreview.squig.link/headphones/data/Audeze%20MM-500%20L3.txt	Audeze MM-500	Audeze MM-500	over-ear	KB006x + 711
https://superreview.squig.link/headphones/data/Audeze%20MM-500%20R1.txt	Audeze MM-500	Audeze MM-500	over-ear	KB006x + 711
https://superreview.squig.link/headphones/data/Audeze%20MM-500%20R2.txt	Audeze MM-500	Audeze MM-500	over-ear	KB006x + 711
https://superreview.squig.link/headphones/data/Audeze%20MM-500%20R3.txt	Audeze MM-500	Audeze MM-500	over-ear	KB006x + 711
https://superreview.squig.link/data/Audio%20Hekili%20L.txt	Audio Hekili	Audio Hekili	ignore	
https://superreview.squig.link/data/Audio%20Hekili%20R.txt	Audio Hekili	Audio Hekili	ignore	
https://superreview.squig.link/data/Audio%20Lokahi%207BA%20L.txt	Audio Lokahi	Audio Lokahi	ignore	
https://superreview.squig.link/data/Audiosense%20AQ7%20L.txt	Audiosense AQ7	Audiosense AQ7	in-ear	711
https://superreview.squig.link/data/Audiosense%20DT200%20L.txt	Audiosense DT200	Audiosense DT200	in-ear	711
https://superreview.squig.link/data/Audiosense%20T180%20L.txt	Audiosense T180	Audiosense T180	in-ear	711
https://superreview.squig.link/data/Aune%20Jasper%20(Tanchjim%20filter)%20L.txt	Aune Jasper (Tanchjim filter)	Aune Jasper (Tanchjim filter)	ignore	
https://superreview.squig.link/data/Aune%20Jasper%20(Tanchjim%20filter)%20R.txt	Aune Jasper (Tanchjim filter)	Aune Jasper (Tanchjim filter)	ignore	
https://superreview.squig.link/headphones/data/Auribus%20Acoustics%20Everest%20L1.txt	Auribus Acoustics Everest	Auribus Acoustics Everest	over-ear	KB006x + 711
https://superreview.squig.link/headphones/data/Auribus%20Acoustics%20Everest%20L2.txt	Auribus Acoustics Everest	Auribus Acoustics Everest	over-ear	KB006x + 711
https://superreview.squig.link/headphones/data/Auribus%20Acoustics%20Everest%20L3.txt	Auribus Acoustics Everest	Auribus Acoustics Everest	over-ear	KB006x + 711
https://superreview.squig.link/headphones/data/Auribus%20Acoustics%20Everest%20R1.txt	Auribus Acoustics Everest	Auribus Acoustics Everest	over-ear	KB006x + 711
https://superreview.squig.link/headphones/data/Auribus%20Acoustics%20Everest%20R2.txt	Auribus Acoustics Everest	Auribus Acoustics Everest	over-ear	KB006x + 711
https://superreview.squig.link/headphones/data/Auribus%20Acoustics%20Everest%20R3.txt	Auribus Acoustics Everest	Auribus Acoustics Everest	over-ear	KB006x + 711
https://superreview.squig.link/headphones/data/Auribus%20Acoustics%20Everest%20ZMF%20+%20AKG%20L1.txt	Auribus Acoustics Everest (pads: ZMF Universe hybrid + AKG K240 foam disc)	Auribus Acoustics Everest (pads: ZMF Universe hybrid + AKG K240 foam disc)	ignore	KB006x + 711
https://superreview.squig.link/headphones/data/Auribus%20Acoustics%20Everest%20ZMF%20+%20AKG%20L2.txt	Auribus Acoustics Everest (pads: ZMF Universe hybrid + AKG K240 foam disc)	Auribus Acoustics Everest (pads: ZMF Universe hybrid + AKG K240 foam disc)	ignore	KB006x + 711
https://superreview.squig.link/headphones/data/Auribus%20Acoustics%20Everest%20ZMF%20+%20AKG%20L3.txt	Auribus Acoustics Everest (pads: ZMF Universe hybrid + AKG K240 foam disc)	Auribus Acoustics Everest (pads: ZMF Universe hybrid + AKG K240 foam disc)	ignore	KB006x + 711
https://superreview.squig.link/headphones/data/Auribus%20Acoustics%20Everest%20ZMF%20+%20AKG%20R1.txt	Auribus Acoustics Everest (pads: ZMF Universe hybrid + AKG K240 foam disc)	Auribus Acoustics Everest (pads: ZMF Universe hybrid + AKG K240 foam disc)	ignore	KB006x + 711
https://superreview.squig.link/headphones/data/Auribus%20Acoustics%20Everest%20ZMF%20+%20AKG%20R2.txt	Auribus Acoustics Everest (pads: ZMF Universe hybrid + AKG K240 foam disc)	Auribus Acoustics Everest (pads: ZMF Universe hybrid + AKG K240 foam disc)	ignore	KB006x + 711
https://superreview.squig.link/headphones/data/Auribus%20Acoustics%20Everest%20ZMF%20+%20AKG%20R3.txt	Auribus Acoustics Everest (pads: ZMF Universe hybrid + AKG K240 foam disc)	Auribus Acoustics Everest (pads: ZMF Universe hybrid + AKG K240 foam disc)	ignore	KB006x + 711
https://squig.link/headphones/data/Auribus%20Sierra%20Aluminum%20L1.txt	Auribus Acoustics Sierra Aluminum	Auribus Acoustics Sierra Aluminum	over-ear	KB006x + 711
https://squig.link/headphones/data/Auribus%20Sierra%20Aluminum%20L2.txt	Auribus Acoustics Sierra Aluminum	Auribus Acoustics Sierra Aluminum	over-ear	KB006x + 711
https://squig.link/headphones/data/Auribus%20Sierra%20Aluminum%20L3.txt	Auribus Acoustics Sierra Aluminum	Auribus Acoustics Sierra Aluminum	over-ear	KB006x + 711
https://squig.link/headphones/data/Auribus%20Sierra%20Aluminum%20R1.txt	Auribus Acoustics Sierra Aluminum	Auribus Acoustics Sierra Aluminum	over-ear	KB006x + 711
https://squig.link/headphones/data/Auribus%20Sierra%20Aluminum%20R2.txt	Auribus Acoustics Sierra Aluminum	Auribus Acoustics Sierra Aluminum	over-ear	KB006x + 711
https://squig.link/headphones/data/Auribus%20Sierra%20Aluminum%20R3.txt	Auribus Acoustics Sierra Aluminum	Auribus Acoustics Sierra Aluminum	over-ear	KB006x + 711
https://superreview.squig.link/headphones/data/Auribus%20Sierra%20S2%20L1.txt	Auribus Acoustics Sierra Open 	Auribus Acoustics Sierra Open	over-ear	KB006x + 711
https://superreview.squig.link/headphones/data/Auribus%20Sierra%20S2%20L2.txt	Auribus Acoustics Sierra Open 	Auribus Acoustics Sierra Open	over-ear	KB006x + 711
https://superreview.squig.link/headphones/data/Auribus%20Sierra%20S2%20L3.txt	Auribus Acoustics Sierra Open 	Auribus Acoustics Sierra Open	over-ear	KB006x + 711
https://superreview.squig.link/headphones/data/Auribus%20Sierra%20S2%20R1.txt	Auribus Acoustics Sierra Open 	Auribus Acoustics Sierra Open	over-ear	KB006x + 711
https://superreview.squig.link/headphones/data/Auribus%20Sierra%20S2%20R2.txt	Auribus Acoustics Sierra Open 	Auribus Acoustics Sierra Open	over-ear	KB006x + 711
https://superreview.squig.link/headphones/data/Auribus%20Sierra%20S2%20R3.txt	Auribus Acoustics Sierra Open 	Auribus Acoustics Sierra Open	over-ear	KB006x + 711
https://superreview.squig.link/headphones/data/Auribus%20Sierra%20L1.txt	Auribus Acoustics Sierra Open (pre-production)	Auribus Acoustics Sierra Open (pre-production)	ignore	KB006x + 711
https://superreview.squig.link/headphones/data/Auribus%20Sierra%20L2.txt	Auribus Acoustics Sierra Open (pre-production)	Auribus Acoustics Sierra Open (pre-production)	ignore	KB006x + 711
https://superreview.squig.link/headphones/data/Auribus%20Sierra%20L3.txt	Auribus Acoustics Sierra Open (pre-production)	Auribus Acoustics Sierra Open (pre-production)	ignore	KB006x + 711
https://superreview.squig.link/headphones/data/Auribus%20Sierra%20R1.txt	Auribus Acoustics Sierra Open (pre-production)	Auribus Acoustics Sierra Open (pre-production)	ignore	KB006x + 711
https://superreview.squig.link/headphones/data/Auribus%20Sierra%20R2.txt	Auribus Acoustics Sierra Open (pre-production)	Auribus Acoustics Sierra Open (pre-production)	ignore	KB006x + 711
https://superreview.squig.link/headphones/data/Auribus%20Sierra%20R3.txt	Auribus Acoustics Sierra Open (pre-production)	Auribus Acoustics Sierra Open (pre-production)	ignore	KB006x + 711
https://superreview.squig.link/headphones/data/Austrian%20Audio%20Hi-X60%20L1.txt	Austrian Audio Hi-X60	Austrian Audio Hi-X60	over-ear	KB006x + 711
https://superreview.squig.link/headphones/data/Austrian%20Audio%20Hi-X60%20L2.txt	Austrian Audio Hi-X60	Austrian Audio Hi-X60	over-ear	KB006x + 711
https://superreview.squig.link/headphones/data/Austrian%20Audio%20Hi-X60%20L3.txt	Austrian Audio Hi-X60	Austrian Audio Hi-X60	over-ear	KB006x + 711
https://superreview.squig.link/headphones/data/Austrian%20Audio%20Hi-X60%20R1.txt	Austrian Audio Hi-X60	Austrian Audio Hi-X60	over-ear	KB006x + 711
https://superreview.squig.link/headphones/data/Austrian%20Audio%20Hi-X60%20R2.txt	Austrian Audio Hi-X60	Austrian Audio Hi-X60	over-ear	KB006x + 711
https://superreview.squig.link/headphones/data/Austrian%20Audio%20Hi-X60%20R3.txt	Austrian Audio Hi-X60	Austrian Audio Hi-X60	over-ear	KB006x + 711
https://squig.link/headphones/data/Austrian%20Audio%20Arranger%20L1.txt	Austrian Audio The Arranger	Austrian Audio The Arranger	over-ear	KB006x + 711
https://squig.link/headphones/data/Austrian%20Audio%20Arranger%20L2.txt	Austrian Audio The Arranger	Austrian Audio The Arranger	over-ear	KB006x + 711
https://squig.link/headphones/data/Austrian%20Audio%20Arranger%20L3.txt	Austrian Audio The Arranger	Austrian Audio The Arranger	over-ear	KB006x + 711
https://squig.link/headphones/data/Austrian%20Audio%20Arranger%20R1.txt	Austrian Audio The Arranger	Austrian Audio The Arranger	over-ear	KB006x + 711
https://squig.link/headphones/data/Austrian%20Audio%20Arranger%20R2.txt	Austrian Audio The Arranger	Austrian Audio The Arranger	over-ear	KB006x + 711
https://squig.link/headphones/data/Austrian%20Audio%20Arranger%20R3.txt	Austrian Audio The Arranger	Austrian Audio The Arranger	over-ear	KB006x + 711
https://superreview.squig.link/data/BGVP%20DM6%20L.txt	BGVP DM6	BGVP DM6	in-ear	711
https://superreview.squig.link/data/BGVP%20DM8%20L.txt	BGVP DM8	BGVP DM8	in-ear	711
https://superreview.squig.link/data/BGVP%20DM9%20L.txt	BGVP DM9	BGVP DM9	in-ear	711
https://superreview.squig.link/data/BGVP%20DM9%20R.txt	BGVP DM9	BGVP DM9	in-ear	711
https://superreview.squig.link/data/BGVP%20DMA%20L.txt	BGVP DMA	BGVP DMA	in-ear	711
https://superreview.squig.link/data/BGVP%20DMA%20R.txt	BGVP DMA	BGVP DMA	in-ear	711
https://superreview.squig.link/data/BGVP%20DMG%20(silver)%20L.txt	BGVP DMG (silver filter)	BGVP DMG (silver)	in-ear	711
https://superreview.squig.link/data/BGVP%20Melody%20(balanced)%20L.txt	BGVP Melody (nozzle: balanced)	BGVP Melody (balanced nozzle)	in-ear	711
https://superreview.squig.link/data/BGVP%20Melody%20(balanced)%20R.txt	BGVP Melody (nozzle: balanced)	BGVP Melody (balanced nozzle)	in-ear	711
https://superreview.squig.link/data/BGVP%20Melody%20(hifi)%20L.txt	BGVP Melody (nozzle: hifi)	BGVP Melody (hifi nozzle)	in-ear	711
https://superreview.squig.link/data/BGVP%20Melody%20(hifi)%20R.txt	BGVP Melody (nozzle: hifi)	BGVP Melody (hifi nozzle)	in-ear	711
https://superreview.squig.link/data/BGVP%20Melody%20(pop)%20L.txt	BGVP Melody (nozzle: pop)	BGVP Melody (pop nozzle)	in-ear	711
https://superreview.squig.link/data/BGVP%20Melody%20(pop)%20R.txt	BGVP Melody (nozzle: pop)	BGVP Melody (pop nozzle)	in-ear	711
https://superreview.squig.link/data/BGVP%20NS9%20(black%20tips)%20L.txt	BGVP NS9 (tips: black)	BGVP NS9 (black eartips)	in-ear	711
https://superreview.squig.link/data/BGVP%20NS9%20(gray)%20L.txt	BGVP NS9 (gray filter)	BGVP NS9 (gray filter)	in-ear	711
https://superreview.squig.link/data/BGVP%20NS9%20(black%20tips%20+%20no%20mesh)%20L.txt	BGVP NS9 (tips: black, no mesh)	BGVP NS9 (no mesh, black eartips)	in-ear	711
https://superreview.squig.link/data/BGVP%20NS9%20(red)%20L.txt	BGVP NS9 (red filter)	BGVP NS9 (red filter)	in-ear	711
https://superreview.squig.link/data/BGVP%20NS9%20(silver)%20L.txt	BGVP NS9 (silver filter)	BGVP NS9 (silver filter)	in-ear	711
https://superreview.squig.link/data/BGVP%20Phantom%20L.txt	BGVP Phantom	BGVP Phantom	in-ear	711
https://superreview.squig.link/data/BGVP%20Phantom%20R.txt	BGVP Phantom	BGVP Phantom	in-ear	711
https://superreview.squig.link/data/Blon%20BL03%20L.txt	Blon BL03	BLON BL-03	in-ear	711
https://superreview.squig.link/data/Blon%20BL05%20L.txt	Blon BL05	BLON BL-05	in-ear	711
https://superreview.squig.link/data/Blon%20A8%20Prometheus%20L.txt	Blon A8 Prometheus	BLON BL-A8 Prometheus	in-ear	711
https://superreview.squig.link/data/Blon%20Z300%20L.txt	Blon Z300	BLON x HBB Z300	in-ear	711
https://superreview.squig.link/data/Blon%20Z300%20R.txt	Blon Z300	BLON x HBB Z300	in-ear	711
https://superreview.squig.link/data/BQEYZ%20Autumn%20(bass)%20L.txt	BQEYZ Autumn (bass)	BQEYZ Autumn (bass filter)	in-ear	711
https://superreview.squig.link/data/BQEYZ%20Autumn%20(bass)%20R.txt	BQEYZ Autumn (bass)	BQEYZ Autumn (bass filter)	in-ear	711
https://superreview.squig.link/data/BQEYZ%20Autumn%20(none)%20L.txt		BQEYZ Autumn (no filter)	in-ear	711
https://superreview.squig.link/data/BQEYZ%20Autumn%20(none)%20R.txt		BQEYZ Autumn (no filter)	in-ear	711
https://superreview.squig.link/data/BQEYZ%20Autumn%20(normal)%20L.txt	BQEYZ Autumn (normal)	BQEYZ Autumn (normal filter)	in-ear	711
https://superreview.squig.link/data/BQEYZ%20Autumn%20(normal)%20R.txt	BQEYZ Autumn (normal)	BQEYZ Autumn (normal filter)	in-ear	711
https://superreview.squig.link/data/BQEYZ%20Autumn%20(treble)%20L.txt	BQEYZ Autumn (treble)	BQEYZ Autumn (treble filter)	in-ear	711
https://superreview.squig.link/data/BQEYZ%20Autumn%20(treble)%20R.txt	BQEYZ Autumn (treble)	BQEYZ Autumn (treble filter)	in-ear	711
https://superreview.squig.link/data/BQEYZ%20Frost%20L.txt	BQEYZ Frost	BQEYZ Frost	in-ear	711
https://superreview.squig.link/data/BQEYZ%20Frost%20R.txt	BQEYZ Frost	BQEYZ Frost	in-ear	711
https://superreview.squig.link/headphones/data/Beyerdynamic%20DT%20770%20Pro%20(S3%20-%20AKG)%20L1.txt	Beyerdynamic DT 770 Pro (32 ohm - sample 3 + AKG K240 foam disc)	Beyerdynamic DT 770 Pro (32 ohm - sample 3 + AKG K240 foam disc)	ignore	
https://superreview.squig.link/headphones/data/Beyerdynamic%20DT%20770%20Pro%20(S3%20-%20AKG)%20L2.txt	Beyerdynamic DT 770 Pro (32 ohm - sample 3 + AKG K240 foam disc)	Beyerdynamic DT 770 Pro (32 ohm - sample 3 + AKG K240 foam disc)	ignore	
https://superreview.squig.link/headphones/data/Beyerdynamic%20DT%20770%20Pro%20(S3%20-%20AKG)%20L3.txt	Beyerdynamic DT 770 Pro (32 ohm - sample 3 + AKG K240 foam disc)	Beyerdynamic DT 770 Pro (32 ohm - sample 3 + AKG K240 foam disc)	ignore	
https://superreview.squig.link/headphones/data/Beyerdynamic%20DT%20770%20Pro%20(S3%20-%20AKG)%20R1.txt	Beyerdynamic DT 770 Pro (32 ohm - sample 3 + AKG K240 foam disc)	Beyerdynamic DT 770 Pro (32 ohm - sample 3 + AKG K240 foam disc)	ignore	
https://superreview.squig.link/headphones/data/Beyerdynamic%20DT%20770%20Pro%20(S3%20-%20AKG)%20R2.txt	Beyerdynamic DT 770 Pro (32 ohm - sample 3 + AKG K240 foam disc)	Beyerdynamic DT 770 Pro (32 ohm - sample 3 + AKG K240 foam disc)	ignore	
https://superreview.squig.link/headphones/data/Beyerdynamic%20DT%20770%20Pro%20(S3%20-%20AKG)%20R3.txt	Beyerdynamic DT 770 Pro (32 ohm - sample 3 + AKG K240 foam disc)	Beyerdynamic DT 770 Pro (32 ohm - sample 3 + AKG K240 foam disc)	ignore	
https://superreview.squig.link/headphones/data/Beyerdynamic%20DT%20770%20Pro%20L1.txt	Beyerdynamic DT 770 Pro (32 ohm - sample 1)	Beyerdynamic DT 770 Pro (32 ohm)	over-ear	KB006x + 711
https://superreview.squig.link/headphones/data/Beyerdynamic%20DT%20770%20Pro%20L2.txt	Beyerdynamic DT 770 Pro (32 ohm - sample 1)	Beyerdynamic DT 770 Pro (32 ohm)	over-ear	KB006x + 711
https://superreview.squig.link/headphones/data/Beyerdynamic%20DT%20770%20Pro%20L3.txt	Beyerdynamic DT 770 Pro (32 ohm - sample 1)	Beyerdynamic DT 770 Pro (32 ohm)	over-ear	KB006x + 711
https://superreview.squig.link/headphones/data/Beyerdynamic%20DT%20770%20Pro%20R1.txt	Beyerdynamic DT 770 Pro (32 ohm - sample 1)	Beyerdynamic DT 770 Pro (32 ohm)	over-ear	KB006x + 711
https://superreview.squig.link/headphones/data/Beyerdynamic%20DT%20770%20Pro%20R2.txt	Beyerdynamic DT 770 Pro (32 ohm - sample 1)	Beyerdynamic DT 770 Pro (32 ohm)	over-ear	KB006x + 711
https://superreview.squig.link/headphones/data/Beyerdynamic%20DT%20770%20Pro%20R3.txt	Beyerdynamic DT 770 Pro (32 ohm - sample 1)	Beyerdynamic DT 770 Pro (32 ohm)	over-ear	KB006x + 711
https://superreview.squig.link/headphones/data/Beyerdynamic%20DT%20770%20Pro%20(S2)%20L1.txt	Beyerdynamic DT 770 Pro (32 ohm - sample 2)	Beyerdynamic DT 770 Pro (32 ohm)	over-ear	KB006x + 711
https://superreview.squig.link/headphones/data/Beyerdynamic%20DT%20770%20Pro%20(S2)%20L2.txt	Beyerdynamic DT 770 Pro (32 ohm - sample 2)	Beyerdynamic DT 770 Pro (32 ohm)	over-ear	KB006x + 711
https://superreview.squig.link/headphones/data/Beyerdynamic%20DT%20770%20Pro%20(S2)%20L3.txt	Beyerdynamic DT 770 Pro (32 ohm - sample 2)	Beyerdynamic DT 770 Pro (32 ohm)	over-ear	KB006x + 711
https://superreview.squig.link/headphones/data/Beyerdynamic%20DT%20770%20Pro%20(S2)%20R1.txt	Beyerdynamic DT 770 Pro (32 ohm - sample 2)	Beyerdynamic DT 770 Pro (32 ohm)	over-ear	KB006x + 711
https://superreview.squig.link/headphones/data/Beyerdynamic%20DT%20770%20Pro%20(S2)%20R2.txt	Beyerdynamic DT 770 Pro (32 ohm - sample 2)	Beyerdynamic DT 770 Pro (32 ohm)	over-ear	KB006x + 711
https://superreview.squig.link/headphones/data/Beyerdynamic%20DT%20770%20Pro%20(S2)%20R3.txt	Beyerdynamic DT 770 Pro (32 ohm - sample 2)	Beyerdynamic DT 770 Pro (32 ohm)	over-ear	KB006x + 711
https://superreview.squig.link/headphones/data/Beyerdynamic%20DT%20770%20Pro%20(S3)%20L1.txt	Beyerdynamic DT 770 Pro (32 ohm - sample 3)	Beyerdynamic DT 770 Pro (32 ohm)	over-ear	KB006x + 711
https://superreview.squig.link/headphones/data/Beyerdynamic%20DT%20770%20Pro%20(S3)%20L2.txt	Beyerdynamic DT 770 Pro (32 ohm - sample 3)	Beyerdynamic DT 770 Pro (32 ohm)	over-ear	KB006x + 711
https://superreview.squig.link/headphones/data/Beyerdynamic%20DT%20770%20Pro%20(S3)%20L3.txt	Beyerdynamic DT 770 Pro (32 ohm - sample 3)	Beyerdynamic DT 770 Pro (32 ohm)	over-ear	KB006x + 711
https://superreview.squig.link/headphones/data/Beyerdynamic%20DT%20770%20Pro%20(S3)%20R1.txt	Beyerdynamic DT 770 Pro (32 ohm - sample 3)	Beyerdynamic DT 770 Pro (32 ohm)	over-ear	KB006x + 711
https://superreview.squig.link/headphones/data/Beyerdynamic%20DT%20770%20Pro%20(S3)%20R2.txt	Beyerdynamic DT 770 Pro (32 ohm - sample 3)	Beyerdynamic DT 770 Pro (32 ohm)	over-ear	KB006x + 711
https://superreview.squig.link/headphones/data/Beyerdynamic%20DT%20770%20Pro%20(S3)%20R3.txt	Beyerdynamic DT 770 Pro (32 ohm - sample 3)	Beyerdynamic DT 770 Pro (32 ohm)	over-ear	KB006x + 711
https://superreview.squig.link/headphones/data/Beyerdynamic%20DT%20880%20L1.txt	Beyerdynamic DT 880 (600 ohm)	Beyerdynamic DT 880 (600 ohm)	over-ear	KB006x + 711
https://superreview.squig.link/headphones/data/Beyerdynamic%20DT%20880%20L2.txt	Beyerdynamic DT 880 (600 ohm)	Beyerdynamic DT 880 (600 ohm)	over-ear	KB006x + 711
https://superreview.squig.link/headphones/data/Beyerdynamic%20DT%20880%20L3.txt	Beyerdynamic DT 880 (600 ohm)	Beyerdynamic DT 880 (600 ohm)	over-ear	KB006x + 711
https://superreview.squig.link/headphones/data/Beyerdynamic%20DT%20880%20R1.txt	Beyerdynamic DT 880 (600 ohm)	Beyerdynamic DT 880 (600 ohm)	over-ear	KB006x + 711
https://superreview.squig.link/headphones/data/Beyerdynamic%20DT%20880%20R2.txt	Beyerdynamic DT 880 (600 ohm)	Beyerdynamic DT 880 (600 ohm)	over-ear	KB006x + 711
https://superreview.squig.link/headphones/data/Beyerdynamic%20DT%20880%20R3.txt	Beyerdynamic DT 880 (600 ohm)	Beyerdynamic DT 880 (600 ohm)	over-ear	KB006x + 711
https://superreview.squig.link/headphones/data/Beyerdynamic%20DT%20900%20Pro%20X%20L1.txt	Beyerdynamic DT 900 Pro X	Beyerdynamic DT 900 Pro X	over-ear	KB006x + 711
https://superreview.squig.link/headphones/data/Beyerdynamic%20DT%20900%20Pro%20X%20L2.txt	Beyerdynamic DT 900 Pro X	Beyerdynamic DT 900 Pro X	over-ear	KB006x + 711
https://superreview.squig.link/headphones/data/Beyerdynamic%20DT%20900%20Pro%20X%20L3.txt	Beyerdynamic DT 900 Pro X	Beyerdynamic DT 900 Pro X	over-ear	KB006x + 711
https://superreview.squig.link/headphones/data/Beyerdynamic%20DT%20900%20Pro%20X%20R1.txt	Beyerdynamic DT 900 Pro X	Beyerdynamic DT 900 Pro X	over-ear	KB006x + 711
https://superreview.squig.link/headphones/data/Beyerdynamic%20DT%20900%20Pro%20X%20R2.txt	Beyerdynamic DT 900 Pro X	Beyerdynamic DT 900 Pro X	over-ear	KB006x + 711
https://superreview.squig.link/headphones/data/Beyerdynamic%20DT%20900%20Pro%20X%20R3.txt	Beyerdynamic DT 900 Pro X	Beyerdynamic DT 900 Pro X	over-ear	KB006x + 711
https://squig.link/data/Binary%20Acoustics%201900%20L.txt	Binary Acoustics 1900 	Binary Acoustics 1900	in-ear	711
https://squig.link/data/Binary%20Acoustics%201900%20R.txt	Binary Acoustics 1900 	Binary Acoustics 1900	in-ear	711
https://squig.link/data/Binary%20Acoustics%201900%20deep%20L.txt	Binary Acoustics 1900 (insert: deep)	Binary Acoustics 1900 (insert deep)	in-ear	711
https://squig.link/data/Binary%20Acoustics%201900%20deep%20R.txt	Binary Acoustics 1900 (insert: deep)	Binary Acoustics 1900 (insert deep)	in-ear	711
https://squig.link/data/Binary%20Acoustics%201900%20shallow%20L.txt	Binary Acoustics 1900 (insert: shallow)	Binary Acoustics 1900 (insert shallow)	in-ear	711
https://squig.link/data/Binary%20Acoustics%201900%20shallow%20R.txt	Binary Acoustics 1900 (insert: shallow)	Binary Acoustics 1900 (insert shallow)	in-ear	711
https://superreview.squig.link/data/Binary%20Acoustics%20Dynaquattro%20L.txt	Binary Acoustics Dynaquattro (sample 1)	Binary Acoustics Dynaquattro	in-ear	711
https://superreview.squig.link/data/Binary%20Acoustics%20Dynaquattro%20R.txt	Binary Acoustics Dynaquattro (sample 1)	Binary Acoustics Dynaquattro	in-ear	711
https://superreview.squig.link/data/Binary%20Acoustics%20Dynaquattro%20S2%20L.txt	Binary Acoustics Dynaquattro (sample 2)	Binary Acoustics Dynaquattro	in-ear	711
https://superreview.squig.link/data/Binary%20Acoustics%20Dynaquattro%20S2%20R.txt	Binary Acoustics Dynaquattro (sample 2)	Binary Acoustics Dynaquattro	in-ear	711
https://squig.link/data/Binary%20Acoustics%20EP321-MEMS%20L.txt	Binary Acoustics EP321-MEMS 	Binary Acoustics EP321-MEMS	in-ear	711
https://squig.link/data/Binary%20Acoustics%20EP321-MEMS%20R.txt	Binary Acoustics EP321-MEMS 	Binary Acoustics EP321-MEMS	in-ear	711
https://squig.link/data/Binary%20Acoustics%20EP321-MEMS%20deep%20L.txt	Binary Acoustics EP321-MEMS (insert: deep)	Binary Acoustics EP321-MEMS (insert deep)	in-ear	711
https://squig.link/data/Binary%20Acoustics%20EP321-MEMS%20deep%20R.txt	Binary Acoustics EP321-MEMS (insert: deep)	Binary Acoustics EP321-MEMS (insert deep)	in-ear	711
https://squig.link/data/Binary%20Acoustics%20EP321-MEMS%20shallow%20L.txt	Binary Acoustics EP321-MEMS (insert: shallow)	Binary Acoustics EP321-MEMS (insert shallow)	in-ear	711
https://squig.link/data/Binary%20Acoustics%20EP321-MEMS%20shallow%20R.txt	Binary Acoustics EP321-MEMS (insert: shallow)	Binary Acoustics EP321-MEMS (insert shallow)	in-ear	711
https://superreview.squig.link/data/Binary%20Acoustics%20Chopin%20L.txt	Binary Acoustics x Gizaudio Chopin	Binary Acoustics x Gizaudio Chopin	in-ear	711
https://superreview.squig.link/data/Binary%20Acoustics%20Chopin%20R.txt	Binary Acoustics x Gizaudio Chopin	Binary Acoustics x Gizaudio Chopin	in-ear	711
https://superreview.squig.link/data/Brainwavz%20Koel%20L.txt	Brainwavz Koel	Brainwavz Koel	in-ear	711
https://superreview.squig.link/data/CCA%20C10%20L.txt	CCA C10	CCA C10	in-ear	711
https://superreview.squig.link/data/CCA%20CRA%20L.txt	CCA CRA	CCA CRA	in-ear	711
https://superreview.squig.link/data/CCA%20CRA%20R.txt	CCA CRA	CCA CRA	in-ear	711
https://superreview.squig.link/data/CCA%20CRA%20Plus%20L.txt	CCA CRA Plus	CCA CRA+	in-ear	711
https://superreview.squig.link/data/CCA%20CRA%20Plus%20R.txt	CCA CRA Plus	CCA CRA+	in-ear	711
https://superreview.squig.link/data/CCA%20Hydro%20DDDD%20L.txt	CCA Hydro (switches: DDDD)	CCA Hydro (off-off-off-off)	in-ear	711
https://superreview.squig.link/data/CCA%20Hydro%20DDDD%20R.txt	CCA Hydro (switches: DDDD)	CCA Hydro (off-off-off-off)	in-ear	711
https://superreview.squig.link/data/CCA%20Hydro%20DDUU%20L.txt	CCA Hydro (switches: DDUU)	CCA Hydro (off-off-on-on)	in-ear	711
https://superreview.squig.link/data/CCA%20Hydro%20DDUU%20R.txt	CCA Hydro (switches: DDUU)	CCA Hydro (off-off-on-on)	in-ear	711
https://superreview.squig.link/data/CCA%20Hydro%20UUDD%20L.txt	CCA Hydro (switches: UUDD)	CCA Hydro (on-on-off-off)	in-ear	711
https://superreview.squig.link/data/CCA%20Hydro%20UUDD%20R.txt	CCA Hydro (switches: UUDD)	CCA Hydro (on-on-off-off)	in-ear	711
https://superreview.squig.link/data/CCA%20Hydro%20UUUU%20L.txt	CCA Hydro (switches: UUUU)	CCA Hydro (on-on-on-on)	in-ear	711
https://superreview.squig.link/data/CCA%20Hydro%20UUUU%20R.txt	CCA Hydro (switches: UUUU)	CCA Hydro (on-on-on-on)	in-ear	711
https://superreview.squig.link/data/CCZ%20Plume%20L.txt	CCZ Plume	CCZ Plume	in-ear	711
https://superreview.squig.link/data/Campfire%20Audio%20Andromeda%202019%20L.txt	Campfire Audio Andromeda 2019	Campfire Audio Andromeda (pre-2020)	in-ear	711
https://squig.link/data/Campfire%20Audio%20Andromeda%2010%20L.txt	Campfire Audio Andromeda 10 	Campfire Audio Andromeda 10	in-ear	711
https://squig.link/data/Campfire%20Audio%20Andromeda%2010%20R.txt	Campfire Audio Andromeda 10 	Campfire Audio Andromeda 10	in-ear	711
https://squig.link/data/Campfire%20Audio%20Andromeda%2010%20deep%20L.txt	Campfire Audio Andromeda 10 (insert: deep)	Campfire Audio Andromeda 10 (insert deep)	in-ear	711
https://squig.link/data/Campfire%20Audio%20Andromeda%2010%20deep%20R.txt	Campfire Audio Andromeda 10 (insert: deep)	Campfire Audio Andromeda 10 (insert deep)	in-ear	711
https://squig.link/data/Campfire%20Audio%20Andromeda%2010%20shallow%20L.txt	Campfire Audio Andromeda 10 (insert: shallow)	Campfire Audio Andromeda 10 (insert shallow)	in-ear	711
https://squig.link/data/Campfire%20Audio%20Andromeda%2010%20shallow%20R.txt	Campfire Audio Andromeda 10 (insert: shallow)	Campfire Audio Andromeda 10 (insert shallow)	in-ear	711
https://superreview.squig.link/data/Campfire%20Audio%20Andromeda%202020%20L.txt	Campfire Audio Andromeda 2020	Campfire Audio Andromeda 2020	in-ear	711
https://superreview.squig.link/data/Campfire%20Audio%20Ara%20L.txt	Campfire Audio Ara	Campfire Audio Ara	in-ear	711
https://superreview.squig.link/data/Campfire%20Audio%20Ara%20R.txt	Campfire Audio Ara	Campfire Audio Ara	in-ear	711
https://squig.link/data/Campfire%20Audio%20Chimera%20L.txt	Campfire Audio Chimera 	Campfire Audio Chimera	in-ear	711
https://squig.link/data/Campfire%20Audio%20Chimera%20R.txt	Campfire Audio Chimera 	Campfire Audio Chimera	in-ear	711
https://squig.link/data/Campfire%20Audio%20Chimera%20deep%20L.txt	Campfire Audio Chimera (insert: deep)	Campfire Audio Chimera (insert deep)	in-ear	711
https://squig.link/data/Campfire%20Audio%20Chimera%20deep%20R.txt	Campfire Audio Chimera (insert: deep)	Campfire Audio Chimera (insert deep)	in-ear	711
https://squig.link/data/Campfire%20Audio%20Chimera%20shallow%20L.txt	Campfire Audio Chimera (insert: shallow)	Campfire Audio Chimera (insert shallow)	in-ear	711
https://squig.link/data/Campfire%20Audio%20Chimera%20shallow%20R.txt	Campfire Audio Chimera (insert: shallow)	Campfire Audio Chimera (insert shallow)	in-ear	711
https://superreview.squig.link/data/Campfire%20Audio%20Dorado%202020%20L.txt	Campfire Audio Dorado 2020	Campfire Audio Dorado 2020	in-ear	711
https://superreview.squig.link/data/Campfire%20Audio%20Dorado%202020%20R.txt	Campfire Audio Dorado 2020	Campfire Audio Dorado 2020	in-ear	711
https://squig.link/data/Campfire%20Audio%20Holocene%20L.txt	Campfire Audio Holocene 	Campfire Audio Holocene	in-ear	711
https://squig.link/data/Campfire%20Audio%20Holocene%20R.txt	Campfire Audio Holocene 	Campfire Audio Holocene	in-ear	711
https://squig.link/data/Campfire%20Audio%20Holocene%20deep%20L.txt	Campfire Audio Holocene (insert: deep)	Campfire Audio Holocene (insert deep)	in-ear	711
https://squig.link/data/Campfire%20Audio%20Holocene%20deep%20R.txt	Campfire Audio Holocene (insert: deep)	Campfire Audio Holocene (insert deep)	in-ear	711
https://squig.link/data/Campfire%20Audio%20Holocene%20shallow%20L.txt	Campfire Audio Holocene (insert: shallow)	Campfire Audio Holocene (insert shallow)	in-ear	711
https://squig.link/data/Campfire%20Audio%20Holocene%20shallow%20R.txt	Campfire Audio Holocene (insert: shallow)	Campfire Audio Holocene (insert shallow)	in-ear	711
https://superreview.squig.link/data/Campfire%20Audio%20Moon%20Rover%20L.txt	Campfire Audio Moon Rover	Campfire Audio Moon Rover	in-ear	711
https://superreview.squig.link/data/Campfire%20Audio%20Moon%20Rover%20R.txt	Campfire Audio Moon Rover	Campfire Audio Moon Rover	in-ear	711
https://superreview.squig.link/data/Campfire%20Audio%20Moon%20Rover%20MS42%20L.txt		Campfire Audio Moon Rover MS42	ignore	711
https://superreview.squig.link/data/Campfire%20Audio%20Moon%20Rover%20MS42%20R.txt		Campfire Audio Moon Rover MS42	ignore	711
https://superreview.squig.link/data/Campfire%20Audio%20Onyx%20L.txt	Campfire Audio Onyx	Campfire Audio Onyx	in-ear	711
https://superreview.squig.link/data/Campfire%20Audio%20Onyx%20R.txt	Campfire Audio Onyx	Campfire Audio Onyx	in-ear	711
https://superreview.squig.link/data/Campfire%20Audio%20Pathfinder%20L.txt	Campfire Audio Pathfinder	Campfire Audio Pathfinder	in-ear	711
https://superreview.squig.link/data/Campfire%20Audio%20Pathfinder%20R.txt	Campfire Audio Pathfinder	Campfire Audio Pathfinder	in-ear	711
https://superreview.squig.link/data/Canpur%20622B%20R.txt		Canpur 622B	ignore	711
https://superreview.squig.link/data/Canpur%20CP622B%20L.txt	Canpur CP622B	Canpur CP622B	in-ear	711
https://superreview.squig.link/data/Canpur%20CP622B%20R.txt	Canpur CP622B	Canpur CP622B	in-ear	711
https://squig.link/data/Canpur%20Silver%20Flash%20L.txt	Canpur Silver Flash 	Canpur Silver Flash	in-ear	711
https://squig.link/data/Canpur%20Silver%20Flash%20R.txt	Canpur Silver Flash 	Canpur Silver Flash	in-ear	711
https://squig.link/data/Canpur%20Silver%20Flash%20deep%20L.txt	Canpur Silver Flash (insert: deep)	Canpur Silver Flash (insert deep)	in-ear	711
https://squig.link/data/Canpur%20Silver%20Flash%20deep%20R.txt	Canpur Silver Flash (insert: deep)	Canpur Silver Flash (insert deep)	in-ear	711
https://squig.link/data/Canpur%20Silver%20Flash%20shallow%20L.txt	Canpur Silver Flash (insert: shallow)	Canpur Silver Flash (insert shallow)	in-ear	711
https://squig.link/data/Canpur%20Silver%20Flash%20shallow%20R.txt	Canpur Silver Flash (insert: shallow)	Canpur Silver Flash (insert shallow)	in-ear	711
https://superreview.squig.link/data/Cayin%20Fantasy%20L.txt	Cayin Fantasy	Cayin Fantasy	in-ear	711
https://superreview.squig.link/data/Co-Donguri%20Brass%20L.txt	Co-Donguri Brass	Co-Donguri Brass	in-ear	711
https://superreview.squig.link/data/Co-Donguri%20Shizuku%20L.txt	Co-Donguri Shizuku	Co-Donguri Shizuku	in-ear	711
https://superreview.squig.link/data/Colorfly%20Quintet%20L.txt	Colorfly Quintet	Colorfly Quintet	in-ear	711
https://superreview.squig.link/data/Colorfly%20Quintet%20R.txt	Colorfly Quintet	Colorfly Quintet	in-ear	711
https://superreview.squig.link/data/Colorfly%20Silver%20Reference%20L.txt	Colorfly Silver Reference 	Colorfly Silver Reference	in-ear	711
https://superreview.squig.link/data/Colorfly%20Silver%20Reference%20R.txt	Colorfly Silver Reference 	Colorfly Silver Reference	in-ear	711
https://superreview.squig.link/data/Colorfly%20Silver%20Reference%20deep%20L.txt	Colorfly Silver Reference (insert: deep)	Colorfly Silver Reference (insert deep)	ignore	711
https://superreview.squig.link/data/Colorfly%20Silver%20Reference%20deep%20R.txt	Colorfly Silver Reference (insert: deep)	Colorfly Silver Reference (insert deep)	ignore	711
https://superreview.squig.link/data/Colorfly%20Silver%20Reference%20shallow%20L.txt	Colorfly Silver Reference (insert: shallow)	Colorfly Silver Reference (insert shallow)	ignore	711
https://superreview.squig.link/data/Colorfly%20Silver%20Reference%20shallow%20R.txt	Colorfly Silver Reference (insert: shallow)	Colorfly Silver Reference (insert shallow)	ignore	711
https://squig.link/data/Cozoy%20D1%20L.txt	Cozoy D1	Cozoy D1	in-ear	711
https://squig.link/data/Cozoy%20D1%20R.txt	Cozoy D1	Cozoy D1	in-ear	711
https://squig.link/data/Cozoy%20D2%20L.txt	Cozoy D2	Cozoy D2	in-ear	711
https://squig.link/data/Cozoy%20D2%20R.txt	Cozoy D2	Cozoy D2	in-ear	711
https://superreview.squig.link/headphones/data/Creative%20Aurvana%20Live%20L1.txt	Creative Aurvana Live 	Creative Aurvana Live!	over-ear	KB006x + 711
https://superreview.squig.link/headphones/data/Creative%20Aurvana%20Live%20L2.txt	Creative Aurvana Live 	Creative Aurvana Live!	over-ear	KB006x + 711
https://superreview.squig.link/headphones/data/Creative%20Aurvana%20Live%20L3.txt	Creative Aurvana Live 	Creative Aurvana Live!	over-ear	KB006x + 711
https://superreview.squig.link/headphones/data/Creative%20Aurvana%20Live%20R1.txt	Creative Aurvana Live 	Creative Aurvana Live!	over-ear	KB006x + 711
https://superreview.squig.link/headphones/data/Creative%20Aurvana%20Live%20R2.txt	Creative Aurvana Live 	Creative Aurvana Live!	over-ear	KB006x + 711
https://superreview.squig.link/headphones/data/Creative%20Aurvana%20Live%20R3.txt	Creative Aurvana Live 	Creative Aurvana Live!	over-ear	KB006x + 711
https://superreview.squig.link/headphones/data/Creative%20Aurvana%20Live%20(bwz%20perf)%20L1.txt	Creative Aurvana Live (pads: Brainwavz small oval perforated)	Creative Aurvana Live! (Brainwavz small oval perforated earpads)	over-ear	KB006x + 711
https://superreview.squig.link/headphones/data/Creative%20Aurvana%20Live%20(bwz%20perf)%20L2.txt	Creative Aurvana Live (pads: Brainwavz small oval perforated)	Creative Aurvana Live! (Brainwavz small oval perforated earpads)	over-ear	KB006x + 711
https://superreview.squig.link/headphones/data/Creative%20Aurvana%20Live%20(bwz%20perf)%20L3.txt	Creative Aurvana Live (pads: Brainwavz small oval perforated)	Creative Aurvana Live! (Brainwavz small oval perforated earpads)	over-ear	KB006x + 711
https://superreview.squig.link/headphones/data/Creative%20Aurvana%20Live%20(bwz%20perf)%20R1.txt	Creative Aurvana Live (pads: Brainwavz small oval perforated)	Creative Aurvana Live! (Brainwavz small oval perforated earpads)	over-ear	KB006x + 711
https://superreview.squig.link/headphones/data/Creative%20Aurvana%20Live%20(bwz%20perf)%20R2.txt	Creative Aurvana Live (pads: Brainwavz small oval perforated)	Creative Aurvana Live! (Brainwavz small oval perforated earpads)	over-ear	KB006x + 711
https://superreview.squig.link/headphones/data/Creative%20Aurvana%20Live%20(bwz%20perf)%20R3.txt	Creative Aurvana Live (pads: Brainwavz small oval perforated)	Creative Aurvana Live! (Brainwavz small oval perforated earpads)	over-ear	KB006x + 711
https://superreview.squig.link/data/CrinEar%20Daybreak%20L.txt	CrinEar Daybreak 	CrinEar Daybreak	in-ear	711
https://superreview.squig.link/data/CrinEar%20Daybreak%20R.txt	CrinEar Daybreak 	CrinEar Daybreak	in-ear	711
https://superreview.squig.link/data/CrinEar%20Daybreak%20deep%20L.txt	CrinEar Daybreak (insert: deep)	CrinEar Daybreak (insert deep)	ignore	711
https://superreview.squig.link/data/CrinEar%20Daybreak%20deep%20R.txt	CrinEar Daybreak (insert: deep)	CrinEar Daybreak (insert deep)	ignore	711
https://superreview.squig.link/data/CrinEar%20Daybreak%20shallow%20L.txt	CrinEar Daybreak (insert: shallow)	CrinEar Daybreak (insert shallow)	ignore	711
https://superreview.squig.link/data/CrinEar%20Daybreak%20shallow%20R.txt	CrinEar Daybreak (insert: shallow)	CrinEar Daybreak (insert shallow)	ignore	711
https://superreview.squig.link/data/CrinEar%20Daybreak%20pre-prod%20L.txt	CrinEar Daybreak (pre-production)	CrinEar Daybreak (pre-production)	ignore	711
https://superreview.squig.link/data/CrinEar%20Daybreak%20pre-prod%20R.txt	CrinEar Daybreak (pre-production)	CrinEar Daybreak (pre-production)	ignore	711
https://superreview.squig.link/data/CrinEar%20Meta%20L.txt	CrinEar Project Meta 	CrinEar Meta	in-ear	711
https://superreview.squig.link/data/CrinEar%20Meta%20R.txt	CrinEar Project Meta 	CrinEar Meta	in-ear	711
https://squig.link/data/CrinEar%20Nightfall%20L.txt	CrinEar Nightfall 	CrinEar Nightfall	in-ear	711
https://squig.link/data/CrinEar%20Nightfall%20R.txt	CrinEar Nightfall 	CrinEar Nightfall	in-ear	711
https://squig.link/data/CrinEar%20Nightfall%20deep%20L.txt	CrinEar Nightfall (insert: deep)	CrinEar Nightfall (insert deep)	in-ear	711
https://squig.link/data/CrinEar%20Nightfall%20deep%20R.txt	CrinEar Nightfall (insert: deep)	CrinEar Nightfall (insert deep)	in-ear	711
https://squig.link/data/CrinEar%20Nightfall%20shallow%20L.txt	CrinEar Nightfall (insert: shallow)	CrinEar Nightfall (insert shallow)	in-ear	711
https://squig.link/data/CrinEar%20Nightfall%20shallow%20R.txt	CrinEar Nightfall (insert: shallow)	CrinEar Nightfall (insert shallow)	in-ear	711
https://superreview.squig.link/data/CrinEar%20Meta%20proto%20L.txt	CrinEar Project Meta (prototype)	CrinEar Project Meta (prototype)	ignore	711
https://superreview.squig.link/data/CrinEar%20Meta%20proto%20R.txt	CrinEar Project Meta (prototype)	CrinEar Project Meta (prototype)	ignore	711
https://superreview.squig.link/data/CrinEar%20Meta%20T-Ear%20L.txt	CrinEar Project Meta (tips: T-Ear)	CrinEar Project Meta (tips T-Ear)	ignore	711
https://superreview.squig.link/data/CrinEar%20Meta%20T-Ear%20R.txt	CrinEar Project Meta (tips: T-Ear)	CrinEar Project Meta (tips T-Ear)	ignore	711
https://squig.link/data/CrinEar%20Monolith%20L.txt	CrinEar Project Monolith 	CrinEar Project Monolith	in-ear	711
https://squig.link/data/CrinEar%20Monolith%20R.txt	CrinEar Project Monolith 	CrinEar Project Monolith	in-ear	711
https://squig.link/data/CrinEar%20Monolith%20deep%20L.txt	CrinEar Project Monolith (insert: deep)	CrinEar Project Monolith (insert deep)	in-ear	711
https://squig.link/data/CrinEar%20Monolith%20deep%20R.txt	CrinEar Project Monolith (insert: deep)	CrinEar Project Monolith (insert deep)	in-ear	711
https://squig.link/data/CrinEar%20Monolith%20shallow%20L.txt	CrinEar Project Monolith (insert: shallow)	CrinEar Project Monolith (insert shallow)	in-ear	711
https://squig.link/data/CrinEar%20Monolith%20shallow%20R.txt	CrinEar Project Monolith (insert: shallow)	CrinEar Project Monolith (insert shallow)	in-ear	711
https://superreview.squig.link/data/CrinEar%20Reference%20proto%20L.txt	CrinEar Project Reference (prototype)	CrinEar Project Reference (prototype)	ignore	711
https://superreview.squig.link/data/CrinEar%20Reference%20proto%20R.txt	CrinEar Project Reference (prototype)	CrinEar Project Reference (prototype)	ignore	711
https://squig.link/data/CrinEar%20Reference%20L.txt	CrinEar Reference (sample 1)	CrinEar Reference (sample 1)	in-ear	711
https://squig.link/data/CrinEar%20Reference%20R.txt	CrinEar Reference (sample 1)	CrinEar Reference (sample 1)	in-ear	711
https://squig.link/data/CrinEar%20Reference%20S2%20deep%20L.txt	CrinEar Reference (sample 2 :: insert: deep)	CrinEar Reference (sample 2 insert deep)	in-ear	711
https://squig.link/data/CrinEar%20Reference%20S2%20deep%20R.txt	CrinEar Reference (sample 2 :: insert: deep)	CrinEar Reference (sample 2 insert deep)	in-ear	711
https://squig.link/data/CrinEar%20Reference%20S2%20shallow%20L.txt	CrinEar Reference (sample 2 :: insert: shallow-ish)	CrinEar Reference (sample 2 insert shallow-ish)	in-ear	711
https://squig.link/data/CrinEar%20Reference%20S2%20shallow%20R.txt	CrinEar Reference (sample 2 :: insert: shallow-ish)	CrinEar Reference (sample 2 insert shallow-ish)	in-ear	711
https://squig.link/data/CrinEar%20Reference%20S2%20L.txt	CrinEar Reference (sample 2)	CrinEar Reference (sample 2)	in-ear	711
https://squig.link/data/CrinEar%20Reference%20S2%20R.txt	CrinEar Reference (sample 2)	CrinEar Reference (sample 2)	in-ear	711
https://superreview.squig.link/data/Custom%20Art%20Fibae%207%20Unlimited%20L.txt	Custom Art Fibae 7 Unlimited	Custom Art FIBAE 7 Unlimited	in-ear	711
https://superreview.squig.link/data/Custom%20Art%20Fibae%207%20Unlimited%20R.txt	Custom Art Fibae 7 Unlimited	Custom Art FIBAE 7 Unlimited	in-ear	711
https://superreview.squig.link/headphones/data/DMS%20Project%20Omega%20L1.txt	DMS Project Omega 	DMS Project Omega	over-ear	KB006x + 711
https://superreview.squig.link/headphones/data/DMS%20Project%20Omega%20L2.txt	DMS Project Omega 	DMS Project Omega	over-ear	KB006x + 711
https://superreview.squig.link/headphones/data/DMS%20Project%20Omega%20L3.txt	DMS Project Omega 	DMS Project Omega	over-ear	KB006x + 711
https://superreview.squig.link/headphones/data/DMS%20Project%20Omega%20R1.txt	DMS Project Omega 	DMS Project Omega	over-ear	KB006x + 711
https://superreview.squig.link/headphones/data/DMS%20Project%20Omega%20R2.txt	DMS Project Omega 	DMS Project Omega	over-ear	KB006x + 711
https://superreview.squig.link/headphones/data/DMS%20Project%20Omega%20R3.txt	DMS Project Omega 	DMS Project Omega	over-ear	KB006x + 711
https://superreview.squig.link/headphones/data/DMS%20Project%20Omega%20100ohm%20L1.txt	DMS Project Omega (impedance adapter: 100 ohm)	DMS Project Omega (impedance adapter 100 ohm)	ignore	KB006x + 711
https://superreview.squig.link/headphones/data/DMS%20Project%20Omega%20100ohm%20L2.txt	DMS Project Omega (impedance adapter: 100 ohm)	DMS Project Omega (impedance adapter 100 ohm)	ignore	KB006x + 711
https://superreview.squig.link/headphones/data/DMS%20Project%20Omega%20100ohm%20L3.txt	DMS Project Omega (impedance adapter: 100 ohm)	DMS Project Omega (impedance adapter 100 ohm)	ignore	KB006x + 711
https://superreview.squig.link/headphones/data/DMS%20Project%20Omega%20100ohm%20R1.txt	DMS Project Omega (impedance adapter: 100 ohm)	DMS Project Omega (impedance adapter 100 ohm)	ignore	KB006x + 711
https://superreview.squig.link/headphones/data/DMS%20Project%20Omega%20100ohm%20R2.txt	DMS Project Omega (impedance adapter: 100 ohm)	DMS Project Omega (impedance adapter 100 ohm)	ignore	KB006x + 711
https://superreview.squig.link/headphones/data/DMS%20Project%20Omega%20100ohm%20R3.txt	DMS Project Omega (impedance adapter: 100 ohm)	DMS Project Omega (impedance adapter 100 ohm)	ignore	KB006x + 711
https://squig.link/headphones/data/Dunu%20Arashi%20L1.txt	Dunu Arashi	DUNU Arashi	over-ear	KB006x + 711
https://squig.link/headphones/data/Dunu%20Arashi%20L2.txt	Dunu Arashi	DUNU Arashi	over-ear	KB006x + 711
https://squig.link/headphones/data/Dunu%20Arashi%20L3.txt	Dunu Arashi	DUNU Arashi	over-ear	KB006x + 711
https://squig.link/headphones/data/Dunu%20Arashi%20R1.txt	Dunu Arashi	DUNU Arashi	over-ear	KB006x + 711
https://squig.link/headphones/data/Dunu%20Arashi%20R2.txt	Dunu Arashi	DUNU Arashi	over-ear	KB006x + 711
https://squig.link/headphones/data/Dunu%20Arashi%20R3.txt	Dunu Arashi	DUNU Arashi	over-ear	KB006x + 711
https://superreview.squig.link/data/Dunu%20DK-3001%20BD%2000ohm%20L.txt		DUNU DK3001 BD	in-ear	711
https://superreview.squig.link/data/Dunu%20DK-3001%20BD%2000ohm%20R.txt		DUNU DK3001 BD	in-ear	711
https://superreview.squig.link/data/Dunu%20DK-3001%20BD%20L.txt	Dunu DK3001BD 	DUNU DK3001BD	in-ear	711
https://superreview.squig.link/data/Dunu%20DK-3001%20BD%20R.txt	Dunu DK3001BD 	DUNU DK3001BD	in-ear	711
https://squig.link/data/Dunu%20DN242%20L.txt	Dunu DN242 	DUNU DN242	in-ear	711
https://squig.link/data/Dunu%20DN242%20R.txt	Dunu DN242 	DUNU DN242	in-ear	711
https://squig.link/data/Dunu%20DN242%20deep%20L.txt	Dunu DN242 (insert: deep)	DUNU DN242 (insert deep)	in-ear	711
https://squig.link/data/Dunu%20DN242%20deep%20R.txt	Dunu DN242 (insert: deep)	DUNU DN242 (insert deep)	in-ear	711
https://squig.link/data/Dunu%20DN242%20shallow%20L.txt	Dunu DN242 (insert: shallow)	DUNU DN242 (insert shallow)	in-ear	711
https://squig.link/data/Dunu%20DN242%20shallow%20R.txt	Dunu DN242 (insert: shallow)	DUNU DN242 (insert shallow)	in-ear	711
https://squig.link/data/Dunu%20DN242%20S1%20L.txt	Dunu DN242 (sample 1)	DUNU DN242 (sample 1)	in-ear	711
https://squig.link/data/Dunu%20DN242%20S1%20R.txt	Dunu DN242 (sample 1)	DUNU DN242 (sample 1)	in-ear	711
https://superreview.squig.link/data/Dunu%20EST%20112%20L.txt	Dunu EST 112	DUNU EST 112	in-ear	711
https://superreview.squig.link/data/Dunu%20EST%20112%20R.txt	Dunu EST 112	DUNU EST 112	in-ear	711
https://superreview.squig.link/data/Dunu%20EST%20112%20OG%20L.txt		DUNU EST 112	in-ear	711
https://superreview.squig.link/data/Dunu%20Falcon%20Pro%20(atmospheric)%20L.txt	Dunu Falcon Pro (nozzle: atmospheric immersion) [red]	DUNU Falcon Pro (Atmospheric Immersion filter)	in-ear	711
https://superreview.squig.link/data/Dunu%20Falcon%20Pro%20(atmospheric)%20R.txt	Dunu Falcon Pro (nozzle: atmospheric immersion) [red]	DUNU Falcon Pro (Atmospheric Immersion filter)	in-ear	711
https://superreview.squig.link/data/Dunu%20Falcon%20Pro%20(reference)%20L.txt	Dunu Falcon Pro (nozzle: reference) [yellow]	DUNU Falcon Pro (Reference filter)	in-ear	711
https://superreview.squig.link/data/Dunu%20Falcon%20Pro%20(reference)%20R.txt	Dunu Falcon Pro (nozzle: reference) [yellow]	DUNU Falcon Pro (Reference filter)	in-ear	711
https://superreview.squig.link/data/Dunu%20Falcon%20Pro%20(transparency)%20L.txt	Dunu Falcon Pro (nozzle: transparency) [blue]	DUNU Falcon Pro (Transparency filter)	in-ear	711
https://superreview.squig.link/data/Dunu%20Falcon%20Pro%20(transparency)%20R.txt	Dunu Falcon Pro (nozzle: transparency) [blue]	DUNU Falcon Pro (Transparency filter)	in-ear	711
https://superreview.squig.link/data/Dunu%20Falcon%20Ultra%20(blue)%20L.txt	Dunu Falcon Ultra (nozzle: blue)	DUNU Falcon Ultra (blue nozzle)	in-ear	711
https://superreview.squig.link/data/Dunu%20Falcon%20Ultra%20(blue)%20R.txt	Dunu Falcon Ultra (nozzle: blue)	DUNU Falcon Ultra (blue nozzle)	in-ear	711
https://superreview.squig.link/data/Dunu%20Falcon%20Ultra%20(gold)%20L.txt	Dunu Falcon Ultra (nozzle: gold)	DUNU Falcon Ultra (gold nozzle)	in-ear	711
https://superreview.squig.link/data/Dunu%20Falcon%20Ultra%20(gold)%20R.txt	Dunu Falcon Ultra (nozzle: gold)	DUNU Falcon Ultra (gold nozzle)	in-ear	711
https://superreview.squig.link/data/Dunu%20Glacier%20L.txt	Dunu Glacier	DUNU Glacier	in-ear	711
https://superreview.squig.link/data/Dunu%20Glacier%20R.txt	Dunu Glacier	DUNU Glacier	in-ear	711
https://superreview.squig.link/data/Dunu%20Kima%20L.txt	Dunu Kima	DUNU Kima	in-ear	711
https://superreview.squig.link/data/Dunu%20Kima%20R.txt	Dunu Kima	DUNU Kima	in-ear	711
https://superreview.squig.link/data/Dunu%20Kima%202%20L.txt	Dunu Kima 2	DUNU Kima 2	in-ear	711
https://superreview.squig.link/data/Dunu%20Kima%202%20R.txt	Dunu Kima 2	DUNU Kima 2	in-ear	711
https://superreview.squig.link/data/Dunu%20Mirai%20L.txt	Dunu Mirai	DUNU Mirai	in-ear	711
https://superreview.squig.link/data/Dunu%20Mirai%20R.txt	Dunu Mirai	DUNU Mirai	in-ear	711
https://superreview.squig.link/data/Dunu%20SA3%20L.txt	Dunu SA3	DUNU SA3	in-ear	711
https://superreview.squig.link/data/Dunu%20SA6%20(atmospheric)%20L.txt	Dunu SA6 (switch: on)	DUNU SA6 (atmospheric Immersion mode)	in-ear	711
https://superreview.squig.link/data/Dunu%20SA6%20(atmospheric)%20R.txt	Dunu SA6 (switch: on)	DUNU SA6 (atmospheric Immersion mode)	in-ear	711
https://superreview.squig.link/data/Dunu%20SA6%20L.txt	Dunu SA6 (switch: off)	DUNU SA6 (default mode)	in-ear	711
https://superreview.squig.link/data/Dunu%20SA6%20R.txt	Dunu SA6 (switch: off)	DUNU SA6 (default mode)	in-ear	711
https://superreview.squig.link/data/Dunu%20SA6%20EST%20L.txt	Dunu SA6 EST	DUNU SA6 EST	in-ear	711
https://superreview.squig.link/data/Dunu%20SA6%20EST%20R.txt	Dunu SA6 EST	DUNU SA6 EST	in-ear	711
https://superreview.squig.link/data/Dunu%20SA6%20mkII%20(on)%20L.txt	Dunu SA6 mkII (switch: on)	DUNU SA6 MK2 (Atmospheric Immersion mode)	in-ear	711
https://superreview.squig.link/data/Dunu%20SA6%20mkII%20(on)%20R.txt	Dunu SA6 mkII (switch: on)	DUNU SA6 MK2 (Atmospheric Immersion mode)	in-ear	711
https://superreview.squig.link/data/Dunu%20SA6%20mkII%20(off)%20L.txt	Dunu SA6 mkII (switch: off)	DUNU SA6 MK2 (default mode)	in-ear	711
https://superreview.squig.link/data/Dunu%20SA6%20mkII%20(off)%20R.txt	Dunu SA6 mkII (switch: off)	DUNU SA6 MK2 (default mode)	in-ear	711
https://superreview.squig.link/data/Dunu%20SA6%20Ultra%20(on)%20L.txt	Dunu SA6 Ultra (switch: on)	DUNU SA6 Ultra (atmospheric immersion mode)	in-ear	711
https://superreview.squig.link/data/Dunu%20SA6%20Ultra%20(on)%20R.txt	Dunu SA6 Ultra (switch: on)	DUNU SA6 Ultra (atmospheric immersion mode)	in-ear	711
https://superreview.squig.link/data/Dunu%20SA6%20Ultra%20(off)%20L.txt	Dunu SA6 Ultra (switch: off)	DUNU SA6 Ultra (default mode)	in-ear	711
https://superreview.squig.link/data/Dunu%20SA6%20Ultra%20(off)%20R.txt	Dunu SA6 Ultra (switch: off)	DUNU SA6 Ultra (default mode)	in-ear	711
https://superreview.squig.link/data/Dunu%20Talos%20(S2%20off)%20L.txt	Dunu Talos (sample 2 - switch: off)	DUNU Talos (BA off)	in-ear	711
https://superreview.squig.link/data/Dunu%20Talos%20(S2%20off)%20R.txt	Dunu Talos (sample 2 - switch: off)	DUNU Talos (BA off)	in-ear	711
https://superreview.squig.link/data/Dunu%20Talos%20L.txt	Dunu Talos (switch: off)	DUNU Talos (BA off)	in-ear	711
https://superreview.squig.link/data/Dunu%20Talos%20R.txt	Dunu Talos (switch: off)	DUNU Talos (BA off)	in-ear	711
https://superreview.squig.link/data/Dunu%20Talos%20(S2%20on)%20L.txt	Dunu Talos (sample 2 - switch: on)	DUNU Talos (BA on)	in-ear	711
https://superreview.squig.link/data/Dunu%20Talos%20(S2%20on)%20R.txt	Dunu Talos (sample 2 - switch: on)	DUNU Talos (BA on)	in-ear	711
https://superreview.squig.link/data/Dunu%20Talos%20(on)%20L.txt	Dunu Talos (switch: on)	DUNU Talos (BA on)	in-ear	711
https://superreview.squig.link/data/Dunu%20Talos%20(on)%20R.txt	Dunu Talos (switch: on)	DUNU Talos (BA on)	in-ear	711
https://superreview.squig.link/data/Dunu%20Titan%20S2%20L.txt	Dunu Titan S2	DUNU Titan S2	in-ear	711
https://superreview.squig.link/data/Dunu%20Titan%20S2%20R.txt	Dunu Titan S2	DUNU Titan S2	in-ear	711
https://squig.link/data/Dunu%20Titan%20X%20L.txt	Dunu Titan X 	DUNU Titan X	in-ear	711
https://squig.link/data/Dunu%20Titan%20X%20R.txt	Dunu Titan X 	DUNU Titan X	in-ear	711
https://squig.link/data/Dunu%20Titan%20X%20deep%20L.txt	Dunu Titan X (insert: deep)	DUNU Titan X (insert deep)	in-ear	711
https://squig.link/data/Dunu%20Titan%20X%20deep%20R.txt	Dunu Titan X (insert: deep)	DUNU Titan X (insert deep)	in-ear	711
https://squig.link/data/Dunu%20Titan%20X%20shallow%20L.txt	Dunu Titan X (insert: shallow)	DUNU Titan X (insert shallow)	in-ear	711
https://squig.link/data/Dunu%20Titan%20X%20shallow%20R.txt	Dunu Titan X (insert: shallow)	DUNU Titan X (insert shallow)	in-ear	711
https://squig.link/data/Dunu%20Titan%20X%20candy%20L.txt	Dunu Titan X (tips: Candy)	DUNU Titan X (tips Candy)	in-ear	711
https://squig.link/data/Dunu%20Titan%20X%20candy%20R.txt	Dunu Titan X (tips: Candy)	DUNU Titan X (tips Candy)	in-ear	711
https://superreview.squig.link/data/Dunu%20Vulkan%20L.txt	Dunu Vulkan (sample 1)	DUNU Vulkan	in-ear	711
https://superreview.squig.link/data/Dunu%20Vulkan%20R.txt	Dunu Vulkan (sample 1)	DUNU Vulkan	in-ear	711
https://superreview.squig.link/data/Dunu%20Vulkan%20(S2)%20L.txt	Dunu Vulkan (sample 2, tips: gray)	DUNU Vulkan (gray eartips)	in-ear	711
https://superreview.squig.link/data/Dunu%20Vulkan%20(S2)%20R.txt	Dunu Vulkan (sample 2, tips: gray)	DUNU Vulkan (gray eartips)	in-ear	711
https://superreview.squig.link/data/Dunu%20Vulkan%20(S2%20+%20red)%20R.txt	Dunu Vulkan (sample 2, tips: red)	DUNU Vulkan (red eartips)	in-ear	711
https://squig.link/data/Dunu%20Vulkan%202%200%20ohm%20L.txt	Dunu Vulkan 2 	DUNU Vulkan 2	in-ear	711
https://squig.link/data/Dunu%20Vulkan%202%200%20ohm%20R.txt	Dunu Vulkan 2 	DUNU Vulkan 2	in-ear	711
https://squig.link/data/Dunu%20Vulkan%202%2010%20ohm%20L.txt	Dunu Vulkan 2 (impedance: 10 ohm)	DUNU Vulkan 2 (impedance 10 ohm)	in-ear	711
https://squig.link/data/Dunu%20Vulkan%202%2010%20ohm%20R.txt	Dunu Vulkan 2 (impedance: 10 ohm)	DUNU Vulkan 2 (impedance 10 ohm)	in-ear	711
https://squig.link/data/Dunu%20Vulkan%202%2015%20ohm%20L.txt	Dunu Vulkan 2 (impedance: 15 ohm)	DUNU Vulkan 2 (impedance 15 ohm)	in-ear	711
https://squig.link/data/Dunu%20Vulkan%202%2015%20ohm%20R.txt	Dunu Vulkan 2 (impedance: 15 ohm)	DUNU Vulkan 2 (impedance 15 ohm)	in-ear	711
https://squig.link/data/Dunu%20Vulkan%202%2036%20ohm%20L.txt	Dunu Vulkan 2 (impedance: 36 ohm)	DUNU Vulkan 2 (impedance 36 ohm)	in-ear	711
https://squig.link/data/Dunu%20Vulkan%202%2036%20ohm%20R.txt	Dunu Vulkan 2 (impedance: 36 ohm)	DUNU Vulkan 2 (impedance 36 ohm)	in-ear	711
https://squig.link/data/Dunu%20Vulkan%202%205%20ohm%20L.txt	Dunu Vulkan 2 (impedance: 5 ohm)	DUNU Vulkan 2 (impedance 5 ohm)	in-ear	711
https://squig.link/data/Dunu%20Vulkan%202%205%20ohm%20R.txt	Dunu Vulkan 2 (impedance: 5 ohm)	DUNU Vulkan 2 (impedance 5 ohm)	in-ear	711
https://squig.link/data/Dunu%20Vulkan%202%2075%20ohm%20L.txt	Dunu Vulkan 2 (impedance: 75 ohm)	DUNU Vulkan 2 (impedance 75 ohm)	in-ear	711
https://squig.link/data/Dunu%20Vulkan%202%2075%20ohm%20R.txt	Dunu Vulkan 2 (impedance: 75 ohm)	DUNU Vulkan 2 (impedance 75 ohm)	in-ear	711
https://squig.link/data/Dunu%20Vulkan%202%20deep%20L.txt	Dunu Vulkan 2 (insert: deep)	DUNU Vulkan 2 (insert deep)	in-ear	711
https://squig.link/data/Dunu%20Vulkan%202%20deep%20R.txt	Dunu Vulkan 2 (insert: deep)	DUNU Vulkan 2 (insert deep)	in-ear	711
https://squig.link/data/Dunu%20Vulkan%202%20shallow%20L.txt	Dunu Vulkan 2 (insert: shallow)	DUNU Vulkan 2 (insert shallow)	in-ear	711
https://squig.link/data/Dunu%20Vulkan%202%20shallow%20R.txt	Dunu Vulkan 2 (insert: shallow)	DUNU Vulkan 2 (insert shallow)	in-ear	711
https://superreview.squig.link/data/Dunu%20Zen%20L.txt	Dunu Zen	DUNU Zen	in-ear	711
https://superreview.squig.link/data/Dunu%20Zen%20Pro%20L.txt	Dunu Zen Pro 	DUNU Zen Pro	in-ear	711
https://superreview.squig.link/data/Dunu%20Zen%20Pro%20R.txt	Dunu Zen Pro 	DUNU Zen Pro	in-ear	711
https://superreview.squig.link/data/Dunu%20DaVinci%20L.txt	Dunu x Gizaudio DaVinci 	DUNU x Gizaudio DaVinci	in-ear	711
https://superreview.squig.link/data/Dunu%20DaVinci%20R.txt	Dunu x Gizaudio DaVinci 	DUNU x Gizaudio DaVinci	in-ear	711
https://superreview.squig.link/headphones/data/DCA%20E3%20L1.txt	Dan Clark Audio E3	Dan Clark Audio E3	over-ear	KB006x + 711
https://superreview.squig.link/headphones/data/DCA%20E3%20L2.txt	Dan Clark Audio E3	Dan Clark Audio E3	over-ear	KB006x + 711
https://superreview.squig.link/headphones/data/DCA%20E3%20L3.txt	Dan Clark Audio E3	Dan Clark Audio E3	over-ear	KB006x + 711
https://superreview.squig.link/headphones/data/DCA%20E3%20R1.txt	Dan Clark Audio E3	Dan Clark Audio E3	over-ear	KB006x + 711
https://superreview.squig.link/headphones/data/DCA%20E3%20R2.txt	Dan Clark Audio E3	Dan Clark Audio E3	over-ear	KB006x + 711
https://superreview.squig.link/headphones/data/DCA%20E3%20R3.txt	Dan Clark Audio E3	Dan Clark Audio E3	over-ear	KB006x + 711
https://superreview.squig.link/headphones/data/DCA%20Expanse%20L1.txt	Dan Clark Audio Expanse	Dan Clark Audio EXPANSE	over-ear	KB006x + 711
https://superreview.squig.link/headphones/data/DCA%20Expanse%20L2.txt	Dan Clark Audio Expanse	Dan Clark Audio EXPANSE	over-ear	KB006x + 711
https://superreview.squig.link/headphones/data/DCA%20Expanse%20L3.txt	Dan Clark Audio Expanse	Dan Clark Audio EXPANSE	over-ear	KB006x + 711
https://superreview.squig.link/headphones/data/DCA%20Expanse%20R1.txt	Dan Clark Audio Expanse	Dan Clark Audio EXPANSE	over-ear	KB006x + 711
https://superreview.squig.link/headphones/data/DCA%20Expanse%20R2.txt	Dan Clark Audio Expanse	Dan Clark Audio EXPANSE	over-ear	KB006x + 711
https://superreview.squig.link/headphones/data/DCA%20Expanse%20R3.txt	Dan Clark Audio Expanse	Dan Clark Audio EXPANSE	over-ear	KB006x + 711
https://superreview.squig.link/headphones/data/DCA%20Stealth%20L1.txt	Dan Clark Audio Stealth	Dan Clark Audio Stealth	over-ear	KB006x + 711
https://superreview.squig.link/headphones/data/DCA%20Stealth%20L2.txt	Dan Clark Audio Stealth	Dan Clark Audio Stealth	over-ear	KB006x + 711
https://superreview.squig.link/headphones/data/DCA%20Stealth%20L3.txt	Dan Clark Audio Stealth	Dan Clark Audio Stealth	over-ear	KB006x + 711
https://superreview.squig.link/headphones/data/DCA%20Stealth%20R1.txt	Dan Clark Audio Stealth	Dan Clark Audio Stealth	over-ear	KB006x + 711
https://superreview.squig.link/headphones/data/DCA%20Stealth%20R2.txt	Dan Clark Audio Stealth	Dan Clark Audio Stealth	over-ear	KB006x + 711
https://superreview.squig.link/headphones/data/DCA%20Stealth%20R3.txt	Dan Clark Audio Stealth	Dan Clark Audio Stealth	over-ear	KB006x + 711
https://squig.link/data/Dark%20Matter%20DMA4%20L.txt	Dark Matter DMA4 (universal) 	Dark Matter DMA4 (universal)	in-ear	711
https://squig.link/data/Dark%20Matter%20DMA4%20R.txt	Dark Matter DMA4 (universal) 	Dark Matter DMA4 (universal)	in-ear	711
https://squig.link/data/Dark%20Matter%20DMA4%20deep%20L.txt	Dark Matter DMA4 (universal) (insert: deep)	Dark Matter DMA4 (universal) (insert deep)	in-ear	711
https://squig.link/data/Dark%20Matter%20DMA4%20deep%20R.txt	Dark Matter DMA4 (universal) (insert: deep)	Dark Matter DMA4 (universal) (insert deep)	in-ear	711
https://squig.link/data/Dark%20Matter%20DMA4%20shallow%20L.txt	Dark Matter DMA4 (universal) (insert: shallow)	Dark Matter DMA4 (universal) (insert shallow)	in-ear	711
https://squig.link/data/Dark%20Matter%20DMA4%20shallow%20R.txt	Dark Matter DMA4 (universal) (insert: shallow)	Dark Matter DMA4 (universal) (insert shallow)	in-ear	711
https://squig.link/data/Dark%20Matter%20DMA4%20spring%20L.txt	Dark Matter DMA4 (universal) (tips: Spring)	Dark Matter DMA4 (universal) (tips Spring)	in-ear	711
https://superreview.squig.link/data/Dita%20Mecha%20L.txt	Dita Mecha	Dita Audio Mecha	in-ear	711
https://superreview.squig.link/data/Dita%20Mecha%20R.txt	Dita Mecha	Dita Audio Mecha	in-ear	711
https://superreview.squig.link/data/Dunu%20DK-3001%20BD%2010ohm%20L.txt	Dunu DK3001BD (impedance adapter: 10ohm)	Dunu DK3001BD (impedance adapter 10ohm)	ignore	711
https://superreview.squig.link/data/Dunu%20DK-3001%20BD%2010ohm%20R.txt	Dunu DK3001BD (impedance adapter: 10ohm)	Dunu DK3001BD (impedance adapter 10ohm)	ignore	711
https://superreview.squig.link/data/Dunu%20DK-3001%20BD%2015ohm%20L.txt	Dunu DK3001BD (impedance adapter: 15ohm)	Dunu DK3001BD (impedance adapter 15ohm)	ignore	711
https://superreview.squig.link/data/Dunu%20DK-3001%20BD%2015ohm%20R.txt	Dunu DK3001BD (impedance adapter: 15ohm)	Dunu DK3001BD (impedance adapter 15ohm)	ignore	711
https://superreview.squig.link/data/Dunu%20DK-3001%20BD%2036ohm%20L.txt	Dunu DK3001BD (impedance adapter: 36ohm)	Dunu DK3001BD (impedance adapter 36ohm)	ignore	711
https://superreview.squig.link/data/Dunu%20DK-3001%20BD%2036ohm%20R.txt	Dunu DK3001BD (impedance adapter: 36ohm)	Dunu DK3001BD (impedance adapter 36ohm)	ignore	711
https://superreview.squig.link/data/Dunu%20DK-3001%20BD%2075ohm%20L.txt	Dunu DK3001BD (impedance adapter: 75ohm)	Dunu DK3001BD (impedance adapter 75ohm)	ignore	711
https://superreview.squig.link/data/Dunu%20DK-3001%20BD%2075ohm%20R.txt	Dunu DK3001BD (impedance adapter: 75ohm)	Dunu DK3001BD (impedance adapter 75ohm)	ignore	711
https://superreview.squig.link/data/Dunu%20EST%20112%20(SpinFit)%20L.txt		Dunu EST 112 (SpinFit)	ignore	
https://superreview.squig.link/data/Dunu%20Falcon%20Pro%20(experimental)%20L.txt	Dunu Falcon Pro (experimental)	Dunu Falcon Pro (experimental)	ignore	
https://superreview.squig.link/data/Dunu%20Falcon%20Pro%20(experimental)%20R.txt	Dunu Falcon Pro (experimental)	Dunu Falcon Pro (experimental)	ignore	
https://superreview.squig.link/data/Dunu%20Titan%20S%20(pre)%20L.txt	Dunu Titan S (pre-production)	Dunu Titan S (pre-production)	ignore	
https://superreview.squig.link/data/Dunu%20Titan%20S%20(pre)%20R.txt	Dunu Titan S (pre-production)	Dunu Titan S (pre-production)	ignore	
https://superreview.squig.link/data/Dunu%20Vulka%20(S2%20+%20red)%20L.txt		Dunu Vulka (S2 + red)	ignore	
https://superreview.squig.link/data/Dunu%20Zen%20Pro%20(pre)%20L.txt	Dunu Zen Pro (pre-production)	Dunu Zen Pro (pre-production)	ignore	
https://superreview.squig.link/data/Dunu%20DaVinci%20VHB%20L.txt	Dunu x Gizaudio DaVinci (vent blocked w/ Tanchjim filter)	Dunu x Gizaudio DaVinci (vent blocked w Tanchjim filter)	ignore	711
https://superreview.squig.link/data/Dunu%20DaVinci%20VHB%20R.txt	Dunu x Gizaudio DaVinci (vent blocked w/ Tanchjim filter)	Dunu x Gizaudio DaVinci (vent blocked w Tanchjim filter)	ignore	711
https://superreview.squig.link/data/Dunu%20DaVinci%20VFB%20L.txt	Dunu x Gizaudio DaVinci (vent blocked w/ tape)	Dunu x Gizaudio DaVinci (vent blocked w tape)	ignore	711
https://superreview.squig.link/data/Dunu%20DaVinci%20VFB%20R.txt	Dunu x Gizaudio DaVinci (vent blocked w/ tape)	Dunu x Gizaudio DaVinci (vent blocked w tape)	ignore	711
https://superreview.squig.link/data/Dunu%20DaVinci%20VFB%20+%20Tanch%20L.txt	Dunu x Gizaudio DaVinci (vent blocked with tape + nozzle blocked w/ Tanchjim filter)	Dunu x Gizaudio DaVinci (vent blocked with tape + nozzle blocked w Tanchjim filter)	ignore	711
https://superreview.squig.link/data/Dunu%20DaVinci%20VFB%20+%20Tanch%20R.txt	Dunu x Gizaudio DaVinci (vent blocked with tape + nozzle blocked w/ Tanchjim filter)	Dunu x Gizaudio DaVinci (vent blocked with tape + nozzle blocked w Tanchjim filter)	ignore	711
https://superreview.squig.link/data/EPZ%20530%20L.txt	EPZ 530	EPZ 530	in-ear	711
https://superreview.squig.link/data/EPZ%20530%20R.txt	EPZ 530	EPZ 530	in-ear	711
https://superreview.squig.link/data/EPZ%20G10%20L.txt	EPZ G10	EPZ G10	in-ear	711
https://superreview.squig.link/data/EPZ%20G10%20R.txt	EPZ G10	EPZ G10	in-ear	711
https://superreview.squig.link/data/EPZ%20K5%20L.txt	EPZ K5	EPZ K5	in-ear	711
https://superreview.squig.link/data/EPZ%20K5%20R.txt	EPZ K5	EPZ K5	in-ear	711
https://superreview.squig.link/data/EPZ%20K9%20L.txt	EPZ K9 	EPZ K9	in-ear	711
https://superreview.squig.link/data/EPZ%20K9%20R.txt	EPZ K9 	EPZ K9	in-ear	711
https://superreview.squig.link/data/EPZ%20K9%20deep%20L.txt	EPZ K9 (insert: deep)	EPZ K9 (insert deep)	ignore	711
https://superreview.squig.link/data/EPZ%20K9%20deep%20R.txt	EPZ K9 (insert: deep)	EPZ K9 (insert deep)	ignore	711
https://superreview.squig.link/data/EPZ%20K9%20shallow%20L.txt	EPZ K9 (insert: shallow)	EPZ K9 (insert shallow)	ignore	711
https://superreview.squig.link/data/EPZ%20K9%20shallow%20R.txt	EPZ K9 (insert: shallow)	EPZ K9 (insert shallow)	ignore	711
https://squig.link/data/EPZ%20P40%20L.txt	EPZ P40 	EPZ P40	in-ear	711
https://squig.link/data/EPZ%20P40%20R.txt	EPZ P40 	EPZ P40	in-ear	711
https://squig.link/data/EPZ%20P40%20deep%20L.txt	EPZ P40 (insert: deep)	EPZ P40 (insert deep)	in-ear	711
https://squig.link/data/EPZ%20P40%20deep%20R.txt	EPZ P40 (insert: deep)	EPZ P40 (insert deep)	in-ear	711
https://squig.link/data/EPZ%20P40%20shallow%20L.txt	EPZ P40 (insert: shallow)	EPZ P40 (insert shallow)	in-ear	711
https://squig.link/data/EPZ%20P40%20shallow%20R.txt	EPZ P40 (insert: shallow)	EPZ P40 (insert shallow)	in-ear	711
https://superreview.squig.link/data/EPZ%20P50%20L.txt	EPZ P50	EPZ P50	in-ear	711
https://superreview.squig.link/data/EPZ%20P50%20R.txt	EPZ P50	EPZ P50	in-ear	711
https://superreview.squig.link/data/EPZ%20Q1%20Pro%20L.txt	EPZ Q1 Pro	EPZ Q1 Pro	in-ear	711
https://superreview.squig.link/data/EPZ%20Q1%20Pro%20R.txt	EPZ Q1 Pro	EPZ Q1 Pro	in-ear	711
https://superreview.squig.link/data/EPZ%20Q5%20L.txt	EPZ Q5	EPZ Q5	in-ear	711
https://superreview.squig.link/data/EPZ%20Q5%20R.txt	EPZ Q5	EPZ Q5	in-ear	711
https://superreview.squig.link/data/EQ%20sandbox%20L.txt	EQ Sandbox	EQ Sandbox	ignore	
https://superreview.squig.link/headphones/data/ETA%20O2%20L1.txt	ETA Audio O2	ETA O2	over-ear	KB006x + 711
https://superreview.squig.link/headphones/data/ETA%20O2%20L2.txt	ETA Audio O2	ETA O2	over-ear	KB006x + 711
https://superreview.squig.link/headphones/data/ETA%20O2%20L3.txt	ETA Audio O2	ETA O2	over-ear	KB006x + 711
https://superreview.squig.link/headphones/data/ETA%20O2%20R1.txt	ETA Audio O2	ETA O2	over-ear	KB006x + 711
https://superreview.squig.link/headphones/data/ETA%20O2%20R2.txt	ETA Audio O2	ETA O2	over-ear	KB006x + 711
https://superreview.squig.link/headphones/data/ETA%20O2%20R3.txt	ETA Audio O2	ETA O2	over-ear	KB006x + 711
https://superreview.squig.link/data/EarFun%20Free%20Pro%20Oluv%20Edition%20L.txt	EarFun Free Pro - Oluv Edition ANC off	EarFun Free Pro (Oluv Edition, ANC off)	in-ear	711
https://superreview.squig.link/data/EarFun%20Free%20Pro%20Oluv%20Edition%20(ANC)%20L.txt	EarFun Free Pro - Oluv Edition ANC on	EarFun Free Pro (Oluv Edition, ANC on)	in-ear	711
https://superreview.squig.link/data/Effect%20Audio%20Axiom%20L.txt	Effect Audio Axiom	Effect Audio Axiom	in-ear	711
https://superreview.squig.link/data/Effect%20Audio%20Axiom%20R.txt	Effect Audio Axiom	Effect Audio Axiom	in-ear	711
https://squig.link/data/Effect%20Audio%20Perseus%20L.txt	Effect Audio Perseus 	Effect Audio Perseus	in-ear	711
https://squig.link/data/Effect%20Audio%20Perseus%20R.txt	Effect Audio Perseus 	Effect Audio Perseus	in-ear	711
https://squig.link/data/Effect%20Audio%20Perseus%20deep%20L.txt	Effect Audio Perseus (insert: deep)	Effect Audio Perseus (insert deep)	in-ear	711
https://squig.link/data/Effect%20Audio%20Perseus%20deep%20R.txt	Effect Audio Perseus (insert: deep)	Effect Audio Perseus (insert deep)	in-ear	711
https://squig.link/data/Effect%20Audio%20Perseus%20shallow%20L.txt	Effect Audio Perseus (insert: shallow)	Effect Audio Perseus (insert shallow)	in-ear	711
https://squig.link/data/Effect%20Audio%20Perseus%20shallow%20R.txt	Effect Audio Perseus (insert: shallow)	Effect Audio Perseus (insert shallow)	in-ear	711
https://superreview.squig.link/data/Effect%20Audio%20Gaea%20(deep)%20L.txt	Effect Audio x Elysian Acoustic Labs Gaea (deep insert)	Effect Audio x Elysian Acoustic Labs Gaea (deep insert)	ignore	
https://superreview.squig.link/data/Effect%20Audio%20Gaea%20(deep)%20R.txt	Effect Audio x Elysian Acoustic Labs Gaea (deep insert)	Effect Audio x Elysian Acoustic Labs Gaea (deep insert)	ignore	
https://superreview.squig.link/data/Effect%20Audio%20Gaea%20L.txt	Effect Audio x Elysian Acoustic Labs Gaea 	Effect Audio x Elysian Gaea	in-ear	711
https://superreview.squig.link/data/Effect%20Audio%20Gaea%20R.txt	Effect Audio x Elysian Acoustic Labs Gaea 	Effect Audio x Elysian Gaea	in-ear	711
https://superreview.squig.link/data/Elysian%20Annihilator%20L.txt	Elysian Acoustic Labs Annihilator	Elysian Acoustic Labs Annihilator	ignore	
https://superreview.squig.link/data/Elysian%20Pilgrim%20CJNYC24%20L.txt	Elysian Acoustic Labs Pilgrim (pre-production, CanJam NYC)	Elysian Acoustic Labs Pilgrim (pre-production, CanJam NYC)	ignore	711
https://superreview.squig.link/data/Elysian%20Pilgrim%20CJNYC24%20R.txt	Elysian Acoustic Labs Pilgrim (pre-production, CanJam NYC)	Elysian Acoustic Labs Pilgrim (pre-production, CanJam NYC)	ignore	711
https://superreview.squig.link/data/Elysian%20Annihilator%202023%20S2%20L.txt	Elysian Acoustic Labs Annihilator 2023 (sample 2)	Elysian Annihilator (2023)	in-ear	711
https://superreview.squig.link/data/Elysian%20Annihilator%202023%20S2%20R.txt	Elysian Acoustic Labs Annihilator 2023 (sample 2)	Elysian Annihilator (2023)	in-ear	711
https://superreview.squig.link/data/Elysian%20Annihilator%202023%20(JVC)%20L.txt	Elysian Acoustic Labs Annihilator 2023 (tips: Spiral Dots++)	Elysian Annihilator (2023, JVC Spiral Dot++ eartips)	ignore	711
https://superreview.squig.link/data/Elysian%20Annihilator%202023%20(JVC)%20R.txt	Elysian Acoustic Labs Annihilator 2023 (tips: Spiral Dots++)	Elysian Annihilator (2023, JVC Spiral Dot++ eartips)	ignore	711
https://superreview.squig.link/data/Elysian%20Annihilator%202023%20(W1)%20L.txt	Elysian Acoustic Labs Annihilator 2023 (tips: SpinFit W1)	Elysian Annihilator (2023, SpinFit W1 eartips)	ignore	711
https://superreview.squig.link/data/Elysian%20Annihilator%202023%20(W1)%20R.txt	Elysian Acoustic Labs Annihilator 2023 (tips: SpinFit W1)	Elysian Annihilator (2023, SpinFit W1 eartips)	ignore	711
https://superreview.squig.link/data/Elysian%20Diva%20blue%20L.txt	Elysian Acoustic Labs Diva 2023 (switch: blue)	Elysian Diva 2023 (blue switch)	in-ear	711
https://superreview.squig.link/data/Elysian%20Diva%20blue%20R.txt	Elysian Acoustic Labs Diva 2023 (switch: blue)	Elysian Diva 2023 (blue switch)	in-ear	711
https://superreview.squig.link/data/Elysian%20Diva%20red%20L.txt	Elysian Acoustic Labs Diva 2023 (switch: red)	Elysian Diva 2023 (red switch)	in-ear	711
https://superreview.squig.link/data/Elysian%20Diva%20red%20R.txt	Elysian Acoustic Labs Diva 2023 (switch: red)	Elysian Diva 2023 (red switch)	in-ear	711
https://superreview.squig.link/data/Elysian%20Diva%20white%20L.txt	Elysian Acoustic Labs Diva 2023 (switch: white)	Elysian Diva 2023 (white switch)	in-ear	711
https://superreview.squig.link/data/Elysian%20Diva%20white%20R.txt	Elysian Acoustic Labs Diva 2023 (switch: white)	Elysian Diva 2023 (white switch)	in-ear	711
https://superreview.squig.link/data/Elysian%20Pilgrim%20L.txt	Elysian Acoustic Labs Pilgrim (sample 2)	Elysian Pilgrim	in-ear	711
https://superreview.squig.link/data/Elysian%20Pilgrim%20R.txt	Elysian Acoustic Labs Pilgrim (sample 2)	Elysian Pilgrim	in-ear	711
https://superreview.squig.link/data/Elysian%20Pilgrim%20S3%20L.txt	Elysian Acoustic Labs Pilgrim (sample 3)	Elysian Pilgrim	in-ear	711
https://superreview.squig.link/data/Elysian%20Pilgrim%20S3%20R.txt	Elysian Acoustic Labs Pilgrim (sample 3)	Elysian Pilgrim	in-ear	711
https://superreview.squig.link/data/Elysian%20Pilgrim%20Noir%20L.txt	Elysian Acoustic Labs Pilgrim: Noir	Elysian Pilgrim Noir	in-ear	711
https://superreview.squig.link/data/Elysian%20Pilgrim%20Noir%20R.txt	Elysian Acoustic Labs Pilgrim: Noir	Elysian Pilgrim Noir	in-ear	711
https://superreview.squig.link/data/Empire%20Ears%20Bravado%20mkII%20L.txt	Empire Ears Bravado mk.II	Empire Ears Bravado Mk2	in-ear	711
https://superreview.squig.link/data/Empire%20Ears%20ESR%20mkII%20L.txt	Empire Ears ESR mk.II	Empire Ears ESR Mk2	in-ear	711
https://superreview.squig.link/data/Empire%20Ears%20Legend%20Evo%20L.txt	Empire Ears Legend Evo	Empire Ears Legend EVO	in-ear	711
https://superreview.squig.link/data/Empire%20Ears%20Legend%20Evo%20R.txt	Empire Ears Legend Evo	Empire Ears Legend EVO	in-ear	711
https://superreview.squig.link/data/Empire%20Ears%20Raven%20L.txt	Empire Ears Legend Raven	Empire Ears Legend Raven	in-ear	711
https://superreview.squig.link/data/Empire%20Ears%20Raven%20R.txt	Empire Ears Legend Raven	Empire Ears Legend Raven	in-ear	711
https://superreview.squig.link/data/Empire%20Ears%20Valkyrie%20mkII%20L.txt	Empire Ears Valkyrie mk.II	Empire Ears Valkyrie MKII	in-ear	711
https://squig.link/data/Essonio%20ES-C13%20L.txt	Essonio ES-C13 	Essonio ES-C13	in-ear	711
https://squig.link/data/Essonio%20ES-C13%20R.txt	Essonio ES-C13 	Essonio ES-C13	in-ear	711
https://squig.link/data/Essonio%20ES-C13%20shallow%20L.txt	Essonio ES-C13 	Essonio ES-C13	in-ear	711
https://squig.link/data/Essonio%20ES-C13%20shallow%20R.txt	Essonio ES-C13 	Essonio ES-C13	in-ear	711
https://squig.link/data/Essonio%20ES-C13%20deep%20L.txt	Essonio ES-C13 	Essonio ES-C13	in-ear	711
https://squig.link/data/Essonio%20ES-C13%20deep%20R.txt	Essonio ES-C13 	Essonio ES-C13	in-ear	711
https://superreview.squig.link/data/Etymotic%20ER2SE%20L.txt	Etymotic ER2SE (sample 1)	Etymotic ER2SE	in-ear	711
https://superreview.squig.link/data/Etymotic%20ER2SE%20(sample%202)%20L.txt	Etymotic ER2SE (sample 2)	Etymotic ER2SE	in-ear	711
https://superreview.squig.link/data/Etymotic%20ER2SE%20(sample%202)%20R.txt	Etymotic ER2SE (sample 2)	Etymotic ER2SE	in-ear	711
https://superreview.squig.link/data/Etymotic%20ER2SE%20(AutoEQ%20-%20Oratory)%20L.txt	Etymotic ER2SE (sample 1: AutoEQ - Oratory)	Etymotic ER2SE (sample 1: AutoEQ - Oratory)	ignore	
https://superreview.squig.link/data/Etymotic%20ER2SE%20(AutoEQ)%20L.txt	Etymotic ER2SE (sample 1: AutoEQ)	Etymotic ER2SE (sample 1: AutoEQ)	ignore	
https://superreview.squig.link/data/Etymotic%20ER2XR%20(S2)%20L.txt	Etymotic ER2XR (sample 2)	Etymotic ER2XR	in-ear	711
https://superreview.squig.link/data/Etymotic%20ER2XR%20(S2)%20R.txt	Etymotic ER2XR (sample 2)	Etymotic ER2XR	in-ear	711
https://superreview.squig.link/data/Etyotic%20ER2XR%20(S2)%20L.txt		Etymotic ER2XR	in-ear	711
https://superreview.squig.link/data/Etymotic%20ER2XR%20(brown)%20L.txt	Etymotic ER2XR (filters: brown)	Etymotic ER2XR (brown filter)	in-ear	711
https://superreview.squig.link/data/Etymotic%20ER2XR%20(brown%20+%202F)%20L.txt	Etymotic ER2XR (filters: brown + tips: 2-flange)	Etymotic ER2XR (brown filter, 2-flange eartips)	ignore	711
https://superreview.squig.link/data/Etymotic%20ER2XR%20L.txt	Etymotic ER2XR (filters: green [stock])	Etymotic ER2XR (green filter)	in-ear	711
https://superreview.squig.link/data/Etymotic%20ER2XR%20(white)%20L.txt	Etymotic ER2XR (filters: white)	Etymotic ER2XR (white filter)	in-ear	711
https://superreview.squig.link/data/Etymotic%20ER4S%20L.txt	Etymotic ER4S	Etymotic ER4S	in-ear	711
https://superreview.squig.link/data/Etymotic%20ER4S%20R.txt	Etymotic ER4S	Etymotic ER4S	in-ear	711
https://superreview.squig.link/data/Etymotic%20ER4XR%20(2F)%20L.txt	Etymotic ER4XR (tips: 2-flange)	Etymotic ER4XR (2-flange eartips)	in-ear	711
https://superreview.squig.link/data/Etymotic%20ER4XR%20L.txt	Etymotic ER4XR (tips: 3-flange)	Etymotic ER4XR (3-flange eartips)	in-ear	711
https://superreview.squig.link/data/Etymotic%20ER4XR%20(foam)%20L.txt	Etymotic ER4XR (tips: foam)	Etymotic ER4XR (foam eartips)	in-ear	711
https://superreview.squig.link/data/Etymotic%20ERX%20(brown)%20L.txt	Etymotic ERX (filters: brown)	Etymotic ERX (brown filter)	in-ear	711
https://superreview.squig.link/data/Etymotic%20ERX%20(brown)%20R.txt	Etymotic ERX (filters: brown)	Etymotic ERX (brown filter)	in-ear	711
https://superreview.squig.link/data/Etymotic%20ERX%20L.txt	Etymotic ERX (filters: green - stock)	Etymotic ERX (green filter)	in-ear	711
https://superreview.squig.link/data/Etymotic%20ERX%20R.txt	Etymotic ERX (filters: green - stock)	Etymotic ERX (green filter)	in-ear	711
https://superreview.squig.link/data/Etymotic%20ETY%20Kids%20L.txt	Etymotic ETY Kids	Etymotic ETY Kids	in-ear	711
https://superreview.squig.link/data/Etymotic%20Evo%20(2F)%20L.txt	Etymotic Evo (tips: 2-flange)	Etymotic Evo (2-flange eartips)	in-ear	711
https://superreview.squig.link/data/Etymotic%20Evo%20L.txt	Etymotic Evo (tips: 3-flange)	Etymotic Evo (3-flange eartips)	in-ear	711
https://superreview.squig.link/data/Etymotic%20MK5%20L.txt	Etymotic MK5 Isolator	Etymotic mk5 Isolator	in-ear	711
https://superreview.squig.link/earbuds/data/Faaeal%20Iris%20R1.txt		FAAEAL Iris	earbud	KB006x + 711
https://superreview.squig.link/earbuds/data/Faaeal%20Iris%20R2.txt		FAAEAL Iris	earbud	KB006x + 711
https://superreview.squig.link/earbuds/data/Faaeal%20Iris%20R3.txt		FAAEAL Iris	earbud	KB006x + 711
https://superreview.squig.link/data/FLC%20DD31%20L.txt	FLC DD31	FLC Technology DD31	in-ear	711
https://superreview.squig.link/data/FLC%208P%20(gold-black-gunmetal)%20L.txt	FLC 8P (golden / black / gunmetal)	FLC Technology FLC8P (gold, black, gunmetal)	in-ear	711
https://superreview.squig.link/data/FLC%208P%20(gold-black-red)%20L.txt	FLC 8P (golden / black / red	FLC Technology FLC8P (gold, black, red)	in-ear	711
https://superreview.squig.link/data/FLC%208P%20(gold-white-transparent)%20L.txt	FLC 8P (golden / white / transparent)	FLC Technology FLC8P (gold, black, transparent)	in-ear	711
https://superreview.squig.link/data/FLC%208P%20(gold-gray-gunmetal)%20L.txt	FLC 8P golden / gray / gunmetal) (stock)	FLC Technology FLC8P (gold, gray, gunmetal)	in-ear	711
https://superreview.squig.link/data/FLC%208P%20(gold-white-gunmetal)%20L.txt	FLC 8P (golden / white / gunmetal)	FLC Technology FLC8P (gold, white, gunmetal)	in-ear	711
https://superreview.squig.link/data/FLC%208P%20(green-gray-gunmetal)%20L.txt	FLC 8P (green / gray / gunmetal)	FLC Technology FLC8P (green, gray, gunmetal)	in-ear	711
https://superreview.squig.link/data/FLC%208P%20(gunmetal-black-gunmetal)%20L.txt	FLC 8P (gunmetal / black / gunmetal)	FLC Technology FLC8P (gunmetal, black, gunmetal)	in-ear	711
https://superreview.squig.link/data/FLC%208P%20(gunmetal-gray-gunmetal)%20L.txt	FLC 8P (gunmetal / gray / gunmetal)	FLC Technology FLC8P (gunmetal, gray, gunmetal)	in-ear	711
https://superreview.squig.link/data/FLC%208P%20(silver-gray-gunmetal)%20L.txt	FLC 8P (silver / gray / gunmetal)	FLC Technology FLC8P (silver, gray, gunmetal)	in-ear	711
https://superreview.squig.link/data/Fatfreq%20Grand%20Maestro%20down%20L.txt	Fatfreq Grand Maestro (switch: down)	Fatfreq Grand Maestro (down)	in-ear	711
https://superreview.squig.link/data/Fatfreq%20Grand%20Maestro%20down%20R.txt	Fatfreq Grand Maestro (switch: down)	Fatfreq Grand Maestro (down)	in-ear	711
https://superreview.squig.link/data/Fatfreq%20Grand%20Maestro%20up%20L.txt	Fatfreq Grand Maestro (switch: up)	Fatfreq Grand Maestro (up)	in-ear	711
https://superreview.squig.link/data/Fatfreq%20Grand%20Maestro%20up%20R.txt	Fatfreq Grand Maestro (switch: up)	Fatfreq Grand Maestro (up)	in-ear	711
https://superreview.squig.link/data/Fatfreq%20Deuce%20L.txt	Fatfreq x HBB Deuce 	Fatfreq x HBB Deuce	in-ear	711
https://superreview.squig.link/data/Fatfreq%20Deuce%20R.txt	Fatfreq x HBB Deuce 	Fatfreq x HBB Deuce	in-ear	711
https://superreview.squig.link/data/Fatfreq%20Deuce%20adapter%20L.txt	Fatfreq x HBB Deuce (w/ impedance adapter)	Fatfreq x HBB Deuce (w impedance adapter)	ignore	711
https://superreview.squig.link/data/Fatfreq%20Deuce%20adapter%20R.txt	Fatfreq x HBB Deuce (w/ impedance adapter)	Fatfreq x HBB Deuce (w impedance adapter)	ignore	711
https://squig.link/headphones/data/Fiio%20EH11%20L1.txt	Fiio EH11 	FiiO EH11	over-ear	KB006x + 711
https://squig.link/headphones/data/Fiio%20EH11%20L2.txt	Fiio EH11 	FiiO EH11	over-ear	KB006x + 711
https://squig.link/headphones/data/Fiio%20EH11%20L3.txt	Fiio EH11 	FiiO EH11	over-ear	KB006x + 711
https://squig.link/headphones/data/Fiio%20EH11%20R1.txt	Fiio EH11 	FiiO EH11	over-ear	KB006x + 711
https://squig.link/headphones/data/Fiio%20EH11%20R2.txt	Fiio EH11 	FiiO EH11	over-ear	KB006x + 711
https://squig.link/headphones/data/Fiio%20EH11%20R3.txt	Fiio EH11 	FiiO EH11	over-ear	KB006x + 711
https://squig.link/headphones/data/Fiio%20EH11%20EQ%20empty%20R1.txt	Fiio EH11 (EQ: blank)	FiiO EH11 (EQ blank)	over-ear	KB006x + 711
https://squig.link/headphones/data/Fiio%20EH13%20ANC%20max%20L1.txt	Fiio EH13 (ANC: max)	FiiO EH13 (ANC max)	over-ear	KB006x + 711
https://squig.link/headphones/data/Fiio%20EH13%20ANC%20max%20L2.txt	Fiio EH13 (ANC: max)	FiiO EH13 (ANC max)	over-ear	KB006x + 711
https://squig.link/headphones/data/Fiio%20EH13%20ANC%20max%20L3.txt	Fiio EH13 (ANC: max)	FiiO EH13 (ANC max)	over-ear	KB006x + 711
https://squig.link/headphones/data/Fiio%20EH13%20ANC%20max%20R1.txt	Fiio EH13 (ANC: max)	FiiO EH13 (ANC max)	over-ear	KB006x + 711
https://squig.link/headphones/data/Fiio%20EH13%20ANC%20max%20R2.txt	Fiio EH13 (ANC: max)	FiiO EH13 (ANC max)	over-ear	KB006x + 711
https://squig.link/headphones/data/Fiio%20EH13%20ANC%20max%20R3.txt	Fiio EH13 (ANC: max)	FiiO EH13 (ANC max)	over-ear	KB006x + 711
https://squig.link/headphones/data/Fiio%20EH13%20ANC%20off%20L1.txt	Fiio EH13 (ANC: off)	FiiO EH13 (ANC off)	over-ear	KB006x + 711
https://squig.link/headphones/data/Fiio%20EH13%20ANC%20off%20R1.txt	Fiio EH13 (ANC: off)	FiiO EH13 (ANC off)	over-ear	KB006x + 711
https://squig.link/headphones/data/Fiio%20EH13%20transparency%20L1.txt	Fiio EH13 (ANC: transparency)	FiiO EH13 (ANC transparency)	over-ear	KB006x + 711
https://squig.link/headphones/data/Fiio%20EH13%20transparency%20R1.txt	Fiio EH13 (ANC: transparency)	FiiO EH13 (ANC transparency)	over-ear	KB006x + 711
https://squig.link/headphones/data/Fiio%20EH13%20EQ%20blank%20ANC%20max%20L1.txt	Fiio EH13 (EQ: blank :: ANC: max)	FiiO EH13 (EQ blank ANC max)	over-ear	KB006x + 711
https://squig.link/headphones/data/Fiio%20EH13%20EQ%20blank%20ANC%20max%20R1.txt	Fiio EH13 (EQ: blank :: ANC: max)	FiiO EH13 (EQ blank ANC max)	over-ear	KB006x + 711
https://squig.link/headphones/data/Fiio%20EH13%20EQ%20blank%20ANC%20off%20L1.txt	Fiio EH13 (EQ: blank :: ANC: off)	FiiO EH13 (EQ blank ANC off)	over-ear	KB006x + 711
https://squig.link/headphones/data/Fiio%20EH13%20EQ%20blank%20ANC%20off%20R1.txt	Fiio EH13 (EQ: blank :: ANC: off)	FiiO EH13 (EQ blank ANC off)	over-ear	KB006x + 711
https://superreview.squig.link/data/Fiio%20FA1%20L.txt	Fiio FA1	FiiO FA1	in-ear	711
https://superreview.squig.link/data/Fiio%20FA19%20off%20L.txt	Fiio FA19 (switch: off)	FiiO FA19 (off)	in-ear	711
https://superreview.squig.link/data/Fiio%20FA19%20off%20R.txt	Fiio FA19 (switch: off)	FiiO FA19 (off)	in-ear	711
https://superreview.squig.link/data/Fiio%20FA19%20on%20L.txt	Fiio FA19 (switch: on)	FiiO FA19 (on)	in-ear	711
https://superreview.squig.link/data/Fiio%20FA19%20on%20R.txt	Fiio FA19 (switch: on)	FiiO FA19 (on)	in-ear	711
https://superreview.squig.link/data/Fiio%20FD11%20L.txt	Fiio FD11	FiiO FD11	in-ear	711
https://superreview.squig.link/data/Fiio%20FD11%20R.txt	Fiio FD11	FiiO FD11	in-ear	711
https://superreview.squig.link/data/Fiio%20FD3%20(bass%20tips)%20L.txt	Fiio FD3 (tips: bass)	FiiO FD3 (bass eartips)	in-ear	711
https://superreview.squig.link/data/Fiio%20FD3%20(blk%20nozzle)%20L.txt	Fiio FD3 (nozzle: black)	FiiO FD3 (black nozzle)	in-ear	711
https://superreview.squig.link/data/Fiio%20FD3%20(foam%20tips)%20L.txt	Fiio FD3 (tips: foam)	FiiO FD3 (foam eartips)	in-ear	711
https://superreview.squig.link/data/Fiio%20FD3%20L.txt	Fiio FD3 (nozzle: stock)	FiiO FD3 (stock nozzle)	in-ear	711
https://superreview.squig.link/data/Fiio%20FD3%20R.txt	Fiio FD3 (nozzle: stock)	FiiO FD3 (stock nozzle)	in-ear	711
https://superreview.squig.link/data/Fiio%20FD3%20(vocal%20tips)%20L.txt	Fiio FD3 (tips: vocal)	FiiO FD3 (vocal eartips)	in-ear	711
https://superreview.squig.link/data/Fiio%20FD5%20(narrow)%20L.txt	Fiio FD5 (nozzle: narrow + tips: 3-flange)	FiiO FD5 (narrow nozzle, 3-flange eartips)	in-ear	711
https://superreview.squig.link/data/Fiio%20FD5%20(narrow%20+%20Brainwavz)%20L.txt	Fiio FD5 (nozzle: narrow + tips: Brainwavz)	FiiO FD5 (narrow nozzle, Brainwavz eartips)	ignore	711
https://superreview.squig.link/data/Fiio%20FD5%20(narrow%20+%20Shure)%20L.txt	Fiio FD5 (nozzle: narrow + tips: Shure)	FiiO FD5 (narrow nozzle, Shure eartips)	ignore	711
https://superreview.squig.link/data/Fiio%20FD5%20L.txt	Fiio FD5 (nozzle: stock)	FiiO FD5 (stock nozzle)	in-ear	711
https://superreview.squig.link/data/Fiio%20FD7%20(40%20hrs)%20L.txt	Fiio FD7 (40 hrs burn-in)	FiiO FD7	in-ear	711
https://superreview.squig.link/data/Fiio%20FD7%20(40%20hrs)%20R.txt	Fiio FD7 (40 hrs burn-in)	FiiO FD7	in-ear	711
https://superreview.squig.link/data/Fiio%20FD7%20L.txt	Fiio FD7 (nozzle: balanced)	FiiO FD7 (balanced nozzle)	in-ear	711
https://superreview.squig.link/data/Fiio%20FD7%20R.txt	Fiio FD7 (nozzle: balanced)	FiiO FD7 (balanced nozzle)	in-ear	711
https://superreview.squig.link/data/Fiio%20FD7%20(balanced)%20L.txt		FiiO FD7 (balanced)	in-ear	711
https://superreview.squig.link/data/Fiio%20FD7%20(balanced)%20R.txt		FiiO FD7 (balanced)	in-ear	711
https://superreview.squig.link/data/Fiio%20FD7%20(bass)%20L.txt	Fiio FD7 (nozzle: bass + tips: 3-flange)	FiiO FD7 (bass nozzle, 3-flange eartips)	in-ear	711
https://superreview.squig.link/data/Fiio%20FD7%20(bass)%20R.txt	Fiio FD7 (nozzle: bass + tips: 3-flange)	FiiO FD7 (bass nozzle, 3-flange eartips)	in-ear	711
https://superreview.squig.link/data/Fiio%20FD7%20(bass%20+%20SpinFit)%20L.txt	Fiio FD7 (nozzle: bass + tips: SpinFit)	FiiO FD7 (bass nozzle, SpinFit eartips)	ignore	711
https://superreview.squig.link/data/Fiio%20FD7%20(bass%20+%20SpinFit)%20R.txt	Fiio FD7 (nozzle: bass + tips: SpinFit)	FiiO FD7 (bass nozzle, SpinFit eartips)	ignore	711
https://superreview.squig.link/data/Fiio%20FD7%20(treble)%20L.txt	Fiio FD7 (nozzle: treble)	FiiO FD7 (treble nozzle)	in-ear	711
https://superreview.squig.link/data/Fiio%20FD7%20(treble)%20R.txt	Fiio FD7 (nozzle: treble)	FiiO FD7 (treble nozzle)	in-ear	711
https://superreview.squig.link/earbuds/data/Fiio%20FF1%20(blk)%20R1.txt		FiiO FF1 (black)	earbud	KB006x + 711
https://superreview.squig.link/earbuds/data/Fiio%20FF1%20(blk)%20R2.txt		FiiO FF1 (black)	earbud	KB006x + 711
https://superreview.squig.link/earbuds/data/Fiio%20FF1%20(blk)%20R3.txt		FiiO FF1 (black)	earbud	KB006x + 711
https://superreview.squig.link/earbuds/data/Fiio%20FF1%20(foam)%20L1.txt		FiiO FF1 (foam)	earbud	KB006x + 711
https://superreview.squig.link/earbuds/data/Fiio%20FF1%20(foam)%20L2.txt		FiiO FF1 (foam)	earbud	KB006x + 711
https://superreview.squig.link/earbuds/data/Fiio%20FF1%20(foam)%20L3.txt		FiiO FF1 (foam)	earbud	KB006x + 711
https://superreview.squig.link/earbuds/data/Fiio%20FF1%20(foam)%20R1.txt		FiiO FF1 (foam)	earbud	KB006x + 711
https://superreview.squig.link/earbuds/data/Fiio%20FF1%20(foam)%20R2.txt		FiiO FF1 (foam)	earbud	KB006x + 711
https://superreview.squig.link/earbuds/data/Fiio%20FF1%20(foam)%20R3.txt		FiiO FF1 (foam)	earbud	KB006x + 711
https://superreview.squig.link/earbuds/data/Fiio%20FF1%20(no%20foam)%20R1.txt		FiiO FF1 (no foam)	earbud	KB006x + 711
https://superreview.squig.link/earbuds/data/Fiio%20FF1%20(no%20foam)%20R2.txt		FiiO FF1 (no foam)	earbud	KB006x + 711
https://superreview.squig.link/earbuds/data/Fiio%20FF1%20(no%20foam)%20R3.txt		FiiO FF1 (no foam)	earbud	KB006x + 711
https://superreview.squig.link/earbuds/data/Fiio%20FF1%20(wht)%20R1.txt		FiiO FF1 (white)	earbud	KB006x + 711
https://superreview.squig.link/earbuds/data/Fiio%20FF1%20(wht)%20R2.txt		FiiO FF1 (white)	earbud	KB006x + 711
https://superreview.squig.link/earbuds/data/Fiio%20FF1%20(wht)%20R3.txt		FiiO FF1 (white)	earbud	KB006x + 711
https://superreview.squig.link/data/Fiio%20FH1%20L.txt	Fiio FH1	FiiO FH1	in-ear	711
https://superreview.squig.link/data/Fiio%20FH11%20L.txt	Fiio FH11	FiiO FH11	in-ear	711
https://superreview.squig.link/data/Fiio%20FH11%20R.txt	Fiio FH11	FiiO FH11	in-ear	711
https://superreview.squig.link/data/Fiio%20FH15%20(balanced)%20L.txt	Fiio FH15 (nozzle: balanced)	FiiO FH15 (balanced nozzle)	in-ear	711
https://superreview.squig.link/data/Fiio%20FH15%20(balanced)%20R.txt	Fiio FH15 (nozzle: balanced)	FiiO FH15 (balanced nozzle)	in-ear	711
https://superreview.squig.link/data/Fiio%20FH15%20(bass)%20L.txt	Fiio FH15 (nozzle: bass)	FiiO FH15 (bass nozzle)	in-ear	711
https://superreview.squig.link/data/Fiio%20FH15%20(bass)%20R.txt	Fiio FH15 (nozzle: bass)	FiiO FH15 (bass nozzle)	in-ear	711
https://superreview.squig.link/data/Fiio%20FH15%20(treble)%20L.txt	Fiio FH15 (nozzle: treble)	FiiO FH15 (treble nozzle)	in-ear	711
https://superreview.squig.link/data/Fiio%20FH15%20(treble)%20R.txt	Fiio FH15 (nozzle: treble)	FiiO FH15 (treble nozzle)	in-ear	711
https://superreview.squig.link/data/Fiio%20FH3%20L.txt	Fiio FH3 (tips: stock)	FiiO FH3	in-ear	711
https://superreview.squig.link/data/Fiio%20FH3%20R.txt	Fiio FH3 (tips: stock)	FiiO FH3	in-ear	711
https://superreview.squig.link/data/Fiio%20FH5%20L.txt	Fiio FH5	FiiO FH5	in-ear	711
https://superreview.squig.link/data/Fiio%20FH5s%20(T0%20M0%20B0)%20L.txt	Fiio FH5S (all switches off)	FiiO FH5s (off-off-off)	in-ear	711
https://superreview.squig.link/data/Fiio%20FH5s%20(T1%20M0%20B0)%20L.txt	Fiio FH5S (treble switch on)	FiiO FH5s (off-off-on)	in-ear	711
https://superreview.squig.link/data/Fiio%20FH5s%20(T0%20M1%20B0)%20L.txt	Fiio FH5S (mids switch on)	FiiO FH5s (off-on-off)	in-ear	711
https://superreview.squig.link/data/Fiio%20FH5s%20(T0%20M0%20B1)%20L.txt	Fiio FH5S (bass switch on)	FiiO FH5s (on-off-off)	in-ear	711
https://superreview.squig.link/data/Fiio%20FH5s%20(T1%20M1%20B1)%20L.txt	Fiio FH5S (all switches on)	FiiO FH5s (on-on-on)	in-ear	711
https://superreview.squig.link/data/Fiio%20FH7S%20L.txt	Fiio FH7S (nozzle: blanced)	FiiO FH7s (balanced nozzle)	in-ear	711
https://superreview.squig.link/data/Fiio%20FH7S%20R.txt	Fiio FH7S (nozzle: blanced)	FiiO FH7s (balanced nozzle)	in-ear	711
https://superreview.squig.link/data/Fiio%20FH7S%20(bass)%20L.txt	Fiio FH7S (nozzle: bass)	FiiO FH7s (bass nozzle)	in-ear	711
https://superreview.squig.link/data/Fiio%20FH7S%20(bass)%20R.txt	Fiio FH7S (nozzle: bass)	FiiO FH7s (bass nozzle)	in-ear	711
https://superreview.squig.link/data/Fiio%20FH7S%20(treble)%20L.txt	Fiio FH7S (nozzle: treble)	FiiO FH7s (treble nozzle)	in-ear	711
https://superreview.squig.link/data/Fiio%20FH7S%20(treble)%20R.txt	Fiio FH7S (nozzle: treble)	FiiO FH7s (treble nozzle)	in-ear	711
https://superreview.squig.link/data/Fiio%20FHE%20L.txt	Fiio FHE: Eclipse (sample 1)	FiiO FHE Eclipse	in-ear	711
https://superreview.squig.link/data/Fiio%20FHE%20R.txt	Fiio FHE: Eclipse (sample 1)	FiiO FHE Eclipse	in-ear	711
https://superreview.squig.link/data/Fiio%20FHE%20(S2)%20L.txt	Fiio FHE: Eclipse (sample 2)	FiiO FHE Eclipse	in-ear	711
https://superreview.squig.link/data/Fiio%20FHE%20(S2)%20R.txt	Fiio FHE: Eclipse (sample 2)	FiiO FHE Eclipse	in-ear	711
https://superreview.squig.link/headphones/data/Fiio%20FT1%20L1.txt	Fiio FT1	FiiO FT1	over-ear	KB006x + 711
https://superreview.squig.link/headphones/data/Fiio%20FT1%20L2.txt	Fiio FT1	FiiO FT1	over-ear	KB006x + 711
https://superreview.squig.link/headphones/data/Fiio%20FT1%20L3.txt	Fiio FT1	FiiO FT1	over-ear	KB006x + 711
https://superreview.squig.link/headphones/data/Fiio%20FT1%20R1.txt	Fiio FT1	FiiO FT1	over-ear	KB006x + 711
https://superreview.squig.link/headphones/data/Fiio%20FT1%20R2.txt	Fiio FT1	FiiO FT1	over-ear	KB006x + 711
https://superreview.squig.link/headphones/data/Fiio%20FT1%20R3.txt	Fiio FT1	FiiO FT1	over-ear	KB006x + 711
https://squig.link/headphones/data/Fiio%20FT1%20S2%20L1.txt	Fiio FT1 (sample 2)	FiiO FT1 (sample 2)	over-ear	KB006x + 711
https://squig.link/headphones/data/Fiio%20FT1%20S2%20L2.txt	Fiio FT1 (sample 2)	FiiO FT1 (sample 2)	over-ear	KB006x + 711
https://squig.link/headphones/data/Fiio%20FT1%20S2%20L3.txt	Fiio FT1 (sample 2)	FiiO FT1 (sample 2)	over-ear	KB006x + 711
https://squig.link/headphones/data/Fiio%20FT1%20S2%20R1.txt	Fiio FT1 (sample 2)	FiiO FT1 (sample 2)	over-ear	KB006x + 711
https://squig.link/headphones/data/Fiio%20FT1%20S2%20R2.txt	Fiio FT1 (sample 2)	FiiO FT1 (sample 2)	over-ear	KB006x + 711
https://squig.link/headphones/data/Fiio%20FT1%20S2%20R3.txt	Fiio FT1 (sample 2)	FiiO FT1 (sample 2)	over-ear	KB006x + 711
https://superreview.squig.link/headphones/data/Fiio%20FT1%20Pro%20L1.txt	Fiio FT1 Pro	FiiO FT1 Pro	over-ear	KB006x + 711
https://superreview.squig.link/headphones/data/Fiio%20FT1%20Pro%20L2.txt	Fiio FT1 Pro	FiiO FT1 Pro	over-ear	KB006x + 711
https://superreview.squig.link/headphones/data/Fiio%20FT1%20Pro%20L3.txt	Fiio FT1 Pro	FiiO FT1 Pro	over-ear	KB006x + 711
https://superreview.squig.link/headphones/data/Fiio%20FT1%20Pro%20R1.txt	Fiio FT1 Pro	FiiO FT1 Pro	over-ear	KB006x + 711
https://superreview.squig.link/headphones/data/Fiio%20FT1%20Pro%20R2.txt	Fiio FT1 Pro	FiiO FT1 Pro	over-ear	KB006x + 711
https://superreview.squig.link/headphones/data/Fiio%20FT1%20Pro%20R3.txt	Fiio FT1 Pro	FiiO FT1 Pro	over-ear	KB006x + 711
https://squig.link/headphones/data/Fiio%20FT13%20ft7%20lamb%20L1.txt	Fiio FT13 (pads: FT7 - lamb)	FiiO FT13 (pads FT7 - lamb)	over-ear	KB006x + 711
https://squig.link/headphones/data/Fiio%20FT13%20ft7%20lamb%20L2.txt	Fiio FT13 (pads: FT7 - lamb)	FiiO FT13 (pads FT7 - lamb)	over-ear	KB006x + 711
https://squig.link/headphones/data/Fiio%20FT13%20ft7%20lamb%20L3.txt	Fiio FT13 (pads: FT7 - lamb)	FiiO FT13 (pads FT7 - lamb)	over-ear	KB006x + 711
https://squig.link/headphones/data/Fiio%20FT13%20ft7%20lamb%20R1.txt	Fiio FT13 (pads: FT7 - lamb)	FiiO FT13 (pads FT7 - lamb)	over-ear	KB006x + 711
https://squig.link/headphones/data/Fiio%20FT13%20ft7%20lamb%20R2.txt	Fiio FT13 (pads: FT7 - lamb)	FiiO FT13 (pads FT7 - lamb)	over-ear	KB006x + 711
https://squig.link/headphones/data/Fiio%20FT13%20ft7%20lamb%20R3.txt	Fiio FT13 (pads: FT7 - lamb)	FiiO FT13 (pads FT7 - lamb)	over-ear	KB006x + 711
https://squig.link/headphones/data/Fiio%20FT13%20ft7%20poly%20L1.txt	Fiio FT13 (pads: FT7 - polyester)	FiiO FT13 (pads FT7 - polyester)	over-ear	KB006x + 711
https://squig.link/headphones/data/Fiio%20FT13%20ft7%20poly%20L2.txt	Fiio FT13 (pads: FT7 - polyester)	FiiO FT13 (pads FT7 - polyester)	over-ear	KB006x + 711
https://squig.link/headphones/data/Fiio%20FT13%20ft7%20poly%20L3.txt	Fiio FT13 (pads: FT7 - polyester)	FiiO FT13 (pads FT7 - polyester)	over-ear	KB006x + 711
https://squig.link/headphones/data/Fiio%20FT13%20ft7%20poly%20R1.txt	Fiio FT13 (pads: FT7 - polyester)	FiiO FT13 (pads FT7 - polyester)	over-ear	KB006x + 711
https://squig.link/headphones/data/Fiio%20FT13%20ft7%20poly%20R2.txt	Fiio FT13 (pads: FT7 - polyester)	FiiO FT13 (pads FT7 - polyester)	over-ear	KB006x + 711
https://squig.link/headphones/data/Fiio%20FT13%20ft7%20poly%20R3.txt	Fiio FT13 (pads: FT7 - polyester)	FiiO FT13 (pads FT7 - polyester)	over-ear	KB006x + 711
https://squig.link/headphones/data/Fiio%20FT13%20L1.txt	Fiio FT13 (pads: lamb)	FiiO FT13 (pads lamb)	over-ear	KB006x + 711
https://squig.link/headphones/data/Fiio%20FT13%20L2.txt	Fiio FT13 (pads: lamb)	FiiO FT13 (pads lamb)	over-ear	KB006x + 711
https://squig.link/headphones/data/Fiio%20FT13%20L3.txt	Fiio FT13 (pads: lamb)	FiiO FT13 (pads lamb)	over-ear	KB006x + 711
https://squig.link/headphones/data/Fiio%20FT13%20R1.txt	Fiio FT13 (pads: lamb)	FiiO FT13 (pads lamb)	over-ear	KB006x + 711
https://squig.link/headphones/data/Fiio%20FT13%20R2.txt	Fiio FT13 (pads: lamb)	FiiO FT13 (pads lamb)	over-ear	KB006x + 711
https://squig.link/headphones/data/Fiio%20FT13%20R3.txt	Fiio FT13 (pads: lamb)	FiiO FT13 (pads lamb)	over-ear	KB006x + 711
https://squig.link/headphones/data/Fiio%20FT13%20suede%20L1.txt	Fiio FT13 (pads: suede)	FiiO FT13 (pads suede)	over-ear	KB006x + 711
https://squig.link/headphones/data/Fiio%20FT13%20suede%20L2.txt	Fiio FT13 (pads: suede)	FiiO FT13 (pads suede)	over-ear	KB006x + 711
https://squig.link/headphones/data/Fiio%20FT13%20suede%20L3.txt	Fiio FT13 (pads: suede)	FiiO FT13 (pads suede)	over-ear	KB006x + 711
https://squig.link/headphones/data/Fiio%20FT13%20suede%20R1.txt	Fiio FT13 (pads: suede)	FiiO FT13 (pads suede)	over-ear	KB006x + 711
https://squig.link/headphones/data/Fiio%20FT13%20suede%20R2.txt	Fiio FT13 (pads: suede)	FiiO FT13 (pads suede)	over-ear	KB006x + 711
https://squig.link/headphones/data/Fiio%20FT13%20suede%20R3.txt	Fiio FT13 (pads: suede)	FiiO FT13 (pads suede)	over-ear	KB006x + 711
https://superreview.squig.link/headphones/data/Fiio%20FT5%20(pu)%20L1.txt	Fiio FT5 (pads: pleather)	FiiO FT5 (pleather earpads)	over-ear	KB006x + 711
https://superreview.squig.link/headphones/data/Fiio%20FT5%20(pu)%20L2.txt	Fiio FT5 (pads: pleather)	FiiO FT5 (pleather earpads)	over-ear	KB006x + 711
https://superreview.squig.link/headphones/data/Fiio%20FT5%20(pu)%20L3.txt	Fiio FT5 (pads: pleather)	FiiO FT5 (pleather earpads)	over-ear	KB006x + 711
https://superreview.squig.link/headphones/data/Fiio%20FT5%20(pu)%20R1.txt	Fiio FT5 (pads: pleather)	FiiO FT5 (pleather earpads)	over-ear	KB006x + 711
https://superreview.squig.link/headphones/data/Fiio%20FT5%20(pu)%20R2.txt	Fiio FT5 (pads: pleather)	FiiO FT5 (pleather earpads)	over-ear	KB006x + 711
https://superreview.squig.link/headphones/data/Fiio%20FT5%20(pu)%20R3.txt	Fiio FT5 (pads: pleather)	FiiO FT5 (pleather earpads)	over-ear	KB006x + 711
https://superreview.squig.link/headphones/data/Fiio%20FT5%20(suede)%20L1.txt	Fiio FT5 (pads: suede)	FiiO FT5 (suede earpads)	over-ear	KB006x + 711
https://superreview.squig.link/headphones/data/Fiio%20FT5%20(suede)%20L2.txt	Fiio FT5 (pads: suede)	FiiO FT5 (suede earpads)	over-ear	KB006x + 711
https://superreview.squig.link/headphones/data/Fiio%20FT5%20(suede)%20L3.txt	Fiio FT5 (pads: suede)	FiiO FT5 (suede earpads)	over-ear	KB006x + 711
https://superreview.squig.link/headphones/data/Fiio%20FT5%20(suede)%20R1.txt	Fiio FT5 (pads: suede)	FiiO FT5 (suede earpads)	over-ear	KB006x + 711
https://superreview.squig.link/headphones/data/Fiio%20FT5%20(suede)%20R2.txt	Fiio FT5 (pads: suede)	FiiO FT5 (suede earpads)	over-ear	KB006x + 711
https://superreview.squig.link/headphones/data/Fiio%20FT5%20(suede)%20R3.txt	Fiio FT5 (pads: suede)	FiiO FT5 (suede earpads)	over-ear	KB006x + 711
https://superreview.squig.link/headphones/data/Fiio%20FT7%20poly%20L1.txt	Fiio FT7 (pads: polyester)	FiiO FT7 (fabric earpads)	over-ear	KB006x + 711
https://superreview.squig.link/headphones/data/Fiio%20FT7%20poly%20L2.txt	Fiio FT7 (pads: polyester)	FiiO FT7 (fabric earpads)	over-ear	KB006x + 711
https://superreview.squig.link/headphones/data/Fiio%20FT7%20poly%20L3.txt	Fiio FT7 (pads: polyester)	FiiO FT7 (fabric earpads)	over-ear	KB006x + 711
https://superreview.squig.link/headphones/data/Fiio%20FT7%20poly%20R1.txt	Fiio FT7 (pads: polyester)	FiiO FT7 (fabric earpads)	over-ear	KB006x + 711
https://superreview.squig.link/headphones/data/Fiio%20FT7%20poly%20R2.txt	Fiio FT7 (pads: polyester)	FiiO FT7 (fabric earpads)	over-ear	KB006x + 711
https://superreview.squig.link/headphones/data/Fiio%20FT7%20poly%20R3.txt	Fiio FT7 (pads: polyester)	FiiO FT7 (fabric earpads)	over-ear	KB006x + 711
https://superreview.squig.link/headphones/data/Fiio%20FT7%20L1.txt	Fiio FT7 (pads: lambskin)	FiiO FT7 (leather earpads)	over-ear	KB006x + 711
https://superreview.squig.link/headphones/data/Fiio%20FT7%20L2.txt	Fiio FT7 (pads: lambskin)	FiiO FT7 (leather earpads)	over-ear	KB006x + 711
https://superreview.squig.link/headphones/data/Fiio%20FT7%20L3.txt	Fiio FT7 (pads: lambskin)	FiiO FT7 (leather earpads)	over-ear	KB006x + 711
https://superreview.squig.link/headphones/data/Fiio%20FT7%20R1.txt	Fiio FT7 (pads: lambskin)	FiiO FT7 (leather earpads)	over-ear	KB006x + 711
https://superreview.squig.link/headphones/data/Fiio%20FT7%20R2.txt	Fiio FT7 (pads: lambskin)	FiiO FT7 (leather earpads)	over-ear	KB006x + 711
https://superreview.squig.link/headphones/data/Fiio%20FT7%20R3.txt	Fiio FT7 (pads: lambskin)	FiiO FT7 (leather earpads)	over-ear	KB006x + 711
https://superreview.squig.link/data/Fiio%20FW5%20L.txt	Fiio FW5	FiiO FW5	in-ear	711
https://superreview.squig.link/data/Fiio%20FW5%20R.txt	Fiio FW5	FiiO FW5	in-ear	711
https://superreview.squig.link/data/Fiio%20FX15%20(off)%20L.txt	Fiio FX15 (switch: off)	FiiO FX15 (off)	in-ear	711
https://superreview.squig.link/data/Fiio%20FX15%20(off)%20R.txt	Fiio FX15 (switch: off)	FiiO FX15 (off)	in-ear	711
https://superreview.squig.link/data/Fiio%20FX15%20(on)%20L.txt	Fiio FX15 (switch: on)	FiiO FX15 (on)	in-ear	711
https://superreview.squig.link/data/Fiio%20FX15%20(on)%20R.txt	Fiio FX15 (switch: on)	FiiO FX15 (on)	in-ear	711
https://squig.link/data/Fiio%20FX17%20L.txt	Fiio FX17 	FiiO FX17	in-ear	711
https://squig.link/data/Fiio%20FX17%20R.txt	Fiio FX17 	FiiO FX17	in-ear	711
https://squig.link/data/Fiio%20FX17%20deep%20L.txt	Fiio FX17 (insert: deep)	FiiO FX17 (insert deep)	in-ear	711
https://squig.link/data/Fiio%20FX17%20deep%20R.txt	Fiio FX17 (insert: deep)	FiiO FX17 (insert deep)	in-ear	711
https://squig.link/data/Fiio%20FX17%20shallow%20L.txt	Fiio FX17 (insert: shallow)	FiiO FX17 (insert shallow)	in-ear	711
https://squig.link/data/Fiio%20FX17%20shallow%20R.txt	Fiio FX17 (insert: shallow)	FiiO FX17 (insert shallow)	in-ear	711
https://superreview.squig.link/data/Fiio%20JH5%20L.txt	Fiio JH5	FiiO JH5	in-ear	711
https://superreview.squig.link/data/Fiio%20JH5%20R.txt	Fiio JH5	FiiO JH5	in-ear	711
https://superreview.squig.link/data/Fiio%20FH3%20(Spring)%20L.txt	Fiio FH3 (tips: Spring)	Fiio FH3 (tips: Spring)	ignore	
https://superreview.squig.link/data/Fiio%20FH5s%20(200%20hrs%20+%20FD5%20cable)%20L.txt	Fiio FH5S (200 hrs + FD5 cable)	Fiio FH5S (200 hrs + FD5 cable)	ignore	
https://superreview.squig.link/data/Fiio%20FH5s%20(200%20hrs%20burn-in)%20L.txt	Fiio FH5S (200 hrs burn-in)	Fiio FH5S (200 hrs burn-in)	ignore	
https://superreview.squig.link/data/Fiio%20FH5s%20(Tanchjim%20filter)%20L.txt	Fiio FH5S (Tanchjim filter + bass switch on)	Fiio FH5S (Tanchjim filter + bass switch on)	ignore	
https://superreview.squig.link/data/Fiio%20FH5s%20(0%20hrs%20burn-in)%20L.txt	Fiio FH5S (0 hrs burn-in)	Fiio FH5s	ignore	
https://superreview.squig.link/data/Fiio%20FH5s%20(stock)%20L.txt		Fiio FH5s (stock)	ignore	
https://superreview.squig.link/data/Fiio%20FHE%20(franken)%20L.txt	Fiio FHE: Eclipse (best of both)	Fiio FHE: Eclipse (best of both)	ignore	
https://superreview.squig.link/data/Fiio%20FHE%20(franken)%20R.txt	Fiio FHE: Eclipse (best of both)	Fiio FHE: Eclipse (best of both)	ignore	
https://superreview.squig.link/headphones/data/Fiio%20FT7%20forward%20L1.txt		Fiio FT7 forward	ignore	KB006x + 711
https://superreview.squig.link/headphones/data/Fiio%20FT7%20forward%20R1.txt		Fiio FT7 forward	ignore	KB006x + 711
https://superreview.squig.link/data/Final%20A4000%20L.txt	Final Audio A4000	Final Audio A4000	in-ear	711
https://superreview.squig.link/data/Final%20B3%20(TWS)%20L.txt	Final Audio B3 (tips: TWS)	Final Audio B3 (Final Audio TWS eartips)	in-ear	711
https://superreview.squig.link/data/Final%20B3%20(E-type)%20L.txt	Final Audio B3 (tips: E-type)	Final Audio B3 (Final Audio Type E eartips)	in-ear	711
https://superreview.squig.link/data/Final%20E1000%20(Sedna)%20L.txt	Final Audio E1000 (tips: Azla Sedna)	Final Audio E1000 (AZLA Sedna eartips)	ignore	711
https://superreview.squig.link/data/Final%20E1000%20L.txt	Final Audio E1000 (tips: Final E-type)	Final Audio E1000 (Final Audio Type E eartips)	in-ear	711
https://superreview.squig.link/data/Final%20E1000%20R.txt	Final Audio E1000 (tips: Final E-type)	Final Audio E1000 (Final Audio Type E eartips)	in-ear	711
https://superreview.squig.link/data/Final%20E2000%20L.txt	Final Audio E2000 (sample 1)	Final Audio E2000	in-ear	711
https://superreview.squig.link/data/Final%20E2000%20(S2)%20L.txt	Final Audio E2000 (sample 2)	Final Audio E2000	in-ear	711
https://superreview.squig.link/data/Final%20E2000%20(S2)%20R.txt	Final Audio E2000 (sample 2)	Final Audio E2000	in-ear	711
https://superreview.squig.link/data/Final%20E500%20L.txt	Final Audio E500	Final Audio E500	in-ear	711
https://superreview.squig.link/headphones/data/Final%20Audio%20UX3000%20L1.txt	Final Audio UX3000	Final Audio UX3000	over-ear	KB006x + 711
https://superreview.squig.link/headphones/data/Final%20Audio%20UX3000%20L2.txt	Final Audio UX3000	Final Audio UX3000	over-ear	KB006x + 711
https://superreview.squig.link/headphones/data/Final%20Audio%20UX3000%20L3.txt	Final Audio UX3000	Final Audio UX3000	over-ear	KB006x + 711
https://superreview.squig.link/headphones/data/Final%20Audio%20UX3000%20R1.txt	Final Audio UX3000	Final Audio UX3000	over-ear	KB006x + 711
https://superreview.squig.link/headphones/data/Final%20Audio%20UX3000%20R2.txt	Final Audio UX3000	Final Audio UX3000	over-ear	KB006x + 711
https://superreview.squig.link/headphones/data/Final%20Audio%20UX3000%20R3.txt	Final Audio UX3000	Final Audio UX3000	over-ear	KB006x + 711
https://superreview.squig.link/headphones/data/Final%20Audio%20UX3000%20SV%20anc%20off%20L1.txt	Final Audio UX3000 SV (ANC: off)	Final Audio UX3000 SV (ANC off)	over-ear	KB006x + 711
https://superreview.squig.link/headphones/data/Final%20Audio%20UX3000%20SV%20anc%20off%20R1.txt	Final Audio UX3000 SV (ANC: off)	Final Audio UX3000 SV (ANC off)	over-ear	KB006x + 711
https://superreview.squig.link/headphones/data/Final%20Audio%20UX3000%20SV%20L1.txt	Final Audio UX3000 SV (ANC: on)	Final Audio UX3000 SV (ANC on)	over-ear	KB006x + 711
https://superreview.squig.link/headphones/data/Final%20Audio%20UX3000%20SV%20L2.txt	Final Audio UX3000 SV (ANC: on)	Final Audio UX3000 SV (ANC on)	over-ear	KB006x + 711
https://superreview.squig.link/headphones/data/Final%20Audio%20UX3000%20SV%20L3.txt	Final Audio UX3000 SV (ANC: on)	Final Audio UX3000 SV (ANC on)	over-ear	KB006x + 711
https://superreview.squig.link/headphones/data/Final%20Audio%20UX3000%20SV%20R1.txt	Final Audio UX3000 SV (ANC: on)	Final Audio UX3000 SV (ANC on)	over-ear	KB006x + 711
https://superreview.squig.link/headphones/data/Final%20Audio%20UX3000%20SV%20R2.txt	Final Audio UX3000 SV (ANC: on)	Final Audio UX3000 SV (ANC on)	over-ear	KB006x + 711
https://superreview.squig.link/headphones/data/Final%20Audio%20UX3000%20SV%20R3.txt	Final Audio UX3000 SV (ANC: on)	Final Audio UX3000 SV (ANC on)	over-ear	KB006x + 711
https://superreview.squig.link/headphones/data/Final%20Audio%20UX3000%20SV%20analog%20L1.txt	Final Audio UX3000 SV (connection: analog)	Final Audio UX3000 SV (analog connection)	over-ear	KB006x + 711
https://superreview.squig.link/headphones/data/Final%20Audio%20UX3000%20SV%20analog%20R1.txt	Final Audio UX3000 SV (connection: analog)	Final Audio UX3000 SV (analog connection)	over-ear	KB006x + 711
https://superreview.squig.link/data/Final%20VR3000%20L.txt	Final Audio VR3000	Final Audio VR3000	in-ear	711
https://squig.link/data/Final%20Audio%20VR3000%20gaming%20deep%20L.txt	Final Audio VR3000 (edition: gaming :: insert: deep)	Final Audio VR3000 (edition gaming insert deep)	in-ear	711
https://squig.link/data/Final%20Audio%20VR3000%20gaming%20deep%20R.txt	Final Audio VR3000 (edition: gaming :: insert: deep)	Final Audio VR3000 (edition gaming insert deep)	in-ear	711
https://squig.link/data/Final%20Audio%20VR3000%20gaming%20shallow%20L.txt	Final Audio VR3000 (edition: gaming :: insert: shallow)	Final Audio VR3000 (edition gaming insert shallow)	in-ear	711
https://squig.link/data/Final%20Audio%20VR3000%20gaming%20shallow%20R.txt	Final Audio VR3000 (edition: gaming :: insert: shallow)	Final Audio VR3000 (edition gaming insert shallow)	in-ear	711
https://squig.link/data/Final%20Audio%20VR3000%20gaming%20L.txt	Final Audio VR3000 (edition: gaming)	Final Audio VR3000 (edition gaming)	in-ear	711
https://squig.link/data/Final%20Audio%20VR3000%20gaming%20R.txt	Final Audio VR3000 (edition: gaming)	Final Audio VR3000 (edition gaming)	in-ear	711
https://superreview.squig.link/headphones/data/Focal%20Azurys%20L1.txt	Focal Azurys	Focal Azurys	over-ear	KB006x + 711
https://superreview.squig.link/headphones/data/Focal%20Azurys%20L2.txt	Focal Azurys	Focal Azurys	over-ear	KB006x + 711
https://superreview.squig.link/headphones/data/Focal%20Azurys%20L3.txt	Focal Azurys	Focal Azurys	over-ear	KB006x + 711
https://superreview.squig.link/headphones/data/Focal%20Azurys%20R1.txt	Focal Azurys	Focal Azurys	over-ear	KB006x + 711
https://superreview.squig.link/headphones/data/Focal%20Azurys%20R2.txt	Focal Azurys	Focal Azurys	over-ear	KB006x + 711
https://superreview.squig.link/headphones/data/Focal%20Azurys%20R3.txt	Focal Azurys	Focal Azurys	over-ear	KB006x + 711
https://superreview.squig.link/headphones/data/Focal%20Bathys%20(usb)%20L2.txt	Focal Bathys (mode: USB DAC)	Focal Bathys (USB)	over-ear	KB006x + 711
https://superreview.squig.link/headphones/data/Focal%20Bathys%20(usb)%20L3.txt	Focal Bathys (mode: USB DAC)	Focal Bathys (USB)	over-ear	KB006x + 711
https://superreview.squig.link/headphones/data/Focal%20Bathys%20(usb)%20R1.txt	Focal Bathys (mode: USB DAC)	Focal Bathys (USB)	over-ear	KB006x + 711
https://superreview.squig.link/headphones/data/Focal%20Bathys%20(USB)%20L1.txt		Focal Bathys (USB)	over-ear	KB006x + 711
https://superreview.squig.link/headphones/data/Focal%20Bathys%20(3.5mm)%20L1.txt	Focal Bathys (mode: 3.5mm)	Focal Bathys (wired)	over-ear	KB006x + 711
https://superreview.squig.link/headphones/data/Focal%20Bathys%20(3.5mm)%20L2.txt	Focal Bathys (mode: 3.5mm)	Focal Bathys (wired)	over-ear	KB006x + 711
https://superreview.squig.link/headphones/data/Focal%20Bathys%20(3.5mm)%20L3.txt	Focal Bathys (mode: 3.5mm)	Focal Bathys (wired)	over-ear	KB006x + 711
https://superreview.squig.link/headphones/data/Focal%20Bathys%20(3.5mm)%20R1.txt	Focal Bathys (mode: 3.5mm)	Focal Bathys (wired)	over-ear	KB006x + 711
https://superreview.squig.link/headphones/data/Focal%20Bathys%20(3.5mm)%20R2.txt	Focal Bathys (mode: 3.5mm)	Focal Bathys (wired)	over-ear	KB006x + 711
https://superreview.squig.link/headphones/data/Focal%20Bathys%20(3.5mm)%20R3.txt	Focal Bathys (mode: 3.5mm)	Focal Bathys (wired)	over-ear	KB006x + 711
https://superreview.squig.link/headphones/data/Focal%20Bathys%20(bt)%20L1.txt	Focal Bathys (mode: Bluetooth)	Focal Bathys (wireless)	over-ear	KB006x + 711
https://superreview.squig.link/headphones/data/Focal%20Bathys%20(bt)%20L2.txt	Focal Bathys (mode: Bluetooth)	Focal Bathys (wireless)	over-ear	KB006x + 711
https://superreview.squig.link/headphones/data/Focal%20Bathys%20(bt)%20L3.txt	Focal Bathys (mode: Bluetooth)	Focal Bathys (wireless)	over-ear	KB006x + 711
https://superreview.squig.link/headphones/data/Focal%20Bathys%20(bt)%20R1.txt	Focal Bathys (mode: Bluetooth)	Focal Bathys (wireless)	over-ear	KB006x + 711
https://superreview.squig.link/headphones/data/Focal%20Bathys%20(bt)%20R2.txt	Focal Bathys (mode: Bluetooth)	Focal Bathys (wireless)	over-ear	KB006x + 711
https://superreview.squig.link/headphones/data/Focal%20Bathys%20(bt)%20R3.txt	Focal Bathys (mode: Bluetooth)	Focal Bathys (wireless)	over-ear	KB006x + 711
https://superreview.squig.link/headphones/data/Focal%20Celestee%20L1.txt	Focal Celestee	Focal Celestee	over-ear	KB006x + 711
https://superreview.squig.link/headphones/data/Focal%20Celestee%20L2.txt	Focal Celestee	Focal Celestee	over-ear	KB006x + 711
https://superreview.squig.link/headphones/data/Focal%20Celestee%20L3.txt	Focal Celestee	Focal Celestee	over-ear	KB006x + 711
https://superreview.squig.link/headphones/data/Focal%20Celestee%20R1.txt	Focal Celestee	Focal Celestee	over-ear	KB006x + 711
https://superreview.squig.link/headphones/data/Focal%20Celestee%20R2.txt	Focal Celestee	Focal Celestee	over-ear	KB006x + 711
https://superreview.squig.link/headphones/data/Focal%20Celestee%20R3.txt	Focal Celestee	Focal Celestee	over-ear	KB006x + 711
https://superreview.squig.link/headphones/data/Focal%20Clear%20Professional%20L1.txt	Focal Clear Professional	Focal Clear MG Professional	over-ear	KB006x + 711
https://superreview.squig.link/headphones/data/Focal%20Clear%20Professional%20L2.txt	Focal Clear Professional	Focal Clear MG Professional	over-ear	KB006x + 711
https://superreview.squig.link/headphones/data/Focal%20Clear%20Professional%20L3.txt	Focal Clear Professional	Focal Clear MG Professional	over-ear	KB006x + 711
https://superreview.squig.link/headphones/data/Focal%20Clear%20Professional%20R1.txt	Focal Clear Professional	Focal Clear MG Professional	over-ear	KB006x + 711
https://superreview.squig.link/headphones/data/Focal%20Clear%20Professional%20R2.txt	Focal Clear Professional	Focal Clear MG Professional	over-ear	KB006x + 711
https://superreview.squig.link/headphones/data/Focal%20Clear%20Professional%20R3.txt	Focal Clear Professional	Focal Clear MG Professional	over-ear	KB006x + 711
https://superreview.squig.link/headphones/data/Focal%20Elex%20L1.txt	Focal Elex (pads: fresh)	Focal Elex	over-ear	KB006x + 711
https://superreview.squig.link/headphones/data/Focal%20Elex%20L2.txt	Focal Elex (pads: fresh)	Focal Elex	over-ear	KB006x + 711
https://superreview.squig.link/headphones/data/Focal%20Elex%20L3.txt	Focal Elex (pads: fresh)	Focal Elex	over-ear	KB006x + 711
https://superreview.squig.link/headphones/data/Focal%20Elex%20R1.txt	Focal Elex (pads: fresh)	Focal Elex	over-ear	KB006x + 711
https://superreview.squig.link/headphones/data/Focal%20Elex%20R2.txt	Focal Elex (pads: fresh)	Focal Elex	over-ear	KB006x + 711
https://superreview.squig.link/headphones/data/Focal%20Elex%20R3.txt	Focal Elex (pads: fresh)	Focal Elex	over-ear	KB006x + 711
https://superreview.squig.link/headphones/data/Focal%20Elex%20worn%20L1.txt	Focal Elex (pads: worn)	Focal Elex (worn earpads)	over-ear	KB006x + 711
https://superreview.squig.link/headphones/data/Focal%20Elex%20worn%20L2.txt	Focal Elex (pads: worn)	Focal Elex (worn earpads)	over-ear	KB006x + 711
https://superreview.squig.link/headphones/data/Focal%20Elex%20worn%20L3.txt	Focal Elex (pads: worn)	Focal Elex (worn earpads)	over-ear	KB006x + 711
https://superreview.squig.link/headphones/data/Focal%20Elex%20worn%20R1.txt	Focal Elex (pads: worn)	Focal Elex (worn earpads)	over-ear	KB006x + 711
https://superreview.squig.link/headphones/data/Focal%20Elex%20worn%20R2.txt	Focal Elex (pads: worn)	Focal Elex (worn earpads)	over-ear	KB006x + 711
https://superreview.squig.link/headphones/data/Focal%20Elex%20worn%20R3.txt	Focal Elex (pads: worn)	Focal Elex (worn earpads)	over-ear	KB006x + 711
https://superreview.squig.link/headphones/data/Focal%20Radiance%20L1.txt	Focal Radiance	Focal Radiance	over-ear	KB006x + 711
https://superreview.squig.link/headphones/data/Focal%20Radiance%20L2.txt	Focal Radiance	Focal Radiance	over-ear	KB006x + 711
https://superreview.squig.link/headphones/data/Focal%20Radiance%20L3.txt	Focal Radiance	Focal Radiance	over-ear	KB006x + 711
https://superreview.squig.link/headphones/data/Focal%20Radiance%20R1.txt	Focal Radiance	Focal Radiance	over-ear	KB006x + 711
https://superreview.squig.link/headphones/data/Focal%20Radiance%20R2.txt	Focal Radiance	Focal Radiance	over-ear	KB006x + 711
https://superreview.squig.link/headphones/data/Focal%20Radiance%20R3.txt	Focal Radiance	Focal Radiance	over-ear	KB006x + 711
https://superreview.squig.link/headphones/data/Focal%20Utopia%202022%20L1.txt	Focal Utopia 2022	Focal Utopia 2022	over-ear	KB006x + 711
https://superreview.squig.link/headphones/data/Focal%20Utopia%202022%20L2.txt	Focal Utopia 2022	Focal Utopia 2022	over-ear	KB006x + 711
https://superreview.squig.link/headphones/data/Focal%20Utopia%202022%20L3.txt	Focal Utopia 2022	Focal Utopia 2022	over-ear	KB006x + 711
https://superreview.squig.link/headphones/data/Focal%20Utopia%202022%20R1.txt	Focal Utopia 2022	Focal Utopia 2022	over-ear	KB006x + 711
https://superreview.squig.link/headphones/data/Focal%20Utopia%202022%20R2.txt	Focal Utopia 2022	Focal Utopia 2022	over-ear	KB006x + 711
https://superreview.squig.link/headphones/data/Focal%20Utopia%202022%20R3.txt	Focal Utopia 2022	Focal Utopia 2022	over-ear	KB006x + 711
https://squig.link/data/Fosi%20Audio%20IM4%20black%20deep%20L.txt	Fosi Audio IM4 (nozzle: black :: insert: deep)	Fosi Audio IM4 (nozzle black insert deep)	in-ear	711
https://squig.link/data/Fosi%20Audio%20IM4%20black%20deep%20R.txt	Fosi Audio IM4 (nozzle: black :: insert: deep)	Fosi Audio IM4 (nozzle black insert deep)	in-ear	711
https://squig.link/data/Fosi%20Audio%20IM4%20black%20shallow%20L.txt	Fosi Audio IM4 (nozzle: black :: insert: shallow)	Fosi Audio IM4 (nozzle black insert shallow)	in-ear	711
https://squig.link/data/Fosi%20Audio%20IM4%20black%20shallow%20R.txt	Fosi Audio IM4 (nozzle: black :: insert: shallow)	Fosi Audio IM4 (nozzle black insert shallow)	in-ear	711
https://squig.link/data/Fosi%20Audio%20IM4%20black%20L.txt	Fosi Audio IM4 (nozzle: black)	Fosi Audio IM4 (nozzle black)	in-ear	711
https://squig.link/data/Fosi%20Audio%20IM4%20black%20R.txt	Fosi Audio IM4 (nozzle: black)	Fosi Audio IM4 (nozzle black)	in-ear	711
https://squig.link/data/Fosi%20Audio%20IM4%20gold%20modded%20L.txt	Fosi Audio IM4 (nozzle: gold :: mods: Tanchjim filter + foams)	Fosi Audio IM4 (nozzle gold mods Tanchjim filter + foams)	in-ear	711
https://squig.link/data/Fosi%20Audio%20IM4%20gold%20modded%20R.txt	Fosi Audio IM4 (nozzle: gold :: mods: Tanchjim filter + foams)	Fosi Audio IM4 (nozzle gold mods Tanchjim filter + foams)	in-ear	711
https://squig.link/data/Fosi%20Audio%20IM4%20gold%20L.txt	Fosi Audio IM4 (nozzle: gold)	Fosi Audio IM4 (nozzle gold)	in-ear	711
https://squig.link/data/Fosi%20Audio%20IM4%20gold%20R.txt	Fosi Audio IM4 (nozzle: gold)	Fosi Audio IM4 (nozzle gold)	in-ear	711
https://superreview.squig.link/headphones/data/Fosi%20Audio%20i5%20L1.txt	Fosi Audio i5	Fosi Audio i5	over-ear	KB006x + 711
https://superreview.squig.link/headphones/data/Fosi%20Audio%20i5%20L2.txt	Fosi Audio i5	Fosi Audio i5	over-ear	KB006x + 711
https://superreview.squig.link/headphones/data/Fosi%20Audio%20i5%20L3.txt	Fosi Audio i5	Fosi Audio i5	over-ear	KB006x + 711
https://superreview.squig.link/headphones/data/Fosi%20Audio%20i5%20R1.txt	Fosi Audio i5	Fosi Audio i5	over-ear	KB006x + 711
https://superreview.squig.link/headphones/data/Fosi%20Audio%20i5%20R2.txt	Fosi Audio i5	Fosi Audio i5	over-ear	KB006x + 711
https://superreview.squig.link/headphones/data/Fosi%20Audio%20i5%20R3.txt	Fosi Audio i5	Fosi Audio i5	over-ear	KB006x + 711
https://superreview.squig.link/headphones/data/Fostex%20T50RP%20mk4%20L1.txt	Fostex T50RP mk4 (pads: stock)	Fostex T50RP Mk4	over-ear	KB006x + 711
https://superreview.squig.link/headphones/data/Fostex%20T50RP%20mk4%20L2.txt	Fostex T50RP mk4 (pads: stock)	Fostex T50RP Mk4	over-ear	KB006x + 711
https://superreview.squig.link/headphones/data/Fostex%20T50RP%20mk4%20L3.txt	Fostex T50RP mk4 (pads: stock)	Fostex T50RP Mk4	over-ear	KB006x + 711
https://superreview.squig.link/headphones/data/Fostex%20T50RP%20mk4%20R1.txt	Fostex T50RP mk4 (pads: stock)	Fostex T50RP Mk4	over-ear	KB006x + 711
https://superreview.squig.link/headphones/data/Fostex%20T50RP%20mk4%20R2.txt	Fostex T50RP mk4 (pads: stock)	Fostex T50RP Mk4	over-ear	KB006x + 711
https://superreview.squig.link/headphones/data/Fostex%20T50RP%20mk4%20R3.txt	Fostex T50RP mk4 (pads: stock)	Fostex T50RP Mk4	over-ear	KB006x + 711
https://superreview.squig.link/headphones/data/Fostex%20T50RP%20mk4%20velour%20L1.txt	Fostex T50RP mk4 (pads: Dekoni velour)	Fostex T50RP mk4 (pads Dekoni velour)	ignore	KB006x + 711
https://superreview.squig.link/headphones/data/Fostex%20T50RP%20mk4%20velour%20L2.txt	Fostex T50RP mk4 (pads: Dekoni velour)	Fostex T50RP mk4 (pads Dekoni velour)	ignore	KB006x + 711
https://superreview.squig.link/headphones/data/Fostex%20T50RP%20mk4%20velour%20L3.txt	Fostex T50RP mk4 (pads: Dekoni velour)	Fostex T50RP mk4 (pads Dekoni velour)	ignore	KB006x + 711
https://superreview.squig.link/headphones/data/Fostex%20T50RP%20mk4%20velour%20R1.txt	Fostex T50RP mk4 (pads: Dekoni velour)	Fostex T50RP mk4 (pads Dekoni velour)	ignore	KB006x + 711
https://superreview.squig.link/headphones/data/Fostex%20T50RP%20mk4%20velour%20R2.txt	Fostex T50RP mk4 (pads: Dekoni velour)	Fostex T50RP mk4 (pads Dekoni velour)	ignore	KB006x + 711
https://superreview.squig.link/headphones/data/Fostex%20T50RP%20mk4%20velour%20R3.txt	Fostex T50RP mk4 (pads: Dekoni velour)	Fostex T50RP mk4 (pads Dekoni velour)	ignore	KB006x + 711
https://superreview.squig.link/headphones/data/Fostex%20T50RP%20mk4%20moon%20cosmo%20L1.txt	Fostex T50RP mk4 (pads: Moondrop Cosmo)	Fostex T50RP mk4 (pads Moondrop Cosmo)	ignore	KB006x + 711
https://superreview.squig.link/headphones/data/Fostex%20T50RP%20mk4%20moon%20cosmo%20L2.txt	Fostex T50RP mk4 (pads: Moondrop Cosmo)	Fostex T50RP mk4 (pads Moondrop Cosmo)	ignore	KB006x + 711
https://superreview.squig.link/headphones/data/Fostex%20T50RP%20mk4%20moon%20cosmo%20L3.txt	Fostex T50RP mk4 (pads: Moondrop Cosmo)	Fostex T50RP mk4 (pads Moondrop Cosmo)	ignore	KB006x + 711
https://superreview.squig.link/headphones/data/Fostex%20T50RP%20mk4%20moon%20cosmo%20R1.txt	Fostex T50RP mk4 (pads: Moondrop Cosmo)	Fostex T50RP mk4 (pads Moondrop Cosmo)	ignore	KB006x + 711
https://superreview.squig.link/headphones/data/Fostex%20T50RP%20mk4%20moon%20cosmo%20R2.txt	Fostex T50RP mk4 (pads: Moondrop Cosmo)	Fostex T50RP mk4 (pads Moondrop Cosmo)	ignore	KB006x + 711
https://superreview.squig.link/headphones/data/Fostex%20T50RP%20mk4%20moon%20cosmo%20R3.txt	Fostex T50RP mk4 (pads: Moondrop Cosmo)	Fostex T50RP mk4 (pads Moondrop Cosmo)	ignore	KB006x + 711
https://superreview.squig.link/headphones/data/Fostex%20T50RP%20mk4%20mayflower%20+%20para%20+%20akg%20L1.txt	Fostex T50RP mk4 (pads: Moondrop Para :: baffle: Mayflower :: mod: AKG K240 foam disc)	Fostex T50RP mk4 (pads Moondrop Para baffle Mayflower mod AKG K240 foam disc)	ignore	KB006x + 711
https://superreview.squig.link/headphones/data/Fostex%20T50RP%20mk4%20mayflower%20+%20para%20+%20akg%20L2.txt	Fostex T50RP mk4 (pads: Moondrop Para :: baffle: Mayflower :: mod: AKG K240 foam disc)	Fostex T50RP mk4 (pads Moondrop Para baffle Mayflower mod AKG K240 foam disc)	ignore	KB006x + 711
https://superreview.squig.link/headphones/data/Fostex%20T50RP%20mk4%20mayflower%20+%20para%20+%20akg%20L3.txt	Fostex T50RP mk4 (pads: Moondrop Para :: baffle: Mayflower :: mod: AKG K240 foam disc)	Fostex T50RP mk4 (pads Moondrop Para baffle Mayflower mod AKG K240 foam disc)	ignore	KB006x + 711
https://superreview.squig.link/headphones/data/Fostex%20T50RP%20mk4%20mayflower%20+%20para%20L1.txt	Fostex T50RP mk4 (pads: Moondrop Para :: baffle: Mayflower)	Fostex T50RP mk4 (pads Moondrop Para baffle Mayflower)	ignore	KB006x + 711
https://superreview.squig.link/headphones/data/Fostex%20T50RP%20mk4%20mayflower%20+%20para%20L2.txt	Fostex T50RP mk4 (pads: Moondrop Para :: baffle: Mayflower)	Fostex T50RP mk4 (pads Moondrop Para baffle Mayflower)	ignore	KB006x + 711
https://superreview.squig.link/headphones/data/Fostex%20T50RP%20mk4%20mayflower%20+%20para%20L3.txt	Fostex T50RP mk4 (pads: Moondrop Para :: baffle: Mayflower)	Fostex T50RP mk4 (pads Moondrop Para baffle Mayflower)	ignore	KB006x + 711
https://superreview.squig.link/headphones/data/Fostex%20T50RP%20mk4%20moon%20para%20L1.txt	Fostex T50RP mk4 (pads: Moondrop Para)	Fostex T50RP mk4 (pads Moondrop Para)	ignore	KB006x + 711
https://superreview.squig.link/headphones/data/Fostex%20T50RP%20mk4%20moon%20para%20L2.txt	Fostex T50RP mk4 (pads: Moondrop Para)	Fostex T50RP mk4 (pads Moondrop Para)	ignore	KB006x + 711
https://superreview.squig.link/headphones/data/Fostex%20T50RP%20mk4%20moon%20para%20L3.txt	Fostex T50RP mk4 (pads: Moondrop Para)	Fostex T50RP mk4 (pads Moondrop Para)	ignore	KB006x + 711
https://superreview.squig.link/headphones/data/Fostex%20T50RP%20mk4%20moon%20para%20R1.txt	Fostex T50RP mk4 (pads: Moondrop Para)	Fostex T50RP mk4 (pads Moondrop Para)	ignore	KB006x + 711
https://superreview.squig.link/headphones/data/Fostex%20T50RP%20mk4%20moon%20para%20R2.txt	Fostex T50RP mk4 (pads: Moondrop Para)	Fostex T50RP mk4 (pads Moondrop Para)	ignore	KB006x + 711
https://superreview.squig.link/headphones/data/Fostex%20T50RP%20mk4%20moon%20para%20R3.txt	Fostex T50RP mk4 (pads: Moondrop Para)	Fostex T50RP mk4 (pads Moondrop Para)	ignore	KB006x + 711
https://superreview.squig.link/headphones/data/Fostex%20T50RP%20mk4%201540%20L1.txt	Fostex T50RP mk4 (pads: Shure SRH1540)	Fostex T50RP mk4 (pads Shure SRH1540)	ignore	KB006x + 711
https://superreview.squig.link/headphones/data/Fostex%20T50RP%20mk4%201540%20L2.txt	Fostex T50RP mk4 (pads: Shure SRH1540)	Fostex T50RP mk4 (pads Shure SRH1540)	ignore	KB006x + 711
https://superreview.squig.link/headphones/data/Fostex%20T50RP%20mk4%201540%20L3.txt	Fostex T50RP mk4 (pads: Shure SRH1540)	Fostex T50RP mk4 (pads Shure SRH1540)	ignore	KB006x + 711
https://superreview.squig.link/headphones/data/Fostex%20T50RP%20mk4%201540%20R1.txt	Fostex T50RP mk4 (pads: Shure SRH1540)	Fostex T50RP mk4 (pads Shure SRH1540)	ignore	KB006x + 711
https://superreview.squig.link/headphones/data/Fostex%20T50RP%20mk4%201540%20R2.txt	Fostex T50RP mk4 (pads: Shure SRH1540)	Fostex T50RP mk4 (pads Shure SRH1540)	ignore	KB006x + 711
https://superreview.squig.link/headphones/data/Fostex%20T50RP%20mk4%201540%20R3.txt	Fostex T50RP mk4 (pads: Shure SRH1540)	Fostex T50RP mk4 (pads Shure SRH1540)	ignore	KB006x + 711
https://superreview.squig.link/headphones/data/Fostex%20T50RP%20mk4%20mayflower%20+%20zmf%20L1.txt	Fostex T50RP mk4 (pads: ZMF Universe hybrid perforated :: baffle: Mayflower)	Fostex T50RP mk4 (pads ZMF Universe hybrid perforated baffle Mayflower)	ignore	KB006x + 711
https://superreview.squig.link/headphones/data/Fostex%20T50RP%20mk4%20mayflower%20+%20zmf%20L2.txt	Fostex T50RP mk4 (pads: ZMF Universe hybrid perforated :: baffle: Mayflower)	Fostex T50RP mk4 (pads ZMF Universe hybrid perforated baffle Mayflower)	ignore	KB006x + 711
https://superreview.squig.link/headphones/data/Fostex%20T50RP%20mk4%20mayflower%20+%20zmf%20L3.txt	Fostex T50RP mk4 (pads: ZMF Universe hybrid perforated :: baffle: Mayflower)	Fostex T50RP mk4 (pads ZMF Universe hybrid perforated baffle Mayflower)	ignore	KB006x + 711
https://superreview.squig.link/headphones/data/Fostex%20T50RP%20mk4%20zmf%20hyb%20perf%20L1.txt	Fostex T50RP mk4 (pads: ZMF Universe hybrid perforated)	Fostex T50RP mk4 (pads ZMF Universe hybrid perforated)	ignore	KB006x + 711
https://superreview.squig.link/headphones/data/Fostex%20T50RP%20mk4%20zmf%20hyb%20perf%20L2.txt	Fostex T50RP mk4 (pads: ZMF Universe hybrid perforated)	Fostex T50RP mk4 (pads ZMF Universe hybrid perforated)	ignore	KB006x + 711
https://superreview.squig.link/headphones/data/Fostex%20T50RP%20mk4%20zmf%20hyb%20perf%20L3.txt	Fostex T50RP mk4 (pads: ZMF Universe hybrid perforated)	Fostex T50RP mk4 (pads ZMF Universe hybrid perforated)	ignore	KB006x + 711
https://superreview.squig.link/headphones/data/Fostex%20T50RP%20mk4%20zmf%20hyb%20perf%20R1.txt	Fostex T50RP mk4 (pads: ZMF Universe hybrid perforated)	Fostex T50RP mk4 (pads ZMF Universe hybrid perforated)	ignore	KB006x + 711
https://superreview.squig.link/headphones/data/Fostex%20T50RP%20mk4%20zmf%20hyb%20perf%20R2.txt	Fostex T50RP mk4 (pads: ZMF Universe hybrid perforated)	Fostex T50RP mk4 (pads ZMF Universe hybrid perforated)	ignore	KB006x + 711
https://superreview.squig.link/headphones/data/Fostex%20T50RP%20mk4%20zmf%20hyb%20perf%20R3.txt	Fostex T50RP mk4 (pads: ZMF Universe hybrid perforated)	Fostex T50RP mk4 (pads ZMF Universe hybrid perforated)	ignore	KB006x + 711
https://superreview.squig.link/headphones/data/Fostex%20T50RP%20mk4%20mayflower%20L1.txt	Fostex T50RP mk4 (pads: stock :: baffle: Mayflower)	Fostex T50RP mk4 (pads stock baffle Mayflower)	ignore	KB006x + 711
https://superreview.squig.link/headphones/data/Fostex%20T50RP%20mk4%20mayflower%20L2.txt	Fostex T50RP mk4 (pads: stock :: baffle: Mayflower)	Fostex T50RP mk4 (pads stock baffle Mayflower)	ignore	KB006x + 711
https://superreview.squig.link/headphones/data/Fostex%20T50RP%20mk4%20mayflower%20L3.txt	Fostex T50RP mk4 (pads: stock :: baffle: Mayflower)	Fostex T50RP mk4 (pads stock baffle Mayflower)	ignore	KB006x + 711
https://superreview.squig.link/headphones/data/Fostex%20T50RP%20mk4%20mayflower%20R1.txt	Fostex T50RP mk4 (pads: stock :: baffle: Mayflower)	Fostex T50RP mk4 (pads stock baffle Mayflower)	ignore	KB006x + 711
https://superreview.squig.link/headphones/data/Fostex%20T50RP%20mk4%20mayflower%20R2.txt	Fostex T50RP mk4 (pads: stock :: baffle: Mayflower)	Fostex T50RP mk4 (pads stock baffle Mayflower)	ignore	KB006x + 711
https://superreview.squig.link/headphones/data/Fostex%20T50RP%20mk4%20mayflower%20R3.txt	Fostex T50RP mk4 (pads: stock :: baffle: Mayflower)	Fostex T50RP mk4 (pads stock baffle Mayflower)	ignore	KB006x + 711
https://superreview.squig.link/headphones/data/Fostex%20T50RP%20mk4%20mayflower%20+%20para%20+%20AKG%20L1.txt		Fostex T50RP mk4 mayflower + para + AKG	ignore	KB006x + 711
https://superreview.squig.link/headphones/data/Fostex%20T50RP%20mk4%20mayflower%20+%20para%20+%20AKG%20L2.txt		Fostex T50RP mk4 mayflower + para + AKG	ignore	KB006x + 711
https://superreview.squig.link/headphones/data/Fostex%20T50RP%20mk4%20mayflower%20+%20para%20+%20AKG%20L3.txt		Fostex T50RP mk4 mayflower + para + AKG	ignore	KB006x + 711
https://superreview.squig.link/data/GS%20Audio%20GD3A%20L.txt	GS Audio GD3A	GS Audio GD3A	in-ear	711
https://superreview.squig.link/data/GS%20Audio%20GD3A%20R.txt	GS Audio GD3A	GS Audio GD3A	in-ear	711
https://superreview.squig.link/data/GS%20Audio%20GD3C%20L.txt	GS Audio GD3C	GS Audio GD3C	in-ear	711
https://superreview.squig.link/data/GS%20Audio%20GD3C%20R.txt	GS Audio GD3C	GS Audio GD3C	in-ear	711
https://superreview.squig.link/data/GS%20Audio%20SE11%20L.txt	GS Audio SE11	GS Audio SE11	in-ear	711
https://superreview.squig.link/data/GS%20Audio%20SE11%20R.txt	GS Audio SE11	GS Audio SE11	in-ear	711
https://superreview.squig.link/headphones/data/Grado%20GW100%20BT%20L1.txt	Grado GW100 (Bluetooth)	Grado GW100 (bluetooth)	over-ear	KB006x + 711
https://superreview.squig.link/headphones/data/Grado%20GW100%20BT%20L2.txt	Grado GW100 (Bluetooth)	Grado GW100 (bluetooth)	over-ear	KB006x + 711
https://superreview.squig.link/headphones/data/Grado%20GW100%20BT%20L3.txt	Grado GW100 (Bluetooth)	Grado GW100 (bluetooth)	over-ear	KB006x + 711
https://superreview.squig.link/headphones/data/Grado%20GW100%20BT%20R1.txt	Grado GW100 (Bluetooth)	Grado GW100 (bluetooth)	over-ear	KB006x + 711
https://superreview.squig.link/headphones/data/Grado%20GW100%20BT%20R2.txt	Grado GW100 (Bluetooth)	Grado GW100 (bluetooth)	over-ear	KB006x + 711
https://superreview.squig.link/headphones/data/Grado%20GW100%20BT%20R3.txt	Grado GW100 (Bluetooth)	Grado GW100 (bluetooth)	over-ear	KB006x + 711
https://superreview.squig.link/headphones/data/Grado%20GW100%20wired%20L1.txt	Grado GW100 (wired)	Grado GW100 (wired)	over-ear	KB006x + 711
https://superreview.squig.link/headphones/data/Grado%20GW100%20wired%20L2.txt	Grado GW100 (wired)	Grado GW100 (wired)	over-ear	KB006x + 711
https://superreview.squig.link/headphones/data/Grado%20GW100%20wired%20L3.txt	Grado GW100 (wired)	Grado GW100 (wired)	over-ear	KB006x + 711
https://superreview.squig.link/headphones/data/Grado%20GW100%20wired%20R1.txt	Grado GW100 (wired)	Grado GW100 (wired)	over-ear	KB006x + 711
https://superreview.squig.link/headphones/data/Grado%20GW100%20wired%20R2.txt	Grado GW100 (wired)	Grado GW100 (wired)	over-ear	KB006x + 711
https://superreview.squig.link/headphones/data/Grado%20GW100%20wired%20R3.txt	Grado GW100 (wired)	Grado GW100 (wired)	over-ear	KB006x + 711
https://superreview.squig.link/headphones/data/Grado%20SR80%20L%20Cush%20L1.txt	Grado SR80 (pads: L-Cush)	Grado SR80 (L-Cush earpads)	over-ear	KB006x + 711
https://superreview.squig.link/headphones/data/Grado%20SR80%20L%20Cush%20L2.txt	Grado SR80 (pads: L-Cush)	Grado SR80 (L-Cush earpads)	over-ear	KB006x + 711
https://superreview.squig.link/headphones/data/Grado%20SR80%20L%20Cush%20L3.txt	Grado SR80 (pads: L-Cush)	Grado SR80 (L-Cush earpads)	over-ear	KB006x + 711
https://superreview.squig.link/headphones/data/Grado%20SR80%20L%20Cush%20R1.txt	Grado SR80 (pads: L-Cush)	Grado SR80 (L-Cush earpads)	over-ear	KB006x + 711
https://superreview.squig.link/headphones/data/Grado%20SR80%20L%20Cush%20R2.txt	Grado SR80 (pads: L-Cush)	Grado SR80 (L-Cush earpads)	over-ear	KB006x + 711
https://superreview.squig.link/headphones/data/Grado%20SR80%20L%20Cush%20R3.txt	Grado SR80 (pads: L-Cush)	Grado SR80 (L-Cush earpads)	over-ear	KB006x + 711
https://superreview.squig.link/headphones/data/Grado%20SR80%20L1.txt	Grado SR80 (pads: S-Cush)	Grado SR80 (S-Cush earpads)	over-ear	KB006x + 711
https://superreview.squig.link/headphones/data/Grado%20SR80%20L2.txt	Grado SR80 (pads: S-Cush)	Grado SR80 (S-Cush earpads)	over-ear	KB006x + 711
https://superreview.squig.link/headphones/data/Grado%20SR80%20L3.txt	Grado SR80 (pads: S-Cush)	Grado SR80 (S-Cush earpads)	over-ear	KB006x + 711
https://superreview.squig.link/headphones/data/Grado%20SR80%20R1.txt	Grado SR80 (pads: S-Cush)	Grado SR80 (S-Cush earpads)	over-ear	KB006x + 711
https://superreview.squig.link/headphones/data/Grado%20SR80%20R2.txt	Grado SR80 (pads: S-Cush)	Grado SR80 (S-Cush earpads)	over-ear	KB006x + 711
https://superreview.squig.link/headphones/data/Grado%20SR80%20R3.txt	Grado SR80 (pads: S-Cush)	Grado SR80 (S-Cush earpads)	over-ear	KB006x + 711
https://squig.link/headphones/data/Grell%20OAE2%20L1.txt	Grell OAE2 	Grell Audio OAE2	over-ear	KB006x + 711
https://squig.link/headphones/data/Grell%20OAE2%20L2.txt	Grell OAE2 	Grell Audio OAE2	over-ear	KB006x + 711
https://squig.link/headphones/data/Grell%20OAE2%20L3.txt	Grell OAE2 	Grell Audio OAE2	over-ear	KB006x + 711
https://squig.link/headphones/data/Grell%20OAE2%20R1.txt	Grell OAE2 	Grell Audio OAE2	over-ear	KB006x + 711
https://squig.link/headphones/data/Grell%20OAE2%20R2.txt	Grell OAE2 	Grell Audio OAE2	over-ear	KB006x + 711
https://squig.link/headphones/data/Grell%20OAE2%20R3.txt	Grell OAE2 	Grell Audio OAE2	over-ear	KB006x + 711
https://squig.link/headphones/data/Grell%20OAE2%20meze%20foam%20L1.txt	Grell OAE2 (mod: Meze 99C V2 foam)	Grell Audio OAE2 (mod Meze 99C V2 foam)	over-ear	KB006x + 711
https://squig.link/headphones/data/Grell%20OAE2%20meze%20foam%20L2.txt	Grell OAE2 (mod: Meze 99C V2 foam)	Grell Audio OAE2 (mod Meze 99C V2 foam)	over-ear	KB006x + 711
https://squig.link/headphones/data/Grell%20OAE2%20meze%20foam%20L3.txt	Grell OAE2 (mod: Meze 99C V2 foam)	Grell Audio OAE2 (mod Meze 99C V2 foam)	over-ear	KB006x + 711
https://squig.link/headphones/data/Grell%20OAE2%20meze%20foam%20R1.txt	Grell OAE2 (mod: Meze 99C V2 foam)	Grell Audio OAE2 (mod Meze 99C V2 foam)	over-ear	KB006x + 711
https://squig.link/headphones/data/Grell%20OAE2%20meze%20foam%20R2.txt	Grell OAE2 (mod: Meze 99C V2 foam)	Grell Audio OAE2 (mod Meze 99C V2 foam)	over-ear	KB006x + 711
https://squig.link/headphones/data/Grell%20OAE2%20meze%20foam%20R3.txt	Grell OAE2 (mod: Meze 99C V2 foam)	Grell Audio OAE2 (mod Meze 99C V2 foam)	over-ear	KB006x + 711
https://superreview.squig.link/earbuds/data/HE%20150%20Pro%20R1.txt		HE 150 Pro	ignore	
https://superreview.squig.link/earbuds/data/HE%20150%20Pro%20R2.txt		HE 150 Pro	ignore	
https://superreview.squig.link/earbuds/data/HE%20150%20Pro%20R3.txt		HE 150 Pro	ignore	
https://squig.link/headphones/data/Hedd%20Audio%20D1%20L1.txt	HEDD Audio HEDDphone D1 	HEDD Audio HEDDphone D1	over-ear	KB006x + 711
https://squig.link/headphones/data/Hedd%20Audio%20D1%20L2.txt	HEDD Audio HEDDphone D1 	HEDD Audio HEDDphone D1	over-ear	KB006x + 711
https://squig.link/headphones/data/Hedd%20Audio%20D1%20L3.txt	HEDD Audio HEDDphone D1 	HEDD Audio HEDDphone D1	over-ear	KB006x + 711
https://squig.link/headphones/data/Hedd%20Audio%20D1%20R1.txt	HEDD Audio HEDDphone D1 	HEDD Audio HEDDphone D1	over-ear	KB006x + 711
https://squig.link/headphones/data/Hedd%20Audio%20D1%20R2.txt	HEDD Audio HEDDphone D1 	HEDD Audio HEDDphone D1	over-ear	KB006x + 711
https://squig.link/headphones/data/Hedd%20Audio%20D1%20R3.txt	HEDD Audio HEDDphone D1 	HEDD Audio HEDDphone D1	over-ear	KB006x + 711
https://squig.link/headphones/data/Hedd%20Audio%20D1%20worn%20L1.txt	HEDD Audio HEDDphone D1 (pads: worn)	HEDD Audio HEDDphone D1 (pads worn)	over-ear	KB006x + 711
https://squig.link/headphones/data/Hedd%20Audio%20D1%20worn%20L2.txt	HEDD Audio HEDDphone D1 (pads: worn)	HEDD Audio HEDDphone D1 (pads worn)	over-ear	KB006x + 711
https://squig.link/headphones/data/Hedd%20Audio%20D1%20worn%20L3.txt	HEDD Audio HEDDphone D1 (pads: worn)	HEDD Audio HEDDphone D1 (pads worn)	over-ear	KB006x + 711
https://squig.link/headphones/data/Hedd%20Audio%20D1%20worn%20R1.txt	HEDD Audio HEDDphone D1 (pads: worn)	HEDD Audio HEDDphone D1 (pads worn)	over-ear	KB006x + 711
https://squig.link/headphones/data/Hedd%20Audio%20D1%20worn%20R2.txt	HEDD Audio HEDDphone D1 (pads: worn)	HEDD Audio HEDDphone D1 (pads worn)	over-ear	KB006x + 711
https://squig.link/headphones/data/Hedd%20Audio%20D1%20worn%20R3.txt	HEDD Audio HEDDphone D1 (pads: worn)	HEDD Audio HEDDphone D1 (pads worn)	over-ear	KB006x + 711
https://superreview.squig.link/headphones/data/Hedd%20Audio%20Heddphone%20Two%20GT%20leather%20L3.txt	HEDD Audio HEDDphone Two GT (pads: leather)	HEDD Audio HEDDphone Two GT (leather earpads)	over-ear	KB006x + 711
https://superreview.squig.link/headphones/data/Hedd%20Audio%20Heddphone%20Two%20GT%20leather%20L1.txt	HEDD Audio HEDDphone Two GT (pads: leather)	HEDD HEDDphone Two GT (leather earpads)	over-ear	KB006x + 711
https://superreview.squig.link/headphones/data/Hedd%20Audio%20Heddphone%20Two%20GT%20leather%20L2.txt	HEDD Audio HEDDphone Two GT (pads: leather)	HEDD HEDDphone Two GT (leather earpads)	over-ear	KB006x + 711
https://superreview.squig.link/headphones/data/Hedd%20Audio%20Heddphone%20Two%20GT%20leather%20R1.txt	HEDD Audio HEDDphone Two GT (pads: leather)	HEDD HEDDphone Two GT (leather earpads)	over-ear	KB006x + 711
https://superreview.squig.link/headphones/data/Hedd%20Audio%20Heddphone%20Two%20GT%20leather%20R2.txt	HEDD Audio HEDDphone Two GT (pads: leather)	HEDD HEDDphone Two GT (leather earpads)	over-ear	KB006x + 711
https://superreview.squig.link/headphones/data/Hedd%20Audio%20Heddphone%20Two%20GT%20leather%20R3.txt	HEDD Audio HEDDphone Two GT (pads: leather)	HEDD HEDDphone Two GT (leather earpads)	over-ear	KB006x + 711
https://superreview.squig.link/headphones/data/Hedd%20Audio%20Heddphone%20Two%20GT%20suede%20L1.txt	HEDD Audio HEDDphone Two GT (pads: suede)	HEDD HEDDphone Two GT (suede earpads)	over-ear	KB006x + 711
https://superreview.squig.link/headphones/data/Hedd%20Audio%20Heddphone%20Two%20GT%20suede%20L2.txt	HEDD Audio HEDDphone Two GT (pads: suede)	HEDD HEDDphone Two GT (suede earpads)	over-ear	KB006x + 711
https://superreview.squig.link/headphones/data/Hedd%20Audio%20Heddphone%20Two%20GT%20suede%20L3.txt	HEDD Audio HEDDphone Two GT (pads: suede)	HEDD HEDDphone Two GT (suede earpads)	over-ear	KB006x + 711
https://superreview.squig.link/headphones/data/Hedd%20Audio%20Heddphone%20Two%20GT%20suede%20R1.txt	HEDD Audio HEDDphone Two GT (pads: suede)	HEDD HEDDphone Two GT (suede earpads)	over-ear	KB006x + 711
https://superreview.squig.link/headphones/data/Hedd%20Audio%20Heddphone%20Two%20GT%20suede%20R2.txt	HEDD Audio HEDDphone Two GT (pads: suede)	HEDD HEDDphone Two GT (suede earpads)	over-ear	KB006x + 711
https://superreview.squig.link/headphones/data/Hedd%20Audio%20Heddphone%20Two%20GT%20suede%20R3.txt	HEDD Audio HEDDphone Two GT (pads: suede)	HEDD HEDDphone Two GT (suede earpads)	over-ear	KB006x + 711
https://superreview.squig.link/headphones/data/Hedd%20Audio%20Heddphone%20Two%20L1.txt	HEDD Audio HEDDphone Two	HEDD Heddphone 2	over-ear	KB006x + 711
https://superreview.squig.link/headphones/data/Hedd%20Audio%20Heddphone%20Two%20L2.txt	HEDD Audio HEDDphone Two	HEDD Heddphone 2	over-ear	KB006x + 711
https://superreview.squig.link/headphones/data/Hedd%20Audio%20Heddphone%20Two%20L3.txt	HEDD Audio HEDDphone Two	HEDD Heddphone 2	over-ear	KB006x + 711
https://superreview.squig.link/headphones/data/Hedd%20Audio%20Heddphone%20Two%20R1.txt	HEDD Audio HEDDphone Two	HEDD Heddphone 2	over-ear	KB006x + 711
https://superreview.squig.link/headphones/data/Hedd%20Audio%20Heddphone%20Two%20R2.txt	HEDD Audio HEDDphone Two	HEDD Heddphone 2	over-ear	KB006x + 711
https://superreview.squig.link/headphones/data/Hedd%20Audio%20Heddphone%20Two%20R3.txt	HEDD Audio HEDDphone Two	HEDD Heddphone 2	over-ear	KB006x + 711
https://superreview.squig.link/headphones/data/Hifi%20for%20All%20Dahlia%20S2%20bal%20L1.txt	Hifi For All Dahlia (sample 2 :: resonator: balanced)	HIFI FOR ALL Dahlia (balanced resonator)	over-ear	KB006x + 711
https://superreview.squig.link/headphones/data/Hifi%20for%20All%20Dahlia%20S2%20bal%20L2.txt	Hifi For All Dahlia (sample 2 :: resonator: balanced)	HIFI FOR ALL Dahlia (balanced resonator)	over-ear	KB006x + 711
https://superreview.squig.link/headphones/data/Hifi%20for%20All%20Dahlia%20S2%20bal%20L3.txt	Hifi For All Dahlia (sample 2 :: resonator: balanced)	HIFI FOR ALL Dahlia (balanced resonator)	over-ear	KB006x + 711
https://superreview.squig.link/headphones/data/Hifi%20for%20All%20Dahlia%20S2%20bal%20R1.txt	Hifi For All Dahlia (sample 2 :: resonator: balanced)	HIFI FOR ALL Dahlia (balanced resonator)	over-ear	KB006x + 711
https://superreview.squig.link/headphones/data/Hifi%20for%20All%20Dahlia%20S2%20bal%20R2.txt	Hifi For All Dahlia (sample 2 :: resonator: balanced)	HIFI FOR ALL Dahlia (balanced resonator)	over-ear	KB006x + 711
https://superreview.squig.link/headphones/data/Hifi%20for%20All%20Dahlia%20S2%20bal%20R3.txt	Hifi For All Dahlia (sample 2 :: resonator: balanced)	HIFI FOR ALL Dahlia (balanced resonator)	over-ear	KB006x + 711
https://superreview.squig.link/headphones/data/Hifi%20for%20All%20Dahlia%20S2%20dyn%20L1.txt	Hifi For All Dahlia (sample 2 :: resonator: dynamic)	HIFI FOR ALL Dahlia (dynamic resonator)	over-ear	KB006x + 711
https://superreview.squig.link/headphones/data/Hifi%20for%20All%20Dahlia%20S2%20dyn%20L2.txt	Hifi For All Dahlia (sample 2 :: resonator: dynamic)	HIFI FOR ALL Dahlia (dynamic resonator)	over-ear	KB006x + 711
https://superreview.squig.link/headphones/data/Hifi%20for%20All%20Dahlia%20S2%20dyn%20L3.txt	Hifi For All Dahlia (sample 2 :: resonator: dynamic)	HIFI FOR ALL Dahlia (dynamic resonator)	over-ear	KB006x + 711
https://superreview.squig.link/headphones/data/Hifi%20for%20All%20Dahlia%20S2%20dyn%20R1.txt	Hifi For All Dahlia (sample 2 :: resonator: dynamic)	HIFI FOR ALL Dahlia (dynamic resonator)	over-ear	KB006x + 711
https://superreview.squig.link/headphones/data/Hifi%20for%20All%20Dahlia%20S2%20dyn%20R2.txt	Hifi For All Dahlia (sample 2 :: resonator: dynamic)	HIFI FOR ALL Dahlia (dynamic resonator)	over-ear	KB006x + 711
https://superreview.squig.link/headphones/data/Hifi%20for%20All%20Dahlia%20S2%20dyn%20R3.txt	Hifi For All Dahlia (sample 2 :: resonator: dynamic)	HIFI FOR ALL Dahlia (dynamic resonator)	over-ear	KB006x + 711
https://superreview.squig.link/headphones/data/Hifiman%20Ananda%20Nano%20L1.txt	Hifiman Ananda Nano	HIFIMAN Ananda Nano	over-ear	KB006x + 711
https://superreview.squig.link/headphones/data/Hifiman%20Ananda%20Nano%20L2.txt	Hifiman Ananda Nano	HIFIMAN Ananda Nano	over-ear	KB006x + 711
https://superreview.squig.link/headphones/data/Hifiman%20Ananda%20Nano%20L3.txt	Hifiman Ananda Nano	HIFIMAN Ananda Nano	over-ear	KB006x + 711
https://superreview.squig.link/headphones/data/Hifiman%20Ananda%20Nano%20R1.txt	Hifiman Ananda Nano	HIFIMAN Ananda Nano	over-ear	KB006x + 711
https://superreview.squig.link/headphones/data/Hifiman%20Ananda%20Nano%20R2.txt	Hifiman Ananda Nano	HIFIMAN Ananda Nano	over-ear	KB006x + 711
https://superreview.squig.link/headphones/data/Hifiman%20Ananda%20Nano%20R3.txt	Hifiman Ananda Nano	HIFIMAN Ananda Nano	over-ear	KB006x + 711
https://squig.link/headphones/data/Hifiman%20Arya%20Unveiled%20L1.txt	Hifiman Arya Unveiled 	HIFIMAN Arya Unveiled	over-ear	KB006x + 711
https://squig.link/headphones/data/Hifiman%20Arya%20Unveiled%20L2.txt	Hifiman Arya Unveiled 	HIFIMAN Arya Unveiled	over-ear	KB006x + 711
https://squig.link/headphones/data/Hifiman%20Arya%20Unveiled%20L3.txt	Hifiman Arya Unveiled 	HIFIMAN Arya Unveiled	over-ear	KB006x + 711
https://squig.link/headphones/data/Hifiman%20Arya%20Unveiled%20R1.txt	Hifiman Arya Unveiled 	HIFIMAN Arya Unveiled	over-ear	KB006x + 711
https://squig.link/headphones/data/Hifiman%20Arya%20Unveiled%20R2.txt	Hifiman Arya Unveiled 	HIFIMAN Arya Unveiled	over-ear	KB006x + 711
https://squig.link/headphones/data/Hifiman%20Arya%20Unveiled%20R3.txt	Hifiman Arya Unveiled 	HIFIMAN Arya Unveiled	over-ear	KB006x + 711
https://squig.link/headphones/data/Hifiman%20Arya%20Unveiled%20veiled%20L1.txt	Hifiman Arya Unveiled (covers: on)	HIFIMAN Arya Unveiled (covers on)	over-ear	KB006x + 711
https://squig.link/headphones/data/Hifiman%20Arya%20Unveiled%20veiled%20R1.txt	Hifiman Arya Unveiled (covers: on)	HIFIMAN Arya Unveiled (covers on)	over-ear	KB006x + 711
https://superreview.squig.link/data/Hifiman%20Bolt%20L.txt	Hifiman Bolt	HIFIMAN Bolt	in-ear	711
https://superreview.squig.link/headphones/data/Hifiman%20Edition%20XS%20L1.txt	Hifiman Edition XS	HIFIMAN Edition XS	over-ear	KB006x + 711
https://superreview.squig.link/headphones/data/Hifiman%20Edition%20XS%20L2.txt	Hifiman Edition XS	HIFIMAN Edition XS	over-ear	KB006x + 711
https://superreview.squig.link/headphones/data/Hifiman%20Edition%20XS%20L3.txt	Hifiman Edition XS	HIFIMAN Edition XS	over-ear	KB006x + 711
https://superreview.squig.link/headphones/data/Hifiman%20Edition%20XS%20R1.txt	Hifiman Edition XS	HIFIMAN Edition XS	over-ear	KB006x + 711
https://superreview.squig.link/headphones/data/Hifiman%20Edition%20XS%20R2.txt	Hifiman Edition XS	HIFIMAN Edition XS	over-ear	KB006x + 711
https://superreview.squig.link/headphones/data/Hifiman%20Edition%20XS%20R3.txt	Hifiman Edition XS	HIFIMAN Edition XS	over-ear	KB006x + 711
https://superreview.squig.link/headphones/data/Hifiman%20Sundara%20L1.txt	Hifiman Sundara	HIFIMAN Sundara	over-ear	KB006x + 711
https://superreview.squig.link/headphones/data/Hifiman%20Sundara%20L2.txt	Hifiman Sundara	HIFIMAN Sundara	over-ear	KB006x + 711
https://superreview.squig.link/headphones/data/Hifiman%20Sundara%20L3.txt	Hifiman Sundara	HIFIMAN Sundara	over-ear	KB006x + 711
https://superreview.squig.link/headphones/data/Hifiman%20Sundara%20R1.txt	Hifiman Sundara	HIFIMAN Sundara	over-ear	KB006x + 711
https://superreview.squig.link/headphones/data/Hifiman%20Sundara%20R2.txt	Hifiman Sundara	HIFIMAN Sundara	over-ear	KB006x + 711
https://superreview.squig.link/headphones/data/Hifiman%20Sundara%20R3.txt	Hifiman Sundara	HIFIMAN Sundara	over-ear	KB006x + 711
https://superreview.squig.link/data/HZSound%20Heart%20Mirror%20L.txt	HZSound Heart Mirror	HZSOUND Heart Mirror	in-ear	711
https://superreview.squig.link/data/HZSound%20Heart%20Mirror%20Zero%20L.txt	HZSound Heart Mirror Zero	HZSOUND Heart Mirror Zero	in-ear	711
https://superreview.squig.link/data/HZSound%20Heart%20Mirror%20Zero%20R.txt	HZSound Heart Mirror Zero	HZSOUND Heart Mirror Zero	in-ear	711
https://superreview.squig.link/data/OB%20Heart%20Mirror%20L.txt	OB Heart Mirror	HZSOUND Heart Mirror Zero	in-ear	711
https://superreview.squig.link/data/OB%20Heart%20Mirror%20R.txt	OB Heart Mirror	HZSOUND Heart Mirror Zero	in-ear	711
https://superreview.squig.link/data/HarmonicDyne%20PD1%20L.txt	HarmonicDyne P.D.1	HarmonicDyne P.D.1	in-ear	711
https://superreview.squig.link/data/HarmonicDyne%20PD1%20R.txt	HarmonicDyne P.D.1	HarmonicDyne P.D.1	in-ear	711
https://superreview.squig.link/headphones/data/HarmonicDyne%20Poseidon%20L1.txt	HarmonicDyne Poseidon	HarmonicDyne Poseidon	over-ear	KB006x + 711
https://superreview.squig.link/headphones/data/HarmonicDyne%20Poseidon%20L2.txt	HarmonicDyne Poseidon	HarmonicDyne Poseidon	over-ear	KB006x + 711
https://superreview.squig.link/headphones/data/HarmonicDyne%20Poseidon%20L3.txt	HarmonicDyne Poseidon	HarmonicDyne Poseidon	over-ear	KB006x + 711
https://superreview.squig.link/headphones/data/HarmonicDyne%20Poseidon%20R1.txt	HarmonicDyne Poseidon	HarmonicDyne Poseidon	over-ear	KB006x + 711
https://superreview.squig.link/headphones/data/HarmonicDyne%20Poseidon%20R2.txt	HarmonicDyne Poseidon	HarmonicDyne Poseidon	over-ear	KB006x + 711
https://superreview.squig.link/headphones/data/HarmonicDyne%20Poseidon%20R3.txt	HarmonicDyne Poseidon	HarmonicDyne Poseidon	over-ear	KB006x + 711
https://squig.link/headphones/data/HarmonicDyne%20Romantic%20L1.txt	HarmonicDyne Romantic 	HarmonicDyne Romantic	over-ear	KB006x + 711
https://squig.link/headphones/data/HarmonicDyne%20Romantic%20L2.txt	HarmonicDyne Romantic 	HarmonicDyne Romantic	over-ear	KB006x + 711
https://squig.link/headphones/data/HarmonicDyne%20Romantic%20L3.txt	HarmonicDyne Romantic 	HarmonicDyne Romantic	over-ear	KB006x + 711
https://squig.link/headphones/data/HarmonicDyne%20Romantic%20R1.txt	HarmonicDyne Romantic 	HarmonicDyne Romantic	over-ear	KB006x + 711
https://squig.link/headphones/data/HarmonicDyne%20Romantic%20R2.txt	HarmonicDyne Romantic 	HarmonicDyne Romantic	over-ear	KB006x + 711
https://squig.link/headphones/data/HarmonicDyne%20Romantic%20R3.txt	HarmonicDyne Romantic 	HarmonicDyne Romantic	over-ear	KB006x + 711
https://squig.link/headphones/data/HarmonicDyne%20Romantic%20pushed%20back%20L1.txt	HarmonicDyne Romantic (pushed backward)	HarmonicDyne Romantic (pushed backward)	over-ear	KB006x + 711
https://squig.link/headphones/data/HarmonicDyne%20Romantic%20pushed%20back%20R1.txt	HarmonicDyne Romantic (pushed backward)	HarmonicDyne Romantic (pushed backward)	over-ear	KB006x + 711
https://superreview.squig.link/headphones/data/HarmonicDyne%20Zeus%20L1.txt	HarmonicDyne Zeus	HarmonicDyne Zeus	over-ear	KB006x + 711
https://superreview.squig.link/headphones/data/HarmonicDyne%20Zeus%20L2.txt	HarmonicDyne Zeus	HarmonicDyne Zeus	over-ear	KB006x + 711
https://superreview.squig.link/headphones/data/HarmonicDyne%20Zeus%20L3.txt	HarmonicDyne Zeus	HarmonicDyne Zeus	over-ear	KB006x + 711
https://superreview.squig.link/headphones/data/HarmonicDyne%20Zeus%20R1.txt	HarmonicDyne Zeus	HarmonicDyne Zeus	over-ear	KB006x + 711
https://superreview.squig.link/headphones/data/HarmonicDyne%20Zeus%20R2.txt	HarmonicDyne Zeus	HarmonicDyne Zeus	over-ear	KB006x + 711
https://superreview.squig.link/headphones/data/HarmonicDyne%20Zeus%20R3.txt	HarmonicDyne Zeus	HarmonicDyne Zeus	over-ear	KB006x + 711
https://superreview.squig.link/headphones/data/HarmonicDyne%20Zeus%20Elite%20L1.txt	HarmonicDyne Zeus Elite	HarmonicDyne Zeus Elite	over-ear	KB006x + 711
https://superreview.squig.link/headphones/data/HarmonicDyne%20Zeus%20Elite%20L2.txt	HarmonicDyne Zeus Elite	HarmonicDyne Zeus Elite	over-ear	KB006x + 711
https://superreview.squig.link/headphones/data/HarmonicDyne%20Zeus%20Elite%20L3.txt	HarmonicDyne Zeus Elite	HarmonicDyne Zeus Elite	over-ear	KB006x + 711
https://superreview.squig.link/headphones/data/HarmonicDyne%20Zeus%20Elite%20R1.txt	HarmonicDyne Zeus Elite	HarmonicDyne Zeus Elite	over-ear	KB006x + 711
https://superreview.squig.link/headphones/data/HarmonicDyne%20Zeus%20Elite%20R2.txt	HarmonicDyne Zeus Elite	HarmonicDyne Zeus Elite	over-ear	KB006x + 711
https://superreview.squig.link/headphones/data/HarmonicDyne%20Zeus%20Elite%20R3.txt	HarmonicDyne Zeus Elite	HarmonicDyne Zeus Elite	over-ear	KB006x + 711
https://superreview.squig.link/data/Haylou%20GT1%20L.txt	Haylou GT1	Haylou GT1	in-ear	711
https://superreview.squig.link/data/Haylou%20GT2%20L.txt	Haylou GT2	Haylou GT2	in-ear	711
https://superreview.squig.link/data/Haylou%20GT2%20R.txt	Haylou GT2	Haylou GT2	in-ear	711
https://squig.link/data/Hercules%20Noah%20L.txt	Hercules Audio Noah	Hercules Audio Noah	in-ear	711
https://squig.link/data/Hercules%20Noah%20R.txt	Hercules Audio Noah	Hercules Audio Noah	in-ear	711
https://superreview.squig.link/data/Hi-Fri%20Audio%20Aphex%20L.txt	Hi-Fri Audio Aphex	Hi-Fri Audio Aphex	in-ear	711
https://superreview.squig.link/data/Hi-Fri%20Audio%20Aphex%20R.txt	Hi-Fri Audio Aphex	Hi-Fri Audio Aphex	in-ear	711
https://superreview.squig.link/data/Hiby%20Crystal6%20L.txt	Hiby Crystal6	HiBy Crystal 6	in-ear	711
https://superreview.squig.link/data/Hiby%20Crystal6%20II%20L.txt	Hiby Crystal6 II	HiBy Crystal 6 II	in-ear	711
https://superreview.squig.link/data/Hiby%20Crystal6%20II%20R.txt	Hiby Crystal6 II	HiBy Crystal 6 II	in-ear	711
https://superreview.squig.link/data/Hiby%20Digital%20Xoe%20L.txt	Hiby Xoe	HiBy XOE	in-ear	711
https://superreview.squig.link/data/Hiby%20Digital%20Xoe%20R.txt	Hiby Xoe	HiBy XOE	in-ear	711
https://superreview.squig.link/data/Hiby%20Yacht%2010%20L.txt	Hiby Yacht 10	HiBy Yacht 10	in-ear	711
https://superreview.squig.link/data/Hiby%20Yacht%2010%20R.txt	Hiby Yacht 10	HiBy Yacht 10	in-ear	711
https://superreview.squig.link/data/Hidition%20Violet%20L.txt	Hidition Violet	Hidition Violet	in-ear	711
https://squig.link/data/Hidizs%20MK12%20gold%20deep%20L.txt	Hidizs MK12 Turris (nozzle: gold :: insert: deep)	Hidizs MK12 Turris (nozzle gold insert deep)	in-ear	711
https://squig.link/data/Hidizs%20MK12%20gold%20deep%20R.txt	Hidizs MK12 Turris (nozzle: gold :: insert: deep)	Hidizs MK12 Turris (nozzle gold insert deep)	in-ear	711
https://squig.link/data/Hidizs%20MK12%20gold%20shallow%20L.txt	Hidizs MK12 Turris (nozzle: gold :: insert: shallow)	Hidizs MK12 Turris (nozzle gold insert shallow)	in-ear	711
https://squig.link/data/Hidizs%20MK12%20gold%20shallow%20R.txt	Hidizs MK12 Turris (nozzle: gold :: insert: shallow)	Hidizs MK12 Turris (nozzle gold insert shallow)	in-ear	711
https://squig.link/data/Hidizs%20MK12%20gold%20L.txt	Hidizs MK12 Turris (nozzle: gold)	Hidizs MK12 Turris (nozzle gold)	in-ear	711
https://squig.link/data/Hidizs%20MK12%20gold%20R.txt	Hidizs MK12 Turris (nozzle: gold)	Hidizs MK12 Turris (nozzle gold)	in-ear	711
https://squig.link/data/Hidizs%20MK12%20red%20L.txt	Hidizs MK12 Turris (nozzle: red)	Hidizs MK12 Turris (nozzle red)	in-ear	711
https://squig.link/data/Hidizs%20MK12%20red%20R.txt	Hidizs MK12 Turris (nozzle: red)	Hidizs MK12 Turris (nozzle red)	in-ear	711
https://squig.link/data/Hidizs%20MK12%20silver%20L.txt	Hidizs MK12 Turris (nozzle: silver)	Hidizs MK12 Turris (nozzle silver)	in-ear	711
https://squig.link/data/Hidizs%20MK12%20silver%20R.txt	Hidizs MK12 Turris (nozzle: silver)	Hidizs MK12 Turris (nozzle silver)	in-ear	711
https://squig.link/data/Hidizs%20MP145%20Pro%20gold%20deep%20L.txt	Hidizs MP145 Pro (nozzle: gold :: insert: deep)	Hidizs MP145 Pro (nozzle gold insert deep)	in-ear	711
https://squig.link/data/Hidizs%20MP145%20Pro%20gold%20deep%20R.txt	Hidizs MP145 Pro (nozzle: gold :: insert: deep)	Hidizs MP145 Pro (nozzle gold insert deep)	in-ear	711
https://squig.link/data/Hidizs%20MP145%20Pro%20gold%20shallow%20L.txt	Hidizs MP145 Pro (nozzle: gold :: insert: shallow)	Hidizs MP145 Pro (nozzle gold insert shallow)	in-ear	711
https://squig.link/data/Hidizs%20MP145%20Pro%20gold%20shallow%20R.txt	Hidizs MP145 Pro (nozzle: gold :: insert: shallow)	Hidizs MP145 Pro (nozzle gold insert shallow)	in-ear	711
https://squig.link/data/Hidizs%20MP145%20Pro%20gold%20L.txt	Hidizs MP145 Pro (nozzle: gold)	Hidizs MP145 Pro (nozzle gold)	in-ear	711
https://squig.link/data/Hidizs%20MP145%20Pro%20gold%20R.txt	Hidizs MP145 Pro (nozzle: gold)	Hidizs MP145 Pro (nozzle gold)	in-ear	711
https://squig.link/data/Hidizs%20MP145%20Pro%20red%20L.txt	Hidizs MP145 Pro (nozzle: red)	Hidizs MP145 Pro (nozzle red)	in-ear	711
https://squig.link/data/Hidizs%20MP145%20Pro%20red%20R.txt	Hidizs MP145 Pro (nozzle: red)	Hidizs MP145 Pro (nozzle red)	in-ear	711
https://squig.link/data/Hidizs%20MP145%20Pro%20silver%20L.txt	Hidizs MP145 Pro (nozzle: silver)	Hidizs MP145 Pro (nozzle silver)	in-ear	711
https://squig.link/data/Hidizs%20MP145%20Pro%20silver%20R.txt	Hidizs MP145 Pro (nozzle: silver)	Hidizs MP145 Pro (nozzle silver)	in-ear	711
https://superreview.squig.link/headphones/data/Hifi%20for%20All%20Dahlia%20BW%20perf%20L1.txt	Hifi For All Dahlia (sample 2 :: resonator: balanced :: pads: Brainwavz microsuede)	Hifi For All Dahlia (sample 2 resonator balanced pads Brainwavz microsuede)	ignore	KB006x + 711
https://superreview.squig.link/headphones/data/Hifi%20for%20All%20Dahlia%20BW%20perf%20L2.txt	Hifi For All Dahlia (sample 2 :: resonator: balanced :: pads: Brainwavz microsuede)	Hifi For All Dahlia (sample 2 resonator balanced pads Brainwavz microsuede)	ignore	KB006x + 711
https://superreview.squig.link/headphones/data/Hifi%20for%20All%20Dahlia%20BW%20perf%20L3.txt	Hifi For All Dahlia (sample 2 :: resonator: balanced :: pads: Brainwavz microsuede)	Hifi For All Dahlia (sample 2 resonator balanced pads Brainwavz microsuede)	ignore	KB006x + 711
https://superreview.squig.link/headphones/data/Hifi%20for%20All%20Dahlia%20BW%20perf%20R1.txt	Hifi For All Dahlia (sample 2 :: resonator: balanced :: pads: Brainwavz microsuede)	Hifi For All Dahlia (sample 2 resonator balanced pads Brainwavz microsuede)	ignore	KB006x + 711
https://superreview.squig.link/headphones/data/Hifi%20for%20All%20Dahlia%20BW%20perf%20R2.txt	Hifi For All Dahlia (sample 2 :: resonator: balanced :: pads: Brainwavz microsuede)	Hifi For All Dahlia (sample 2 resonator balanced pads Brainwavz microsuede)	ignore	KB006x + 711
https://superreview.squig.link/headphones/data/Hifi%20for%20All%20Dahlia%20BW%20perf%20R3.txt	Hifi For All Dahlia (sample 2 :: resonator: balanced :: pads: Brainwavz microsuede)	Hifi For All Dahlia (sample 2 resonator balanced pads Brainwavz microsuede)	ignore	KB006x + 711
https://superreview.squig.link/headphones/data/Hifi%20for%20All%20Dahlia%20BW%20suede%20L1.txt	Hifi For All Dahlia (sample 2 :: resonator: balanced :: pads: Brainwavz perforated)	Hifi For All Dahlia (sample 2 resonator balanced pads Brainwavz perforated)	ignore	KB006x + 711
https://superreview.squig.link/headphones/data/Hifi%20for%20All%20Dahlia%20BW%20suede%20L2.txt	Hifi For All Dahlia (sample 2 :: resonator: balanced :: pads: Brainwavz perforated)	Hifi For All Dahlia (sample 2 resonator balanced pads Brainwavz perforated)	ignore	KB006x + 711
https://superreview.squig.link/headphones/data/Hifi%20for%20All%20Dahlia%20BW%20suede%20L3.txt	Hifi For All Dahlia (sample 2 :: resonator: balanced :: pads: Brainwavz perforated)	Hifi For All Dahlia (sample 2 resonator balanced pads Brainwavz perforated)	ignore	KB006x + 711
https://superreview.squig.link/headphones/data/Hifi%20for%20All%20Dahlia%20BW%20suede%20R1.txt	Hifi For All Dahlia (sample 2 :: resonator: balanced :: pads: Brainwavz perforated)	Hifi For All Dahlia (sample 2 resonator balanced pads Brainwavz perforated)	ignore	KB006x + 711
https://superreview.squig.link/headphones/data/Hifi%20for%20All%20Dahlia%20BW%20suede%20R2.txt	Hifi For All Dahlia (sample 2 :: resonator: balanced :: pads: Brainwavz perforated)	Hifi For All Dahlia (sample 2 resonator balanced pads Brainwavz perforated)	ignore	KB006x + 711
https://superreview.squig.link/headphones/data/Hifi%20for%20All%20Dahlia%20BW%20suede%20R3.txt	Hifi For All Dahlia (sample 2 :: resonator: balanced :: pads: Brainwavz perforated)	Hifi For All Dahlia (sample 2 resonator balanced pads Brainwavz perforated)	ignore	KB006x + 711
https://superreview.squig.link/headphones/data/Hifi%20for%20All%20Dahlia%20Poseidon%20L1.txt	Hifi For All Dahlia (sample 2 :: resonator: balanced :: pads: HarmonicDyne Poseidon)	Hifi For All Dahlia (sample 2 resonator balanced pads HarmonicDyne Poseidon)	ignore	KB006x + 711
https://superreview.squig.link/headphones/data/Hifi%20for%20All%20Dahlia%20Poseidon%20L2.txt	Hifi For All Dahlia (sample 2 :: resonator: balanced :: pads: HarmonicDyne Poseidon)	Hifi For All Dahlia (sample 2 resonator balanced pads HarmonicDyne Poseidon)	ignore	KB006x + 711
https://superreview.squig.link/headphones/data/Hifi%20for%20All%20Dahlia%20Poseidon%20L3.txt	Hifi For All Dahlia (sample 2 :: resonator: balanced :: pads: HarmonicDyne Poseidon)	Hifi For All Dahlia (sample 2 resonator balanced pads HarmonicDyne Poseidon)	ignore	KB006x + 711
https://superreview.squig.link/headphones/data/Hifi%20for%20All%20Dahlia%20Poseidon%20R1.txt	Hifi For All Dahlia (sample 2 :: resonator: balanced :: pads: HarmonicDyne Poseidon)	Hifi For All Dahlia (sample 2 resonator balanced pads HarmonicDyne Poseidon)	ignore	KB006x + 711
https://superreview.squig.link/headphones/data/Hifi%20for%20All%20Dahlia%20Poseidon%20R2.txt	Hifi For All Dahlia (sample 2 :: resonator: balanced :: pads: HarmonicDyne Poseidon)	Hifi For All Dahlia (sample 2 resonator balanced pads HarmonicDyne Poseidon)	ignore	KB006x + 711
https://superreview.squig.link/headphones/data/Hifi%20for%20All%20Dahlia%20Poseidon%20R3.txt	Hifi For All Dahlia (sample 2 :: resonator: balanced :: pads: HarmonicDyne Poseidon)	Hifi For All Dahlia (sample 2 resonator balanced pads HarmonicDyne Poseidon)	ignore	KB006x + 711
https://superreview.squig.link/headphones/data/Hifi%20for%20All%20Dahlia%20Zeus%20Pro%20L1.txt	Hifi For All Dahlia (sample 2 :: resonator: balanced :: pads: HarmonicDyne Zeus Elite)	Hifi For All Dahlia (sample 2 resonator balanced pads HarmonicDyne Zeus Elite)	ignore	KB006x + 711
https://superreview.squig.link/headphones/data/Hifi%20for%20All%20Dahlia%20Zeus%20Pro%20L2.txt	Hifi For All Dahlia (sample 2 :: resonator: balanced :: pads: HarmonicDyne Zeus Elite)	Hifi For All Dahlia (sample 2 resonator balanced pads HarmonicDyne Zeus Elite)	ignore	KB006x + 711
https://superreview.squig.link/headphones/data/Hifi%20for%20All%20Dahlia%20Zeus%20Pro%20L3.txt	Hifi For All Dahlia (sample 2 :: resonator: balanced :: pads: HarmonicDyne Zeus Elite)	Hifi For All Dahlia (sample 2 resonator balanced pads HarmonicDyne Zeus Elite)	ignore	KB006x + 711
https://superreview.squig.link/headphones/data/Hifi%20for%20All%20Dahlia%20Zeus%20Pro%20R1.txt	Hifi For All Dahlia (sample 2 :: resonator: balanced :: pads: HarmonicDyne Zeus Elite)	Hifi For All Dahlia (sample 2 resonator balanced pads HarmonicDyne Zeus Elite)	ignore	KB006x + 711
https://superreview.squig.link/headphones/data/Hifi%20for%20All%20Dahlia%20Zeus%20Pro%20R2.txt	Hifi For All Dahlia (sample 2 :: resonator: balanced :: pads: HarmonicDyne Zeus Elite)	Hifi For All Dahlia (sample 2 resonator balanced pads HarmonicDyne Zeus Elite)	ignore	KB006x + 711
https://superreview.squig.link/headphones/data/Hifi%20for%20All%20Dahlia%20Zeus%20Pro%20R3.txt	Hifi For All Dahlia (sample 2 :: resonator: balanced :: pads: HarmonicDyne Zeus Elite)	Hifi For All Dahlia (sample 2 resonator balanced pads HarmonicDyne Zeus Elite)	ignore	KB006x + 711
https://superreview.squig.link/headphones/data/Hifi%20for%20All%20Dahlia%20S2%20bal%20univ%20hybrid%20L1.txt	Hifi For All Dahlia (sample 2 :: resonator: balanced :: pads: ZMF Universe hybrid)	Hifi For All Dahlia (sample 2 resonator balanced pads ZMF Universe hybrid)	ignore	KB006x + 711
https://superreview.squig.link/headphones/data/Hifi%20for%20All%20Dahlia%20S2%20bal%20univ%20hybrid%20L2.txt	Hifi For All Dahlia (sample 2 :: resonator: balanced :: pads: ZMF Universe hybrid)	Hifi For All Dahlia (sample 2 resonator balanced pads ZMF Universe hybrid)	ignore	KB006x + 711
https://superreview.squig.link/headphones/data/Hifi%20for%20All%20Dahlia%20S2%20bal%20univ%20hybrid%20L3.txt	Hifi For All Dahlia (sample 2 :: resonator: balanced :: pads: ZMF Universe hybrid)	Hifi For All Dahlia (sample 2 resonator balanced pads ZMF Universe hybrid)	ignore	KB006x + 711
https://superreview.squig.link/headphones/data/Hifi%20for%20All%20Dahlia%20S2%20bal%20univ%20hybrid%20R1.txt	Hifi For All Dahlia (sample 2 :: resonator: balanced :: pads: ZMF Universe hybrid)	Hifi For All Dahlia (sample 2 resonator balanced pads ZMF Universe hybrid)	ignore	KB006x + 711
https://superreview.squig.link/headphones/data/Hifi%20for%20All%20Dahlia%20S2%20bal%20univ%20hybrid%20R2.txt	Hifi For All Dahlia (sample 2 :: resonator: balanced :: pads: ZMF Universe hybrid)	Hifi For All Dahlia (sample 2 resonator balanced pads ZMF Universe hybrid)	ignore	KB006x + 711
https://superreview.squig.link/headphones/data/Hifi%20for%20All%20Dahlia%20S2%20bal%20univ%20hybrid%20R3.txt	Hifi For All Dahlia (sample 2 :: resonator: balanced :: pads: ZMF Universe hybrid)	Hifi For All Dahlia (sample 2 resonator balanced pads ZMF Universe hybrid)	ignore	KB006x + 711
https://superreview.squig.link/headphones/data/Hifi%20for%20All%20Dahlia%20S2%20dyn%20AKG%20L1.txt	Hifi For All Dahlia (sample 2 :: resonator: dynamic :: mod: AKG 240 foam disc)	Hifi For All Dahlia dynamic mod AKG 240 foam disc)	ignore	KB006x + 711
https://superreview.squig.link/headphones/data/Hifi%20for%20All%20Dahlia%20S2%20dyn%20AKG%20L2.txt	Hifi For All Dahlia (sample 2 :: resonator: dynamic :: mod: AKG 240 foam disc)	Hifi For All Dahlia dynamic mod AKG 240 foam disc)	ignore	KB006x + 711
https://superreview.squig.link/headphones/data/Hifi%20for%20All%20Dahlia%20S2%20dyn%20AKG%20L3.txt	Hifi For All Dahlia (sample 2 :: resonator: dynamic :: mod: AKG 240 foam disc)	Hifi For All Dahlia dynamic mod AKG 240 foam disc)	ignore	KB006x + 711
https://superreview.squig.link/headphones/data/Hifi%20for%20All%20Dahlia%20S2%20dyn%20AKG%20R1.txt	Hifi For All Dahlia (sample 2 :: resonator: dynamic :: mod: AKG 240 foam disc)	Hifi For All Dahlia dynamic mod AKG 240 foam disc)	ignore	KB006x + 711
https://superreview.squig.link/headphones/data/Hifi%20for%20All%20Dahlia%20S2%20dyn%20AKG%20R2.txt	Hifi For All Dahlia (sample 2 :: resonator: dynamic :: mod: AKG 240 foam disc)	Hifi For All Dahlia dynamic mod AKG 240 foam disc)	ignore	KB006x + 711
https://superreview.squig.link/headphones/data/Hifi%20for%20All%20Dahlia%20S2%20dyn%20AKG%20R3.txt	Hifi For All Dahlia (sample 2 :: resonator: dynamic :: mod: AKG 240 foam disc)	Hifi For All Dahlia dynamic mod AKG 240 foam disc)	ignore	KB006x + 711
https://superreview.squig.link/headphones/data/Hifi%20for%20All%20Dahlia%20Zeus%20Pro%20P2%20L1.txt		Hifi for All Dahlia Zeus Pro P2	ignore	KB006x + 711
https://superreview.squig.link/headphones/data/Hifi%20for%20All%20Dahlia%20Zeus%20Pro%20P2%20L2.txt		Hifi for All Dahlia Zeus Pro P2	ignore	KB006x + 711
https://superreview.squig.link/headphones/data/Hifi%20for%20All%20Dahlia%20Zeus%20Pro%20P2%20L3.txt		Hifi for All Dahlia Zeus Pro P2	ignore	KB006x + 711
https://superreview.squig.link/headphones/data/Hifi%20for%20All%20Dahlia%20balanced%20balanced%20L1.txt		Hifi for All Dahlia balanced balanced	ignore	KB006x + 711
https://superreview.squig.link/headphones/data/Hifi%20for%20All%20Dahlia%20balanced%20balanced%20L2.txt		Hifi for All Dahlia balanced balanced	ignore	KB006x + 711
https://superreview.squig.link/headphones/data/Hifi%20for%20All%20Dahlia%20balanced%20balanced%20L3.txt		Hifi for All Dahlia balanced balanced	ignore	KB006x + 711
https://superreview.squig.link/headphones/data/Hifi%20for%20All%20Dahlia%20balanced%20balanced%20R1.txt		Hifi for All Dahlia balanced balanced	ignore	KB006x + 711
https://superreview.squig.link/headphones/data/Hifi%20for%20All%20Dahlia%20balanced%20balanced%20R2.txt		Hifi for All Dahlia balanced balanced	ignore	KB006x + 711
https://superreview.squig.link/headphones/data/Hifi%20for%20All%20Dahlia%20balanced%20balanced%20R3.txt		Hifi for All Dahlia balanced balanced	ignore	KB006x + 711
https://superreview.squig.link/data/Hisenior%20Cano%20Cristales%20L.txt	Hisenior Cano Cristales 	Hisenior Cano Cristales	in-ear	711
https://superreview.squig.link/data/Hisenior%20Cano%20Cristales%20R.txt	Hisenior Cano Cristales 	Hisenior Cano Cristales	in-ear	711
https://superreview.squig.link/data/Hisenior%20Cano%20Cristales%20deep%20L.txt	Hisenior Cano Cristales (insert: deep)	Hisenior Cano Cristales (insert deep)	ignore	711
https://superreview.squig.link/data/Hisenior%20Cano%20Cristales%20deep%20R.txt	Hisenior Cano Cristales (insert: deep)	Hisenior Cano Cristales (insert deep)	ignore	711
https://superreview.squig.link/data/Hisenior%20Cano%20Cristales%20shallow%20L.txt	Hisenior Cano Cristales (insert: shallow)	Hisenior Cano Cristales (insert shallow)	ignore	711
https://superreview.squig.link/data/Hisenior%20Cano%20Cristales%20shallow%20R.txt	Hisenior Cano Cristales (insert: shallow)	Hisenior Cano Cristales (insert shallow)	ignore	711
https://superreview.squig.link/data/Hisenior%20Mega5EST%20S3%20L.txt	Hisenior Mega5-EST (sample 3)	Hisenior Mega 5 EST	in-ear	711
https://superreview.squig.link/data/Hisenior%20Mega5EST%20S3%20R.txt	Hisenior Mega5-EST (sample 3)	Hisenior Mega 5 EST	in-ear	711
https://superreview.squig.link/data/Hisenior%20Mega5EST%20L.txt	Hisenior Mega5-EST (sample 1)	Hisenior Mega 5 EST (sample 1)	in-ear	711
https://superreview.squig.link/data/Hisenior%20Mega5EST%20R.txt	Hisenior Mega5-EST (sample 1)	Hisenior Mega 5 EST (sample 1)	in-ear	711
https://superreview.squig.link/data/Hisenior%20Mega5EST%20S2%20L.txt	Hisenior Mega5-EST (sample 2)	Hisenior Mega 5 EST (sample 2)	in-ear	711
https://superreview.squig.link/data/Hisenior%20Mega5EST%20S2%20R.txt	Hisenior Mega5-EST (sample 2)	Hisenior Mega 5 EST (sample 2)	in-ear	711
https://superreview.squig.link/data/Hisenior%20Mega5EST%20Bass%20L.txt	Hisenior Mega5-EST Bass+	Hisenior Mega 5 EST Bass+	in-ear	711
https://superreview.squig.link/data/Hisenior%20Mega5EST%20Bass%20R.txt	Hisenior Mega5-EST Bass+	Hisenior Mega 5 EST Bass+	in-ear	711
https://squig.link/data/Hisenior%20Mega7%20L.txt	Hisenior Mega7 	Hisenior Mega7	in-ear	711
https://squig.link/data/Hisenior%20Mega7%20R.txt	Hisenior Mega7 	Hisenior Mega7	in-ear	711
https://squig.link/data/Hisenior%20Mega7%20deep%20L.txt	Hisenior Mega7 (insert: deep)	Hisenior Mega7 (insert deep)	in-ear	711
https://squig.link/data/Hisenior%20Mega7%20deep%20R.txt	Hisenior Mega7 (insert: deep)	Hisenior Mega7 (insert deep)	in-ear	711
https://squig.link/data/Hisenior%20Mega7%20shallow%20L.txt	Hisenior Mega7 (insert: shallow)	Hisenior Mega7 (insert shallow)	in-ear	711
https://squig.link/data/Hisenior%20Mega7%20shallow%20R.txt	Hisenior Mega7 (insert: shallow)	Hisenior Mega7 (insert shallow)	in-ear	711
https://superreview.squig.link/data/Hisenior%20Okavango%2000%20L.txt	Hisenior Okavango (switches: DD)	Hisenior Okavango (off-off)	in-ear	711
https://superreview.squig.link/data/Hisenior%20Okavango%2000%20R.txt	Hisenior Okavango (switches: DD)	Hisenior Okavango (off-off)	in-ear	711
https://superreview.squig.link/data/Hisenior%20Okavango%2010%20L.txt	Hisenior Okavango (switches: UD)	Hisenior Okavango (on-off)	in-ear	711
https://superreview.squig.link/data/Hisenior%20Okavango%2010%20R.txt	Hisenior Okavango (switches: UD)	Hisenior Okavango (on-off)	in-ear	711
https://superreview.squig.link/data/Hisenior%20Okavango%2011%20L.txt	Hisenior Okavango (switches: UU)	Hisenior Okavango (on-on)	in-ear	711
https://superreview.squig.link/data/Hisenior%20Okavango%2011%20R.txt	Hisenior Okavango (switches: UU)	Hisenior Okavango (on-on)	in-ear	711
https://squig.link/headphones/data/Hongshu%20EH-1%20L1.txt	Hongshu EH-1 	Hongshu EH-1	over-ear	KB006x + 711
https://squig.link/headphones/data/Hongshu%20EH-1%20L2.txt	Hongshu EH-1 	Hongshu EH-1	over-ear	KB006x + 711
https://squig.link/headphones/data/Hongshu%20EH-1%20L3.txt	Hongshu EH-1 	Hongshu EH-1	over-ear	KB006x + 711
https://squig.link/headphones/data/Hongshu%20EH-1%20R1.txt	Hongshu EH-1 	Hongshu EH-1	over-ear	KB006x + 711
https://squig.link/headphones/data/Hongshu%20EH-1%20R2.txt	Hongshu EH-1 	Hongshu EH-1	over-ear	KB006x + 711
https://squig.link/headphones/data/Hongshu%20EH-1%20R3.txt	Hongshu EH-1 	Hongshu EH-1	over-ear	KB006x + 711
https://squig.link/headphones/data/Hongshu%20EH-1%20bass%20boost%20L1.txt	Hongshu EH-1 (bass boost: on)	Hongshu EH-1 (bass boost on)	over-ear	KB006x + 711
https://squig.link/headphones/data/Hongshu%20EH-1%20bass%20boost%20R1.txt	Hongshu EH-1 (bass boost: on)	Hongshu EH-1 (bass boost on)	over-ear	KB006x + 711
https://squig.link/headphones/data/Hongshu%20EH-1%20HarmonicDyne%20L1.txt	Hongshu EH-1 (pads: HarmonicDyne Poseidon)	Hongshu EH-1 (pads HarmonicDyne Poseidon)	over-ear	KB006x + 711
https://squig.link/headphones/data/Hongshu%20EH-1%20HarmonicDyne%20L2.txt	Hongshu EH-1 (pads: HarmonicDyne Poseidon)	Hongshu EH-1 (pads HarmonicDyne Poseidon)	over-ear	KB006x + 711
https://squig.link/headphones/data/Hongshu%20EH-1%20HarmonicDyne%20L3.txt	Hongshu EH-1 (pads: HarmonicDyne Poseidon)	Hongshu EH-1 (pads HarmonicDyne Poseidon)	over-ear	KB006x + 711
https://squig.link/headphones/data/Hongshu%20EH-1%20HarmonicDyne%20R1.txt	Hongshu EH-1 (pads: HarmonicDyne Poseidon)	Hongshu EH-1 (pads HarmonicDyne Poseidon)	over-ear	KB006x + 711
https://squig.link/headphones/data/Hongshu%20EH-1%20HarmonicDyne%20R2.txt	Hongshu EH-1 (pads: HarmonicDyne Poseidon)	Hongshu EH-1 (pads HarmonicDyne Poseidon)	over-ear	KB006x + 711
https://squig.link/headphones/data/Hongshu%20EH-1%20HarmonicDyne%20R3.txt	Hongshu EH-1 (pads: HarmonicDyne Poseidon)	Hongshu EH-1 (pads HarmonicDyne Poseidon)	over-ear	KB006x + 711
https://squig.link/headphones/data/Hongshu%20EH-1%20solid%20bass%20boost%20L1.txt	Hongshu EH-1 (pads: Hongshu solid :: bass boost: on)	Hongshu EH-1 (pads Hongshu solid bass boost on)	over-ear	KB006x + 711
https://squig.link/headphones/data/Hongshu%20EH-1%20solid%20bass%20boost%20R1.txt	Hongshu EH-1 (pads: Hongshu solid :: bass boost: on)	Hongshu EH-1 (pads Hongshu solid bass boost on)	over-ear	KB006x + 711
https://squig.link/headphones/data/Hongshu%20EH-1%20solid%20L1.txt	Hongshu EH-1 (pads: Hongshu solid)	Hongshu EH-1 (pads Hongshu solid)	over-ear	KB006x + 711
https://squig.link/headphones/data/Hongshu%20EH-1%20solid%20L2.txt	Hongshu EH-1 (pads: Hongshu solid)	Hongshu EH-1 (pads Hongshu solid)	over-ear	KB006x + 711
https://squig.link/headphones/data/Hongshu%20EH-1%20solid%20L3.txt	Hongshu EH-1 (pads: Hongshu solid)	Hongshu EH-1 (pads Hongshu solid)	over-ear	KB006x + 711
https://squig.link/headphones/data/Hongshu%20EH-1%20solid%20R1.txt	Hongshu EH-1 (pads: Hongshu solid)	Hongshu EH-1 (pads Hongshu solid)	over-ear	KB006x + 711
https://squig.link/headphones/data/Hongshu%20EH-1%20solid%20R2.txt	Hongshu EH-1 (pads: Hongshu solid)	Hongshu EH-1 (pads Hongshu solid)	over-ear	KB006x + 711
https://squig.link/headphones/data/Hongshu%20EH-1%20solid%20R3.txt	Hongshu EH-1 (pads: Hongshu solid)	Hongshu EH-1 (pads Hongshu solid)	over-ear	KB006x + 711
https://squig.link/headphones/data/Hongshu%20EH-1%20ZMF%20L1.txt	Hongshu EH-1 (pads: ZMF Caldera perf hybrid)	Hongshu EH-1 (pads ZMF Caldera perf hybrid)	over-ear	KB006x + 711
https://squig.link/headphones/data/Hongshu%20EH-1%20ZMF%20L2.txt	Hongshu EH-1 (pads: ZMF Caldera perf hybrid)	Hongshu EH-1 (pads ZMF Caldera perf hybrid)	over-ear	KB006x + 711
https://squig.link/headphones/data/Hongshu%20EH-1%20ZMF%20L3.txt	Hongshu EH-1 (pads: ZMF Caldera perf hybrid)	Hongshu EH-1 (pads ZMF Caldera perf hybrid)	over-ear	KB006x + 711
https://squig.link/headphones/data/Hongshu%20EH-1%20ZMF%20R1.txt	Hongshu EH-1 (pads: ZMF Caldera perf hybrid)	Hongshu EH-1 (pads ZMF Caldera perf hybrid)	over-ear	KB006x + 711
https://squig.link/headphones/data/Hongshu%20EH-1%20ZMF%20R2.txt	Hongshu EH-1 (pads: ZMF Caldera perf hybrid)	Hongshu EH-1 (pads ZMF Caldera perf hybrid)	over-ear	KB006x + 711
https://squig.link/headphones/data/Hongshu%20EH-1%20ZMF%20R3.txt	Hongshu EH-1 (pads: ZMF Caldera perf hybrid)	Hongshu EH-1 (pads ZMF Caldera perf hybrid)	over-ear	KB006x + 711
https://superreview.squig.link/data/Ikko%20OH1%20L.txt	Ikko OH1	IKKO OH1	in-ear	711
https://superreview.squig.link/data/Ikko%20OH10%20L.txt	Ikko OH10	IKKO OH10	in-ear	711
https://superreview.squig.link/data/Ikko%20OH10%20R.txt	Ikko OH10	IKKO OH10	in-ear	711
https://superreview.squig.link/data/Ikko%20Gems%20OH1s%20L.txt	Ikko Gems OH1s (sample 1)	IKKO OH1S	in-ear	711
https://superreview.squig.link/data/Ikko%20Gems%20OH1s%20R.txt	Ikko Gems OH1s (sample 1)	IKKO OH1S	in-ear	711
https://superreview.squig.link/data/Ikko%20Gems%20OH1s%20(S2%20+%20stock%20foams)%20L.txt	Ikko Gems OH1s (sample 2)	IKKO OH1S	in-ear	711
https://superreview.squig.link/data/Ikko%20Gems%20OH1s%20(S2%20+%20stock%20foams)%20R.txt	Ikko Gems OH1s (sample 2)	IKKO OH1S	in-ear	711
https://superreview.squig.link/data/Ikko%20Gems%20OH1s%20(S5%20+%20stock%20foams)%20L.txt	Ikko Gems OH1s (sample 5)	IKKO OH1S	in-ear	711
https://superreview.squig.link/data/Ikko%20Gems%20OH1s%20(S5%20+%20stock%20foams)%20R.txt	Ikko Gems OH1s (sample 5)	IKKO OH1S	in-ear	711
https://superreview.squig.link/data/Ikko%20Gems%20OH1s%20(S2%20+%20Etype%20tips)%20L.txt	Ikko Gems OH1s (sample 2 + tips: Etype)	IKKO OH1S (Final Audio Type E eartips)	ignore	711
https://superreview.squig.link/data/Ikko%20Opal%20OH2%20L.txt	Ikko Opal OH2	IKKO OH2	in-ear	711
https://superreview.squig.link/data/Ikko%20Opal%20OH2%20R.txt	Ikko Opal OH2	IKKO OH2	in-ear	711
https://superreview.squig.link/data/IO%20Sogno%20L.txt	I/O Sogno	IO Audio Sogno	in-ear	711
https://superreview.squig.link/data/IO%20Sogno%20R.txt	I/O Sogno	IO Audio Sogno	in-ear	711
https://superreview.squig.link/data/IO%20Volare%20L.txt	I/O Volare	IO Audio Volare	in-ear	711
https://superreview.squig.link/data/IO%20Volare%20R.txt	I/O Volare	IO Audio Volare	in-ear	711
https://superreview.squig.link/data/Ice%20Lab%20Spectrumica%20L.txt	Ice Lab Spectrumica (tips: narrow / orange)	Ice Lab Spectrumica (orange eartips)	in-ear	711
https://superreview.squig.link/data/Ice%20Lab%20Spectrumica%20R.txt	Ice Lab Spectrumica (tips: narrow / orange)	Ice Lab Spectrumica (orange eartips)	in-ear	711
https://superreview.squig.link/data/Ice%20Lab%20Spectrumica%20baroque%20L.txt	Ice Lab Spectrumica (tips: wide / purple)	Ice Lab Spectrumica (purple eartips)	in-ear	711
https://superreview.squig.link/data/Ice%20Lab%20Spectrumica%20baroque%20R.txt	Ice Lab Spectrumica (tips: wide / purple)	Ice Lab Spectrumica (purple eartips)	in-ear	711
https://superreview.squig.link/data/Ice%20Lab%20Spectrumica%20ms42%20L.txt		Ice Lab Spectrumica ms42	ignore	711
https://superreview.squig.link/data/Ice%20Lab%20Spectrumica%20ms42%20R.txt		Ice Lab Spectrumica ms42	ignore	711
https://superreview.squig.link/data/Ikko%20Gems%20OH1s%20(S2%20+%20stock%20foams%20+%20BluTack)%20L.txt	Ikko Gems OH1s (sample 2 + Blu-Tack)	Ikko Gems OH1s (sample 2 + Blu-Tack)	ignore	
https://superreview.squig.link/data/Ikko%20Gems%20OH1s%20(S2%20+%20stock%20foams%20+%20micropore%20mod)%20L.txt	Ikko Gems OH1s (sample 2 + micopore tape)	Ikko Gems OH1s (sample 2 + micopore tape)	ignore	
https://squig.link/data/Innioasis%20Y1%20earbuds%20L.txt	Innioasis Y1 earbuds	Innioasis Y1 earbuds	in-ear	711
https://squig.link/data/Innioasis%20Y1%20earbuds%20R.txt	Innioasis Y1 earbuds	Innioasis Y1 earbuds	in-ear	711
https://superreview.squig.link/data/Intime%20Sora%20L.txt	Intime Sora	Intime Sora	in-ear	711
https://superreview.squig.link/data/Intime%20Sora%20Light%20L.txt	Intime Sora Light 	Intime Sora Light	in-ear	711
https://superreview.squig.link/data/Intime%20Sora%20Light%20R.txt	Intime Sora Light 	Intime Sora Light	in-ear	711
https://superreview.squig.link/data/Intime%20Sora%20Light%20(vent%20mod)%20L.txt	Intime Sora Light (vent mod)	Intime Sora Light (vent mod)	ignore	
https://superreview.squig.link/data/Intime%20Sora%20Light%20(vent%20mod)%20R.txt	Intime Sora Light (vent mod)	Intime Sora Light (vent mod)	ignore	
https://superreview.squig.link/data/JH%20Audio%20Layla%20(max)%20L.txt	JH Audio Layla Aion (bass dial: max)	JH Audio Layla AION (min bass)	in-ear	711
https://superreview.squig.link/data/JH%20Audio%20Layla%20(max)%20R.txt	JH Audio Layla Aion (bass dial: max)	JH Audio Layla AION (min bass)	in-ear	711
https://superreview.squig.link/data/JH%20Audio%20Layla%20(min)%20L.txt	JH Audio Layla Aion (bass dial: min)	JH Audio Layla AION (min bass)	in-ear	711
https://superreview.squig.link/data/JH%20Audio%20Layla%20(min)%20R.txt	JH Audio Layla Aion (bass dial: min)	JH Audio Layla AION (min bass)	in-ear	711
https://superreview.squig.link/headphones/data/JM%20Audio%20Editions%20XTC25%20Closed%20L1.txt	JM Audio Editions XTC^2.5 Closed	JM Audio Editions XTC^2.5 Closed	over-ear	KB006x + 711
https://superreview.squig.link/headphones/data/JM%20Audio%20Editions%20XTC25%20Closed%20L2.txt	JM Audio Editions XTC^2.5 Closed	JM Audio Editions XTC^2.5 Closed	over-ear	KB006x + 711
https://superreview.squig.link/headphones/data/JM%20Audio%20Editions%20XTC25%20Closed%20L3.txt	JM Audio Editions XTC^2.5 Closed	JM Audio Editions XTC^2.5 Closed	over-ear	KB006x + 711
https://superreview.squig.link/headphones/data/JM%20Audio%20Editions%20XTC25%20Closed%20R1.txt	JM Audio Editions XTC^2.5 Closed	JM Audio Editions XTC^2.5 Closed	over-ear	KB006x + 711
https://superreview.squig.link/headphones/data/JM%20Audio%20Editions%20XTC25%20Closed%20R2.txt	JM Audio Editions XTC^2.5 Closed	JM Audio Editions XTC^2.5 Closed	over-ear	KB006x + 711
https://superreview.squig.link/headphones/data/JM%20Audio%20Editions%20XTC25%20Closed%20R3.txt	JM Audio Editions XTC^2.5 Closed	JM Audio Editions XTC^2.5 Closed	over-ear	KB006x + 711
https://superreview.squig.link/data/JVC%20FDX1%20(f100)%20L.txt	JVC FDX1 (filter: 100%)	JVC HA-FDX1 (blue)	in-ear	711
https://superreview.squig.link/data/JVC%20FDX1%20(f100)%20R.txt	JVC FDX1 (filter: 100%)	JVC HA-FDX1 (blue)	in-ear	711
https://superreview.squig.link/data/JVC%20FDX1%20S2%2050%20L.txt	JVC FDX1 (sample 2 - filter: 50%)	JVC HA-FDX1 (blue)	in-ear	711
https://superreview.squig.link/data/JVC%20FDX1%20S2%2050%20R.txt	JVC FDX1 (sample 2 - filter: 50%)	JVC HA-FDX1 (blue)	in-ear	711
https://superreview.squig.link/data/JVC%20FDX1%20(f050)%20L.txt	JVC FDX1 (filter: 50%)	JVC HA-FDX1 (green)	in-ear	711
https://superreview.squig.link/data/JVC%20FDX1%20(f050)%20R.txt	JVC FDX1 (filter: 50%)	JVC HA-FDX1 (green)	in-ear	711
https://superreview.squig.link/data/JVC%20FDX1%20S2%20100%20L.txt	JVC FDX1 (sample 2 - filter: 100%)	JVC HA-FDX1 (green)	in-ear	711
https://superreview.squig.link/data/JVC%20FDX1%20S2%20100%20R.txt	JVC FDX1 (sample 2 - filter: 100%)	JVC HA-FDX1 (green)	in-ear	711
https://superreview.squig.link/data/JVC%20FDX1%20(f000)%20L.txt	JVC FDX1 (filter: 0%)	JVC HA-FDX1 (white)	in-ear	711
https://superreview.squig.link/data/JVC%20FDX1%20(f000)%20R.txt	JVC FDX1 (filter: 0%)	JVC HA-FDX1 (white)	in-ear	711
https://superreview.squig.link/data/JVC%20FDX1%20S2%200%20L.txt	JVC FDX1 (sample 2 - filter: 0%)	JVC HA-FDX1 (white)	in-ear	711
https://superreview.squig.link/data/JVC%20FDX1%20S2%200%20R.txt	JVC FDX1 (sample 2 - filter: 0%)	JVC HA-FDX1 (white)	in-ear	711
https://superreview.squig.link/data/JVC%20FDX1%20S3%200%20L.txt	JVC FDX1 (sample 3 - filter: 0%)	JVC HA-FDX1 (white)	in-ear	711
https://superreview.squig.link/data/JVC%20FDX1%20S3%200%20R.txt	JVC FDX1 (sample 3 - filter: 0%)	JVC HA-FDX1 (white)	in-ear	711
https://superreview.squig.link/data/JVC%20FWX1%20L.txt	JVC FWX1	JVC HA-FWX1	in-ear	711
https://superreview.squig.link/data/JVC%20FWX1%20R.txt	JVC FWX1	JVC HA-FWX1	in-ear	711
https://superreview.squig.link/data/JVC%20FX7%20L.txt	JVC FX7 Gumy	JVC HA-FX7 Gumy	in-ear	711
https://superreview.squig.link/data/JVC%20FX7%20R.txt	JVC FX7 Gumy	JVC HA-FX7 Gumy	in-ear	711
https://superreview.squig.link/data/Juzear%2041T%20L.txt	Juzear 41T	Juzear 41T	in-ear	711
https://superreview.squig.link/data/Juzear%2041T%20R.txt	Juzear 41T	Juzear 41T	in-ear	711
https://superreview.squig.link/data/Juzear%2061T%20L.txt	Juzear 61T	Juzear 61T	in-ear	711
https://superreview.squig.link/data/Juzear%2061T%20R.txt	Juzear 61T	Juzear 61T	in-ear	711
https://superreview.squig.link/data/Juzear%2081T%20L.txt	Juzear 81T	Juzear 81T	in-ear	711
https://superreview.squig.link/data/Juzear%2081T%20R.txt	Juzear 81T	Juzear 81T	in-ear	711
https://squig.link/data/Juzear%20Harrier%20L.txt	Juzear Harrier 	Juzear Harrier	in-ear	711
https://squig.link/data/Juzear%20Harrier%20R.txt	Juzear Harrier 	Juzear Harrier	in-ear	711
https://squig.link/data/Juzear%20Harrier%20deep%20L.txt	Juzear Harrier (insert: deep)	Juzear Harrier (insert deep)	in-ear	711
https://squig.link/data/Juzear%20Harrier%20deep%20R.txt	Juzear Harrier (insert: deep)	Juzear Harrier (insert deep)	in-ear	711
https://squig.link/data/Juzear%20Harrier%20shallow%20L.txt	Juzear Harrier (insert: shallow)	Juzear Harrier (insert shallow)	in-ear	711
https://squig.link/data/Juzear%20Harrier%20shallow%20R.txt	Juzear Harrier (insert: shallow)	Juzear Harrier (insert shallow)	in-ear	711
https://squig.link/data/Juzear%20Light%20Shuttle%20L.txt	Juzear Light Shuttle 	Juzear Light Shuttle	in-ear	711
https://squig.link/data/Juzear%20Light%20Shuttle%20R.txt	Juzear Light Shuttle 	Juzear Light Shuttle	in-ear	711
https://squig.link/data/Juzear%20Light%20Shuttle%20deep%20L.txt	Juzear Light Shuttle (insert: deep)	Juzear Light Shuttle (insert deep)	in-ear	711
https://squig.link/data/Juzear%20Light%20Shuttle%20deep%20R.txt	Juzear Light Shuttle (insert: deep)	Juzear Light Shuttle (insert deep)	in-ear	711
https://squig.link/data/Juzear%20Light%20Shuttle%20shallow%20L.txt	Juzear Light Shuttle (insert: shallow)	Juzear Light Shuttle (insert shallow)	in-ear	711
https://squig.link/data/Juzear%20Light%20Shuttle%20shallow%20R.txt	Juzear Light Shuttle (insert: shallow)	Juzear Light Shuttle (insert shallow)	in-ear	711
https://superreview.squig.link/data/Juzear%20Defiant%20L.txt	Juzear x Z Reviews Defiant 	Juzear x Z Reviews Defiant	in-ear	711
https://superreview.squig.link/data/Juzear%20Defiant%20deep%20L.txt	Juzear x Z Reviews Defiant (insert: deep)	Juzear x Z Reviews Defiant (insert deep)	ignore	711
https://superreview.squig.link/data/Juzear%20Defiant%20deep%20R.txt	Juzear x Z Reviews Defiant (insert: deep)	Juzear x Z Reviews Defiant (insert deep)	ignore	711
https://superreview.squig.link/data/Juzear%20Defiant%20shallow%20L.txt	Juzear x Z Reviews Defiant (insert: shallow)	Juzear x Z Reviews Defiant (insert shallow)	ignore	711
https://superreview.squig.link/data/Juzear%20Defiant%20shallow%20R.txt	Juzear x Z Reviews Defiant (insert: shallow)	Juzear x Z Reviews Defiant (insert shallow)	ignore	711
https://superreview.squig.link/data/KBEar%20Believe%20L.txt	KBEar Believe	KBEAR Believe	in-ear	711
https://superreview.squig.link/data/KBEar%20Believe%20R.txt	KBEar Believe	KBEAR Believe	in-ear	711
https://superreview.squig.link/data/KBEar%20Diamond%20L.txt	KBEar Diamond	KBEAR Diamond	in-ear	711
https://superreview.squig.link/data/KBEar%20KS2%20L.txt	KBEar KS2	KBEAR KS2	in-ear	711
https://superreview.squig.link/data/Kefine%20Delci%20L.txt	Kefine Delci	KEFINE Delci	in-ear	711
https://superreview.squig.link/data/Kefine%20Delci%20R.txt	Kefine Delci	KEFINE Delci	in-ear	711
https://superreview.squig.link/data/Kefine%20Delci%20AE%20gold%20L.txt	Kefine Delci AE (nozzle: gold)	KEFINE Delci AE (gold nozzle)	in-ear	711
https://superreview.squig.link/data/Kefine%20Delci%20AE%20gold%20R.txt	Kefine Delci AE (nozzle: gold)	KEFINE Delci AE (gold nozzle)	in-ear	711
https://superreview.squig.link/data/Kefine%20Delci%20AE%20silver%20L.txt	Kefine Delci AE (nozzle: silver)	KEFINE Delci AE (silver nozzle)	in-ear	711
https://superreview.squig.link/data/Kefine%20Delci%20AE%20silver%20R.txt	Kefine Delci AE (nozzle: silver)	KEFINE Delci AE (silver nozzle)	in-ear	711
https://squig.link/data/Kefine%20Klean%20SV%20black%20L.txt	Kefine Klean SV (nozzle: black)	KEFINE Klean SV (nozzle black)	in-ear	711
https://squig.link/data/Kefine%20Klean%20SV%20black%20R.txt	Kefine Klean SV (nozzle: black)	KEFINE Klean SV (nozzle black)	in-ear	711
https://squig.link/data/Kefine%20Klean%20SV%20gold%20L.txt	Kefine Klean SV (nozzle: gold)	KEFINE Klean SV (nozzle gold)	in-ear	711
https://squig.link/data/Kefine%20Klean%20SV%20gold%20R.txt	Kefine Klean SV (nozzle: gold)	KEFINE Klean SV (nozzle gold)	in-ear	711
https://squig.link/data/Kefine%20Klean%20SV%20silver%20deep%20L.txt	Kefine Klean SV (nozzle: silver :: insert: deep)	KEFINE Klean SV (nozzle silver insert deep)	in-ear	711
https://squig.link/data/Kefine%20Klean%20SV%20silver%20deep%20R.txt	Kefine Klean SV (nozzle: silver :: insert: deep)	KEFINE Klean SV (nozzle silver insert deep)	in-ear	711
https://squig.link/data/Kefine%20Klean%20SV%20silver%20shallow%20L.txt	Kefine Klean SV (nozzle: silver :: insert: shallow)	KEFINE Klean SV (nozzle silver insert shallow)	in-ear	711
https://squig.link/data/Kefine%20Klean%20SV%20silver%20shallow%20R.txt	Kefine Klean SV (nozzle: silver :: insert: shallow)	KEFINE Klean SV (nozzle silver insert shallow)	in-ear	711
https://squig.link/data/Kefine%20Klean%20SV%20silver%20L.txt	Kefine Klean SV (nozzle: silver)	KEFINE Klean SV (nozzle silver)	in-ear	711
https://squig.link/data/Kefine%20Klean%20SV%20silver%20R.txt	Kefine Klean SV (nozzle: silver)	KEFINE Klean SV (nozzle silver)	in-ear	711
https://superreview.squig.link/data/Kefine%20Quatio%20black%20L.txt		KEFINE Quatio (black nozzle)	in-ear	711
https://superreview.squig.link/data/Kefine%20Quatio%20black%20R.txt		KEFINE Quatio (black nozzle)	in-ear	711
https://superreview.squig.link/data/Kefine%20Quatio%20gold%20L.txt		KEFINE Quatio (gold nozzle)	in-ear	711
https://superreview.squig.link/data/Kefine%20Quatio%20gold%20R.txt		KEFINE Quatio (gold nozzle)	in-ear	711
https://superreview.squig.link/data/Kefine%20Quatio%20silver%20L.txt		KEFINE Quatio (silver nozzle)	in-ear	711
https://superreview.squig.link/data/Kefine%20Quatio%20silver%20R.txt		KEFINE Quatio (silver nozzle)	in-ear	711
https://superreview.squig.link/data/KZ%20(avg)%20L.txt	KZ (average)	KZ (average)	ignore	
https://superreview.squig.link/data/KZ%20AS06%20L.txt	KZ AS06	KZ AS06	in-ear	711
https://superreview.squig.link/data/KZ%20AS10%20L.txt	KZ AS10	KZ AS10	in-ear	711
https://superreview.squig.link/data/KZ%20AST%20L.txt	KZ AST	KZ AST	in-ear	711
https://superreview.squig.link/data/KZ%20ASX%20L.txt	KZ ASX	KZ ASX	in-ear	711
https://superreview.squig.link/data/KZ%20ATE%20L.txt	KZ ATE	KZ ATE	in-ear	711
https://superreview.squig.link/data/KZ%20ATE%20R.txt	KZ ATE	KZ ATE	in-ear	711
https://superreview.squig.link/data/KZ%20Castor%20(DDDD)%20L.txt	KZ Castor (switches: DDDD)	KZ Castor (off-off-off-off)	in-ear	711
https://superreview.squig.link/data/KZ%20Castor%20(DDDD)%20R.txt	KZ Castor (switches: DDDD)	KZ Castor (off-off-off-off)	in-ear	711
https://superreview.squig.link/data/KZ%20Castor%20(DDUU)%20L.txt	KZ Castor (switches: DDUU)	KZ Castor (off-off-on-on)	in-ear	711
https://superreview.squig.link/data/KZ%20Castor%20(DDUU)%20R.txt	KZ Castor (switches: DDUU)	KZ Castor (off-off-on-on)	in-ear	711
https://superreview.squig.link/data/KZ%20Castor%20(UUDD)%20L.txt	KZ Castor (switches: UUDD)	KZ Castor (on-n-off-off)	in-ear	711
https://superreview.squig.link/data/KZ%20Castor%20(UUDD)%20R.txt	KZ Castor (switches: UUDD)	KZ Castor (on-n-off-off)	in-ear	711
https://superreview.squig.link/data/KZ%20Castor%20(UUUU)%20L.txt	KZ Castor (switches: UUUU)	KZ Castor (on-on-on-on)	in-ear	711
https://superreview.squig.link/data/KZ%20Castor%20(UUUU)%20R.txt	KZ Castor (switches: UUUU)	KZ Castor (on-on-on-on)	in-ear	711
https://superreview.squig.link/data/KZ%20D-Fi%20(DDDD)%20L.txt	KZ D-Fi (switches: DDDD)	KZ D-FI (off-off-off-off)	in-ear	711
https://superreview.squig.link/data/KZ%20D-Fi%20(DDDD)%20R.txt	KZ D-Fi (switches: DDDD)	KZ D-FI (off-off-off-off)	in-ear	711
https://superreview.squig.link/data/KZ%20D-Fi%20(DDDU)%20L.txt	KZ D-Fi (switches: DDDU)	KZ D-FI (off-off-off-on)	in-ear	711
https://superreview.squig.link/data/KZ%20D-Fi%20(DDDU)%20R.txt	KZ D-Fi (switches: DDDU)	KZ D-FI (off-off-off-on)	in-ear	711
https://superreview.squig.link/data/KZ%20D-Fi%20(UDDD)%20L.txt	KZ D-Fi (switches: UDDD)	KZ D-FI (on-off-off-off)	in-ear	711
https://superreview.squig.link/data/KZ%20D-Fi%20(UDDD)%20R.txt	KZ D-Fi (switches: UDDD)	KZ D-FI (on-off-off-off)	in-ear	711
https://superreview.squig.link/data/KZ%20D-Fi%20(UUDD)%20L.txt	KZ D-Fi (switches: UUDD)	KZ D-FI (on-on-off-off)	in-ear	711
https://superreview.squig.link/data/KZ%20D-Fi%20(UUDD)%20R.txt	KZ D-Fi (switches: UUDD)	KZ D-FI (on-on-off-off)	in-ear	711
https://superreview.squig.link/data/KZ%20D-Fi%20(UUUD)%20L.txt	KZ D-Fi (switches: UUUD)	KZ D-FI (on-on-on-off)	in-ear	711
https://superreview.squig.link/data/KZ%20D-Fi%20(UUUD)%20R.txt	KZ D-Fi (switches: UUUD)	KZ D-FI (on-on-on-off)	in-ear	711
https://superreview.squig.link/data/KZ%20D-Fi%20(UUUU)%20L.txt	KZ D-Fi (switches: UUUU)	KZ D-FI (on-on-on-on)	in-ear	711
https://superreview.squig.link/data/KZ%20D-Fi%20(UUUU)%20R.txt	KZ D-Fi (switches: UUUU)	KZ D-FI (on-on-on-on)	in-ear	711
https://superreview.squig.link/data/KZ%20DQ6%20L.txt	KZ DQ6 (stock)	KZ DQ6	in-ear	711
https://superreview.squig.link/data/KZ%20DQ6%20R.txt	KZ DQ6 (stock)	KZ DQ6	in-ear	711
https://superreview.squig.link/data/KZ%20DQ6%20(Tanchjim%20filter)%20L.txt	KZ DQ6 (Tanchjim filter)	KZ DQ6 (Tanchjim filter)	ignore	
https://superreview.squig.link/data/KZ%20DQ6%20(Tanchjim%20filter)%20R.txt	KZ DQ6 (Tanchjim filter)	KZ DQ6 (Tanchjim filter)	ignore	
https://superreview.squig.link/data/KZ%20EDX%20Pro%20L.txt	KZ EDX Pro	KZ EDX Pro	in-ear	711
https://superreview.squig.link/data/KZ%20EDX%20Pro%20R.txt	KZ EDX Pro	KZ EDX Pro	in-ear	711
https://superreview.squig.link/data/KZ%20PR1%20Pro%20L.txt	KZ PR1 Pro	KZ PR1 Pro	in-ear	711
https://superreview.squig.link/data/KZ%20PR1%20Pro%20R.txt	KZ PR1 Pro	KZ PR1 Pro	in-ear	711
https://superreview.squig.link/data/KZ%20SK10%20L.txt	KZ SK10	KZ SK10	in-ear	711
https://superreview.squig.link/data/KZ%20SK10%20R.txt	KZ SK10	KZ SK10	in-ear	711
https://superreview.squig.link/data/KZ%20ZEX%20L.txt	KZ ZEX (stock)	KZ ZEX	in-ear	711
https://superreview.squig.link/data/KZ%20ZEX%20R.txt	KZ ZEX (stock)	KZ ZEX	in-ear	711
https://superreview.squig.link/data/KZ%20ZEX%20(vent%20blocked)%20L.txt	KZ ZEX (vent blocked)	KZ ZEX (vent blocked)	ignore	
https://superreview.squig.link/data/KZ%20ZS10%20L.txt	KZ ZS10	KZ ZS10	in-ear	711
https://superreview.squig.link/data/KZ%20ZS10%20Pro%20L.txt	KZ ZS10 Pro	KZ ZS10 Pro	in-ear	711
https://superreview.squig.link/data/KZ%20ZS10%20Pro%20X%20L.txt	KZ ZS10 Pro X	KZ ZS10 Pro X	in-ear	711
https://superreview.squig.link/data/KZ%20ZS10%20Pro%20X%20R.txt	KZ ZS10 Pro X	KZ ZS10 Pro X	in-ear	711
https://superreview.squig.link/data/KZ%20ZS7%20L.txt	KZ ZS7	KZ ZS7	in-ear	711
https://superreview.squig.link/data/KZ%20ZSN%20Pro%20L.txt	KZ ZSN Pro (stock)	KZ ZSN Pro	in-ear	711
https://superreview.squig.link/data/KZ%20ZSN%20Pro%20(1-8%20foam)%20L.txt	KZ ZSN Pro (1/8 foam in tip)	KZ ZSN Pro (1/8 foam in tip)	ignore	
https://superreview.squig.link/data/KZ%20ZSN%20Pro%20(Blessing%202%20filter)%20L.txt	KZ ZSN Pro (filter: Blessing 2)	KZ ZSN Pro (filter: Blessing 2)	ignore	
https://superreview.squig.link/data/KZ%20ZSN%20Pro%20(Starfield%20filter)%20L.txt	KZ ZSN Pro (filter: Starfield)	KZ ZSN Pro (filter: Starfield)	ignore	
https://superreview.squig.link/data/KZ%20ZSN%20Pro%20(Tanchjim%20filter)%20L.txt	KZ ZSN Pro (filter: Tanchjim)	KZ ZSN Pro (filter: Tanchjim)	ignore	
https://superreview.squig.link/data/KZ%20ZEX%20Pro%20L.txt	KZ CRN / ZEX Pro	KZ x Crinacle CRN	in-ear	711
https://superreview.squig.link/data/KZ%20ZEX%20Pro%20R.txt	KZ CRN / ZEX Pro	KZ x Crinacle CRN	in-ear	711
https://superreview.squig.link/data/KZ%20PR2%20L.txt	KZ x HBB PR2	KZ x HBB PR2	in-ear	711
https://superreview.squig.link/data/KZ%20PR2%20R.txt	KZ x HBB PR2	KZ x HBB PR2	in-ear	711
https://squig.link/headphones/data/Kali%20HP-1%20anc%20off%20bass%20heavy%20L1.txt	Kali Audio HP-1 (EQ: bass heavy :: ANC: off)	Kali Audio HP-1 (EQ bass heavy ANC off)	over-ear	KB006x + 711
https://squig.link/headphones/data/Kali%20HP-1%20anc%20off%20bass%20heavy%20L2.txt	Kali Audio HP-1 (EQ: bass heavy :: ANC: off)	Kali Audio HP-1 (EQ bass heavy ANC off)	over-ear	KB006x + 711
https://squig.link/headphones/data/Kali%20HP-1%20anc%20off%20bass%20heavy%20L3.txt	Kali Audio HP-1 (EQ: bass heavy :: ANC: off)	Kali Audio HP-1 (EQ bass heavy ANC off)	over-ear	KB006x + 711
https://squig.link/headphones/data/Kali%20HP-1%20anc%20off%20bass%20heavy%20R1.txt	Kali Audio HP-1 (EQ: bass heavy :: ANC: off)	Kali Audio HP-1 (EQ bass heavy ANC off)	over-ear	KB006x + 711
https://squig.link/headphones/data/Kali%20HP-1%20anc%20off%20bass%20heavy%20R2.txt	Kali Audio HP-1 (EQ: bass heavy :: ANC: off)	Kali Audio HP-1 (EQ bass heavy ANC off)	over-ear	KB006x + 711
https://squig.link/headphones/data/Kali%20HP-1%20anc%20off%20bass%20heavy%20R3.txt	Kali Audio HP-1 (EQ: bass heavy :: ANC: off)	Kali Audio HP-1 (EQ bass heavy ANC off)	over-ear	KB006x + 711
https://squig.link/headphones/data/Kali%20HP-1%20anc%20on%20bass%20heavy%20L1.txt	Kali Audio HP-1 (EQ: bass heavy :: ANC: on)	Kali Audio HP-1 (EQ bass heavy ANC on)	over-ear	KB006x + 711
https://squig.link/headphones/data/Kali%20HP-1%20anc%20on%20bass%20heavy%20R1.txt	Kali Audio HP-1 (EQ: bass heavy :: ANC: on)	Kali Audio HP-1 (EQ bass heavy ANC on)	over-ear	KB006x + 711
https://squig.link/headphones/data/Kali%20HP-1%20anc%20off%20consumer%20L1.txt	Kali Audio HP-1 (EQ: consumer :: ANC: off)	Kali Audio HP-1 (EQ consumer ANC off)	over-ear	KB006x + 711
https://squig.link/headphones/data/Kali%20HP-1%20anc%20off%20consumer%20L2.txt	Kali Audio HP-1 (EQ: consumer :: ANC: off)	Kali Audio HP-1 (EQ consumer ANC off)	over-ear	KB006x + 711
https://squig.link/headphones/data/Kali%20HP-1%20anc%20off%20consumer%20L3.txt	Kali Audio HP-1 (EQ: consumer :: ANC: off)	Kali Audio HP-1 (EQ consumer ANC off)	over-ear	KB006x + 711
https://squig.link/headphones/data/Kali%20HP-1%20anc%20off%20consumer%20R1.txt	Kali Audio HP-1 (EQ: consumer :: ANC: off)	Kali Audio HP-1 (EQ consumer ANC off)	over-ear	KB006x + 711
https://squig.link/headphones/data/Kali%20HP-1%20anc%20off%20consumer%20R2.txt	Kali Audio HP-1 (EQ: consumer :: ANC: off)	Kali Audio HP-1 (EQ consumer ANC off)	over-ear	KB006x + 711
https://squig.link/headphones/data/Kali%20HP-1%20anc%20off%20consumer%20R3.txt	Kali Audio HP-1 (EQ: consumer :: ANC: off)	Kali Audio HP-1 (EQ consumer ANC off)	over-ear	KB006x + 711
https://squig.link/headphones/data/Kali%20HP-1%20anc%20on%20consumer%20L1.txt	Kali Audio HP-1 (EQ: consumer :: ANC: on)	Kali Audio HP-1 (EQ consumer ANC on)	over-ear	KB006x + 711
https://squig.link/headphones/data/Kali%20HP-1%20anc%20on%20consumer%20R1.txt	Kali Audio HP-1 (EQ: consumer :: ANC: on)	Kali Audio HP-1 (EQ consumer ANC on)	over-ear	KB006x + 711
https://squig.link/headphones/data/Kali%20HP-1%20anc%20off%20studio%20L1.txt	Kali Audio HP-1 (EQ: studio :: ANC: off)	Kali Audio HP-1 (EQ studio ANC off)	over-ear	KB006x + 711
https://squig.link/headphones/data/Kali%20HP-1%20anc%20off%20studio%20L2.txt	Kali Audio HP-1 (EQ: studio :: ANC: off)	Kali Audio HP-1 (EQ studio ANC off)	over-ear	KB006x + 711
https://squig.link/headphones/data/Kali%20HP-1%20anc%20off%20studio%20L3.txt	Kali Audio HP-1 (EQ: studio :: ANC: off)	Kali Audio HP-1 (EQ studio ANC off)	over-ear	KB006x + 711
https://squig.link/headphones/data/Kali%20HP-1%20anc%20off%20studio%20R1.txt	Kali Audio HP-1 (EQ: studio :: ANC: off)	Kali Audio HP-1 (EQ studio ANC off)	over-ear	KB006x + 711
https://squig.link/headphones/data/Kali%20HP-1%20anc%20off%20studio%20R2.txt	Kali Audio HP-1 (EQ: studio :: ANC: off)	Kali Audio HP-1 (EQ studio ANC off)	over-ear	KB006x + 711
https://squig.link/headphones/data/Kali%20HP-1%20anc%20off%20studio%20R3.txt	Kali Audio HP-1 (EQ: studio :: ANC: off)	Kali Audio HP-1 (EQ studio ANC off)	over-ear	KB006x + 711
https://squig.link/headphones/data/Kali%20HP-1%20anc%20on%20studio%20L1.txt	Kali Audio HP-1 (EQ: studio :: ANC: on)	Kali Audio HP-1 (EQ studio ANC on)	over-ear	KB006x + 711
https://squig.link/headphones/data/Kali%20HP-1%20anc%20on%20studio%20R1.txt	Kali Audio HP-1 (EQ: studio :: ANC: on)	Kali Audio HP-1 (EQ studio ANC on)	over-ear	KB006x + 711
https://superreview.squig.link/data/Kefine%20Quatio%20silver%20deep%20L.txt		Kefine Quatio silver deep	ignore	711
https://superreview.squig.link/data/Kefine%20Quatio%20silver%20deep%20R.txt		Kefine Quatio silver deep	ignore	711
https://superreview.squig.link/data/Kefine%20Quatio%20silver%20shallow%20L.txt		Kefine Quatio silver shallow	ignore	711
https://superreview.squig.link/data/Kefine%20Quatio%20silver%20shallow%20R.txt		Kefine Quatio silver shallow	ignore	711
https://superreview.squig.link/data/Kinera%20Wyvern%20Abyss%20L.txt	Kinera Celest Wyvern Abyss	Kinera Celest Wyvern Abyss	in-ear	711
https://superreview.squig.link/data/Kinera%20Wyvern%20Abyss%20R.txt	Kinera Celest Wyvern Abyss	Kinera Celest Wyvern Abyss	in-ear	711
https://superreview.squig.link/data/Kinera%20Wyvern%20Qing%20L.txt	Kinera Celest Wyvern Qing	Kinera Celest Wyvern Qing	in-ear	711
https://superreview.squig.link/data/Kinera%20Wyvern%20Qing%20R.txt	Kinera Celest Wyvern Qing	Kinera Celest Wyvern Qing	in-ear	711
https://superreview.squig.link/data/Kinera%20Freya%20L.txt	Kinera Freya	Kinera Freya	in-ear	711
https://superreview.squig.link/data/Kinera%20Sif%20L.txt	Kinera Sif	Kinera SIF	in-ear	711
https://superreview.squig.link/data/Kiwi%20Ears%20Aether%20L.txt	Kiwi Ears Aether	Kiwi Ears Aether	in-ear	711
https://superreview.squig.link/data/Kiwi%20Ears%20Aether%20R.txt	Kiwi Ears Aether	Kiwi Ears Aether	in-ear	711
https://superreview.squig.link/headphones/data/Kiwi%20Ears%20Ardor%20BT%20ANC-OFF%20L1.txt	Kiwi Ears Ardor (connection: Bluetooth :: ANC: off)	Kiwi Ears Ardor (ANC off)	over-ear	KB006x + 711
https://superreview.squig.link/headphones/data/Kiwi%20Ears%20Ardor%20BT%20ANC-OFF%20L2.txt	Kiwi Ears Ardor (connection: Bluetooth :: ANC: off)	Kiwi Ears Ardor (ANC off)	over-ear	KB006x + 711
https://superreview.squig.link/headphones/data/Kiwi%20Ears%20Ardor%20BT%20ANC-OFF%20L3.txt	Kiwi Ears Ardor (connection: Bluetooth :: ANC: off)	Kiwi Ears Ardor (ANC off)	over-ear	KB006x + 711
https://superreview.squig.link/headphones/data/Kiwi%20Ears%20Ardor%20BT%20ANC-OFF%20R1.txt	Kiwi Ears Ardor (connection: Bluetooth :: ANC: off)	Kiwi Ears Ardor (ANC off)	over-ear	KB006x + 711
https://superreview.squig.link/headphones/data/Kiwi%20Ears%20Ardor%20BT%20ANC-OFF%20R2.txt	Kiwi Ears Ardor (connection: Bluetooth :: ANC: off)	Kiwi Ears Ardor (ANC off)	over-ear	KB006x + 711
https://superreview.squig.link/headphones/data/Kiwi%20Ears%20Ardor%20BT%20ANC-OFF%20R3.txt	Kiwi Ears Ardor (connection: Bluetooth :: ANC: off)	Kiwi Ears Ardor (ANC off)	over-ear	KB006x + 711
https://superreview.squig.link/headphones/data/Kiwi%20Ears%20Ardor%20BT%20ANC-ON%20L1.txt	Kiwi Ears Ardor (connection: Bluetooth :: ANC: on)	Kiwi Ears Ardor (ANC on)	over-ear	KB006x + 711
https://superreview.squig.link/headphones/data/Kiwi%20Ears%20Ardor%20BT%20ANC-ON%20L2.txt	Kiwi Ears Ardor (connection: Bluetooth :: ANC: on)	Kiwi Ears Ardor (ANC on)	over-ear	KB006x + 711
https://superreview.squig.link/headphones/data/Kiwi%20Ears%20Ardor%20BT%20ANC-ON%20L3.txt	Kiwi Ears Ardor (connection: Bluetooth :: ANC: on)	Kiwi Ears Ardor (ANC on)	over-ear	KB006x + 711
https://superreview.squig.link/headphones/data/Kiwi%20Ears%20Ardor%20BT%20ANC-ON%20R1.txt	Kiwi Ears Ardor (connection: Bluetooth :: ANC: on)	Kiwi Ears Ardor (ANC on)	over-ear	KB006x + 711
https://superreview.squig.link/headphones/data/Kiwi%20Ears%20Ardor%20BT%20ANC-ON%20R2.txt	Kiwi Ears Ardor (connection: Bluetooth :: ANC: on)	Kiwi Ears Ardor (ANC on)	over-ear	KB006x + 711
https://superreview.squig.link/headphones/data/Kiwi%20Ears%20Ardor%20BT%20ANC-ON%20R3.txt	Kiwi Ears Ardor (connection: Bluetooth :: ANC: on)	Kiwi Ears Ardor (ANC on)	over-ear	KB006x + 711
https://squig.link/data/Kiwi%20Ears%20Astral%20L.txt	Kiwi Ears Astral 	Kiwi Ears Astral	in-ear	711
https://squig.link/data/Kiwi%20Ears%20Astral%20R.txt	Kiwi Ears Astral 	Kiwi Ears Astral	in-ear	711
https://squig.link/data/Kiwi%20Ears%20Astral%20deep%20L.txt	Kiwi Ears Astral (insert: deep)	Kiwi Ears Astral (insert deep)	in-ear	711
https://squig.link/data/Kiwi%20Ears%20Astral%20deep%20R.txt	Kiwi Ears Astral (insert: deep)	Kiwi Ears Astral (insert deep)	in-ear	711
https://squig.link/data/Kiwi%20Ears%20Astral%20shallow%20L.txt	Kiwi Ears Astral (insert: shallow)	Kiwi Ears Astral (insert shallow)	in-ear	711
https://squig.link/data/Kiwi%20Ears%20Astral%20shallow%20R.txt	Kiwi Ears Astral (insert: shallow)	Kiwi Ears Astral (insert shallow)	in-ear	711
https://superreview.squig.link/headphones/data/Kiwi%20Ears%20Atheia%20L1.txt	Kiwi Ears Atheia	Kiwi Ears Atheia	over-ear	KB006x + 711
https://superreview.squig.link/headphones/data/Kiwi%20Ears%20Atheia%20L2.txt	Kiwi Ears Atheia	Kiwi Ears Atheia	over-ear	KB006x + 711
https://superreview.squig.link/headphones/data/Kiwi%20Ears%20Atheia%20L3.txt	Kiwi Ears Atheia	Kiwi Ears Atheia	over-ear	KB006x + 711
https://superreview.squig.link/headphones/data/Kiwi%20Ears%20Atheia%20R1.txt	Kiwi Ears Atheia	Kiwi Ears Atheia	over-ear	KB006x + 711
https://superreview.squig.link/headphones/data/Kiwi%20Ears%20Atheia%20R2.txt	Kiwi Ears Atheia	Kiwi Ears Atheia	over-ear	KB006x + 711
https://superreview.squig.link/headphones/data/Kiwi%20Ears%20Atheia%20R3.txt	Kiwi Ears Atheia	Kiwi Ears Atheia	over-ear	KB006x + 711
https://superreview.squig.link/headphones/data/Kiwi%20Ears%20Aventus%20BT%20ANC-OFF%20L1.txt	Kiwi Ears Aventus (connection: Bluetooth :: ANC: off)	Kiwi Ears Aventus (ANC off)	over-ear	KB006x + 711
https://superreview.squig.link/headphones/data/Kiwi%20Ears%20Aventus%20BT%20ANC-OFF%20L2.txt	Kiwi Ears Aventus (connection: Bluetooth :: ANC: off)	Kiwi Ears Aventus (ANC off)	over-ear	KB006x + 711
https://superreview.squig.link/headphones/data/Kiwi%20Ears%20Aventus%20BT%20ANC-OFF%20L3.txt	Kiwi Ears Aventus (connection: Bluetooth :: ANC: off)	Kiwi Ears Aventus (ANC off)	over-ear	KB006x + 711
https://superreview.squig.link/headphones/data/Kiwi%20Ears%20Aventus%20BT%20ANC-OFF%20R1.txt	Kiwi Ears Aventus (connection: Bluetooth :: ANC: off)	Kiwi Ears Aventus (ANC off)	over-ear	KB006x + 711
https://superreview.squig.link/headphones/data/Kiwi%20Ears%20Aventus%20BT%20ANC-OFF%20R2.txt	Kiwi Ears Aventus (connection: Bluetooth :: ANC: off)	Kiwi Ears Aventus (ANC off)	over-ear	KB006x + 711
https://superreview.squig.link/headphones/data/Kiwi%20Ears%20Aventus%20BT%20ANC-OFF%20R3.txt	Kiwi Ears Aventus (connection: Bluetooth :: ANC: off)	Kiwi Ears Aventus (ANC off)	over-ear	KB006x + 711
https://superreview.squig.link/headphones/data/Kiwi%20Ears%20Aventus%20BT%20ANC-ON%20L1.txt	Kiwi Ears Aventus (connection: Bluetooth :: ANC: on)	Kiwi Ears Aventus (ANC on)	over-ear	KB006x + 711
https://superreview.squig.link/headphones/data/Kiwi%20Ears%20Aventus%20BT%20ANC-ON%20L2.txt	Kiwi Ears Aventus (connection: Bluetooth :: ANC: on)	Kiwi Ears Aventus (ANC on)	over-ear	KB006x + 711
https://superreview.squig.link/headphones/data/Kiwi%20Ears%20Aventus%20BT%20ANC-ON%20L3.txt	Kiwi Ears Aventus (connection: Bluetooth :: ANC: on)	Kiwi Ears Aventus (ANC on)	over-ear	KB006x + 711
https://superreview.squig.link/headphones/data/Kiwi%20Ears%20Aventus%20BT%20ANC-ON%20R1.txt	Kiwi Ears Aventus (connection: Bluetooth :: ANC: on)	Kiwi Ears Aventus (ANC on)	over-ear	KB006x + 711
https://superreview.squig.link/headphones/data/Kiwi%20Ears%20Aventus%20BT%20ANC-ON%20R2.txt	Kiwi Ears Aventus (connection: Bluetooth :: ANC: on)	Kiwi Ears Aventus (ANC on)	over-ear	KB006x + 711
https://superreview.squig.link/headphones/data/Kiwi%20Ears%20Aventus%20BT%20ANC-ON%20R3.txt	Kiwi Ears Aventus (connection: Bluetooth :: ANC: on)	Kiwi Ears Aventus (ANC on)	over-ear	KB006x + 711
https://squig.link/data/Kiwi%20Ears%20Belle%20L.txt	Kiwi Ears Belle 	Kiwi Ears Belle	in-ear	711
https://squig.link/data/Kiwi%20Ears%20Belle%20R.txt	Kiwi Ears Belle 	Kiwi Ears Belle	in-ear	711
https://squig.link/data/Kiwi%20Ears%20Belle%20deep%20L.txt	Kiwi Ears Belle (insert: deep)	Kiwi Ears Belle (insert deep)	in-ear	711
https://squig.link/data/Kiwi%20Ears%20Belle%20deep%20R.txt	Kiwi Ears Belle (insert: deep)	Kiwi Ears Belle (insert deep)	in-ear	711
https://squig.link/data/Kiwi%20Ears%20Belle%20shallow%20L.txt	Kiwi Ears Belle (insert: shallow)	Kiwi Ears Belle (insert shallow)	in-ear	711
https://squig.link/data/Kiwi%20Ears%20Belle%20shallow%20R.txt	Kiwi Ears Belle (insert: shallow)	Kiwi Ears Belle (insert shallow)	in-ear	711
https://superreview.squig.link/data/Kiwi%20Ears%20Cadenza%20L.txt	Kiwi Ears Cadenza	Kiwi Ears Cadenza	in-ear	711
https://superreview.squig.link/data/Kiwi%20Ears%20Cadenza%20R.txt	Kiwi Ears Cadenza	Kiwi Ears Cadenza	in-ear	711
https://superreview.squig.link/headphones/data/Kiwi%20Ears%20Division%20L1.txt	Kiwi Ears Division	Kiwi Ears Division	over-ear	KB006x + 711
https://superreview.squig.link/headphones/data/Kiwi%20Ears%20Division%20L2.txt	Kiwi Ears Division	Kiwi Ears Division	over-ear	KB006x + 711
https://superreview.squig.link/headphones/data/Kiwi%20Ears%20Division%20L3.txt	Kiwi Ears Division	Kiwi Ears Division	over-ear	KB006x + 711
https://superreview.squig.link/headphones/data/Kiwi%20Ears%20Division%20R1.txt	Kiwi Ears Division	Kiwi Ears Division	over-ear	KB006x + 711
https://superreview.squig.link/headphones/data/Kiwi%20Ears%20Division%20R2.txt	Kiwi Ears Division	Kiwi Ears Division	over-ear	KB006x + 711
https://superreview.squig.link/headphones/data/Kiwi%20Ears%20Division%20R3.txt	Kiwi Ears Division	Kiwi Ears Division	over-ear	KB006x + 711
https://superreview.squig.link/headphones/data/Kiwi%20Ears%20Ellipse%20L1.txt	Kiwi Ears Ellipse	Kiwi Ears Ellipse	over-ear	KB006x + 711
https://superreview.squig.link/headphones/data/Kiwi%20Ears%20Ellipse%20L2.txt	Kiwi Ears Ellipse	Kiwi Ears Ellipse	over-ear	KB006x + 711
https://superreview.squig.link/headphones/data/Kiwi%20Ears%20Ellipse%20L3.txt	Kiwi Ears Ellipse	Kiwi Ears Ellipse	over-ear	KB006x + 711
https://superreview.squig.link/headphones/data/Kiwi%20Ears%20Ellipse%20R1.txt	Kiwi Ears Ellipse	Kiwi Ears Ellipse	over-ear	KB006x + 711
https://superreview.squig.link/headphones/data/Kiwi%20Ears%20Ellipse%20R2.txt	Kiwi Ears Ellipse	Kiwi Ears Ellipse	over-ear	KB006x + 711
https://superreview.squig.link/headphones/data/Kiwi%20Ears%20Ellipse%20R3.txt	Kiwi Ears Ellipse	Kiwi Ears Ellipse	over-ear	KB006x + 711
https://superreview.squig.link/data/Kiwi%20Ears%20KE4%20L.txt	Kiwi Ears KE4	Kiwi Ears KE4	in-ear	711
https://superreview.squig.link/data/Kiwi%20Ears%20KE4%20R.txt	Kiwi Ears KE4	Kiwi Ears KE4	in-ear	711
https://superreview.squig.link/data/Kiwi%20Ears%20Orchestra%20L.txt	Kiwi Ears Orchestra (tips: stock)	Kiwi Ears Orchestra	in-ear	711
https://superreview.squig.link/data/Kiwi%20Ears%20Orchestra%20R.txt	Kiwi Ears Orchestra (tips: stock)	Kiwi Ears Orchestra	in-ear	711
https://superreview.squig.link/data/Kiwi%20Ears%20Orchestra%20(E-type%20TWS)%20L.txt	Kiwi Ears Orchestra (tips: E-type TWS)	Kiwi Ears Orchestra (Final Audio TWS eartips)	ignore	711
https://superreview.squig.link/data/Kiwi%20Ears%20Orchestra%20(E-type%20TWS)%20R.txt	Kiwi Ears Orchestra (tips: E-type TWS)	Kiwi Ears Orchestra (Final Audio TWS eartips)	ignore	711
https://superreview.squig.link/data/Kiwi%20Ears%20Orchestra%20(Sedna%20Short)%20L.txt		Kiwi Ears Orchestra (Sedna Short)	ignore	
https://superreview.squig.link/data/Kiwi%20Ears%20Orchestra%20(Sedna%20Short)%20R.txt		Kiwi Ears Orchestra (Sedna Short)	ignore	
https://squig.link/data/Kiwi%20Ears%20Orchestra%202%20L.txt	Kiwi Ears Orchestra 2 	Kiwi Ears Orchestra 2	in-ear	711
https://squig.link/data/Kiwi%20Ears%20Orchestra%202%20R.txt	Kiwi Ears Orchestra 2 	Kiwi Ears Orchestra 2	in-ear	711
https://squig.link/data/Kiwi%20Ears%20Orchestra%202%20deep%20L.txt	Kiwi Ears Orchestra 2 (insert: deep)	Kiwi Ears Orchestra 2 (insert deep)	in-ear	711
https://squig.link/data/Kiwi%20Ears%20Orchestra%202%20deep%20R.txt	Kiwi Ears Orchestra 2 (insert: deep)	Kiwi Ears Orchestra 2 (insert deep)	in-ear	711
https://squig.link/data/Kiwi%20Ears%20Orchestra%202%20shallow%20L.txt	Kiwi Ears Orchestra 2 (insert: shallow)	Kiwi Ears Orchestra 2 (insert shallow)	in-ear	711
https://squig.link/data/Kiwi%20Ears%20Orchestra%202%20shallow%20R.txt	Kiwi Ears Orchestra 2 (insert: shallow)	Kiwi Ears Orchestra 2 (insert shallow)	in-ear	711
https://superreview.squig.link/data/Kiwi%20Ears%20Orchestra%20Lite%20L.txt	Kiwi Ears Orchestra Lite	Kiwi Ears Orchestra Lite	in-ear	711
https://superreview.squig.link/data/Kiwi%20Ears%20Orchestra%20Lite%20R.txt	Kiwi Ears Orchestra Lite	Kiwi Ears Orchestra Lite	in-ear	711
https://superreview.squig.link/data/Kiwi%20Ears%20Orchestra%20Lite%20S2%20L.txt	Kiwi Ears Orchestra Lite (sample 2)	Kiwi Ears Orchestra Lite	in-ear	711
https://superreview.squig.link/data/Kiwi%20Ears%20Orchestra%20Lite%20S2%20R.txt	Kiwi Ears Orchestra Lite (sample 2)	Kiwi Ears Orchestra Lite	in-ear	711
https://superreview.squig.link/data/Kiwi%20Ears%20Quartet%20(00)%20L.txt	Kiwi Ears Quartet (switches: off - off)	Kiwi Ears Quartet (off-off)	in-ear	711
https://superreview.squig.link/data/Kiwi%20Ears%20Quartet%20(00)%20R.txt	Kiwi Ears Quartet (switches: off - off)	Kiwi Ears Quartet (off-off)	in-ear	711
https://superreview.squig.link/data/Kiwi%20Ears%20Quartet%20(01)%20L.txt	Kiwi Ears Quartet (switches: off - on)	Kiwi Ears Quartet (off-on)	in-ear	711
https://superreview.squig.link/data/Kiwi%20Ears%20Quartet%20(01)%20R.txt	Kiwi Ears Quartet (switches: off - on)	Kiwi Ears Quartet (off-on)	in-ear	711
https://superreview.squig.link/data/Kiwi%20Ears%20Quartet%20(10)%20L.txt	Kiwi Ears Quartet (switches: on - off)	Kiwi Ears Quartet (on-off)	in-ear	711
https://superreview.squig.link/data/Kiwi%20Ears%20Quartet%20(10)%20R.txt	Kiwi Ears Quartet (switches: on - off)	Kiwi Ears Quartet (on-off)	in-ear	711
https://superreview.squig.link/data/Kiwi%20Ears%20Quartet%20(11)%20L.txt	Kiwi Ears Quartet (switches: on - on)	Kiwi Ears Quartet (on-on)	in-ear	711
https://superreview.squig.link/data/Kiwi%20Ears%20Quartet%20(11)%20R.txt	Kiwi Ears Quartet (switches: on - on)	Kiwi Ears Quartet (on-on)	in-ear	711
https://superreview.squig.link/data/Kiwi%20Ears%20Quintet%20L.txt	Kiwi Ears Quintet	Kiwi Ears Quintet	in-ear	711
https://superreview.squig.link/data/Kiwi%20Ears%20Quintet%20R.txt	Kiwi Ears Quintet	Kiwi Ears Quintet	in-ear	711
https://squig.link/data/Kiwi%20Ears%20Chorus%20L.txt	Kiwi Ears x B_Media Chorus 	Kiwi Ears x B_Media Chorus	in-ear	711
https://squig.link/data/Kiwi%20Ears%20Chorus%20R.txt	Kiwi Ears x B_Media Chorus 	Kiwi Ears x B_Media Chorus	in-ear	711
https://squig.link/data/Kiwi%20Ears%20Chorus%20deep%20L.txt	Kiwi Ears x B_Media Chorus (insert: deep)	Kiwi Ears x B_Media Chorus (insert deep)	in-ear	711
https://squig.link/data/Kiwi%20Ears%20Chorus%20deep%20R.txt	Kiwi Ears x B_Media Chorus (insert: deep)	Kiwi Ears x B_Media Chorus (insert deep)	in-ear	711
https://squig.link/data/Kiwi%20Ears%20Chorus%20shallow%20L.txt	Kiwi Ears x B_Media Chorus (insert: shallow)	Kiwi Ears x B_Media Chorus (insert shallow)	in-ear	711
https://squig.link/data/Kiwi%20Ears%20Chorus%20shallow%20R.txt	Kiwi Ears x B_Media Chorus (insert: shallow)	Kiwi Ears x B_Media Chorus (insert shallow)	in-ear	711
https://superreview.squig.link/data/Kiwi%20Ears%20Singolo%20L.txt	Kiwi Ears x Crinacle Singolo	Kiwi Ears x Crinacle Singolo	in-ear	711
https://superreview.squig.link/data/Kiwi%20Ears%20Singolo%20R.txt	Kiwi Ears x Crinacle Singolo	Kiwi Ears x Crinacle Singolo	in-ear	711
https://squig.link/headphones/data/Kiwi%20Ears%20Serene%20L1.txt	Kiwi Ears x Z Reviews Serene 	Kiwi Ears x Z Reviews Serene	over-ear	KB006x + 711
https://squig.link/headphones/data/Kiwi%20Ears%20Serene%20L2.txt	Kiwi Ears x Z Reviews Serene 	Kiwi Ears x Z Reviews Serene	over-ear	KB006x + 711
https://squig.link/headphones/data/Kiwi%20Ears%20Serene%20L3.txt	Kiwi Ears x Z Reviews Serene 	Kiwi Ears x Z Reviews Serene	over-ear	KB006x + 711
https://squig.link/headphones/data/Kiwi%20Ears%20Serene%20R1.txt	Kiwi Ears x Z Reviews Serene 	Kiwi Ears x Z Reviews Serene	over-ear	KB006x + 711
https://squig.link/headphones/data/Kiwi%20Ears%20Serene%20R2.txt	Kiwi Ears x Z Reviews Serene 	Kiwi Ears x Z Reviews Serene	over-ear	KB006x + 711
https://squig.link/headphones/data/Kiwi%20Ears%20Serene%20R3.txt	Kiwi Ears x Z Reviews Serene 	Kiwi Ears x Z Reviews Serene	over-ear	KB006x + 711
https://squig.link/headphones/data/Kiwi%20Ears%20Serene%20burned%20L1.txt	Kiwi Ears x Z Reviews Serene (burned-in)	Kiwi Ears x Z Reviews Serene (burned-in)	over-ear	KB006x + 711
https://squig.link/headphones/data/Kiwi%20Ears%20Serene%20burned%20L2.txt	Kiwi Ears x Z Reviews Serene (burned-in)	Kiwi Ears x Z Reviews Serene (burned-in)	over-ear	KB006x + 711
https://squig.link/headphones/data/Kiwi%20Ears%20Serene%20burned%20L3.txt	Kiwi Ears x Z Reviews Serene (burned-in)	Kiwi Ears x Z Reviews Serene (burned-in)	over-ear	KB006x + 711
https://squig.link/headphones/data/Kiwi%20Ears%20Serene%20burned%20R1.txt	Kiwi Ears x Z Reviews Serene (burned-in)	Kiwi Ears x Z Reviews Serene (burned-in)	over-ear	KB006x + 711
https://squig.link/headphones/data/Kiwi%20Ears%20Serene%20burned%20R2.txt	Kiwi Ears x Z Reviews Serene (burned-in)	Kiwi Ears x Z Reviews Serene (burned-in)	over-ear	KB006x + 711
https://squig.link/headphones/data/Kiwi%20Ears%20Serene%20burned%20R3.txt	Kiwi Ears x Z Reviews Serene (burned-in)	Kiwi Ears x Z Reviews Serene (burned-in)	over-ear	KB006x + 711
https://squig.link/headphones/data/Kiwi%20Ears%20Serene%20screw%20mod%20L1.txt	Kiwi Ears x Z Reviews Serene (mod: screw mod)	Kiwi Ears x Z Reviews Serene (mod screw mod)	over-ear	KB006x + 711
https://squig.link/headphones/data/Kiwi%20Ears%20Serene%20screw%20mod%20L2.txt	Kiwi Ears x Z Reviews Serene (mod: screw mod)	Kiwi Ears x Z Reviews Serene (mod screw mod)	over-ear	KB006x + 711
https://squig.link/headphones/data/Kiwi%20Ears%20Serene%20screw%20mod%20L3.txt	Kiwi Ears x Z Reviews Serene (mod: screw mod)	Kiwi Ears x Z Reviews Serene (mod screw mod)	over-ear	KB006x + 711
https://squig.link/headphones/data/Kiwi%20Ears%20Serene%20screw%20mod%20R1.txt	Kiwi Ears x Z Reviews Serene (mod: screw mod)	Kiwi Ears x Z Reviews Serene (mod screw mod)	over-ear	KB006x + 711
https://squig.link/headphones/data/Kiwi%20Ears%20Serene%20screw%20mod%20R2.txt	Kiwi Ears x Z Reviews Serene (mod: screw mod)	Kiwi Ears x Z Reviews Serene (mod screw mod)	over-ear	KB006x + 711
https://squig.link/headphones/data/Kiwi%20Ears%20Serene%20screw%20mod%20R3.txt	Kiwi Ears x Z Reviews Serene (mod: screw mod)	Kiwi Ears x Z Reviews Serene (mod screw mod)	over-ear	KB006x + 711
https://superreview.squig.link/headphones/data/Koss%20ESP-95X%20L1.txt	Koss ESP/95X 	Koss ESP95X	over-ear	KB006x + 711
https://superreview.squig.link/headphones/data/Koss%20ESP-95X%20L2.txt	Koss ESP/95X 	Koss ESP95X	over-ear	KB006x + 711
https://superreview.squig.link/headphones/data/Koss%20ESP-95X%20L3.txt	Koss ESP/95X 	Koss ESP95X	over-ear	KB006x + 711
https://superreview.squig.link/headphones/data/Koss%20ESP-95X%20R1.txt	Koss ESP/95X 	Koss ESP95X	over-ear	KB006x + 711
https://superreview.squig.link/headphones/data/Koss%20ESP-95X%20R2.txt	Koss ESP/95X 	Koss ESP95X	over-ear	KB006x + 711
https://superreview.squig.link/headphones/data/Koss%20ESP-95X%20R3.txt	Koss ESP/95X 	Koss ESP95X	over-ear	KB006x + 711
https://superreview.squig.link/headphones/data/Koss%20ESP-95X%20(Vesper)%20L1.txt	Koss ESP/95X (pads: Vesper)	Koss ESP95X (Vesper earpads)	over-ear	KB006x + 711
https://superreview.squig.link/headphones/data/Koss%20ESP-95X%20(Vesper)%20L2.txt	Koss ESP/95X (pads: Vesper)	Koss ESP95X (Vesper earpads)	over-ear	KB006x + 711
https://superreview.squig.link/headphones/data/Koss%20ESP-95X%20(Vesper)%20L3.txt	Koss ESP/95X (pads: Vesper)	Koss ESP95X (Vesper earpads)	over-ear	KB006x + 711
https://superreview.squig.link/headphones/data/Koss%20ESP-95X%20(Vesper)%20R1.txt	Koss ESP/95X (pads: Vesper)	Koss ESP95X (Vesper earpads)	over-ear	KB006x + 711
https://superreview.squig.link/headphones/data/Koss%20ESP-95X%20(Vesper)%20R2.txt	Koss ESP/95X (pads: Vesper)	Koss ESP95X (Vesper earpads)	over-ear	KB006x + 711
https://superreview.squig.link/headphones/data/Koss%20ESP-95X%20(Vesper)%20R3.txt	Koss ESP/95X (pads: Vesper)	Koss ESP95X (Vesper earpads)	over-ear	KB006x + 711
https://superreview.squig.link/earbuds/data/Koss%20KDE250%20R1.txt		Koss KDE250	over-ear	KB006x + 711
https://superreview.squig.link/earbuds/data/Koss%20KDE250%20R2.txt		Koss KDE250	over-ear	KB006x + 711
https://superreview.squig.link/earbuds/data/Koss%20KDE250%20R3.txt		Koss KDE250	over-ear	KB006x + 711
https://superreview.squig.link/data/Koss%20KEB90%20L.txt	Koss KEB90	Koss KEB90	in-ear	711
https://superreview.squig.link/data/Koss%20KEB90%20R.txt	Koss KEB90	Koss KEB90	in-ear	711
https://squig.link/headphones/data/Koss%20KPH30%20Wireless%20L1.txt	Koss KPH30 Wireless	Koss KPH30 Wireless	over-ear	KB006x + 711
https://squig.link/headphones/data/Koss%20KPH30%20Wireless%20L2.txt	Koss KPH30 Wireless	Koss KPH30 Wireless	over-ear	KB006x + 711
https://squig.link/headphones/data/Koss%20KPH30%20Wireless%20L3.txt	Koss KPH30 Wireless	Koss KPH30 Wireless	over-ear	KB006x + 711
https://squig.link/headphones/data/Koss%20KPH30%20Wireless%20R1.txt	Koss KPH30 Wireless	Koss KPH30 Wireless	over-ear	KB006x + 711
https://squig.link/headphones/data/Koss%20KPH30%20Wireless%20R2.txt	Koss KPH30 Wireless	Koss KPH30 Wireless	over-ear	KB006x + 711
https://squig.link/headphones/data/Koss%20KPH30%20Wireless%20R3.txt	Koss KPH30 Wireless	Koss KPH30 Wireless	over-ear	KB006x + 711
https://superreview.squig.link/headphones/data/Koss%20KPH30i%20L1.txt	Koss KPH30i	Koss KPH30i	over-ear	KB006x + 711
https://superreview.squig.link/headphones/data/Koss%20KPH30i%20L2.txt	Koss KPH30i	Koss KPH30i	over-ear	KB006x + 711
https://superreview.squig.link/headphones/data/Koss%20KPH30i%20L3.txt	Koss KPH30i	Koss KPH30i	over-ear	KB006x + 711
https://superreview.squig.link/headphones/data/Koss%20KPH30i%20R1.txt	Koss KPH30i	Koss KPH30i	over-ear	KB006x + 711
https://superreview.squig.link/headphones/data/Koss%20KPH30i%20R2.txt	Koss KPH30i	Koss KPH30i	over-ear	KB006x + 711
https://superreview.squig.link/headphones/data/Koss%20KPH30i%20R3.txt	Koss KPH30i	Koss KPH30i	over-ear	KB006x + 711
https://superreview.squig.link/headphones/data/Koss%20KPH40%20L1.txt	Koss KPH40	Koss KPH40	over-ear	KB006x + 711
https://superreview.squig.link/headphones/data/Koss%20KPH40%20L2.txt	Koss KPH40	Koss KPH40	over-ear	KB006x + 711
https://superreview.squig.link/headphones/data/Koss%20KPH40%20L3.txt	Koss KPH40	Koss KPH40	over-ear	KB006x + 711
https://superreview.squig.link/headphones/data/Koss%20KPH40%20R1.txt	Koss KPH40	Koss KPH40	over-ear	KB006x + 711
https://superreview.squig.link/headphones/data/Koss%20KPH40%20R2.txt	Koss KPH40	Koss KPH40	over-ear	KB006x + 711
https://superreview.squig.link/headphones/data/Koss%20KPH40%20R3.txt	Koss KPH40	Koss KPH40	over-ear	KB006x + 711
https://superreview.squig.link/headphones/data/Koss%20KSC75%20L1.txt	Koss KSC75	Koss KSC75	over-ear	KB006x + 711
https://superreview.squig.link/headphones/data/Koss%20KSC75%20L2.txt	Koss KSC75	Koss KSC75	over-ear	KB006x + 711
https://superreview.squig.link/headphones/data/Koss%20KSC75%20L3.txt	Koss KSC75	Koss KSC75	over-ear	KB006x + 711
https://superreview.squig.link/headphones/data/Koss%20KSC75%20R1.txt	Koss KSC75	Koss KSC75	over-ear	KB006x + 711
https://superreview.squig.link/headphones/data/Koss%20KSC75%20R2.txt	Koss KSC75	Koss KSC75	over-ear	KB006x + 711
https://superreview.squig.link/headphones/data/Koss%20KSC75%20R3.txt	Koss KSC75	Koss KSC75	over-ear	KB006x + 711
https://superreview.squig.link/headphones/data/Koss%20Porta%20Pro%20L1.txt	Koss Porta Pro (pads: stock)	Koss Porta Pro	over-ear	KB006x + 711
https://superreview.squig.link/headphones/data/Koss%20Porta%20Pro%20L2.txt	Koss Porta Pro (pads: stock)	Koss Porta Pro	over-ear	KB006x + 711
https://superreview.squig.link/headphones/data/Koss%20Porta%20Pro%20L3.txt	Koss Porta Pro (pads: stock)	Koss Porta Pro	over-ear	KB006x + 711
https://superreview.squig.link/headphones/data/Koss%20Porta%20Pro%20R1.txt	Koss Porta Pro (pads: stock)	Koss Porta Pro	over-ear	KB006x + 711
https://superreview.squig.link/headphones/data/Koss%20Porta%20Pro%20R2.txt	Koss Porta Pro (pads: stock)	Koss Porta Pro	over-ear	KB006x + 711
https://superreview.squig.link/headphones/data/Koss%20Porta%20Pro%20R3.txt	Koss Porta Pro (pads: stock)	Koss Porta Pro	over-ear	KB006x + 711
https://superreview.squig.link/headphones/data/Koss%20Porta%20Pro%20(Dekoni)%20L1.txt	Koss Porta Pro (pads: Dekoni)	Koss Porta Pro (Dekoni earpads)	over-ear	KB006x + 711
https://superreview.squig.link/headphones/data/Koss%20Porta%20Pro%20(Dekoni)%20L2.txt	Koss Porta Pro (pads: Dekoni)	Koss Porta Pro (Dekoni earpads)	over-ear	KB006x + 711
https://superreview.squig.link/headphones/data/Koss%20Porta%20Pro%20(Dekoni)%20L3.txt	Koss Porta Pro (pads: Dekoni)	Koss Porta Pro (Dekoni earpads)	over-ear	KB006x + 711
https://superreview.squig.link/headphones/data/Koss%20Porta%20Pro%20(Dekoni)%20R1.txt	Koss Porta Pro (pads: Dekoni)	Koss Porta Pro (Dekoni earpads)	over-ear	KB006x + 711
https://superreview.squig.link/headphones/data/Koss%20Porta%20Pro%20(Dekoni)%20R2.txt	Koss Porta Pro (pads: Dekoni)	Koss Porta Pro (Dekoni earpads)	over-ear	KB006x + 711
https://superreview.squig.link/headphones/data/Koss%20Porta%20Pro%20(Dekoni)%20R3.txt	Koss Porta Pro (pads: Dekoni)	Koss Porta Pro (Dekoni earpads)	over-ear	KB006x + 711
https://superreview.squig.link/headphones/data/Koss%20Porta%20Pro%20(Yaxi)%20L1.txt	Koss Porta Pro (pads: Yaxi)	Koss Porta Pro (Yaxi earpads)	over-ear	KB006x + 711
https://superreview.squig.link/headphones/data/Koss%20Porta%20Pro%20(Yaxi)%20L2.txt	Koss Porta Pro (pads: Yaxi)	Koss Porta Pro (Yaxi earpads)	over-ear	KB006x + 711
https://superreview.squig.link/headphones/data/Koss%20Porta%20Pro%20(Yaxi)%20L3.txt	Koss Porta Pro (pads: Yaxi)	Koss Porta Pro (Yaxi earpads)	over-ear	KB006x + 711
https://superreview.squig.link/headphones/data/Koss%20Porta%20Pro%20(Yaxi)%20R1.txt	Koss Porta Pro (pads: Yaxi)	Koss Porta Pro (Yaxi earpads)	over-ear	KB006x + 711
https://superreview.squig.link/headphones/data/Koss%20Porta%20Pro%20(Yaxi)%20R2.txt	Koss Porta Pro (pads: Yaxi)	Koss Porta Pro (Yaxi earpads)	over-ear	KB006x + 711
https://superreview.squig.link/headphones/data/Koss%20Porta%20Pro%20(Yaxi)%20R3.txt	Koss Porta Pro (pads: Yaxi)	Koss Porta Pro (Yaxi earpads)	over-ear	KB006x + 711
https://superreview.squig.link/headphones/data/Koss%20Porta%20Pro%20Wireless%20L1.txt	Koss Porta Pro Wireless	Koss Porta Pro Wireless	over-ear	KB006x + 711
https://superreview.squig.link/headphones/data/Koss%20Porta%20Pro%20Wireless%20L2.txt	Koss Porta Pro Wireless	Koss Porta Pro Wireless	over-ear	KB006x + 711
https://superreview.squig.link/headphones/data/Koss%20Porta%20Pro%20Wireless%20L3.txt	Koss Porta Pro Wireless	Koss Porta Pro Wireless	over-ear	KB006x + 711
https://superreview.squig.link/headphones/data/Koss%20Porta%20Pro%20Wireless%20R1.txt	Koss Porta Pro Wireless	Koss Porta Pro Wireless	over-ear	KB006x + 711
https://superreview.squig.link/headphones/data/Koss%20Porta%20Pro%20Wireless%20R2.txt	Koss Porta Pro Wireless	Koss Porta Pro Wireless	over-ear	KB006x + 711
https://superreview.squig.link/headphones/data/Koss%20Porta%20Pro%20Wireless%20R3.txt	Koss Porta Pro Wireless	Koss Porta Pro Wireless	over-ear	KB006x + 711
https://superreview.squig.link/earbuds/data/Ks%20Earphone%20K64%20R1.txt		Ks Earphone K64	earbud	KB006x + 711
https://superreview.squig.link/earbuds/data/Ks%20Earphone%20K64%20R2.txt		Ks Earphone K64	earbud	KB006x + 711
https://superreview.squig.link/earbuds/data/Ks%20Earphone%20K64%20R3.txt		Ks Earphone K64	earbud	KB006x + 711
https://superreview.squig.link/data/LG%20HBS800%20L.txt		LG HBS800	ignore	
https://superreview.squig.link/data/LG%20HBS800%20R.txt		LG HBS800	ignore	
https://superreview.squig.link/data/LG%20HBS800%20(ANC%20off)%20L.txt	LG HBS800 (ANC off)	LG Tone Ultra (ANC off)	in-ear	711
https://superreview.squig.link/data/LG%20HBS800%20(ANC%20off)%20R.txt	LG HBS800 (ANC off)	LG Tone Ultra (ANC off)	in-ear	711
https://superreview.squig.link/data/LG%20HBS800%20(ANC%20on)%20L.txt	LG HBS800 (ANC on)	LG Tone Ultra (ANC on)	in-ear	711
https://superreview.squig.link/data/LG%20HBS800%20(ANC%20on)%20R.txt	LG HBS800 (ANC on)	LG Tone Ultra (ANC on)	in-ear	711
https://squig.link/data/LWZCAM%20Wired%20Earbuds%20S1%20grn%20L.txt	LWZCAM Wired Earbuds (3.5mm) (sample: 1)	LWZCAM Wired Earbuds (3.5mm) (sample 1)	in-ear	711
https://squig.link/data/LWZCAM%20Wired%20Earbuds%20S1%20grn%20R.txt	LWZCAM Wired Earbuds (3.5mm) (sample: 1)	LWZCAM Wired Earbuds (3.5mm) (sample 1)	in-ear	711
https://squig.link/data/LWZCAM%20Wired%20Earbuds%20S2%20blk%20L.txt	LWZCAM Wired Earbuds (3.5mm) (sample: 2)	LWZCAM Wired Earbuds (3.5mm) (sample 2)	in-ear	711
https://squig.link/data/LWZCAM%20Wired%20Earbuds%20S2%20blk%20R.txt	LWZCAM Wired Earbuds (3.5mm) (sample: 2)	LWZCAM Wired Earbuds (3.5mm) (sample 2)	in-ear	711
https://squig.link/data/LWZCAM%20Wired%20Earbuds%20S3%20pnk%20L.txt	LWZCAM Wired Earbuds (3.5mm) (sample: 3)	LWZCAM Wired Earbuds (3.5mm) (sample 3)	in-ear	711
https://squig.link/data/LWZCAM%20Wired%20Earbuds%20S3%20pnk%20R.txt	LWZCAM Wired Earbuds (3.5mm) (sample: 3)	LWZCAM Wired Earbuds (3.5mm) (sample 3)	in-ear	711
https://squig.link/data/LWZCAM%20Wired%20Earbuds%20S4%20wht%20L.txt	LWZCAM Wired Earbuds (3.5mm) (sample: 4)	LWZCAM Wired Earbuds (3.5mm) (sample 4)	in-ear	711
https://squig.link/data/LWZCAM%20Wired%20Earbuds%20S4%20wht%20R.txt	LWZCAM Wired Earbuds (3.5mm) (sample: 4)	LWZCAM Wired Earbuds (3.5mm) (sample 4)	in-ear	711
https://squig.link/data/LWZCAM%20Wired%20Earbuds%20S5%20blk%20L.txt	LWZCAM Wired Earbuds (3.5mm) (sample: 5)	LWZCAM Wired Earbuds (3.5mm) (sample 5)	in-ear	711
https://squig.link/data/LWZCAM%20Wired%20Earbuds%20S5%20blk%20R.txt	LWZCAM Wired Earbuds (3.5mm) (sample: 5)	LWZCAM Wired Earbuds (3.5mm) (sample 5)	in-ear	711
https://superreview.squig.link/data/Letshuoer%20Candeza%204%20L.txt		Letshuoer Candeza 4	ignore	711
https://superreview.squig.link/data/Letshuoer%20D13%20(pre-prod%20-%20nozzle%20B)%20L.txt		Letshuoer D13 (pre-prod - nozzle B)	ignore	
https://superreview.squig.link/data/Letshuoer%20D13%20(pre-prod%20-%20nozzle%20B)%20R.txt		Letshuoer D13 (pre-prod - nozzle B)	ignore	
https://superreview.squig.link/data/Letshuoer%20D13%20(pre-prod%20-%20nozzle%20A)%20L.txt	Letshuoer D13 (pre-production)	Letshuoer D13 (pre-production)	ignore	
https://superreview.squig.link/data/Letshuoer%20D13%20(pre-prod%20-%20nozzle%20A)%20R.txt	Letshuoer D13 (pre-production)	Letshuoer D13 (pre-production)	ignore	
https://superreview.squig.link/data/Letshuoer%20EJ07M%20Kinda%20Lava%20(modded)%20L.txt	Letshuoer EJ07M: Kinda Lava (bass mod)	Letshuoer EJ07M Kinda Lava (bass mod)	ignore	
https://superreview.squig.link/data/Letshuoer%20EJ07M%20Kinda%20Lava%20(modded)%20R.txt	Letshuoer EJ07M: Kinda Lava (bass mod)	Letshuoer EJ07M Kinda Lava (bass mod)	ignore	
https://superreview.squig.link/data/Letshuoer%20S12%20(front%20vent%20blocked)%20L.txt	Letshuoer S12 (front vent blocked)	Letshuoer S12 (front vent blocked)	ignore	
https://superreview.squig.link/data/Letshuoer%20S12%20(post)%20L.txt	Letshuoer S12 (post review re-measure)	Letshuoer S12 (post review re-measure)	ignore	
https://superreview.squig.link/data/Letshuoer%20S12%20(post)%20R.txt	Letshuoer S12 (post review re-measure)	Letshuoer S12 (post review re-measure)	ignore	
https://superreview.squig.link/data/Letshuoer%20S12%20(prepro)%20L.txt	Letshuoer S12 (pre-production)	Letshuoer S12 (pre-production)	ignore	
https://superreview.squig.link/data/Letshuoer%20S12%20(prepro)%20R.txt	Letshuoer S12 (pre-production)	Letshuoer S12 (pre-production)	ignore	
https://superreview.squig.link/data/Letshuoer%20S12%20(top%20vent%20blocked)%20L.txt	Letshuoer S12 (top vent blocked)	Letshuoer S12 (top vent blocked)	ignore	
https://superreview.squig.link/data/Lime%20Ears%20Maris%20L.txt	Lime Ears Maris	Lime Ears Maris	in-ear	711
https://superreview.squig.link/data/Lime%20Ears%20Maris%20R.txt	Lime Ears Maris	Lime Ears Maris	in-ear	711
https://superreview.squig.link/data/Lime%20Ears%20Terra%20L.txt	Lime Ears Terra	Lime Ears Terra	in-ear	711
https://superreview.squig.link/data/Lime%20Ears%20Terra%20R.txt	Lime Ears Terra	Lime Ears Terra	in-ear	711
https://superreview.squig.link/data/MEE%20Audio%20M6%20Pro%202G%20L.txt	MEE Audio M6 Pro 2nd Gen	MEE Audio M6 Pro 2nd Generation	in-ear	711
https://superreview.squig.link/data/Myer%20Audio%20CKLVX%20D62%20L.txt	Myer Audio CKLVX D62	MYER-AUDIO CKLVX D62	in-ear	711
https://superreview.squig.link/data/Myer%20Audio%20CKLVX%20D62%20R.txt	Myer Audio CKLVX D62	MYER-AUDIO CKLVX D62	in-ear	711
https://superreview.squig.link/data/Magaosi%20K3%20L.txt		Magaosi K3	in-ear	711
https://superreview.squig.link/data/Magaosi%20K3%20(F2)%20L.txt	Magaosi K3 (filter: cross)	Magaosi K3 (cross filter)	in-ear	711
https://superreview.squig.link/data/Magaosi%20K3%20(F2)%20R.txt	Magaosi K3 (filter: cross)	Magaosi K3 (cross filter)	in-ear	711
https://superreview.squig.link/data/Magaosi%20K3%20(F1)%20L.txt	Magaosi K3 (filter: hash)	Magaosi K3 (harsh filter)	in-ear	711
https://superreview.squig.link/data/Magaosi%20K3%20(F1)%20R.txt	Magaosi K3 (filter: hash)	Magaosi K3 (harsh filter)	in-ear	711
https://superreview.squig.link/data/Magaosi%20K3%20(F0)%20L.txt	Magaosi K3 (filter: none)	Magaosi K3 (no filter)	in-ear	711
https://superreview.squig.link/data/Magaosi%20K3%20(F0)%20R.txt	Magaosi K3 (filter: none)	Magaosi K3 (no filter)	in-ear	711
https://superreview.squig.link/data/Magaosi%20K5%20L.txt	Magaosi K5 (stock)	Magaosi K5	in-ear	711
https://superreview.squig.link/data/Magaosi%20K5%20(15%20ohm)%20L.txt	Magaosi K5 (w/ 15 ohm adapter)	Magaosi K5 (15 ohm adapter)	ignore	711
https://superreview.squig.link/data/Magaosi%20K5%20(15%20ohm%20+%20IEMatch+)%20L.txt	Magaosi K5 (w/15 ohm adapter + IEMatch+ high)	Magaosi K5 (15 ohm adapter, IEMatch, high)	in-ear	711
https://superreview.squig.link/data/Magaosi%20K5%20(15%20ohm%20+%20IEMatch+%20ultra)%20L.txt	Magaosi K5 (w/ 15 ohm adapter + IEMatch+ ultra)	Magaosi K5 (15 ohm adapter, iFi IEMatch, ultra)	in-ear	711
https://superreview.squig.link/data/Mangird%20Tea%20L.txt		Mangird Tea	in-ear	711
https://superreview.squig.link/headphones/data/Drop%20Grell%20OAE1%20PB%20L1.txt	Drop + Grell OAE1 Signature (position: pushed backward)	Massdrop + Grell OAE1 Signature	over-ear	KB006x + 711
https://superreview.squig.link/headphones/data/Drop%20Grell%20OAE1%20PB%20L2.txt	Drop + Grell OAE1 Signature (position: pushed backward)	Massdrop + Grell OAE1 Signature	over-ear	KB006x + 711
https://superreview.squig.link/headphones/data/Drop%20Grell%20OAE1%20PB%20L3.txt	Drop + Grell OAE1 Signature (position: pushed backward)	Massdrop + Grell OAE1 Signature	over-ear	KB006x + 711
https://superreview.squig.link/headphones/data/Drop%20Grell%20OAE1%20PB%20R1.txt	Drop + Grell OAE1 Signature (position: pushed backward)	Massdrop + Grell OAE1 Signature	over-ear	KB006x + 711
https://superreview.squig.link/headphones/data/Drop%20Grell%20OAE1%20PB%20R2.txt	Drop + Grell OAE1 Signature (position: pushed backward)	Massdrop + Grell OAE1 Signature	over-ear	KB006x + 711
https://superreview.squig.link/headphones/data/Drop%20Grell%20OAE1%20PB%20R3.txt	Drop + Grell OAE1 Signature (position: pushed backward)	Massdrop + Grell OAE1 Signature	over-ear	KB006x + 711
https://superreview.squig.link/headphones/data/Drop%20Grell%20OAE1%20L1.txt	Drop + Grell OAE1 Signature (position: pushed forward)	Massdrop + Grell OAE1 Signature	over-ear	KB006x + 711
https://superreview.squig.link/headphones/data/Drop%20Grell%20OAE1%20L2.txt	Drop + Grell OAE1 Signature (position: pushed forward)	Massdrop + Grell OAE1 Signature	over-ear	KB006x + 711
https://superreview.squig.link/headphones/data/Drop%20Grell%20OAE1%20L3.txt	Drop + Grell OAE1 Signature (position: pushed forward)	Massdrop + Grell OAE1 Signature	over-ear	KB006x + 711
https://superreview.squig.link/headphones/data/Drop%20Grell%20OAE1%20R1.txt	Drop + Grell OAE1 Signature (position: pushed forward)	Massdrop + Grell OAE1 Signature	over-ear	KB006x + 711
https://superreview.squig.link/headphones/data/Drop%20Grell%20OAE1%20R2.txt	Drop + Grell OAE1 Signature (position: pushed forward)	Massdrop + Grell OAE1 Signature	over-ear	KB006x + 711
https://superreview.squig.link/headphones/data/Drop%20Grell%20OAE1%20R3.txt	Drop + Grell OAE1 Signature (position: pushed forward)	Massdrop + Grell OAE1 Signature	over-ear	KB006x + 711
https://superreview.squig.link/headphones/data/Drop%20Panda%20L1.txt	Drop Panda	Massdrop Panda	over-ear	KB006x + 711
https://superreview.squig.link/headphones/data/Drop%20Panda%20L2.txt	Drop Panda	Massdrop Panda	over-ear	KB006x + 711
https://superreview.squig.link/headphones/data/Drop%20Panda%20L3.txt	Drop Panda	Massdrop Panda	over-ear	KB006x + 711
https://superreview.squig.link/headphones/data/Drop%20Panda%20R1.txt	Drop Panda	Massdrop Panda	over-ear	KB006x + 711
https://superreview.squig.link/headphones/data/Drop%20Panda%20R2.txt	Drop Panda	Massdrop Panda	over-ear	KB006x + 711
https://superreview.squig.link/headphones/data/Drop%20Panda%20R3.txt	Drop Panda	Massdrop Panda	over-ear	KB006x + 711
https://superreview.squig.link/data/Massdrop%20Plus%20L.txt	Drop / Massdrop Plus	Massdrop Plus Universal IEM	in-ear	711
https://superreview.squig.link/data/Meizu%20Live%20(black)%20L.txt	Meizu Live (filter: black)	Meizu Live (black filter)	in-ear	711
https://superreview.squig.link/data/Meizu%20Live%20(blue)%20L.txt	Meizu Live (filter: blue)	Meizu Live (blue filter)	in-ear	711
https://superreview.squig.link/data/Meizu%20Live%20(white)%20L.txt	Meizu Live (filter: white)	Meizu Live (white filter)	in-ear	711
https://squig.link/data/Melody%20Wings%20Neptune%20L.txt	Melody Wings Neptune 	Melody Wings Neptune	in-ear	711
https://squig.link/data/Melody%20Wings%20Neptune%20R.txt	Melody Wings Neptune 	Melody Wings Neptune	in-ear	711
https://squig.link/data/Melody%20Wings%20Neptune%20deep%20L.txt	Melody Wings Neptune (insert: deep)	Melody Wings Neptune (insert deep)	in-ear	711
https://squig.link/data/Melody%20Wings%20Neptune%20deep%20R.txt	Melody Wings Neptune (insert: deep)	Melody Wings Neptune (insert deep)	in-ear	711
https://squig.link/data/Melody%20Wings%20Neptune%20shallow%20L.txt	Melody Wings Neptune (insert: shallow)	Melody Wings Neptune (insert shallow)	in-ear	711
https://squig.link/data/Melody%20Wings%20Neptune%20shallow%20R.txt	Melody Wings Neptune (insert: shallow)	Melody Wings Neptune (insert shallow)	in-ear	711
https://superreview.squig.link/headphones/data/Meze%20105%20AER%20pb%20L1.txt	Meze 105 AER (pushed backward on rig)	Meze 105 AER (pushed backward on rig)	ignore	KB006x + 711
https://superreview.squig.link/headphones/data/Meze%20105%20AER%20pb%20L2.txt	Meze 105 AER (pushed backward on rig)	Meze 105 AER (pushed backward on rig)	ignore	KB006x + 711
https://superreview.squig.link/headphones/data/Meze%20105%20AER%20pb%20L3.txt	Meze 105 AER (pushed backward on rig)	Meze 105 AER (pushed backward on rig)	ignore	KB006x + 711
https://superreview.squig.link/headphones/data/Meze%20105%20AER%20pb%20R1.txt	Meze 105 AER (pushed backward on rig)	Meze 105 AER (pushed backward on rig)	ignore	KB006x + 711
https://superreview.squig.link/headphones/data/Meze%20105%20AER%20pb%20R2.txt	Meze 105 AER (pushed backward on rig)	Meze 105 AER (pushed backward on rig)	ignore	KB006x + 711
https://superreview.squig.link/headphones/data/Meze%20105%20AER%20pb%20R3.txt	Meze 105 AER (pushed backward on rig)	Meze 105 AER (pushed backward on rig)	ignore	KB006x + 711
https://superreview.squig.link/headphones/data/Meze%20105%20AER%20L1.txt	Meze 105 AER 	Meze 105 Aer	over-ear	KB006x + 711
https://superreview.squig.link/headphones/data/Meze%20105%20AER%20L2.txt	Meze 105 AER 	Meze 105 Aer	over-ear	KB006x + 711
https://superreview.squig.link/headphones/data/Meze%20109%20Pro%20L1.txt	Meze 109 Pro 	Meze 109 Pro	over-ear	KB006x + 711
https://superreview.squig.link/headphones/data/Meze%20109%20Pro%20L2.txt	Meze 109 Pro 	Meze 109 Pro	over-ear	KB006x + 711
https://superreview.squig.link/headphones/data/Meze%20109%20Pro%20L3.txt	Meze 109 Pro 	Meze 109 Pro	over-ear	KB006x + 711
https://superreview.squig.link/headphones/data/Meze%20109%20Pro%20R1.txt	Meze 109 Pro 	Meze 109 Pro	over-ear	KB006x + 711
https://superreview.squig.link/headphones/data/Meze%20109%20Pro%20R2.txt	Meze 109 Pro 	Meze 109 Pro	over-ear	KB006x + 711
https://superreview.squig.link/headphones/data/Meze%20109%20Pro%20R3.txt	Meze 109 Pro 	Meze 109 Pro	over-ear	KB006x + 711
https://superreview.squig.link/headphones/data/Meze%20109%20Pro%20(AKG%20foam)%20L1.txt	Meze 109 Pro (AKG K240 foam disc)	Meze 109 Pro (AKG K240 foam disc)	ignore	
https://superreview.squig.link/headphones/data/Meze%20109%20Pro%20(AKG%20foam)%20L2.txt	Meze 109 Pro (AKG K240 foam disc)	Meze 109 Pro (AKG K240 foam disc)	ignore	
https://superreview.squig.link/headphones/data/Meze%20109%20Pro%20(AKG%20foam)%20L3.txt	Meze 109 Pro (AKG K240 foam disc)	Meze 109 Pro (AKG K240 foam disc)	ignore	
https://superreview.squig.link/headphones/data/Meze%20109%20Pro%20(AKG%20foam)%20R1.txt	Meze 109 Pro (AKG K240 foam disc)	Meze 109 Pro (AKG K240 foam disc)	ignore	
https://superreview.squig.link/headphones/data/Meze%20109%20Pro%20(AKG%20foam)%20R2.txt	Meze 109 Pro (AKG K240 foam disc)	Meze 109 Pro (AKG K240 foam disc)	ignore	
https://superreview.squig.link/headphones/data/Meze%20109%20Pro%20(AKG%20foam)%20R3.txt	Meze 109 Pro (AKG K240 foam disc)	Meze 109 Pro (AKG K240 foam disc)	ignore	
https://superreview.squig.link/headphones/data/Meze%20109%20Pro%20Titan%20mesh%20R1.txt	Meze 109 Pro (mod: ZMF Titan solid mesh)	Meze 109 Pro (mod ZMF Titan solid mesh)	ignore	KB006x + 711
https://superreview.squig.link/headphones/data/Meze%20109%20Pro%20Titan%20mesh%20R2.txt	Meze 109 Pro (mod: ZMF Titan solid mesh)	Meze 109 Pro (mod ZMF Titan solid mesh)	ignore	KB006x + 711
https://superreview.squig.link/headphones/data/Meze%20109%20Pro%20Titan%20mesh%20R3.txt	Meze 109 Pro (mod: ZMF Titan solid mesh)	Meze 109 Pro (mod ZMF Titan solid mesh)	ignore	KB006x + 711
https://superreview.squig.link/headphones/data/Meze%2099%20Classics%20(bwz%20sue)%20L1.txt	Meze 99 Classics (pads: Brainwavz oval microsuede)	Meze 99 Classics (pads: Brainwavz oval microsuede)	ignore	
https://superreview.squig.link/headphones/data/Meze%2099%20Classics%20(bwz%20sue)%20L2.txt	Meze 99 Classics (pads: Brainwavz oval microsuede)	Meze 99 Classics (pads: Brainwavz oval microsuede)	ignore	
https://superreview.squig.link/headphones/data/Meze%2099%20Classics%20(bwz%20sue)%20L3.txt	Meze 99 Classics (pads: Brainwavz oval microsuede)	Meze 99 Classics (pads: Brainwavz oval microsuede)	ignore	
https://superreview.squig.link/headphones/data/Meze%2099%20Classics%20(bwz%20sue)%20R1.txt	Meze 99 Classics (pads: Brainwavz oval microsuede)	Meze 99 Classics (pads: Brainwavz oval microsuede)	ignore	
https://superreview.squig.link/headphones/data/Meze%2099%20Classics%20(bwz%20sue)%20R2.txt	Meze 99 Classics (pads: Brainwavz oval microsuede)	Meze 99 Classics (pads: Brainwavz oval microsuede)	ignore	
https://superreview.squig.link/headphones/data/Meze%2099%20Classics%20(bwz%20sue)%20R3.txt	Meze 99 Classics (pads: Brainwavz oval microsuede)	Meze 99 Classics (pads: Brainwavz oval microsuede)	ignore	
https://superreview.squig.link/headphones/data/Meze%2099%20Classics%20(meze%20lg)%20L1.txt	Meze 99 Classics (pads: Meze large)	Meze 99 Classics (pads: Meze large)	ignore	
https://superreview.squig.link/headphones/data/Meze%2099%20Classics%20(meze%20lg)%20L2.txt	Meze 99 Classics (pads: Meze large)	Meze 99 Classics (pads: Meze large)	ignore	
https://superreview.squig.link/headphones/data/Meze%2099%20Classics%20(meze%20lg)%20L3.txt	Meze 99 Classics (pads: Meze large)	Meze 99 Classics (pads: Meze large)	ignore	
https://superreview.squig.link/headphones/data/Meze%2099%20Classics%20(meze%20lg)%20R1.txt	Meze 99 Classics (pads: Meze large)	Meze 99 Classics (pads: Meze large)	ignore	
https://superreview.squig.link/headphones/data/Meze%2099%20Classics%20(meze%20lg)%20R2.txt	Meze 99 Classics (pads: Meze large)	Meze 99 Classics (pads: Meze large)	ignore	
https://superreview.squig.link/headphones/data/Meze%2099%20Classics%20(meze%20lg)%20R3.txt	Meze 99 Classics (pads: Meze large)	Meze 99 Classics (pads: Meze large)	ignore	
https://superreview.squig.link/headphones/data/Meze%2099%20Classics%20(meze%20sm)%20L1.txt	Meze 99 Classics (pads: Meze small)	Meze 99 Classics (pads: Meze small)	ignore	
https://superreview.squig.link/headphones/data/Meze%2099%20Classics%20(meze%20sm)%20L2.txt	Meze 99 Classics (pads: Meze small)	Meze 99 Classics (pads: Meze small)	ignore	
https://superreview.squig.link/headphones/data/Meze%2099%20Classics%20(meze%20sm)%20L3.txt	Meze 99 Classics (pads: Meze small)	Meze 99 Classics (pads: Meze small)	ignore	
https://superreview.squig.link/headphones/data/Meze%2099%20Classics%20(meze%20sm)%20R1.txt	Meze 99 Classics (pads: Meze small)	Meze 99 Classics (pads: Meze small)	ignore	
https://superreview.squig.link/headphones/data/Meze%2099%20Classics%20(meze%20sm)%20R2.txt	Meze 99 Classics (pads: Meze small)	Meze 99 Classics (pads: Meze small)	ignore	
https://superreview.squig.link/headphones/data/Meze%2099%20Classics%20(meze%20sm)%20R3.txt	Meze 99 Classics (pads: Meze small)	Meze 99 Classics (pads: Meze small)	ignore	
https://squig.link/headphones/data/Meze%2099%20Classics%20V2%20L1.txt	Meze 99 Classics V2 	Meze 99 Classics V2	over-ear	KB006x + 711
https://squig.link/headphones/data/Meze%2099%20Classics%20V2%20L2.txt	Meze 99 Classics V2 	Meze 99 Classics V2	over-ear	KB006x + 711
https://squig.link/headphones/data/Meze%2099%20Classics%20V2%20L3.txt	Meze 99 Classics V2 	Meze 99 Classics V2	over-ear	KB006x + 711
https://squig.link/headphones/data/Meze%2099%20Classics%20V2%20R1.txt	Meze 99 Classics V2 	Meze 99 Classics V2	over-ear	KB006x + 711
https://squig.link/headphones/data/Meze%2099%20Classics%20V2%20R2.txt	Meze 99 Classics V2 	Meze 99 Classics V2	over-ear	KB006x + 711
https://squig.link/headphones/data/Meze%2099%20Classics%20V2%20R3.txt	Meze 99 Classics V2 	Meze 99 Classics V2	over-ear	KB006x + 711
https://squig.link/headphones/data/Meze%2099%20Classics%20V2%20absorbers%20L1.txt	Meze 99 Classics V2 (acoustic absorbers: in)	Meze 99 Classics V2 (acoustic absorbers in)	over-ear	KB006x + 711
https://squig.link/headphones/data/Meze%2099%20Classics%20V2%20absorbers%20L2.txt	Meze 99 Classics V2 (acoustic absorbers: in)	Meze 99 Classics V2 (acoustic absorbers in)	over-ear	KB006x + 711
https://squig.link/headphones/data/Meze%2099%20Classics%20V2%20absorbers%20L3.txt	Meze 99 Classics V2 (acoustic absorbers: in)	Meze 99 Classics V2 (acoustic absorbers in)	over-ear	KB006x + 711
https://squig.link/headphones/data/Meze%2099%20Classics%20V2%20absorbers%20R1.txt	Meze 99 Classics V2 (acoustic absorbers: in)	Meze 99 Classics V2 (acoustic absorbers in)	over-ear	KB006x + 711
https://squig.link/headphones/data/Meze%2099%20Classics%20V2%20absorbers%20R2.txt	Meze 99 Classics V2 (acoustic absorbers: in)	Meze 99 Classics V2 (acoustic absorbers in)	over-ear	KB006x + 711
https://squig.link/headphones/data/Meze%2099%20Classics%20V2%20absorbers%20R3.txt	Meze 99 Classics V2 (acoustic absorbers: in)	Meze 99 Classics V2 (acoustic absorbers in)	over-ear	KB006x + 711
https://superreview.squig.link/data/Meze%20Alba%20L.txt	Meze Alba	Meze Alba	in-ear	711
https://superreview.squig.link/data/Meze%20Alba%20R.txt	Meze Alba	Meze Alba	in-ear	711
https://superreview.squig.link/headphones/data/Meze%20Empyrean%20II%20(alcantara)%20L1.txt	Meze Empyrean II (pads: Alcantara)	Meze Empyrean II (alcantara earpads)	over-ear	KB006x + 711
https://superreview.squig.link/headphones/data/Meze%20Empyrean%20II%20(alcantara)%20L2.txt	Meze Empyrean II (pads: Alcantara)	Meze Empyrean II (alcantara earpads)	over-ear	KB006x + 711
https://superreview.squig.link/headphones/data/Meze%20Empyrean%20II%20(alcantara)%20L3.txt	Meze Empyrean II (pads: Alcantara)	Meze Empyrean II (alcantara earpads)	over-ear	KB006x + 711
https://superreview.squig.link/headphones/data/Meze%20Empyrean%20II%20(alcantara)%20R1.txt	Meze Empyrean II (pads: Alcantara)	Meze Empyrean II (alcantara earpads)	over-ear	KB006x + 711
https://superreview.squig.link/headphones/data/Meze%20Empyrean%20II%20(alcantara)%20R2.txt	Meze Empyrean II (pads: Alcantara)	Meze Empyrean II (alcantara earpads)	over-ear	KB006x + 711
https://superreview.squig.link/headphones/data/Meze%20Empyrean%20II%20(alcantara)%20R3.txt	Meze Empyrean II (pads: Alcantara)	Meze Empyrean II (alcantara earpads)	over-ear	KB006x + 711
https://superreview.squig.link/headphones/data/Meze%20Empyrean%20II%20(duo)%20L1.txt	Meze Empyrean II (pads: Duo)	Meze Empyrean II (duo earpads)	over-ear	KB006x + 711
https://superreview.squig.link/headphones/data/Meze%20Empyrean%20II%20(duo)%20L2.txt	Meze Empyrean II (pads: Duo)	Meze Empyrean II (duo earpads)	over-ear	KB006x + 711
https://superreview.squig.link/headphones/data/Meze%20Empyrean%20II%20(duo)%20L3.txt	Meze Empyrean II (pads: Duo)	Meze Empyrean II (duo earpads)	over-ear	KB006x + 711
https://superreview.squig.link/headphones/data/Meze%20Empyrean%20II%20(duo)%20R1.txt	Meze Empyrean II (pads: Duo)	Meze Empyrean II (duo earpads)	over-ear	KB006x + 711
https://superreview.squig.link/headphones/data/Meze%20Empyrean%20II%20(duo)%20R2.txt	Meze Empyrean II (pads: Duo)	Meze Empyrean II (duo earpads)	over-ear	KB006x + 711
https://superreview.squig.link/headphones/data/Meze%20Empyrean%20II%20(duo)%20R3.txt	Meze Empyrean II (pads: Duo)	Meze Empyrean II (duo earpads)	over-ear	KB006x + 711
https://superreview.squig.link/headphones/data/Meze%20Liric%20L1.txt	Meze Liric	Meze Liric	over-ear	KB006x + 711
https://superreview.squig.link/headphones/data/Meze%20Liric%20L2.txt	Meze Liric	Meze Liric	over-ear	KB006x + 711
https://superreview.squig.link/headphones/data/Meze%20Liric%20L3.txt	Meze Liric	Meze Liric	over-ear	KB006x + 711
https://superreview.squig.link/headphones/data/Meze%20Liric%20R1.txt	Meze Liric	Meze Liric	over-ear	KB006x + 711
https://superreview.squig.link/headphones/data/Meze%20Liric%20R2.txt	Meze Liric	Meze Liric	over-ear	KB006x + 711
https://superreview.squig.link/headphones/data/Meze%20Liric%20R3.txt	Meze Liric	Meze Liric	over-ear	KB006x + 711
https://superreview.squig.link/headphones/data/Meze%20Liric%20II%20L1.txt	Meze Liric II	Meze Liric II	over-ear	KB006x + 711
https://superreview.squig.link/headphones/data/Meze%20Liric%20II%20L2.txt	Meze Liric II	Meze Liric II	over-ear	KB006x + 711
https://superreview.squig.link/headphones/data/Meze%20Liric%20II%20L3.txt	Meze Liric II	Meze Liric II	over-ear	KB006x + 711
https://superreview.squig.link/headphones/data/Meze%20Liric%20II%20R1.txt	Meze Liric II	Meze Liric II	over-ear	KB006x + 711
https://superreview.squig.link/headphones/data/Meze%20Liric%20II%20R2.txt	Meze Liric II	Meze Liric II	over-ear	KB006x + 711
https://superreview.squig.link/headphones/data/Meze%20Liric%20II%20R3.txt	Meze Liric II	Meze Liric II	over-ear	KB006x + 711
https://superreview.squig.link/headphones/data/Meze%20Poet%20L1.txt	Meze Poet	Meze Poet	over-ear	KB006x + 711
https://superreview.squig.link/headphones/data/Meze%20Poet%20L2.txt	Meze Poet	Meze Poet	over-ear	KB006x + 711
https://superreview.squig.link/headphones/data/Meze%20Poet%20L3.txt	Meze Poet	Meze Poet	over-ear	KB006x + 711
https://superreview.squig.link/headphones/data/Meze%20Poet%20R1.txt	Meze Poet	Meze Poet	over-ear	KB006x + 711
https://superreview.squig.link/headphones/data/Meze%20Poet%20R2.txt	Meze Poet	Meze Poet	over-ear	KB006x + 711
https://superreview.squig.link/headphones/data/Meze%20Poet%20R3.txt	Meze Poet	Meze Poet	over-ear	KB006x + 711
https://superreview.squig.link/data/MiM%20Dark%20Magician%20L.txt	MiM Audio Dark Magician	MiM Audio Dark Magician	in-ear	711
https://superreview.squig.link/data/MiM%20Dark%20Magician%20R.txt	MiM Audio Dark Magician	MiM Audio Dark Magician	in-ear	711
https://superreview.squig.link/data/MiM%20Dark%20Magician%20Revised%20L.txt	MiM Audio Dark Magician (Revised)	MiM Audio Dark Magician (revised)	in-ear	711
https://superreview.squig.link/data/MiM%20Dark%20Magician%20Revised%20R.txt	MiM Audio Dark Magician (Revised)	MiM Audio Dark Magician (revised)	in-ear	711
https://superreview.squig.link/headphones/data/Mod%20House%20Tungsten%20DS%20L1.txt	Mod House Tungsten (double-sided, pads: ZMF Caldera Ultra-Perf [stock])	Modhouse Audio Tungsten Double Sided (ZMF Caldera Ultra-Perf earpads)	over-ear	KB006x + 711
https://superreview.squig.link/headphones/data/Mod%20House%20Tungsten%20DS%20L2.txt	Mod House Tungsten (double-sided, pads: ZMF Caldera Ultra-Perf [stock])	Modhouse Audio Tungsten Double Sided (ZMF Caldera Ultra-Perf earpads)	over-ear	KB006x + 711
https://superreview.squig.link/headphones/data/Mod%20House%20Tungsten%20DS%20L3.txt	Mod House Tungsten (double-sided, pads: ZMF Caldera Ultra-Perf [stock])	Modhouse Audio Tungsten Double Sided (ZMF Caldera Ultra-Perf earpads)	over-ear	KB006x + 711
https://superreview.squig.link/headphones/data/Mod%20House%20Tungsten%20DS%20R1.txt	Mod House Tungsten (double-sided, pads: ZMF Caldera Ultra-Perf [stock])	Modhouse Audio Tungsten Double Sided (ZMF Caldera Ultra-Perf earpads)	over-ear	KB006x + 711
https://superreview.squig.link/headphones/data/Mod%20House%20Tungsten%20DS%20R2.txt	Mod House Tungsten (double-sided, pads: ZMF Caldera Ultra-Perf [stock])	Modhouse Audio Tungsten Double Sided (ZMF Caldera Ultra-Perf earpads)	over-ear	KB006x + 711
https://superreview.squig.link/headphones/data/Mod%20House%20Tungsten%20DS%20R3.txt	Mod House Tungsten (double-sided, pads: ZMF Caldera Ultra-Perf [stock])	Modhouse Audio Tungsten Double Sided (ZMF Caldera Ultra-Perf earpads)	over-ear	KB006x + 711
https://superreview.squig.link/headphones/data/Mod%20House%20Tungsten%20DS%20Hybrid%20L1.txt	Mod House Tungsten (double-sided, pads: ZMF Caldera Hybrid	Modhouse Audio Tungsten Double Sided (ZMF Caldera hybrid earpads)	over-ear	KB006x + 711
https://superreview.squig.link/headphones/data/Mod%20House%20Tungsten%20DS%20Hybrid%20L2.txt	Mod House Tungsten (double-sided, pads: ZMF Caldera Hybrid	Modhouse Audio Tungsten Double Sided (ZMF Caldera hybrid earpads)	over-ear	KB006x + 711
https://superreview.squig.link/headphones/data/Mod%20House%20Tungsten%20DS%20Hybrid%20L3.txt	Mod House Tungsten (double-sided, pads: ZMF Caldera Hybrid	Modhouse Audio Tungsten Double Sided (ZMF Caldera hybrid earpads)	over-ear	KB006x + 711
https://superreview.squig.link/headphones/data/Mod%20House%20Tungsten%20DS%20Hybrid%20R1.txt	Mod House Tungsten (double-sided, pads: ZMF Caldera Hybrid	Modhouse Audio Tungsten Double Sided (ZMF Caldera hybrid earpads)	over-ear	KB006x + 711
https://superreview.squig.link/headphones/data/Mod%20House%20Tungsten%20DS%20Hybrid%20R2.txt	Mod House Tungsten (double-sided, pads: ZMF Caldera Hybrid	Modhouse Audio Tungsten Double Sided (ZMF Caldera hybrid earpads)	over-ear	KB006x + 711
https://superreview.squig.link/headphones/data/Mod%20House%20Tungsten%20DS%20Hybrid%20R3.txt	Mod House Tungsten (double-sided, pads: ZMF Caldera Hybrid	Modhouse Audio Tungsten Double Sided (ZMF Caldera hybrid earpads)	over-ear	KB006x + 711
https://superreview.squig.link/headphones/data/Mod%20House%20Tungsten%20SS%20L1.txt	Mod House Tungsten (single-sided, pads: ZMF Caldera Hybrid [stock])	Modhouse Audio Tungsten Single Sided (ZMF Caldera Hybrid earpads)	over-ear	KB006x + 711
https://superreview.squig.link/headphones/data/Mod%20House%20Tungsten%20SS%20L2.txt	Mod House Tungsten (single-sided, pads: ZMF Caldera Hybrid [stock])	Modhouse Audio Tungsten Single Sided (ZMF Caldera Hybrid earpads)	over-ear	KB006x + 711
https://superreview.squig.link/headphones/data/Mod%20House%20Tungsten%20SS%20L3.txt	Mod House Tungsten (single-sided, pads: ZMF Caldera Hybrid [stock])	Modhouse Audio Tungsten Single Sided (ZMF Caldera Hybrid earpads)	over-ear	KB006x + 711
https://superreview.squig.link/headphones/data/Mod%20House%20Tungsten%20SS%20R1.txt	Mod House Tungsten (single-sided, pads: ZMF Caldera Hybrid [stock])	Modhouse Audio Tungsten Single Sided (ZMF Caldera Hybrid earpads)	over-ear	KB006x + 711
https://superreview.squig.link/headphones/data/Mod%20House%20Tungsten%20SS%20R2.txt	Mod House Tungsten (single-sided, pads: ZMF Caldera Hybrid [stock])	Modhouse Audio Tungsten Single Sided (ZMF Caldera Hybrid earpads)	over-ear	KB006x + 711
https://superreview.squig.link/headphones/data/Mod%20House%20Tungsten%20SS%20R3.txt	Mod House Tungsten (single-sided, pads: ZMF Caldera Hybrid [stock])	Modhouse Audio Tungsten Single Sided (ZMF Caldera Hybrid earpads)	over-ear	KB006x + 711
https://superreview.squig.link/headphones/data/Mod%20House%20Tungsten%20SS%20Perf%20L1.txt	Mod House Tungsten (single-sided, pads: ZMF Caldera Ultra-Perf	Modhouse Audio Tungsten Single Sided (ZMF Caldera Ultra-Perf earpads)	over-ear	KB006x + 711
https://superreview.squig.link/headphones/data/Mod%20House%20Tungsten%20SS%20Perf%20L2.txt	Mod House Tungsten (single-sided, pads: ZMF Caldera Ultra-Perf	Modhouse Audio Tungsten Single Sided (ZMF Caldera Ultra-Perf earpads)	over-ear	KB006x + 711
https://superreview.squig.link/headphones/data/Mod%20House%20Tungsten%20SS%20Perf%20L3.txt	Mod House Tungsten (single-sided, pads: ZMF Caldera Ultra-Perf	Modhouse Audio Tungsten Single Sided (ZMF Caldera Ultra-Perf earpads)	over-ear	KB006x + 711
https://superreview.squig.link/headphones/data/Mod%20House%20Tungsten%20SS%20Perf%20R1.txt	Mod House Tungsten (single-sided, pads: ZMF Caldera Ultra-Perf	Modhouse Audio Tungsten Single Sided (ZMF Caldera Ultra-Perf earpads)	over-ear	KB006x + 711
https://superreview.squig.link/headphones/data/Mod%20House%20Tungsten%20SS%20Perf%20R2.txt	Mod House Tungsten (single-sided, pads: ZMF Caldera Ultra-Perf	Modhouse Audio Tungsten Single Sided (ZMF Caldera Ultra-Perf earpads)	over-ear	KB006x + 711
https://superreview.squig.link/headphones/data/Mod%20House%20Tungsten%20SS%20Perf%20R3.txt	Mod House Tungsten (single-sided, pads: ZMF Caldera Ultra-Perf	Modhouse Audio Tungsten Single Sided (ZMF Caldera Ultra-Perf earpads)	over-ear	KB006x + 711
https://superreview.squig.link/data/Monoprice%20Quartet%20L.txt	Monoprice Quartet	Monoprice Quartet	in-ear	711
https://superreview.squig.link/data/Monoprice%20Quartet%20R.txt	Monoprice Quartet	Monoprice Quartet	in-ear	711
https://superreview.squig.link/data/Moondrop%20Alice%20(EQ%20Austria)%20L.txt	Moondrop Alice (EQ: Austria)	Moondrop Alice (EQ: Austria)	ignore	
https://superreview.squig.link/data/Moondrop%20Alice%20(EQ%20Austria)%20R.txt	Moondrop Alice (EQ: Austria)	Moondrop Alice (EQ: Austria)	ignore	
https://superreview.squig.link/data/Moondrop%20Alice%20(EQ%20Berlin)%20L.txt	Moondrop Alice (EQ: Berlin)	Moondrop Alice (EQ: Berlin)	ignore	
https://superreview.squig.link/data/Moondrop%20Alice%20(EQ%20Berlin)%20R.txt	Moondrop Alice (EQ: Berlin)	Moondrop Alice (EQ: Berlin)	ignore	
https://superreview.squig.link/data/Moondrop%20Alice%20(EQ%20Brooklyn)%20L.txt	Moondrop Alice (EQ: Brooklyn)	Moondrop Alice (EQ: Brooklyn)	ignore	
https://superreview.squig.link/data/Moondrop%20Alice%20(EQ%20Brooklyn)%20R.txt	Moondrop Alice (EQ: Brooklyn)	Moondrop Alice (EQ: Brooklyn)	ignore	
https://superreview.squig.link/data/Moondrop%20Alice%20(EQ%20Hokkaido)%20L.txt	Moondrop Alice (EQ: Hokkaido)	Moondrop Alice (EQ: Hokkaido)	ignore	
https://superreview.squig.link/data/Moondrop%20Alice%20(EQ%20Hokkaido)%20R.txt	Moondrop Alice (EQ: Hokkaido)	Moondrop Alice (EQ: Hokkaido)	ignore	
https://superreview.squig.link/data/Moondrop%20Alice%20(EQ%20In-Ear%20Target)%20L.txt	Moondrop Alice (EQ: In-Ear Target)	Moondrop Alice (EQ: In-Ear Target)	ignore	
https://superreview.squig.link/data/Moondrop%20Alice%20(EQ%20In-Ear%20Target)%20R.txt	Moondrop Alice (EQ: In-Ear Target)	Moondrop Alice (EQ: In-Ear Target)	ignore	
https://superreview.squig.link/data/Moondrop%20Alice%20L.txt	Moondrop Alice (EQ: Moondrop Target firmware 0.1.8)	Moondrop Alice (EQ: Moondrop Target firmware 0.1.8)	ignore	
https://superreview.squig.link/data/Moondrop%20Alice%20R.txt	Moondrop Alice (EQ: Moondrop Target firmware 0.1.8)	Moondrop Alice (EQ: Moondrop Target firmware 0.1.8)	ignore	
https://superreview.squig.link/data/Moondrop%20Alice%20(0.1.9)%20L.txt	Moondrop Alice (EQ: Moondrop Target firmware 1.2.0)	Moondrop Alice (EQ: Moondrop Target firmware 1.2.0)	ignore	
https://superreview.squig.link/data/Moondrop%20Alice%20(0.1.9)%20R.txt	Moondrop Alice (EQ: Moondrop Target firmware 1.2.0)	Moondrop Alice (EQ: Moondrop Target firmware 1.2.0)	ignore	
https://superreview.squig.link/data/Moondrop%20Alice%20(2.0.1)%20L.txt	Moondrop Alice (EQ: Moondrop Target firmware 2.0.1)	Moondrop Alice (EQ: Moondrop Target firmware 2.0.1)	ignore	
https://superreview.squig.link/data/Moondrop%20Alice%20(2.0.1)%20R.txt	Moondrop Alice (EQ: Moondrop Target firmware 2.0.1)	Moondrop Alice (EQ: Moondrop Target firmware 2.0.1)	ignore	
https://superreview.squig.link/data/Moondrop%20Alice%20(EQ%20Munich)%20L.txt	Moondrop Alice (EQ: Munich)	Moondrop Alice (EQ: Munich)	ignore	
https://superreview.squig.link/data/Moondrop%20Alice%20(EQ%20Munich)%20R.txt	Moondrop Alice (EQ: Munich)	Moondrop Alice (EQ: Munich)	ignore	
https://superreview.squig.link/data/Moondrop%20Alice%20(EQ%20Tokyo)%20L.txt	Moondrop Alice (EQ: Tokyo)	Moondrop Alice (EQ: Tokyo)	ignore	
https://superreview.squig.link/data/Moondrop%20Alice%20(EQ%20Tokyo)%20R.txt	Moondrop Alice (EQ: Tokyo)	Moondrop Alice (EQ: Tokyo)	ignore	
https://superreview.squig.link/data/Moondrop%20Alice%20(EQ%20Vienna)%20L.txt	Moondrop Alice (EQ: Vienna)	Moondrop Alice (EQ: Vienna)	ignore	
https://superreview.squig.link/data/Moondrop%20Alice%20(EQ%20Vienna)%20R.txt	Moondrop Alice (EQ: Vienna)	Moondrop Alice (EQ: Vienna)	ignore	
https://superreview.squig.link/data/Moondrop%20Alice%20(EQ%20Wennebostel)%20L.txt	Moondrop Alice (EQ: Wennebostel)	Moondrop Alice (EQ: Wennebostel)	ignore	
https://superreview.squig.link/data/Moondrop%20Alice%20(EQ%20Wennebostel)%20R.txt	Moondrop Alice (EQ: Wennebostel)	Moondrop Alice (EQ: Wennebostel)	ignore	
https://superreview.squig.link/data/Moondrop%20Alice%20(EQ%20PEQ%20default)%20L.txt	Moondrop Alice (EQ: PEQ default)	Moondrop Alice (default EQ)	in-ear	711
https://superreview.squig.link/data/Moondrop%20Alice%20(EQ%20PEQ%20default)%20R.txt	Moondrop Alice (EQ: PEQ default)	Moondrop Alice (default EQ)	in-ear	711
https://superreview.squig.link/data/Moondrop%20Aria%20L.txt	Moondrop Aria	Moondrop Aria	in-ear	711
https://superreview.squig.link/data/Moondrop%20Aria%202%20L.txt	Moondrop Aria 2	Moondrop Aria 2	in-ear	711
https://superreview.squig.link/data/Moondrop%20Aria%202%20R.txt	Moondrop Aria 2	Moondrop Aria 2	in-ear	711
https://superreview.squig.link/data/Moondrop%20Aria%20Snow%20L.txt	Moondrop Aria: Snow Edition (tips: gray)	Moondrop Aria Snow Edition	in-ear	711
https://superreview.squig.link/data/Moondrop%20Aria%20Snow%20R.txt	Moondrop Aria: Snow Edition (tips: gray)	Moondrop Aria Snow Edition	in-ear	711
https://superreview.squig.link/data/Moondrop%20Aria%20Snow%20(Spring)%20L.txt	Moondrop Aria: Snow Edition (tips: Spring)	Moondrop Aria Snow Edition (Moondrop Spring eartips)	ignore	711
https://superreview.squig.link/data/Moondrop%20Aria%20Snow%20(Spring)%20R.txt	Moondrop Aria: Snow Edition (tips: Spring)	Moondrop Aria Snow Edition (Moondrop Spring eartips)	ignore	711
https://squig.link/data/Moondrop%20Armature%20Art%2012%20L.txt	Moondrop Armature Art 12 	Moondrop Armature Art 12	in-ear	711
https://squig.link/data/Moondrop%20Armature%20Art%2012%20R.txt	Moondrop Armature Art 12 	Moondrop Armature Art 12	in-ear	711
https://squig.link/data/Moondrop%20Armature%20Art%2012%20deep%20L.txt	Moondrop Armature Art 12 (insert: deep)	Moondrop Armature Art 12 (insert deep)	in-ear	711
https://squig.link/data/Moondrop%20Armature%20Art%2012%20deep%20R.txt	Moondrop Armature Art 12 (insert: deep)	Moondrop Armature Art 12 (insert deep)	in-ear	711
https://squig.link/data/Moondrop%20Armature%20Art%2012%20shallow%20L.txt	Moondrop Armature Art 12 (insert: shallow)	Moondrop Armature Art 12 (insert shallow)	in-ear	711
https://squig.link/data/Moondrop%20Armature%20Art%2012%20shallow%20R.txt	Moondrop Armature Art 12 (insert: shallow)	Moondrop Armature Art 12 (insert shallow)	in-ear	711
https://superreview.squig.link/earbuds/data/Moondrop%20Block%20L1.txt		Moondrop BLOCK	in-ear	KB006x + 711
https://superreview.squig.link/earbuds/data/Moondrop%20Block%20L2.txt		Moondrop BLOCK	in-ear	KB006x + 711
https://superreview.squig.link/earbuds/data/Moondrop%20Block%20L3.txt		Moondrop BLOCK	in-ear	KB006x + 711
https://superreview.squig.link/earbuds/data/Moondrop%20Block%20R1.txt		Moondrop BLOCK	in-ear	KB006x + 711
https://superreview.squig.link/earbuds/data/Moondrop%20Block%20R2.txt		Moondrop BLOCK	in-ear	KB006x + 711
https://superreview.squig.link/earbuds/data/Moondrop%20Block%20R3.txt		Moondrop BLOCK	in-ear	KB006x + 711
https://superreview.squig.link/data/Moondrop%20Blessing%202%20(E-type)%20L.txt	Moondrop Blessing 2 (tips: E-type)	Moondrop Blessing 2 (Final Audio Type E eartips)	ignore	711
https://superreview.squig.link/data/Moondrop%20Blessing%202%20(Precog)%20L.txt		Moondrop Blessing 2 (Precog)	ignore	
https://superreview.squig.link/data/Moondrop%20Blessing%202%20L.txt	Moondrop Blessing 2 (no filter)	Moondrop Blessing 2 (no filter)	ignore	
https://superreview.squig.link/data/Moondrop%20Blessing%202%20R.txt	Moondrop Blessing 2 (no filter)	Moondrop Blessing 2 (no filter)	ignore	
https://superreview.squig.link/data/Moondrop%20Blessing%202%20(Moondrop%20filter)%20L.txt	Moondrop Blessing 2 (w/ Moondrop filter)	Moondrop Blessing 2 (w/ Moondrop filter)	ignore	
https://superreview.squig.link/data/Moondrop%20Blessing%202%20Dusk%20(Precog)%20L.txt		Moondrop Blessing 2 Dusk (Precog)	ignore	
https://superreview.squig.link/data/Moondrop%20Blessing%203%20L.txt	Moondrop Blessing 3	Moondrop Blessing 3	in-ear	711
https://superreview.squig.link/data/Moondrop%20Blessing%203%20R.txt	Moondrop Blessing 3	Moondrop Blessing 3	in-ear	711
https://squig.link/data/Moondrop%20Blessing%203%20Aqua%20L.txt	Moondrop Blessing 3 Aqua (sample 1)	Moondrop Blessing 3 Aqua (sample 1)	in-ear	711
https://squig.link/data/Moondrop%20Blessing%203%20Aqua%20R.txt	Moondrop Blessing 3 Aqua (sample 1)	Moondrop Blessing 3 Aqua (sample 1)	in-ear	711
https://squig.link/data/Moondrop%20Blessing%203%20Aqua%20S2%20L.txt	Moondrop Blessing 3 Aqua (sample 2)	Moondrop Blessing 3 Aqua (sample 2)	in-ear	711
https://squig.link/data/Moondrop%20Blessing%203%20Aqua%20S2%20R.txt	Moondrop Blessing 3 Aqua (sample 2)	Moondrop Blessing 3 Aqua (sample 2)	in-ear	711
https://superreview.squig.link/data/Moondrop%20Chu%20L.txt	Moondrop Chu stock	Moondrop Chu	in-ear	711
https://superreview.squig.link/data/Moondrop%20Chu%20R.txt	Moondrop Chu stock	Moondrop Chu	in-ear	711
https://superreview.squig.link/data/Moondrop%20Chu%20(Tanchjim%20filter)%20L.txt	Moondrop Chu (Tanchjim filter on nozzle)	Moondrop Chu (Tanchjim filter on nozzle)	ignore	
https://superreview.squig.link/data/Moondrop%20Chu%20(Tanchjim%20filter)%20R.txt	Moondrop Chu (Tanchjim filter on nozzle)	Moondrop Chu (Tanchjim filter on nozzle)	ignore	
https://superreview.squig.link/data/Moondrop%20Chu%20(vent%20-%20BluTack)%20L.txt	Moondrop Chu (vent blocked: Blu-Tack)	Moondrop Chu (vent blocked: Blu-Tack)	ignore	
https://superreview.squig.link/data/Moondrop%20Chu%20(vent%20-%20BluTack)%20R.txt	Moondrop Chu (vent blocked: Blu-Tack)	Moondrop Chu (vent blocked: Blu-Tack)	ignore	
https://superreview.squig.link/data/Moondrop%20Chu%20(vent%20-%20Tanchjim)%20L.txt	Moondrop Chu (vent blocked: Tanchjim filter)	Moondrop Chu (vent blocked: Tanchjim filter)	ignore	
https://superreview.squig.link/data/Moondrop%20Chu%20(vent%20-%20Tanchjim)%20R.txt	Moondrop Chu (vent blocked: Tanchjim filter)	Moondrop Chu (vent blocked: Tanchjim filter)	ignore	
https://superreview.squig.link/data/Moondrop%20Chu%202%20L.txt	Moondrop Chu 2 (sample 1)	Moondrop Chu 2	in-ear	711
https://superreview.squig.link/data/Moondrop%20Chu%202%20R.txt	Moondrop Chu 2 (sample 1)	Moondrop Chu 2	in-ear	711
https://superreview.squig.link/data/Moondrop%20Chu%202%20(S2)%20L.txt	Moondrop Chu 2 (sample 2)	Moondrop Chu 2	in-ear	711
https://superreview.squig.link/data/Moondrop%20Chu%202%20(S2)%20R.txt	Moondrop Chu 2 (sample 2)	Moondrop Chu 2	in-ear	711
https://squig.link/data/Moondrop%20Chu%203%20L.txt	Moondrop Chu 3 	Moondrop Chu 3	in-ear	711
https://squig.link/data/Moondrop%20Chu%203%20R.txt	Moondrop Chu 3 	Moondrop Chu 3	in-ear	711
https://squig.link/data/Moondrop%20Chu%203%20deep%20L.txt	Moondrop Chu 3 (insert: deep)	Moondrop Chu 3 (insert deep)	in-ear	711
https://squig.link/data/Moondrop%20Chu%203%20deep%20R.txt	Moondrop Chu 3 (insert: deep)	Moondrop Chu 3 (insert deep)	in-ear	711
https://squig.link/data/Moondrop%20Chu%203%20shallow%20L.txt	Moondrop Chu 3 (insert: shallow)	Moondrop Chu 3 (insert shallow)	in-ear	711
https://squig.link/data/Moondrop%20Chu%203%20shallow%20R.txt	Moondrop Chu 3 (insert: shallow)	Moondrop Chu 3 (insert shallow)	in-ear	711
https://squig.link/data/Moondrop%20Chu%203%20S2%20L.txt	Moondrop Chu 3 (sample 2)	Moondrop Chu 3 (sample 2)	in-ear	711
https://squig.link/data/Moondrop%20Chu%203%20S2%20R.txt	Moondrop Chu 3 (sample 2)	Moondrop Chu 3 (sample 2)	in-ear	711
https://superreview.squig.link/data/Moondrop%20Concerto%20L.txt	Moondrop Concerto 	Moondrop Concerto	in-ear	711
https://superreview.squig.link/data/Moondrop%20Concerto%20R.txt	Moondrop Concerto 	Moondrop Concerto	in-ear	711
https://superreview.squig.link/data/Moondrop%20Concerto%20preprod%20L.txt	Moondrop Concerto (pre-production @ SIAS)	Moondrop Concerto (pre-production @ SIAS)	ignore	711
https://superreview.squig.link/data/Moondrop%20Concerto%20preprod%20R.txt	Moondrop Concerto (pre-production @ SIAS)	Moondrop Concerto (pre-production @ SIAS)	ignore	711
https://superreview.squig.link/headphones/data/Moondrop%20Cosmo%20L1.txt	Moondrop Cosmo (pads: stock)	Moondrop Cosmo	over-ear	KB006x + 711
https://superreview.squig.link/headphones/data/Moondrop%20Cosmo%20L2.txt	Moondrop Cosmo (pads: stock)	Moondrop Cosmo	over-ear	KB006x + 711
https://superreview.squig.link/headphones/data/Moondrop%20Cosmo%20L3.txt	Moondrop Cosmo (pads: stock)	Moondrop Cosmo	over-ear	KB006x + 711
https://superreview.squig.link/headphones/data/Moondrop%20Cosmo%20R1.txt	Moondrop Cosmo (pads: stock)	Moondrop Cosmo	over-ear	KB006x + 711
https://superreview.squig.link/headphones/data/Moondrop%20Cosmo%20R2.txt	Moondrop Cosmo (pads: stock)	Moondrop Cosmo	over-ear	KB006x + 711
https://superreview.squig.link/headphones/data/Moondrop%20Cosmo%20R3.txt	Moondrop Cosmo (pads: stock)	Moondrop Cosmo	over-ear	KB006x + 711
https://superreview.squig.link/headphones/data/Moondrop%20Cosmo%20Para%20fene%20L1.txt	Moondrop Cosmo (pads: Para fenestrated)	Moondrop Cosmo (Para fenestrated earpads)	ignore	KB006x + 711
https://superreview.squig.link/headphones/data/Moondrop%20Cosmo%20Para%20hybrid%20L1.txt	Moondrop Cosmo (pads: Para hybrid)	Moondrop Cosmo (Para hybrid earpads)	ignore	KB006x + 711
https://superreview.squig.link/headphones/data/Moondrop%20Cosmo%20Para%20fene%20L2.txt	Moondrop Cosmo (pads: Para fenestrated)	Moondrop Cosmo (pads Para fenestrated)	ignore	KB006x + 711
https://superreview.squig.link/headphones/data/Moondrop%20Cosmo%20Para%20fene%20L3.txt	Moondrop Cosmo (pads: Para fenestrated)	Moondrop Cosmo (pads Para fenestrated)	ignore	KB006x + 711
https://superreview.squig.link/headphones/data/Moondrop%20Cosmo%20Para%20hybrid%20L2.txt	Moondrop Cosmo (pads: Para hybrid)	Moondrop Cosmo (pads Para hybrid)	ignore	KB006x + 711
https://superreview.squig.link/headphones/data/Moondrop%20Cosmo%20Para%20hybrid%20L3.txt	Moondrop Cosmo (pads: Para hybrid)	Moondrop Cosmo (pads Para hybrid)	ignore	KB006x + 711
https://superreview.squig.link/headphones/data/Moondrop%20Cosmo%20Para%20hybrid%20+%20AKG%20L1.txt		Moondrop Cosmo Para hybrid + AKG	ignore	KB006x + 711
https://superreview.squig.link/headphones/data/Moondrop%20Cosmo%20Para%20hybrid%20+%20AKG%20L2.txt		Moondrop Cosmo Para hybrid + AKG	ignore	KB006x + 711
https://superreview.squig.link/headphones/data/Moondrop%20Cosmo%20Para%20hybrid%20+%20AKG%20L3.txt		Moondrop Cosmo Para hybrid + AKG	ignore	KB006x + 711
https://superreview.squig.link/data/Moondrop%20Crescent%20L.txt	Moondrop Crescent	Moondrop Crescent	in-ear	711
https://superreview.squig.link/data/Moondrop%20Crescent%20R.txt	Moondrop Crescent	Moondrop Crescent	in-ear	711
https://superreview.squig.link/data/Moondrop%20Dark%20Saber%20S1%20L.txt	Moondrop Dark Saber (both channels)	Moondrop Dark Saber (both channels)	ignore	711
https://superreview.squig.link/data/Moondrop%20Dark%20Saber%20S1%20R.txt	Moondrop Dark Saber (both channels)	Moondrop Dark Saber (both channels)	ignore	711
https://superreview.squig.link/data/Moondrop%20Dark%20Saber%20L.txt	Moondrop Dark Saber 	Moondrop Darksaber	in-ear	711
https://superreview.squig.link/data/Moondrop%20The%20Droplet%20L.txt	Moondrop The Droplet	Moondrop Droplet	in-ear	711
https://superreview.squig.link/data/Moondrop%20The%20Droplet%20R.txt	Moondrop The Droplet	Moondrop Droplet	in-ear	711
https://squig.link/headphones/data/Moondrop%20Edge%20anc%20off%20eq%20blank%20L1.txt	Moondrop Edge (ANC: off :: EQ: blank)	Moondrop Edge (ANC off EQ blank)	over-ear	KB006x + 711
https://squig.link/headphones/data/Moondrop%20Edge%20anc%20off%20eq%20blank%20R1.txt	Moondrop Edge (ANC: off :: EQ: blank)	Moondrop Edge (ANC off EQ blank)	over-ear	KB006x + 711
https://squig.link/headphones/data/Moondrop%20Edge%20anc%20off%20L1.txt	Moondrop Edge (ANC: off)	Moondrop Edge (ANC off)	over-ear	KB006x + 711
https://squig.link/headphones/data/Moondrop%20Edge%20anc%20off%20R1.txt	Moondrop Edge (ANC: off)	Moondrop Edge (ANC off)	over-ear	KB006x + 711
https://squig.link/headphones/data/Moondrop%20Edge%20anc%20on%20eq%20blank%20L1.txt	Moondrop Edge (ANC: on :: EQ: blank)	Moondrop Edge (ANC on EQ blank)	over-ear	KB006x + 711
https://squig.link/headphones/data/Moondrop%20Edge%20anc%20on%20eq%20blank%20R1.txt	Moondrop Edge (ANC: on :: EQ: blank)	Moondrop Edge (ANC on EQ blank)	over-ear	KB006x + 711
https://squig.link/headphones/data/Moondrop%20Edge%20country%20L1.txt	Moondrop Edge (ANC: on :: EQ: country style)	Moondrop Edge (ANC on EQ country style)	over-ear	KB006x + 711
https://squig.link/headphones/data/Moondrop%20Edge%20country%20R1.txt	Moondrop Edge (ANC: on :: EQ: country style)	Moondrop Edge (ANC on EQ country style)	over-ear	KB006x + 711
https://squig.link/headphones/data/Moondrop%20Edge%20extra%20bass%20L1.txt	Moondrop Edge (ANC: on :: EQ: extra bass)	Moondrop Edge (ANC on EQ extra bass)	over-ear	KB006x + 711
https://squig.link/headphones/data/Moondrop%20Edge%20extra%20bass%20R1.txt	Moondrop Edge (ANC: on :: EQ: extra bass)	Moondrop Edge (ANC on EQ extra bass)	over-ear	KB006x + 711
https://squig.link/headphones/data/Moondrop%20Edge%20old%20studio%20L1.txt	Moondrop Edge (ANC: on :: EQ: old studio style)	Moondrop Edge (ANC on EQ old studio style)	over-ear	KB006x + 711
https://squig.link/headphones/data/Moondrop%20Edge%20old%20studio%20R1.txt	Moondrop Edge (ANC: on :: EQ: old studio style)	Moondrop Edge (ANC on EQ old studio style)	over-ear	KB006x + 711
https://squig.link/headphones/data/Moondrop%20Edge%20violin%20solo%20L1.txt	Moondrop Edge (ANC: on :: EQ: violin solo)	Moondrop Edge (ANC on EQ violin solo)	over-ear	KB006x + 711
https://squig.link/headphones/data/Moondrop%20Edge%20violin%20solo%20R1.txt	Moondrop Edge (ANC: on :: EQ: violin solo)	Moondrop Edge (ANC on EQ violin solo)	over-ear	KB006x + 711
https://squig.link/headphones/data/Moondrop%20Edge%20anc%20on%20L1.txt	Moondrop Edge (ANC: on)	Moondrop Edge (ANC on)	over-ear	KB006x + 711
https://squig.link/headphones/data/Moondrop%20Edge%20anc%20on%20L2.txt	Moondrop Edge (ANC: on)	Moondrop Edge (ANC on)	over-ear	KB006x + 711
https://squig.link/headphones/data/Moondrop%20Edge%20anc%20on%20L3.txt	Moondrop Edge (ANC: on)	Moondrop Edge (ANC on)	over-ear	KB006x + 711
https://squig.link/headphones/data/Moondrop%20Edge%20anc%20on%20R1.txt	Moondrop Edge (ANC: on)	Moondrop Edge (ANC on)	over-ear	KB006x + 711
https://squig.link/headphones/data/Moondrop%20Edge%20anc%20on%20R2.txt	Moondrop Edge (ANC: on)	Moondrop Edge (ANC on)	over-ear	KB006x + 711
https://squig.link/headphones/data/Moondrop%20Edge%20anc%20on%20R3.txt	Moondrop Edge (ANC: on)	Moondrop Edge (ANC on)	over-ear	KB006x + 711
https://squig.link/headphones/data/Moondrop%20Edge%20anc%20trans%20eq%20blank%20L1.txt	Moondrop Edge (ANC: transparency :: EQ: blank)	Moondrop Edge (ANC transparency EQ blank)	over-ear	KB006x + 711
https://squig.link/headphones/data/Moondrop%20Edge%20anc%20trans%20eq%20blank%20R1.txt	Moondrop Edge (ANC: transparency :: EQ: blank)	Moondrop Edge (ANC transparency EQ blank)	over-ear	KB006x + 711
https://squig.link/headphones/data/Moondrop%20Edge%20anc%20trans%20L1.txt	Moondrop Edge (ANC: transparency)	Moondrop Edge (ANC transparency)	over-ear	KB006x + 711
https://squig.link/headphones/data/Moondrop%20Edge%20anc%20trans%20R1.txt	Moondrop Edge (ANC: transparency)	Moondrop Edge (ANC transparency)	over-ear	KB006x + 711
https://squig.link/headphones/data/Moondrop%20Edge%202%20anc%20off%20L1.txt	Moondrop Edge 2 (ANC: off)	Moondrop Edge 2 (ANC off)	over-ear	KB006x + 711
https://squig.link/headphones/data/Moondrop%20Edge%202%20anc%20off%20R1.txt	Moondrop Edge 2 (ANC: off)	Moondrop Edge 2 (ANC off)	over-ear	KB006x + 711
https://squig.link/headphones/data/Moondrop%20Edge%202%20anc%20on%20L1.txt	Moondrop Edge 2 (ANC: on)	Moondrop Edge 2 (ANC on)	over-ear	KB006x + 711
https://squig.link/headphones/data/Moondrop%20Edge%202%20anc%20on%20L2.txt	Moondrop Edge 2 (ANC: on)	Moondrop Edge 2 (ANC on)	over-ear	KB006x + 711
https://squig.link/headphones/data/Moondrop%20Edge%202%20anc%20on%20L3.txt	Moondrop Edge 2 (ANC: on)	Moondrop Edge 2 (ANC on)	over-ear	KB006x + 711
https://squig.link/headphones/data/Moondrop%20Edge%202%20anc%20on%20R1.txt	Moondrop Edge 2 (ANC: on)	Moondrop Edge 2 (ANC on)	over-ear	KB006x + 711
https://squig.link/headphones/data/Moondrop%20Edge%202%20anc%20on%20R2.txt	Moondrop Edge 2 (ANC: on)	Moondrop Edge 2 (ANC on)	over-ear	KB006x + 711
https://squig.link/headphones/data/Moondrop%20Edge%202%20anc%20on%20R3.txt	Moondrop Edge 2 (ANC: on)	Moondrop Edge 2 (ANC on)	over-ear	KB006x + 711
https://squig.link/headphones/data/Moondrop%20Edge%202%20trans%20L1.txt	Moondrop Edge 2 (ANC: transparency)	Moondrop Edge 2 (ANC transparency)	over-ear	KB006x + 711
https://squig.link/headphones/data/Moondrop%20Edge%202%20trans%20R1.txt	Moondrop Edge 2 (ANC: transparency)	Moondrop Edge 2 (ANC transparency)	over-ear	KB006x + 711
https://squig.link/headphones/data/Moondrop%20GM-01%2035%20L1.txt	Moondrop GM-01 Pro (3.5mm analog)	Moondrop GM-01 Pro (3.5mm analog)	over-ear	KB006x + 711
https://squig.link/headphones/data/Moondrop%20GM-01%2035%20L2.txt	Moondrop GM-01 Pro (3.5mm analog)	Moondrop GM-01 Pro (3.5mm analog)	over-ear	KB006x + 711
https://squig.link/headphones/data/Moondrop%20GM-01%2035%20L3.txt	Moondrop GM-01 Pro (3.5mm analog)	Moondrop GM-01 Pro (3.5mm analog)	over-ear	KB006x + 711
https://squig.link/headphones/data/Moondrop%20GM-01%2035%20R1.txt	Moondrop GM-01 Pro (3.5mm analog)	Moondrop GM-01 Pro (3.5mm analog)	over-ear	KB006x + 711
https://squig.link/headphones/data/Moondrop%20GM-01%2035%20R2.txt	Moondrop GM-01 Pro (3.5mm analog)	Moondrop GM-01 Pro (3.5mm analog)	over-ear	KB006x + 711
https://squig.link/headphones/data/Moondrop%20GM-01%2035%20R3.txt	Moondrop GM-01 Pro (3.5mm analog)	Moondrop GM-01 Pro (3.5mm analog)	over-ear	KB006x + 711
https://squig.link/headphones/data/Moondrop%20GM-01%20BT%20L1.txt	Moondrop GM-01 Pro (Bluetooth)	Moondrop GM-01 Pro (Bluetooth)	over-ear	KB006x + 711
https://squig.link/headphones/data/Moondrop%20GM-01%20BT%20L2.txt	Moondrop GM-01 Pro (Bluetooth)	Moondrop GM-01 Pro (Bluetooth)	over-ear	KB006x + 711
https://squig.link/headphones/data/Moondrop%20GM-01%20BT%20L3.txt	Moondrop GM-01 Pro (Bluetooth)	Moondrop GM-01 Pro (Bluetooth)	over-ear	KB006x + 711
https://squig.link/headphones/data/Moondrop%20GM-01%20BT%20R1.txt	Moondrop GM-01 Pro (Bluetooth)	Moondrop GM-01 Pro (Bluetooth)	over-ear	KB006x + 711
https://squig.link/headphones/data/Moondrop%20GM-01%20BT%20R2.txt	Moondrop GM-01 Pro (Bluetooth)	Moondrop GM-01 Pro (Bluetooth)	over-ear	KB006x + 711
https://squig.link/headphones/data/Moondrop%20GM-01%20BT%20R3.txt	Moondrop GM-01 Pro (Bluetooth)	Moondrop GM-01 Pro (Bluetooth)	over-ear	KB006x + 711
https://squig.link/headphones/data/Moondrop%20GM-01%20USB%20L1.txt	Moondrop GM-01 Pro (USB)	Moondrop GM-01 Pro (USB)	over-ear	KB006x + 711
https://squig.link/headphones/data/Moondrop%20GM-01%20USB%20L2.txt	Moondrop GM-01 Pro (USB)	Moondrop GM-01 Pro (USB)	over-ear	KB006x + 711
https://squig.link/headphones/data/Moondrop%20GM-01%20USB%20L3.txt	Moondrop GM-01 Pro (USB)	Moondrop GM-01 Pro (USB)	over-ear	KB006x + 711
https://squig.link/headphones/data/Moondrop%20GM-01%20USB%20R1.txt	Moondrop GM-01 Pro (USB)	Moondrop GM-01 Pro (USB)	over-ear	KB006x + 711
https://squig.link/headphones/data/Moondrop%20GM-01%20USB%20R2.txt	Moondrop GM-01 Pro (USB)	Moondrop GM-01 Pro (USB)	over-ear	KB006x + 711
https://squig.link/headphones/data/Moondrop%20GM-01%20USB%20R3.txt	Moondrop GM-01 Pro (USB)	Moondrop GM-01 Pro (USB)	over-ear	KB006x + 711
https://superreview.squig.link/data/Moondrop%20Golden%20Ages%20monitor%20L.txt	Moondrop Golden Ages (preset: monitor)	Moondrop Golden Ages (monitor eq)	in-ear	711
https://superreview.squig.link/data/Moondrop%20Golden%20Ages%20monitor%20R.txt	Moondrop Golden Ages (preset: monitor)	Moondrop Golden Ages (monitor eq)	in-ear	711
https://superreview.squig.link/data/Moondrop%20Golden%20Ages%20basshead%20L.txt	Moondrop Golden Ages (preset: basshead)	Moondrop Golden Ages (preset: basshead)	ignore	711
https://superreview.squig.link/data/Moondrop%20Golden%20Ages%20basshead%20R.txt	Moondrop Golden Ages (preset: basshead)	Moondrop Golden Ages (preset: basshead)	ignore	711
https://superreview.squig.link/data/Moondrop%20Golden%20Ages%20reference%20L.txt	Moondrop Golden Ages (preset: reference)	Moondrop Golden Ages (preset: reference)	ignore	711
https://superreview.squig.link/data/Moondrop%20Golden%20Ages%20reference%20R.txt	Moondrop Golden Ages (preset: reference)	Moondrop Golden Ages (preset: reference)	ignore	711
https://squig.link/data/Moondrop%20Golden%20Ages%202%20monitor%20L.txt	Moondrop Golden Ages 2 (preset: monitor)	Moondrop Golden Ages 2 (preset monitor)	in-ear	711
https://squig.link/data/Moondrop%20Golden%20Ages%202%20monitor%20R.txt	Moondrop Golden Ages 2 (preset: monitor)	Moondrop Golden Ages 2 (preset monitor)	in-ear	711
https://squig.link/data/Moondrop%20Golden%20Ages%202%20pop%20L.txt	Moondrop Golden Ages 2 (preset: pop)	Moondrop Golden Ages 2 (preset pop)	in-ear	711
https://squig.link/data/Moondrop%20Golden%20Ages%202%20pop%20R.txt	Moondrop Golden Ages 2 (preset: pop)	Moondrop Golden Ages 2 (preset pop)	in-ear	711
https://squig.link/data/Moondrop%20Golden%20Ages%202%20reference%20L.txt	Moondrop Golden Ages 2 (preset: reference)	Moondrop Golden Ages 2 (preset reference)	in-ear	711
https://squig.link/data/Moondrop%20Golden%20Ages%202%20reference%20R.txt	Moondrop Golden Ages 2 (preset: reference)	Moondrop Golden Ages 2 (preset reference)	in-ear	711
https://superreview.squig.link/data/Moondrop%20Harmon%20L.txt	Moondrop Harmon 	Moondrop Harmon	in-ear	711
https://superreview.squig.link/data/Moondrop%20Harmon%20R.txt	Moondrop Harmon 	Moondrop Harmon	in-ear	711
https://superreview.squig.link/data/Moondrop%20Harmon%20deep%20L.txt	Moondrop Harmon (insert: deep)	Moondrop Harmon (insert deep)	ignore	711
https://superreview.squig.link/data/Moondrop%20Harmon%20deep%20R.txt	Moondrop Harmon (insert: deep)	Moondrop Harmon (insert deep)	ignore	711
https://superreview.squig.link/data/Moondrop%20Harmon%20shallow%20L.txt	Moondrop Harmon (insert: shallow)	Moondrop Harmon (insert shallow)	ignore	711
https://superreview.squig.link/data/Moondrop%20Harmon%20shallow%20R.txt	Moondrop Harmon (insert: shallow)	Moondrop Harmon (insert shallow)	ignore	711
https://superreview.squig.link/headphones/data/Moondrop%20Horizon%20L1.txt	Moondrop Horizon (pads: stock)	Moondrop Horizon	over-ear	KB006x + 711
https://superreview.squig.link/headphones/data/Moondrop%20Horizon%20L2.txt	Moondrop Horizon (pads: stock)	Moondrop Horizon	over-ear	KB006x + 711
https://superreview.squig.link/headphones/data/Moondrop%20Horizon%20L3.txt	Moondrop Horizon (pads: stock)	Moondrop Horizon	over-ear	KB006x + 711
https://superreview.squig.link/headphones/data/Moondrop%20Horizon%20R1.txt	Moondrop Horizon (pads: stock)	Moondrop Horizon	over-ear	KB006x + 711
https://superreview.squig.link/headphones/data/Moondrop%20Horizon%20R2.txt	Moondrop Horizon (pads: stock)	Moondrop Horizon	over-ear	KB006x + 711
https://superreview.squig.link/headphones/data/Moondrop%20Horizon%20R3.txt	Moondrop Horizon (pads: stock)	Moondrop Horizon	over-ear	KB006x + 711
https://superreview.squig.link/headphones/data/Moondrop%20Horizon%20cosmo%20L1.txt	Moondrop Horizon (pads: Cosmo :: mounting plate: Cosmo)	Moondrop Horizon (pads Cosmo mounting plate Cosmo)	ignore	KB006x + 711
https://superreview.squig.link/headphones/data/Moondrop%20Horizon%20cosmo%20L2.txt	Moondrop Horizon (pads: Cosmo :: mounting plate: Cosmo)	Moondrop Horizon (pads Cosmo mounting plate Cosmo)	ignore	KB006x + 711
https://superreview.squig.link/headphones/data/Moondrop%20Horizon%20cosmo%20L3.txt	Moondrop Horizon (pads: Cosmo :: mounting plate: Cosmo)	Moondrop Horizon (pads Cosmo mounting plate Cosmo)	ignore	KB006x + 711
https://superreview.squig.link/headphones/data/Moondrop%20Horizon%20cosmo%20R1.txt	Moondrop Horizon (pads: Cosmo :: mounting plate: Cosmo)	Moondrop Horizon (pads Cosmo mounting plate Cosmo)	ignore	KB006x + 711
https://superreview.squig.link/headphones/data/Moondrop%20Horizon%20cosmo%20R2.txt	Moondrop Horizon (pads: Cosmo :: mounting plate: Cosmo)	Moondrop Horizon (pads Cosmo mounting plate Cosmo)	ignore	KB006x + 711
https://superreview.squig.link/headphones/data/Moondrop%20Horizon%20cosmo%20R3.txt	Moondrop Horizon (pads: Cosmo :: mounting plate: Cosmo)	Moondrop Horizon (pads Cosmo mounting plate Cosmo)	ignore	KB006x + 711
https://superreview.squig.link/headphones/data/Moondrop%20Horizon%20para%20+%20AKG%20L1.txt		Moondrop Horizon para + AKG	ignore	KB006x + 711
https://superreview.squig.link/headphones/data/Moondrop%20Horizon%20para%20perf%20L1.txt		Moondrop Horizon para perf	ignore	KB006x + 711
https://superreview.squig.link/headphones/data/Moondrop%20Horizon%20para%20perf%20+%20AKG%20L1.txt		Moondrop Horizon para perf + AKG	ignore	KB006x + 711
https://superreview.squig.link/data/Moondrop%20Illustrious%20L.txt	Moondrop Illustrious 	Moondrop ILLUSTRIOUS	in-ear	711
https://superreview.squig.link/data/Moondrop%20Illustrious%20R.txt	Moondrop Illustrious 	Moondrop ILLUSTRIOUS	in-ear	711
https://superreview.squig.link/data/Moondrop%20Illumination%20L.txt	Moondrop Illumination (sample 1)	Moondrop Illumination	in-ear	711
https://superreview.squig.link/data/Moondrop%20Illumination%20(S2)%20L.txt	Moondrop Illumination (sample 2)	Moondrop Illumination	in-ear	711
https://superreview.squig.link/data/Moondrop%20Illumination%20(Sedna%20Light)%20L.txt	Moondrop Illumination (tips: Sedna Light)	Moondrop Illumination (AZLA Sedna Light eartips)	ignore	711
https://superreview.squig.link/data/Moondrop%20Illumination%20(Final%20TWS)%20L.txt	Moondrop Illumination (tips: Final TWS)	Moondrop Illumination (Final Audio TWS eartips)	ignore	711
https://superreview.squig.link/data/Moondrop%20Illumination%20(Final%20E)%20L.txt	Moondrop Illumination (tips: Final E-type)	Moondrop Illumination (Final Audio Type E eartips)	ignore	711
https://superreview.squig.link/data/Moondrop%20Illumination%20(Spiral%20Dots)%20L.txt	Moondrop Illumination (tips: Spiral Dots)	Moondrop Illumination (JVC Spiral Dots eartips)	ignore	711
https://superreview.squig.link/data/Moondrop%20Illumination%20(Moondrop%20Foam)%20L.txt	Moondrop Illumination (tips: Moondrop foam)	Moondrop Illumination (Moondrop foam eartips)	ignore	711
https://superreview.squig.link/data/Moondrop%20Illumination%20(filter%20removed)%20L.txt	Moondrop Illumination (foam filter removed)	Moondrop Illumination (foam filter removed)	ignore	
https://superreview.squig.link/data/Moondrop%20Illustrious%20deep%20L.txt	Moondrop Illustrious (insert: deep)	Moondrop Illustrious (insert deep)	ignore	711
https://superreview.squig.link/data/Moondrop%20Illustrious%20deep%20R.txt	Moondrop Illustrious (insert: deep)	Moondrop Illustrious (insert deep)	ignore	711
https://superreview.squig.link/data/Moondrop%20Illustrious%20shallow%20L.txt	Moondrop Illustrious (insert: shallow)	Moondrop Illustrious (insert shallow)	ignore	711
https://superreview.squig.link/data/Moondrop%20Illustrious%20shallow%20R.txt	Moondrop Illustrious (insert: shallow)	Moondrop Illustrious (insert shallow)	ignore	711
https://superreview.squig.link/data/Moondrop%20Jiu%20L.txt	Moondrop Jiu	Moondrop Jiu	in-ear	711
https://superreview.squig.link/data/Moondrop%20Jiu%20R.txt	Moondrop Jiu	Moondrop Jiu	in-ear	711
https://superreview.squig.link/headphones/data/Moondrop%20Joker%20L1.txt	Moondrop Joker	Moondrop Joker	over-ear	KB006x + 711
https://superreview.squig.link/headphones/data/Moondrop%20Joker%20L2.txt	Moondrop Joker	Moondrop Joker	over-ear	KB006x + 711
https://superreview.squig.link/headphones/data/Moondrop%20Joker%20L3.txt	Moondrop Joker	Moondrop Joker	over-ear	KB006x + 711
https://superreview.squig.link/headphones/data/Moondrop%20Joker%20R1.txt	Moondrop Joker	Moondrop Joker	over-ear	KB006x + 711
https://superreview.squig.link/headphones/data/Moondrop%20Joker%20R2.txt	Moondrop Joker	Moondrop Joker	over-ear	KB006x + 711
https://superreview.squig.link/headphones/data/Moondrop%20Joker%20R3.txt	Moondrop Joker	Moondrop Joker	over-ear	KB006x + 711
https://superreview.squig.link/data/Moondrop%20KXXS%20L.txt	Moondrop KXXS	Moondrop KXXS	in-ear	711
https://superreview.squig.link/data/Moondrop%20KXXS%20R.txt	Moondrop KXXS	Moondrop KXXS	in-ear	711
https://superreview.squig.link/data/Moondrop%20KXXX%20L.txt	Moondrop KXXX	Moondrop KXXX	in-ear	711
https://superreview.squig.link/data/Moondrop%20Kadenz%20nozL%20L.txt	Moondrop Kadenz (nozzle: long)	Moondrop Kadenz (long nozzle)	in-ear	711
https://superreview.squig.link/data/Moondrop%20Kadenz%20nozL%20R.txt	Moondrop Kadenz (nozzle: long)	Moondrop Kadenz (long nozzle)	in-ear	711
https://superreview.squig.link/data/Moondrop%20Kadenz%20nozM%20L.txt	Moondrop Kadenz (nozzle: medium)	Moondrop Kadenz (medium nozzle)	in-ear	711
https://superreview.squig.link/data/Moondrop%20Kadenz%20nozM%20R.txt	Moondrop Kadenz (nozzle: medium)	Moondrop Kadenz (medium nozzle)	in-ear	711
https://superreview.squig.link/data/Moondrop%20Kadenz%20preprod%20L.txt	Moondrop Kadenz (pre-production @ SIAS)	Moondrop Kadenz (pre-production @ SIAS)	ignore	711
https://superreview.squig.link/data/Moondrop%20Kadenz%20preprod%20R.txt	Moondrop Kadenz (pre-production @ SIAS)	Moondrop Kadenz (pre-production @ SIAS)	ignore	711
https://superreview.squig.link/data/Moondrop%20Kadenz%20nozS%20L.txt	Moondrop Kadenz (nozzle: short)	Moondrop Kadenz (short nozzle)	in-ear	711
https://superreview.squig.link/data/Moondrop%20Kadenz%20nozS%20R.txt	Moondrop Kadenz (nozzle: short)	Moondrop Kadenz (short nozzle)	in-ear	711
https://superreview.squig.link/data/Moondrop%20Kanas%20Pro%20L.txt	Moondrop Kanas Pro	Moondrop Kanas Pro	in-ear	711
https://superreview.squig.link/data/Moondrop%20Kato%20(gold)%20L.txt	Moondrop KATO (nozzle: gold)	Moondrop Kato (gold nozzle)	in-ear	711
https://superreview.squig.link/data/Moondrop%20Kato%20(gold)%20R.txt	Moondrop KATO (nozzle: gold)	Moondrop Kato (gold nozzle)	in-ear	711
https://superreview.squig.link/data/Moondrop%20Kato%20L.txt	Moondrop KATO (nozzle: silver)	Moondrop Kato (silver nozzle)	in-ear	711
https://superreview.squig.link/data/Moondrop%20Kato%20R.txt	Moondrop KATO (nozzle: silver)	Moondrop Kato (silver nozzle)	in-ear	711
https://superreview.squig.link/data/Moondrop%20LAN%20L.txt	Moondrop LAN 	Moondrop LAN	in-ear	711
https://superreview.squig.link/data/Moondrop%20LAN%20R.txt	Moondrop LAN 	Moondrop LAN	in-ear	711
https://superreview.squig.link/data/Moondrop%20LAN%20(Blu%20Tack)%20L.txt	Moondrop LAN (vent blocked: Blu Tack)	Moondrop LAN (vent blocked: Blu Tack)	ignore	
https://superreview.squig.link/data/Moondrop%20LAN%20(Blu%20Tack)%20R.txt	Moondrop LAN (vent blocked: Blu Tack)	Moondrop LAN (vent blocked: Blu Tack)	ignore	
https://squig.link/data/Moondrop%20Lan%202%20pop%20L.txt	Moondrop Lan 2: POP 	Moondrop Lan 2 POP	in-ear	711
https://squig.link/data/Moondrop%20Lan%202%20pop%20R.txt	Moondrop Lan 2: POP 	Moondrop Lan 2 POP	in-ear	711
https://squig.link/data/Moondrop%20Lan%202%20pop%20deep%20L.txt	Moondrop Lan 2: POP (insert: deep)	Moondrop Lan 2 POP (insert deep)	in-ear	711
https://squig.link/data/Moondrop%20Lan%202%20pop%20deep%20R.txt	Moondrop Lan 2: POP (insert: deep)	Moondrop Lan 2 POP (insert deep)	in-ear	711
https://squig.link/data/Moondrop%20Lan%202%20pop%20shallow%20L.txt	Moondrop Lan 2: POP (insert: shallow)	Moondrop Lan 2 POP (insert shallow)	in-ear	711
https://squig.link/data/Moondrop%20Lan%202%20pop%20shallow%20R.txt	Moondrop Lan 2: POP (insert: shallow)	Moondrop Lan 2 POP (insert shallow)	in-ear	711
https://squig.link/data/Moondrop%20Lan%202%20ref%20L.txt	Moondrop Lan 2: REF 	Moondrop Lan 2 REF	in-ear	711
https://squig.link/data/Moondrop%20Lan%202%20ref%20R.txt	Moondrop Lan 2: REF 	Moondrop Lan 2 REF	in-ear	711
https://squig.link/data/Moondrop%20Lan%202%20ref%20deep%20L.txt	Moondrop Lan 2: REF (insert: deep)	Moondrop Lan 2 REF (insert deep)	in-ear	711
https://squig.link/data/Moondrop%20Lan%202%20ref%20deep%20R.txt	Moondrop Lan 2: REF (insert: deep)	Moondrop Lan 2 REF (insert deep)	in-ear	711
https://squig.link/data/Moondrop%20Lan%202%20ref%20shallow%20L.txt	Moondrop Lan 2: REF (insert: shallow)	Moondrop Lan 2 REF (insert shallow)	in-ear	711
https://squig.link/data/Moondrop%20Lan%202%20ref%20shallow%20R.txt	Moondrop Lan 2: REF (insert: shallow)	Moondrop Lan 2 REF (insert shallow)	in-ear	711
https://squig.link/data/Moondrop%20Marigold%203a%20L.txt	Moondrop Marigold (EQ: 3A)	Moondrop Marigold (EQ 3A)	in-ear	711
https://squig.link/data/Moondrop%20Marigold%203a%20R.txt	Moondrop Marigold (EQ: 3A)	Moondrop Marigold (EQ 3A)	in-ear	711
https://squig.link/data/Moondrop%20Marigold%20fps%20L.txt	Moondrop Marigold (EQ: FPS)	Moondrop Marigold (EQ FPS)	in-ear	711
https://squig.link/data/Moondrop%20Marigold%20fps%20R.txt	Moondrop Marigold (EQ: FPS)	Moondrop Marigold (EQ FPS)	in-ear	711
https://squig.link/data/Moondrop%20Marigold%20reference%20deep%20L.txt	Moondrop Marigold (EQ: reference :: insert: deep)	Moondrop Marigold (EQ reference insert deep)	in-ear	711
https://squig.link/data/Moondrop%20Marigold%20reference%20deep%20R.txt	Moondrop Marigold (EQ: reference :: insert: deep)	Moondrop Marigold (EQ reference insert deep)	in-ear	711
https://squig.link/data/Moondrop%20Marigold%20reference%20shallow%20L.txt	Moondrop Marigold (EQ: reference :: insert: shallow)	Moondrop Marigold (EQ reference insert shallow)	in-ear	711
https://squig.link/data/Moondrop%20Marigold%20reference%20shallow%20R.txt	Moondrop Marigold (EQ: reference :: insert: shallow)	Moondrop Marigold (EQ reference insert shallow)	in-ear	711
https://squig.link/data/Moondrop%20Marigold%20reference%20L.txt	Moondrop Marigold (EQ: reference)	Moondrop Marigold (EQ reference)	in-ear	711
https://squig.link/data/Moondrop%20Marigold%20reference%20R.txt	Moondrop Marigold (EQ: reference)	Moondrop Marigold (EQ reference)	in-ear	711
https://superreview.squig.link/data/Moondrop%20May%20(standard)%20L.txt	Moondrop May (EQ: Standard)	Moondrop May	in-ear	711
https://superreview.squig.link/data/Moondrop%20May%20(standard)%20R.txt	Moondrop May (EQ: Standard)	Moondrop May	in-ear	711
https://superreview.squig.link/data/Moondrop%20May%20(2-pin)%20L.txt	Moondrop May (cable: 3.5mm)	Moondrop May (3.5 mm)	in-ear	711
https://superreview.squig.link/data/Moondrop%20May%20(2-pin)%20R.txt	Moondrop May (cable: 3.5mm)	Moondrop May (3.5 mm)	in-ear	711
https://superreview.squig.link/data/Moondrop%20May%20(USB)%20L.txt	Moondrop May (EQ: PEQ - no gain)	Moondrop May (EQ: PEQ - no gain)	ignore	711
https://superreview.squig.link/data/Moondrop%20May%20(USB)%20R.txt	Moondrop May (EQ: PEQ - no gain)	Moondrop May (EQ: PEQ - no gain)	ignore	711
https://superreview.squig.link/data/Moondrop%20May%20(VDSF)%20L.txt	Moondrop May (EQ: VDSF)	Moondrop May (EQ: VDSF)	ignore	711
https://superreview.squig.link/data/Moondrop%20May%20(VDSF)%20R.txt	Moondrop May (EQ: VDSF)	Moondrop May (EQ: VDSF)	ignore	711
https://superreview.squig.link/data/Moondrop%20Meteor%20L.txt	Moondrop Meteor 	Moondrop Meteor	in-ear	711
https://superreview.squig.link/data/Moondrop%20Meteor%20R.txt	Moondrop Meteor 	Moondrop Meteor	in-ear	711
https://superreview.squig.link/data/Moondrop%20Meteor%2010ohm%20L.txt	Moondrop Meteor (impedance adapter: 10 ohm)	Moondrop Meteor (impedance adapter 10 ohm)	ignore	711
https://superreview.squig.link/data/Moondrop%20Meteor%2010ohm%20R.txt	Moondrop Meteor (impedance adapter: 10 ohm)	Moondrop Meteor (impedance adapter 10 ohm)	ignore	711
https://superreview.squig.link/data/Moondrop%20Meteor%2075ohm%20L.txt	Moondrop Meteor (impedance adapter: 75 ohm)	Moondrop Meteor (impedance adapter 75 ohm)	ignore	711
https://superreview.squig.link/data/Moondrop%20Meteor%20wide%20bore%20L.txt	Moondrop Meteor (tips: wide bore)	Moondrop Meteor (wide bore eartips)	in-ear	711
https://superreview.squig.link/data/Moondrop%20Meteor%20wide%20bore%20R.txt	Moondrop Meteor (tips: wide bore)	Moondrop Meteor (wide bore eartips)	in-ear	711
https://superreview.squig.link/data/Moondrop%20Meteor%2075%20ohm%20R.txt		Moondrop Meteor 75 ohm	ignore	711
https://superreview.squig.link/data/Moondrop%20Moca%20solis%20bass%20L.txt	Moondrop Moca (EQ: Solis bass)	Moondrop Moca (EQ Solis bass)	ignore	711
https://superreview.squig.link/data/Moondrop%20Moca%20solis%20bass%20R.txt	Moondrop Moca (EQ: Solis bass)	Moondrop Moca (EQ Solis bass)	ignore	711
https://superreview.squig.link/data/Moondrop%20Moca%20no%20bass%20L.txt	Moondrop Moca (EQ: no bass)	Moondrop Moca (EQ no bass)	ignore	711
https://superreview.squig.link/data/Moondrop%20Moca%20no%20bass%20R.txt	Moondrop Moca (EQ: no bass)	Moondrop Moca (EQ no bass)	ignore	711
https://superreview.squig.link/data/Moondrop%20Moca%20ultra%20bass%20L.txt	Moondrop Moca (EQ: ultra bass)	Moondrop Moca (EQ ultra bass)	ignore	711
https://superreview.squig.link/data/Moondrop%20Moca%20ultra%20bass%20R.txt	Moondrop Moca (EQ: ultra bass)	Moondrop Moca (EQ ultra bass)	ignore	711
https://superreview.squig.link/data/Moondrop%20Moca%20reference%20L.txt	Moondrop Moca (EQ: reference)	Moondrop Moca (reference)	in-ear	711
https://superreview.squig.link/data/Moondrop%20Moca%20reference%20R.txt	Moondrop Moca (EQ: reference)	Moondrop Moca (reference)	in-ear	711
https://superreview.squig.link/data/Moondrop%20Moca%20standard%20L.txt	Moondrop Moca (EQ: standard)	Moondrop Moca (standard)	in-ear	711
https://superreview.squig.link/data/Moondrop%20Moca%20standard%20R.txt	Moondrop Moca (EQ: standard)	Moondrop Moca (standard)	in-ear	711
https://superreview.squig.link/data/Moondrop%20Nekocake%20(ANC%20off)%20L.txt	Moondrop Nekocake (ANC off)	Moondrop Nekocake (ANC off)	in-ear	711
https://superreview.squig.link/data/Moondrop%20Nekocake%20(ANC%20off)%20R.txt	Moondrop Nekocake (ANC off)	Moondrop Nekocake (ANC off)	in-ear	711
https://superreview.squig.link/data/Moondrop%20Nekocake%20(ANC%20on)%20L.txt	Moondrop Nekocake (ANC on)	Moondrop Nekocake (ANC on)	in-ear	711
https://superreview.squig.link/data/Moondrop%20Nekocake%20(ANC%20on)%20R.txt	Moondrop Nekocake (ANC on)	Moondrop Nekocake (ANC on)	in-ear	711
https://superreview.squig.link/data/Moondrop%20Nekocake%20(Classic%20ANC)%20L.txt	Moondrop Nekocake (EQ: Moondrop Classic)	Moondrop Nekocake (EQ: Moondrop Classic)	ignore	
https://superreview.squig.link/data/Moondrop%20Nekocake%20(Nobass%20ANC)%20L.txt	Moondrop Nekocake (EQ: Nobass)	Moondrop Nekocake (EQ: Nobass)	ignore	
https://superreview.squig.link/data/Moondrop%20Nekocake%20(Wennebostel%20ANC)%20L.txt	Moondrop Nekocake (EQ: Wennebostel)	Moondrop Nekocake (EQ: Wennebostel)	ignore	
https://superreview.squig.link/data/Moondrop%20Nekocake%20(Dynamic%20ANC)%20L.txt	Moondrop Nekocake (EQ: X' Dynamic)	Moondrop Nekocake (EQ: X' Dynamic)	ignore	
https://squig.link/headphones/data/Moondrop%20Old%20Fashioned%20yaxi%20L1.txt	Moondrop Old Fashioned (pads: Yaxi for Koss)	Moondrop Old Fashioned (pads Yaxi for Koss)	over-ear	KB006x + 711
https://squig.link/headphones/data/Moondrop%20Old%20Fashioned%20yaxi%20L2.txt	Moondrop Old Fashioned (pads: Yaxi for Koss)	Moondrop Old Fashioned (pads Yaxi for Koss)	over-ear	KB006x + 711
https://squig.link/headphones/data/Moondrop%20Old%20Fashioned%20yaxi%20L3.txt	Moondrop Old Fashioned (pads: Yaxi for Koss)	Moondrop Old Fashioned (pads Yaxi for Koss)	over-ear	KB006x + 711
https://squig.link/headphones/data/Moondrop%20Old%20Fashioned%20yaxi%20R1.txt	Moondrop Old Fashioned (pads: Yaxi for Koss)	Moondrop Old Fashioned (pads Yaxi for Koss)	over-ear	KB006x + 711
https://squig.link/headphones/data/Moondrop%20Old%20Fashioned%20yaxi%20R2.txt	Moondrop Old Fashioned (pads: Yaxi for Koss)	Moondrop Old Fashioned (pads Yaxi for Koss)	over-ear	KB006x + 711
https://squig.link/headphones/data/Moondrop%20Old%20Fashioned%20yaxi%20R3.txt	Moondrop Old Fashioned (pads: Yaxi for Koss)	Moondrop Old Fashioned (pads Yaxi for Koss)	over-ear	KB006x + 711
https://squig.link/headphones/data/Moondrop%20Old%20Fashioned%20L1.txt	Moondrop Old Fashioned (pads: stock)	Moondrop Old Fashioned (pads stock)	over-ear	KB006x + 711
https://squig.link/headphones/data/Moondrop%20Old%20Fashioned%20L2.txt	Moondrop Old Fashioned (pads: stock)	Moondrop Old Fashioned (pads stock)	over-ear	KB006x + 711
https://squig.link/headphones/data/Moondrop%20Old%20Fashioned%20L3.txt	Moondrop Old Fashioned (pads: stock)	Moondrop Old Fashioned (pads stock)	over-ear	KB006x + 711
https://squig.link/headphones/data/Moondrop%20Old%20Fashioned%20R1.txt	Moondrop Old Fashioned (pads: stock)	Moondrop Old Fashioned (pads stock)	over-ear	KB006x + 711
https://squig.link/headphones/data/Moondrop%20Old%20Fashioned%20R2.txt	Moondrop Old Fashioned (pads: stock)	Moondrop Old Fashioned (pads stock)	over-ear	KB006x + 711
https://squig.link/headphones/data/Moondrop%20Old%20Fashioned%20R3.txt	Moondrop Old Fashioned (pads: stock)	Moondrop Old Fashioned (pads stock)	over-ear	KB006x + 711
https://superreview.squig.link/headphones/data/Moondrop%20Para%20(PU)%20L1.txt	Moondrop Para (pads: fenestrated PU)	Moondrop Para (fenestrated PU earpads)	over-ear	KB006x + 711
https://superreview.squig.link/headphones/data/Moondrop%20Para%20(PU)%20L2.txt	Moondrop Para (pads: fenestrated PU)	Moondrop Para (fenestrated PU earpads)	over-ear	KB006x + 711
https://superreview.squig.link/headphones/data/Moondrop%20Para%20(PU)%20L3.txt	Moondrop Para (pads: fenestrated PU)	Moondrop Para (fenestrated PU earpads)	over-ear	KB006x + 711
https://superreview.squig.link/headphones/data/Moondrop%20Para%20(PU)%20R1.txt	Moondrop Para (pads: fenestrated PU)	Moondrop Para (fenestrated PU earpads)	over-ear	KB006x + 711
https://superreview.squig.link/headphones/data/Moondrop%20Para%20(PU)%20R2.txt	Moondrop Para (pads: fenestrated PU)	Moondrop Para (fenestrated PU earpads)	over-ear	KB006x + 711
https://superreview.squig.link/headphones/data/Moondrop%20Para%20(PU)%20R3.txt	Moondrop Para (pads: fenestrated PU)	Moondrop Para (fenestrated PU earpads)	over-ear	KB006x + 711
https://superreview.squig.link/headphones/data/Moondrop%20Para%20(hybrid)%20L1.txt	Moondrop Para (pads: hybrid)	Moondrop Para (hybrid earpads)	over-ear	KB006x + 711
https://superreview.squig.link/headphones/data/Moondrop%20Para%20(hybrid)%20L2.txt	Moondrop Para (pads: hybrid)	Moondrop Para (hybrid earpads)	over-ear	KB006x + 711
https://superreview.squig.link/headphones/data/Moondrop%20Para%20(hybrid)%20L3.txt	Moondrop Para (pads: hybrid)	Moondrop Para (hybrid earpads)	over-ear	KB006x + 711
https://superreview.squig.link/headphones/data/Moondrop%20Para%20(hybrid)%20R1.txt	Moondrop Para (pads: hybrid)	Moondrop Para (hybrid earpads)	over-ear	KB006x + 711
https://superreview.squig.link/headphones/data/Moondrop%20Para%20(hybrid)%20R2.txt	Moondrop Para (pads: hybrid)	Moondrop Para (hybrid earpads)	over-ear	KB006x + 711
https://superreview.squig.link/headphones/data/Moondrop%20Para%20(hybrid)%20R3.txt	Moondrop Para (pads: hybrid)	Moondrop Para (hybrid earpads)	over-ear	KB006x + 711
https://superreview.squig.link/headphones/data/Moondrop%20Para%20II%20L1.txt		Moondrop Para II	over-ear	KB006x + 711
https://superreview.squig.link/headphones/data/Moondrop%20Para%20II%20L2.txt		Moondrop Para II	over-ear	KB006x + 711
https://superreview.squig.link/headphones/data/Moondrop%20Para%20II%20R1.txt		Moondrop Para II	over-ear	KB006x + 711
https://superreview.squig.link/headphones/data/Moondrop%20Para%20II%20R2.txt		Moondrop Para II	over-ear	KB006x + 711
https://superreview.squig.link/headphones/data/Moondrop%20Para%20II%20R3.txt		Moondrop Para II	over-ear	KB006x + 711
https://superreview.squig.link/headphones/data/Moondrop%20Para%20II%20para%20L1.txt		Moondrop Para II para	ignore	KB006x + 711
https://superreview.squig.link/headphones/data/Moondrop%20Para%20II%20para%20L2.txt		Moondrop Para II para	ignore	KB006x + 711
https://superreview.squig.link/headphones/data/Moondrop%20Para%20II%20para%20L3.txt		Moondrop Para II para	ignore	KB006x + 711
https://superreview.squig.link/headphones/data/Moondrop%20Para%20II%20para%20R1.txt		Moondrop Para II para	ignore	KB006x + 711
https://superreview.squig.link/headphones/data/Moondrop%20Para%20II%20para%20R2.txt		Moondrop Para II para	ignore	KB006x + 711
https://superreview.squig.link/headphones/data/Moondrop%20Para%20II%20para%20R3.txt		Moondrop Para II para	ignore	KB006x + 711
https://superreview.squig.link/earbuds/data/Moondrop%20Pavane%20donut%20R1.txt		Moondrop Pavane (donut foams)	earbud	KB006x + 711
https://superreview.squig.link/earbuds/data/Moondrop%20Pavane%20donut%20R2.txt		Moondrop Pavane (donut foams)	earbud	KB006x + 711
https://superreview.squig.link/earbuds/data/Moondrop%20Pavane%20donut%20R3.txt		Moondrop Pavane (donut foams)	earbud	KB006x + 711
https://superreview.squig.link/earbuds/data/Moondrop%20Pavane%20no%20foam%20R1.txt		Moondrop Pavane (no foamd)	earbud	KB006x + 711
https://superreview.squig.link/earbuds/data/Moondrop%20Pavane%20no%20foam%20R2.txt		Moondrop Pavane (no foamd)	earbud	KB006x + 711
https://superreview.squig.link/earbuds/data/Moondrop%20Pavane%20no%20foam%20R3.txt		Moondrop Pavane (no foamd)	earbud	KB006x + 711
https://superreview.squig.link/earbuds/data/Moondrop%20Pavane%20white%20foam%20R1.txt		Moondrop Pavane (white foams)	earbud	KB006x + 711
https://superreview.squig.link/earbuds/data/Moondrop%20Pavane%20white%20foam%20R2.txt		Moondrop Pavane (white foams)	earbud	KB006x + 711
https://superreview.squig.link/earbuds/data/Moondrop%20Pavane%20white%20foam%20R3.txt		Moondrop Pavane (white foams)	earbud	KB006x + 711
https://squig.link/data/Moondrop%20Pudding%20anc%20off%20EQ%20blank%20L.txt	Moondrop Pudding (ANC: off :: EQ: blank)	Moondrop Pudding (ANC off EQ blank)	in-ear	711
https://squig.link/data/Moondrop%20Pudding%20anc%20off%20EQ%20blank%20R.txt	Moondrop Pudding (ANC: off :: EQ: blank)	Moondrop Pudding (ANC off EQ blank)	in-ear	711
https://squig.link/data/Moondrop%20Pudding%20anc%20off%20deep%20L.txt	Moondrop Pudding (ANC: off :: insert: deep)	Moondrop Pudding (ANC off insert deep)	in-ear	711
https://squig.link/data/Moondrop%20Pudding%20anc%20off%20deep%20R.txt	Moondrop Pudding (ANC: off :: insert: deep)	Moondrop Pudding (ANC off insert deep)	in-ear	711
https://squig.link/data/Moondrop%20Pudding%20anc%20off%20shallow%20L.txt	Moondrop Pudding (ANC: off :: insert: shallow)	Moondrop Pudding (ANC off insert shallow)	in-ear	711
https://squig.link/data/Moondrop%20Pudding%20anc%20off%20shallow%20R.txt	Moondrop Pudding (ANC: off :: insert: shallow)	Moondrop Pudding (ANC off insert shallow)	in-ear	711
https://squig.link/data/Moondrop%20Pudding%20anc%20off%20L.txt	Moondrop Pudding (ANC: off)	Moondrop Pudding (ANC off)	in-ear	711
https://squig.link/data/Moondrop%20Pudding%20anc%20off%20R.txt	Moondrop Pudding (ANC: off)	Moondrop Pudding (ANC off)	in-ear	711
https://squig.link/data/Moondrop%20Pudding%20anc%20on%20EQ%20blank%20L.txt	Moondrop Pudding (ANC: on :: EQ: blank)	Moondrop Pudding (ANC on EQ blank)	in-ear	711
https://squig.link/data/Moondrop%20Pudding%20anc%20on%20EQ%20blank%20R.txt	Moondrop Pudding (ANC: on :: EQ: blank)	Moondrop Pudding (ANC on EQ blank)	in-ear	711
https://squig.link/data/Moondrop%20Pudding%20anc%20on%20L.txt	Moondrop Pudding (ANC: on)	Moondrop Pudding (ANC on)	in-ear	711
https://squig.link/data/Moondrop%20Pudding%20anc%20on%20R.txt	Moondrop Pudding (ANC: on)	Moondrop Pudding (ANC on)	in-ear	711
https://squig.link/data/Moondrop%20Pudding%20anc%20trans%20EQ%20blank%20L.txt	Moondrop Pudding (ANC: transparency :: EQ: blank)	Moondrop Pudding (ANC transparency EQ blank)	in-ear	711
https://squig.link/data/Moondrop%20Pudding%20anc%20trans%20EQ%20blank%20R.txt	Moondrop Pudding (ANC: transparency :: EQ: blank)	Moondrop Pudding (ANC transparency EQ blank)	in-ear	711
https://squig.link/data/Moondrop%20Pudding%20anc%20trans%20L.txt	Moondrop Pudding (ANC: transparency)	Moondrop Pudding (ANC transparency)	in-ear	711
https://squig.link/data/Moondrop%20Pudding%20anc%20trans%20R.txt	Moondrop Pudding (ANC: transparency)	Moondrop Pudding (ANC transparency)	in-ear	711
https://superreview.squig.link/data/Moondrop%20Quark2.txt	Moondrop Quark2	Moondrop Quark 2	in-ear	711
https://superreview.squig.link/data/Moondrop%20Quark2%20L.txt	Moondrop Quark2	Moondrop Quark 2	in-ear	711
https://superreview.squig.link/data/Moondrop%20Quark2%20R.txt	Moondrop Quark2	Moondrop Quark 2	in-ear	711
https://superreview.squig.link/data/Moondrop%20Quarks%20L.txt	Moondrop Quarks	Moondrop Quarks	in-ear	711
https://superreview.squig.link/data/Moondrop%20Quarks%20R.txt	Moondrop Quarks	Moondrop Quarks	in-ear	711
https://superreview.squig.link/data/Moondrop%20Quarks%20DSP%20L.txt	Moondrop Quarks DSP	Moondrop Quarks DSP	in-ear	711
https://superreview.squig.link/data/Moondrop%20Quarks%20DSP%20R.txt	Moondrop Quarks DSP	Moondrop Quarks DSP	in-ear	711
https://superreview.squig.link/data/Moondrop%20Rays%20default%20L.txt	Moondrop Rays (EQ: default)	Moondrop Rays	in-ear	711
https://superreview.squig.link/data/Moondrop%20Rays%20default%20R.txt	Moondrop Rays (EQ: default)	Moondrop Rays	in-ear	711
https://superreview.squig.link/data/Moondrop%20Rays%20analog%20L.txt	Moondrop Rays (cable: analog)	Moondrop Rays (analog)	in-ear	711
https://superreview.squig.link/data/Moondrop%20Rays%20analog%20R.txt	Moondrop Rays (cable: analog)	Moondrop Rays (analog)	in-ear	711
https://superreview.squig.link/data/Moondrop%20Rays%20deep%20L.txt	Moondrop Rays (cable: analog :: insert: deep)	Moondrop Rays (cable analog insert deep)	ignore	711
https://superreview.squig.link/data/Moondrop%20Rays%20deep%20R.txt	Moondrop Rays (cable: analog :: insert: deep)	Moondrop Rays (cable analog insert deep)	ignore	711
https://superreview.squig.link/data/Moondrop%20Rays%20shallow%20L.txt	Moondrop Rays (cable: analog :: insert: shallow)	Moondrop Rays (cable analog insert shallow)	ignore	711
https://superreview.squig.link/data/Moondrop%20Rays%20shallow%20R.txt	Moondrop Rays (cable: analog :: insert: shallow)	Moondrop Rays (cable analog insert shallow)	ignore	711
https://squig.link/data/Moondrop%20Robin%20classic%20L.txt	Moondrop Robin (EQ: Moondrop classic)	Moondrop Robin (EQ Moondrop classic)	in-ear	711
https://squig.link/data/Moondrop%20Robin%20classic%20R.txt	Moondrop Robin (EQ: Moondrop classic)	Moondrop Robin (EQ Moondrop classic)	in-ear	711
https://squig.link/data/Moondrop%20Robin%20monitor%20L.txt	Moondrop Robin (EQ: monitor)	Moondrop Robin (EQ monitor)	in-ear	711
https://squig.link/data/Moondrop%20Robin%20monitor%20R.txt	Moondrop Robin (EQ: monitor)	Moondrop Robin (EQ monitor)	in-ear	711
https://squig.link/data/Moondrop%20Robin%20pop%20L.txt	Moondrop Robin (EQ: pop style)	Moondrop Robin (EQ pop style)	in-ear	711
https://squig.link/data/Moondrop%20Robin%20pop%20R.txt	Moondrop Robin (EQ: pop style)	Moondrop Robin (EQ pop style)	in-ear	711
https://squig.link/data/Moondrop%20Robin%20standard%20deep%20L.txt	Moondrop Robin (EQ: standard :: insert: deep)	Moondrop Robin (EQ standard insert deep)	in-ear	711
https://squig.link/data/Moondrop%20Robin%20standard%20deep%20R.txt	Moondrop Robin (EQ: standard :: insert: deep)	Moondrop Robin (EQ standard insert deep)	in-ear	711
https://squig.link/data/Moondrop%20Robin%20standard%20shallow%20L.txt	Moondrop Robin (EQ: standard :: insert: shallow)	Moondrop Robin (EQ standard insert shallow)	in-ear	711
https://squig.link/data/Moondrop%20Robin%20standard%20shallow%20R.txt	Moondrop Robin (EQ: standard :: insert: shallow)	Moondrop Robin (EQ standard insert shallow)	in-ear	711
https://squig.link/data/Moondrop%20Robin%20standard%20L.txt	Moondrop Robin (EQ: standard)	Moondrop Robin (EQ standard)	in-ear	711
https://squig.link/data/Moondrop%20Robin%20standard%20R.txt	Moondrop Robin (EQ: standard)	Moondrop Robin (EQ standard)	in-ear	711
https://squig.link/data/Moondrop%20Robin%20ultra%20bass%20L.txt	Moondrop Robin (EQ: ultra bass)	Moondrop Robin (EQ ultra bass)	in-ear	711
https://squig.link/data/Moondrop%20Robin%20ultra%20bass%20R.txt	Moondrop Robin (EQ: ultra bass)	Moondrop Robin (EQ ultra bass)	in-ear	711
https://superreview.squig.link/data/Moondrop%20S8%20L.txt	Moondrop S8 (sample 1)	Moondrop S8	in-ear	711
https://superreview.squig.link/data/Moondrop%20S8%20R.txt	Moondrop S8 (sample 1)	Moondrop S8	in-ear	711
https://superreview.squig.link/data/Moondrop%20S8%20(S2)%20L.txt	Moondrop S8 (sample 2)	Moondrop S8	in-ear	711
https://superreview.squig.link/data/Moondrop%20S8%20(S2)%20R.txt	Moondrop S8 (sample 2)	Moondrop S8	in-ear	711
https://superreview.squig.link/data/Moondrop%20S8%20(Precog)%20L.txt		Moondrop S8 (Precog)	ignore	
https://superreview.squig.link/data/Moondrop%20SSP%20L.txt	Moondrop SSP (stock)	Moondrop SSP	in-ear	711
https://superreview.squig.link/data/Moondrop%20SSP%20(vent%20blocked)%20L.txt	Moondrop SSP (vent blocked)	Moondrop SSP (vent blocked)	ignore	
https://superreview.squig.link/data/Moondrop%20SSR%20L.txt	Moondrop SSR (sample 1)	Moondrop SSR	in-ear	711
https://superreview.squig.link/data/Moondrop%20SSR%20(S2)%20L.txt	Moondrop SSR (sample 2)	Moondrop SSR	in-ear	711
https://superreview.squig.link/data/Moondrop%20SSR%20(S3)%20L.txt	Moondrop SSR (sample 3)	Moondrop SSR	in-ear	711
https://superreview.squig.link/data/Moondrop%20SSR%20(S4)%20L.txt	Moondrop SSR (sample 4)	Moondrop SSR	in-ear	711
https://superreview.squig.link/data/Moondrop%20SSR%20(S4)%20R.txt	Moondrop SSR (sample 4)	Moondrop SSR	in-ear	711
https://superreview.squig.link/data/Moondrop%20SSR%20(Sedna)%20L.txt	Moondrop SSR (tips: Sedna Light)	Moondrop SSR (AZLA Sedna eartips)	ignore	711
https://superreview.squig.link/data/Moondrop%20SSR%20(Final%20E)%20L.txt	Moondrop SSR (tips: Final E-type)	Moondrop SSR (Final Audio Type E eartips)	ignore	711
https://superreview.squig.link/data/Moondrop%20SSR%20(OS100)%20L.txt	Moondrop SSR (tips: Ostry 0S100)	Moondrop SSR (Ostry 0S100 eartips)	in-ear	711
https://superreview.squig.link/data/Moondrop%20SSR%20(OS200)%20L.txt	Moondrop SSR (tips: Ostry 0S200)	Moondrop SSR (Ostry 0S200 eartips)	in-ear	711
https://superreview.squig.link/data/Moondrop%20SSR%20(OS300)%20L.txt	Moondrop SSR (tips: Ostry 0S300)	Moondrop SSR (Ostry 0S300 eartips)	in-ear	711
https://superreview.squig.link/data/Moondrop%20SSR%20(S2%20-%20AutoEQ)%20L.txt	Moondrop SSR (S2 + AutoEQ)	Moondrop SSR (S2 + AutoEQ)	ignore	
https://superreview.squig.link/data/Moondrop%20SSR%20(S2%20+%20Tanchjim%20filter)%20L.txt	Moondrop SSR (S2 + Tanchjim filter)	Moondrop SSR (S2 + Tanchjim filter)	ignore	
https://superreview.squig.link/data/Moondrop%20SSR%20(deep)%20L.txt	Moondrop SSR (deep insert)	Moondrop SSR (deep insert)	ignore	
https://superreview.squig.link/data/Moondrop%20SSR%20(deep)%20R.txt	Moondrop SSR (deep insert)	Moondrop SSR (deep insert)	ignore	
https://superreview.squig.link/data/Moondrop%20SSR%20(vent%20blocked)%20L.txt	Moondrop SSR (vent blocked: BluTack)	Moondrop SSR (vent blocked: BluTack)	ignore	
https://superreview.squig.link/data/Moondrop%20SSR%20(micro%20pore)%20L.txt	Moondrop SSR (vent blocked: micro pore)	Moondrop SSR (vent blocked: micro pore)	ignore	
https://squig.link/headphones/data/Moondrop%20Skyland%20cosmo%20L1.txt	Moondrop Skyland (pads: Cosmo :: mounting plate: Cosmo)	Moondrop Skyland (pads Cosmo mounting plate Cosmo)	over-ear	KB006x + 711
https://squig.link/headphones/data/Moondrop%20Skyland%20cosmo%20L2.txt	Moondrop Skyland (pads: Cosmo :: mounting plate: Cosmo)	Moondrop Skyland (pads Cosmo mounting plate Cosmo)	over-ear	KB006x + 711
https://squig.link/headphones/data/Moondrop%20Skyland%20cosmo%20L3.txt	Moondrop Skyland (pads: Cosmo :: mounting plate: Cosmo)	Moondrop Skyland (pads Cosmo mounting plate Cosmo)	over-ear	KB006x + 711
https://squig.link/headphones/data/Moondrop%20Skyland%20cosmo%20R1.txt	Moondrop Skyland (pads: Cosmo :: mounting plate: Cosmo)	Moondrop Skyland (pads Cosmo mounting plate Cosmo)	over-ear	KB006x + 711
https://squig.link/headphones/data/Moondrop%20Skyland%20cosmo%20R2.txt	Moondrop Skyland (pads: Cosmo :: mounting plate: Cosmo)	Moondrop Skyland (pads Cosmo mounting plate Cosmo)	over-ear	KB006x + 711
https://squig.link/headphones/data/Moondrop%20Skyland%20cosmo%20R3.txt	Moondrop Skyland (pads: Cosmo :: mounting plate: Cosmo)	Moondrop Skyland (pads Cosmo mounting plate Cosmo)	over-ear	KB006x + 711
https://squig.link/headphones/data/Moondrop%20Skyland%20L1.txt	Moondrop Skyland (pads: stock)	Moondrop Skyland (pads stock)	over-ear	KB006x + 711
https://squig.link/headphones/data/Moondrop%20Skyland%20L2.txt	Moondrop Skyland (pads: stock)	Moondrop Skyland (pads stock)	over-ear	KB006x + 711
https://squig.link/headphones/data/Moondrop%20Skyland%20L3.txt	Moondrop Skyland (pads: stock)	Moondrop Skyland (pads stock)	over-ear	KB006x + 711
https://squig.link/headphones/data/Moondrop%20Skyland%20R1.txt	Moondrop Skyland (pads: stock)	Moondrop Skyland (pads stock)	over-ear	KB006x + 711
https://squig.link/headphones/data/Moondrop%20Skyland%20R2.txt	Moondrop Skyland (pads: stock)	Moondrop Skyland (pads stock)	over-ear	KB006x + 711
https://squig.link/headphones/data/Moondrop%20Skyland%20R3.txt	Moondrop Skyland (pads: stock)	Moondrop Skyland (pads stock)	over-ear	KB006x + 711
https://superreview.squig.link/data/Moondrop%20Solis%20L.txt	Moondrop Solis (sample 1)	Moondrop Solis	in-ear	711
https://superreview.squig.link/data/Moondrop%20Solis%20R.txt	Moondrop Solis (sample 1)	Moondrop Solis	in-ear	711
https://superreview.squig.link/data/Moondrop%20Solis%20S2%20L.txt	Moondrop Solis (sample 2)	Moondrop Solis	in-ear	711
https://superreview.squig.link/data/Moondrop%20Solis%20S2%20R.txt	Moondrop Solis (sample 2)	Moondrop Solis	in-ear	711
https://superreview.squig.link/data/Moondrop%20Solis%202%20L.txt	Moondrop Solis 2	Moondrop Solis 2	in-ear	711
https://superreview.squig.link/data/Moondrop%20Solis%202%20R.txt	Moondrop Solis 2	Moondrop Solis 2	in-ear	711
https://superreview.squig.link/data/Moondrop%20Space%20Travel%202%20L.txt		Moondrop Space Travel 2	in-ear	711
https://superreview.squig.link/data/Moondrop%20Space%20Travel%202%20R.txt		Moondrop Space Travel 2	in-ear	711
https://superreview.squig.link/data/Moondrop%20Space%20Travel%202%20anc%20off%20L.txt		Moondrop Space Travel 2 (ANC off)	in-ear	711
https://superreview.squig.link/data/Moondrop%20Space%20Travel%202%20bass%20minus%20L.txt		Moondrop Space Travel 2 bass minus	ignore	711
https://superreview.squig.link/data/Moondrop%20Space%20Travel%202%20bass%20minus%20R.txt		Moondrop Space Travel 2 bass minus	ignore	711
https://superreview.squig.link/data/Moondrop%20Space%20Travel%202%20bass%20plus%20L.txt		Moondrop Space Travel 2 bass plus	ignore	711
https://superreview.squig.link/data/Moondrop%20Space%20Travel%202%20bass%20plus%20R.txt		Moondrop Space Travel 2 bass plus	ignore	711
https://superreview.squig.link/data/Moondrop%20Space%20Travel%202%20deep%20L.txt		Moondrop Space Travel 2 deep	ignore	711
https://superreview.squig.link/data/Moondrop%20Space%20Travel%202%20deep%20R.txt		Moondrop Space Travel 2 deep	ignore	711
https://superreview.squig.link/data/Moondrop%20Space%20Travel%202%20fail%20L.txt		Moondrop Space Travel 2 fail	ignore	711
https://superreview.squig.link/data/Moondrop%20Space%20Travel%202%20shallow%20L.txt		Moondrop Space Travel 2 shallow	ignore	711
https://superreview.squig.link/data/Moondrop%20Space%20Travel%202%20shallow%20R.txt		Moondrop Space Travel 2 shallow	ignore	711
https://superreview.squig.link/data/Moondrop%20Spaceship%20L.txt	Moondrop Spaceship	Moondrop Spaceship	in-ear	711
https://superreview.squig.link/data/Moondrop%20Sparks%20(1.1.7)%20L.txt	Moondrop Sparks (v1.1.7)	Moondrop Sparks	in-ear	711
https://superreview.squig.link/data/Moondrop%20Sparks%20L.txt		Moondrop Sparks	in-ear	711
https://superreview.squig.link/data/Moondrop%20Sparks%20(1.1.9%20-%20David%20Xu)%20L.txt	Moondrop Sparks (EQ: David Xu) (v1.1.9)	Moondrop Sparks (EQ: David Xu) (v1.1.9)	ignore	
https://superreview.squig.link/data/Moondrop%20Sparks%20(1.1.9%20-%20Wennebostel)%20L.txt	Moondrop Sparks (EQ: Wennebostel) (v1.1.9)	Moondrop Sparks (EQ: Wennebostel) (v1.1.9)	ignore	
https://superreview.squig.link/data/Moondrop%20Sparks%20(1.1.9%20-%20balanced)%20L.txt	Moondrop Sparks (EQ: balanced) (v1.1.9)	Moondrop Sparks (EQ: balanced) (v1.1.9)	ignore	
https://superreview.squig.link/data/Moondrop%20Sparks%20(1.1.9%20-%20basshead)%20L.txt	Moondrop Sparks (EQ: basshead) (v1.1.9)	Moondrop Sparks (EQ: basshead) (v1.1.9)	ignore	
https://superreview.squig.link/data/Moondrop%20Sparks%20(1.1.9%20-%20no%20bass)%20L.txt	Moondrop Sparks (EQ: no bass) (v1.1.9)	Moondrop Sparks (EQ: no bass) (v1.1.9)	ignore	
https://superreview.squig.link/data/Moondrop%20Sparks%20(1.1.9%20-%20studio)%20L.txt	Moondrop Sparks (EQ: studio) (v1.1.9)	Moondrop Sparks (EQ: studio) (v1.1.9)	ignore	
https://superreview.squig.link/data/Moondrop%20Sparks%20(1.1.2)%20L.txt	Moondrop Sparks (v1.1.2)	Moondrop Sparks (v1.1.2)	ignore	
https://superreview.squig.link/data/Moondrop%20Sparks%20(1.1.4)%20L.txt	Moondrop Sparks (v1.1.4)	Moondrop Sparks (v1.1.4)	ignore	
https://superreview.squig.link/data/Moondrop%20Sparks%20(1.1.5)%20L.txt	Moondrop Sparks (v1.1.5)	Moondrop Sparks (v1.1.5)	ignore	
https://superreview.squig.link/data/Moondrop%20Stardust%20L.txt	Moondrop Stardust (sample 1)	Moondrop Stardust	in-ear	711
https://superreview.squig.link/data/Moondrop%20Stardust%20R.txt	Moondrop Stardust (sample 1)	Moondrop Stardust	in-ear	711
https://superreview.squig.link/data/Moondrop%20Stardust%20(S2)%20L.txt	Moondrop Stardust (sample 2)	Moondrop Stardust	in-ear	711
https://superreview.squig.link/data/Moondrop%20Stardust%20(S2)%20R.txt	Moondrop Stardust (sample 2)	Moondrop Stardust	in-ear	711
https://superreview.squig.link/data/Moondrop%20Stardust%20(S3)%20L.txt	Moondrop Stardust (sample 3)	Moondrop Stardust	in-ear	711
https://superreview.squig.link/data/Moondrop%20Stardust%20(S3)%20R.txt	Moondrop Stardust (sample 3)	Moondrop Stardust	in-ear	711
https://superreview.squig.link/data/Moondrop%20Stardust%20(S4)%20L.txt	Moondrop Stardust (sample 4)	Moondrop Stardust	in-ear	711
https://superreview.squig.link/data/Moondrop%20Stardust%20(S4)%20R.txt	Moondrop Stardust (sample 4)	Moondrop Stardust	in-ear	711
https://superreview.squig.link/data/Moondrop%20Starfield%20L.txt	Moondrop Starfield	Moondrop Starfield	in-ear	711
https://superreview.squig.link/data/Moondrop%20Starfield%202%20L.txt	Moondrop Starfield 2 	Moondrop Starfield 2	in-ear	711
https://superreview.squig.link/data/Moondrop%20Starfield%202%20R.txt	Moondrop Starfield 2 	Moondrop Starfield 2	in-ear	711
https://superreview.squig.link/data/Moondrop%20Alice%20(2.0.1%20+%20E-type)%20L.txt	Moondrop Alice (EQ: Moondrop Target firmware 2.1.0 + tips: E-type)	Moondrop Starfield 2 (Spinfit CP-145 eartips)	in-ear	711
https://superreview.squig.link/data/Moondrop%20Alice%20(2.0.1%20+%20E-type)%20R.txt	Moondrop Alice (EQ: Moondrop Target firmware 2.1.0 + tips: E-type)	Moondrop Starfield 2 (Spinfit CP-145 eartips)	in-ear	711
https://superreview.squig.link/data/Moondrop%20Starfield%202%20(bass)%20L.txt	Moondrop Starfield 2 (bass plug)	Moondrop Starfield 2 (bass plug)	in-ear	711
https://superreview.squig.link/data/Moondrop%20Starfield%202%20(bass)%20R.txt	Moondrop Starfield 2 (bass plug)	Moondrop Starfield 2 (bass plug)	in-ear	711
https://superreview.squig.link/data/Moondrop%20Starfield%202%20(tape)%20L.txt	Moondrop Starfield 2 (tape mod)	Moondrop Starfield 2 (tape mod)	ignore	
https://superreview.squig.link/data/Moondrop%20Starfield%202%20(tape)%20R.txt	Moondrop Starfield 2 (tape mod)	Moondrop Starfield 2 (tape mod)	ignore	
https://superreview.squig.link/data/Moondrop%20Stellaris%20L.txt	Moondrop Stellaris 	Moondrop Stellaris	in-ear	711
https://superreview.squig.link/data/Moondrop%20Stellaris%20R.txt	Moondrop Stellaris 	Moondrop Stellaris	in-ear	711
https://superreview.squig.link/data/Moondrop%20Stellaris%20(Tanchjim%20filter)%20L.txt	Moondrop Stellaris (Tanchjim filter)	Moondrop Stellaris (Tanchjim filter)	ignore	
https://superreview.squig.link/data/Moondrop%20Stellaris%20(Tanchjim%20filter)%20R.txt	Moondrop Stellaris (Tanchjim filter)	Moondrop Stellaris (Tanchjim filter)	ignore	
https://superreview.squig.link/earbuds/data/Moondrop%20U2%20L1.txt		Moondrop U-2	earbud	KB006x + 711
https://superreview.squig.link/earbuds/data/Moondrop%20U2%20L2.txt		Moondrop U-2	earbud	KB006x + 711
https://superreview.squig.link/earbuds/data/Moondrop%20U2%20L3.txt		Moondrop U-2	earbud	KB006x + 711
https://superreview.squig.link/earbuds/data/Moondrop%20U2%20R1.txt		Moondrop U-2	earbud	KB006x + 711
https://superreview.squig.link/earbuds/data/Moondrop%20U2%20R2.txt		Moondrop U-2	earbud	KB006x + 711
https://superreview.squig.link/earbuds/data/Moondrop%20U2%20R3.txt		Moondrop U-2	earbud	KB006x + 711
https://superreview.squig.link/earbuds/data/Moondrop%20U2%20foams%20L1.txt		Moondrop U2 (foams)	earbud	KB006x + 711
https://superreview.squig.link/earbuds/data/Moondrop%20U2%20foams%20L2.txt		Moondrop U2 (foams)	earbud	KB006x + 711
https://superreview.squig.link/earbuds/data/Moondrop%20U2%20foams%20L3.txt		Moondrop U2 (foams)	earbud	KB006x + 711
https://superreview.squig.link/earbuds/data/Moondrop%20U2%20foams%20R1.txt		Moondrop U2 (foams)	earbud	KB006x + 711
https://superreview.squig.link/earbuds/data/Moondrop%20U2%20foams%20R2.txt		Moondrop U2 (foams)	earbud	KB006x + 711
https://superreview.squig.link/earbuds/data/Moondrop%20U2%20foams%20R3.txt		Moondrop U2 (foams)	earbud	KB006x + 711
https://superreview.squig.link/data/Moondrop%20Ultrasonic%20336xx%20L.txt	Moondrop Ultrasonic (EQ: 336xx)	Moondrop Ultrasonic (EQ 336xx)	ignore	711
https://superreview.squig.link/data/Moondrop%20Ultrasonic%20336xx%20R.txt	Moondrop Ultrasonic (EQ: 336xx)	Moondrop Ultrasonic (EQ 336xx)	ignore	711
https://superreview.squig.link/data/Moondrop%20Ultrasonic%2089xx%20L.txt	Moondrop Ultrasonic (EQ: 89xx)	Moondrop Ultrasonic (EQ 89xx)	ignore	711
https://superreview.squig.link/data/Moondrop%20Ultrasonic%2089xx%20R.txt	Moondrop Ultrasonic (EQ: 89xx)	Moondrop Ultrasonic (EQ 89xx)	ignore	711
https://superreview.squig.link/data/Moondrop%20Ultrasonic%20club%20L.txt	Moondrop Ultrasonic (EQ: club [default])	Moondrop Ultrasonic (EQ club [default])	ignore	711
https://superreview.squig.link/data/Moondrop%20Ultrasonic%20club%20R.txt	Moondrop Ultrasonic (EQ: club [default])	Moondrop Ultrasonic (EQ club [default])	ignore	711
https://superreview.squig.link/data/Moondrop%20Ultrasonic%20monitor%20L.txt	Moondrop Ultrasonic (EQ: monitor)	Moondrop Ultrasonic (EQ monitor)	ignore	711
https://superreview.squig.link/data/Moondrop%20Ultrasonic%20monitor%20R.txt	Moondrop Ultrasonic (EQ: monitor)	Moondrop Ultrasonic (EQ monitor)	ignore	711
https://superreview.squig.link/data/Moondrop%20Ultrasonic%20reference%20L.txt	Moondrop Ultrasonic (EQ: reference)	Moondrop Ultrasonic (reference EQ)	in-ear	711
https://superreview.squig.link/data/Moondrop%20Ultrasonic%20reference%20R.txt	Moondrop Ultrasonic (EQ: reference)	Moondrop Ultrasonic (reference EQ)	in-ear	711
https://superreview.squig.link/data/Moondrop%20Variations%20L.txt	Moondrop Variations (sample 1)	Moondrop Variations	in-ear	711
https://superreview.squig.link/data/Moondrop%20Variations%20(S2)%20L.txt	Moondrop Variations (sample 2)	Moondrop Variations	in-ear	711
https://superreview.squig.link/data/Moondrop%20Variations%20(S2)%20R.txt	Moondrop Variations (sample 2)	Moondrop Variations	in-ear	711
https://superreview.squig.link/headphones/data/Moondrop%20Venus%20L1.txt	Moondrop Venus	Moondrop Venus	over-ear	KB006x + 711
https://superreview.squig.link/headphones/data/Moondrop%20Venus%20L2.txt	Moondrop Venus	Moondrop Venus	over-ear	KB006x + 711
https://superreview.squig.link/headphones/data/Moondrop%20Venus%20L3.txt	Moondrop Venus	Moondrop Venus	over-ear	KB006x + 711
https://superreview.squig.link/headphones/data/Moondrop%20Venus%20R1.txt	Moondrop Venus	Moondrop Venus	over-ear	KB006x + 711
https://superreview.squig.link/headphones/data/Moondrop%20Venus%20R2.txt	Moondrop Venus	Moondrop Venus	over-ear	KB006x + 711
https://superreview.squig.link/headphones/data/Moondrop%20Venus%20R3.txt	Moondrop Venus	Moondrop Venus	over-ear	KB006x + 711
https://superreview.squig.link/headphones/data/Moondrop%20Void%20L1.txt	Moondrop Void	Moondrop Void	over-ear	KB006x + 711
https://superreview.squig.link/headphones/data/Moondrop%20Void%20L2.txt	Moondrop Void	Moondrop Void	over-ear	KB006x + 711
https://superreview.squig.link/headphones/data/Moondrop%20Void%20L3.txt	Moondrop Void	Moondrop Void	over-ear	KB006x + 711
https://superreview.squig.link/headphones/data/Moondrop%20Void%20R1.txt	Moondrop Void	Moondrop Void	over-ear	KB006x + 711
https://superreview.squig.link/headphones/data/Moondrop%20Void%20R2.txt	Moondrop Void	Moondrop Void	over-ear	KB006x + 711
https://superreview.squig.link/headphones/data/Moondrop%20Void%20R3.txt	Moondrop Void	Moondrop Void	over-ear	KB006x + 711
https://superreview.squig.link/data/Moondrop%20Voyager%20(null%20EQ)%20L.txt	Moondrop Voyager (EQ: null)	Moondrop Voyager	in-ear	711
https://superreview.squig.link/data/Moondrop%20Voyager%20(null%20EQ)%20R.txt	Moondrop Voyager (EQ: null)	Moondrop Voyager	in-ear	711
https://superreview.squig.link/data/Moondrop%20Voyager%20(Super%20target)%20L.txt	Moondrop Voyager (EQ: Super target)	Moondrop Voyager (EQ: Super target)	ignore	
https://superreview.squig.link/data/Moondrop%20Voyager%20(Super%20target)%20R.txt	Moondrop Voyager (EQ: Super target)	Moondrop Voyager (EQ: Super target)	ignore	
https://superreview.squig.link/data/Moondrop%20Voyager%20(VDSF%20reference)%20L.txt	Moondrop Voyager (EQ: VDSF reference)	Moondrop Voyager (EQ: VDSF reference)	ignore	
https://superreview.squig.link/data/Moondrop%20Voyager%20(VDSF%20reference)%20R.txt	Moondrop Voyager (EQ: VDSF reference)	Moondrop Voyager (EQ: VDSF reference)	ignore	
https://superreview.squig.link/data/Moondrop%20Voyager%20(hi-end%20style)%20L.txt	Moondrop Voyager (EQ: hi-end style)	Moondrop Voyager (EQ: hi-end style)	ignore	
https://superreview.squig.link/data/Moondrop%20Voyager%20(hi-end%20style)%20R.txt	Moondrop Voyager (EQ: hi-end style)	Moondrop Voyager (EQ: hi-end style)	ignore	
https://superreview.squig.link/data/Moondrop%20Voyager%20(normal)%20L.txt	Moondrop Voyager (EQ: normal)	Moondrop Voyager (EQ: normal)	ignore	
https://superreview.squig.link/data/Moondrop%20Voyager%20(normal)%20R.txt	Moondrop Voyager (EQ: normal)	Moondrop Voyager (EQ: normal)	ignore	
https://superreview.squig.link/data/Moondrop%20Voyager%20(ultra-bass)%20L.txt	Moondrop Voyager (EQ: ultra-bass)	Moondrop Voyager (EQ: ultra-bass)	ignore	
https://superreview.squig.link/data/Moondrop%20Voyager%20(ultra-bass)%20R.txt	Moondrop Voyager (EQ: ultra-bass)	Moondrop Voyager (EQ: ultra-bass)	ignore	
https://superreview.squig.link/data/Moondrop%20Blessing%202%20Dusk%20L.txt	Moondrop Blessing 2: Dusk	Moondrop x Crinacle Blessing2 Dusk	in-ear	711
https://superreview.squig.link/data/Moondrop%20Dusk%202%20S3%20L.txt	Moondrop x Crinacle Dusk (S3 - 3.5mm)	Moondrop x Crinacle DUSK	in-ear	711
https://superreview.squig.link/data/Moondrop%20Dusk%202%20S3%20R.txt	Moondrop x Crinacle Dusk (S3 - 3.5mm)	Moondrop x Crinacle DUSK	in-ear	711
https://superreview.squig.link/data/Moondrop%20Dusk%202%20L.txt	Moondrop x Crinacle Dusk 2 (S1 @ CanJam - 3.5mm)	Moondrop x Crinacle Dusk 2 (S1 @ CanJam - 3.5mm)	ignore	711
https://superreview.squig.link/data/Moondrop%20Dusk%202%20R.txt	Moondrop x Crinacle Dusk 2 (S1 @ CanJam - 3.5mm)	Moondrop x Crinacle Dusk 2 (S1 @ CanJam - 3.5mm)	ignore	711
https://superreview.squig.link/data/Moondrop%20Dusk%202%20USB%20L.txt	Moondrop x Crinacle Dusk 2 (S1 @ CanJam - USB, Default)	Moondrop x Crinacle Dusk 2 (S1 @ CanJam - USB, Default)	ignore	711
https://superreview.squig.link/data/Moondrop%20Dusk%202%20USB%20R.txt	Moondrop x Crinacle Dusk 2 (S1 @ CanJam - USB, Default)	Moondrop x Crinacle Dusk 2 (S1 @ CanJam - USB, Default)	ignore	711
https://superreview.squig.link/data/Moondrop%20Dusk%202%20S2%20L.txt	Moondrop x Crinacle Dusk 2 (S2 - 3.5mm)	Moondrop x Crinacle Dusk 2 (S2 - 3.5mm)	ignore	711
https://superreview.squig.link/data/Moondrop%20Dusk%202%20S2%20R.txt	Moondrop x Crinacle Dusk 2 (S2 - 3.5mm)	Moondrop x Crinacle Dusk 2 (S2 - 3.5mm)	ignore	711
https://superreview.squig.link/data/Moondrop%20Dusk%202%20S2%20USB%20Bass%20L.txt	Moondrop x Crinacle Dusk 2 (S2 - USB, Bass+)	Moondrop x Crinacle Dusk 2 (S2 - USB, Bass+)	ignore	711
https://superreview.squig.link/data/Moondrop%20Dusk%202%20S2%20USB%20Bass%20R.txt	Moondrop x Crinacle Dusk 2 (S2 - USB, Bass+)	Moondrop x Crinacle Dusk 2 (S2 - USB, Bass+)	ignore	711
https://superreview.squig.link/data/Moondrop%20Dusk%202%20S2%20USB%20ST%20L.txt	Moondrop x Crinacle Dusk 2 (S2 - USB, Custom PEQ)	Moondrop x Crinacle Dusk 2 (S2 - USB, Custom PEQ)	ignore	711
https://superreview.squig.link/data/Moondrop%20Dusk%202%20S2%20USB%20ST%20R.txt	Moondrop x Crinacle Dusk 2 (S2 - USB, Custom PEQ)	Moondrop x Crinacle Dusk 2 (S2 - USB, Custom PEQ)	ignore	711
https://superreview.squig.link/data/Moondrop%20Dusk%202%20S2%20USB%20Default%20L.txt	Moondrop x Crinacle Dusk 2 (S2 - USB, Default)	Moondrop x Crinacle Dusk 2 (S2 - USB, Default)	ignore	711
https://superreview.squig.link/data/Moondrop%20Dusk%202%20S2%20USB%20Default%20R.txt	Moondrop x Crinacle Dusk 2 (S2 - USB, Default)	Moondrop x Crinacle Dusk 2 (S2 - USB, Default)	ignore	711
https://superreview.squig.link/data/Moondrop%20Dusk%202%20S2%20USB%20Diffuse%20Tilted%20L.txt	Moondrop x Crinacle Dusk 2 (S2 - USB, Diffuse Tilted)	Moondrop x Crinacle Dusk 2 (S2 - USB, Diffuse Tilted)	ignore	711
https://superreview.squig.link/data/Moondrop%20Dusk%202%20S2%20USB%20Diffuse%20Tilted%20R.txt	Moondrop x Crinacle Dusk 2 (S2 - USB, Diffuse Tilted)	Moondrop x Crinacle Dusk 2 (S2 - USB, Diffuse Tilted)	ignore	711
https://superreview.squig.link/data/Moondrop%20Dusk%202%20S2%20USB%20Harman%20L.txt	Moondrop x Crinacle Dusk 2 (S2 - USB, Harman)	Moondrop x Crinacle Dusk 2 (S2 - USB, Harman)	ignore	711
https://superreview.squig.link/data/Moondrop%20Dusk%202%20S2%20USB%20Harman%20R.txt	Moondrop x Crinacle Dusk 2 (S2 - USB, Harman)	Moondrop x Crinacle Dusk 2 (S2 - USB, Harman)	ignore	711
https://superreview.squig.link/data/Moondrop%20Dusk%202%20S2%20USB%20V%20L.txt	Moondrop x Crinacle Dusk 2 (S2 - USB, V)	Moondrop x Crinacle Dusk 2 (S2 - USB, V)	ignore	711
https://superreview.squig.link/data/Moondrop%20Dusk%202%20S2%20USB%20V%20R.txt	Moondrop x Crinacle Dusk 2 (S2 - USB, V)	Moondrop x Crinacle Dusk 2 (S2 - USB, V)	ignore	711
https://squig.link/data/Moondrop%20Silicon%20deep%20L.txt	Moondrop x Crinacle Silicon (sample 1 :: insert: deep)	Moondrop x Crinacle Silicon (sample 1 insert deep)	in-ear	711
https://squig.link/data/Moondrop%20Silicon%20deep%20R.txt	Moondrop x Crinacle Silicon (sample 1 :: insert: deep)	Moondrop x Crinacle Silicon (sample 1 insert deep)	in-ear	711
https://squig.link/data/Moondrop%20Silicon%20shallow%20L.txt	Moondrop x Crinacle Silicon (sample 1 :: insert: shallow)	Moondrop x Crinacle Silicon (sample 1 insert shallow)	in-ear	711
https://squig.link/data/Moondrop%20Silicon%20shallow%20R.txt	Moondrop x Crinacle Silicon (sample 1 :: insert: shallow)	Moondrop x Crinacle Silicon (sample 1 insert shallow)	in-ear	711
https://squig.link/data/Moondrop%20Silicon%20L.txt	Moondrop x Crinacle Silicon (sample 1)	Moondrop x Crinacle Silicon (sample 1)	in-ear	711
https://squig.link/data/Moondrop%20Silicon%20R.txt	Moondrop x Crinacle Silicon (sample 1)	Moondrop x Crinacle Silicon (sample 1)	in-ear	711
https://squig.link/data/Moondrop%20Silicon%20S2%20R.txt	Moondrop x Crinacle Silicon (sample 2)	Moondrop x Crinacle Silicon (sample 2)	in-ear	711
https://squig.link/data/Moondrop%20Silicon%20S3%20L.txt	Moondrop x Crinacle Silicon (sample 3)	Moondrop x Crinacle Silicon (sample 3)	in-ear	711
https://squig.link/data/Moondrop%20Silicon%20S3%20R.txt	Moondrop x Crinacle Silicon (sample 3)	Moondrop x Crinacle Silicon (sample 3)	in-ear	711
https://squig.link/data/Moondrop%20Silicon%20S4%20L.txt	Moondrop x Crinacle Silicon (sample 4)	Moondrop x Crinacle Silicon (sample 4)	in-ear	711
https://squig.link/data/Moondrop%20Silicon%20S4%20R.txt	Moondrop x Crinacle Silicon (sample 4)	Moondrop x Crinacle Silicon (sample 4)	in-ear	711
https://superreview.squig.link/data/NF%20Audio%20NA2+%20L.txt	NF Audio NA2+ (tips: atmosphere)	NF ACOUS NA2+ (Atmosphere eartips)	in-ear	711
https://superreview.squig.link/data/NF%20Audio%20NA2+%20(balanced%20tips)%20L.txt	NF Audio NA2+ (tips: balanced)	NF ACOUS NA2+ (Balanced eartips)	in-ear	711
https://superreview.squig.link/data/NF%20Audio%20NA2+%20(Etype%20tips)%20L.txt	NF Audio NA2+ (tips: Etype)	NF ACOUS NA2+ (Final Audio Type E eartips	in-ear	711
https://superreview.squig.link/data/NF%20Audio%20NM2%20L.txt	NF Audio NM2	NF ACOUS NM2	in-ear	711
https://superreview.squig.link/data/NF%20Audio%20NM2%20R.txt	NF Audio NM2	NF ACOUS NM2	in-ear	711
https://superreview.squig.link/data/NF%20Audio%20RA15%20gold%20L.txt	NF Audio RA15 (nozzle: gold)	NF ACOUS RA15 (gold nozzle)	in-ear	711
https://superreview.squig.link/data/NF%20Audio%20RA15%20gold%20R.txt	NF Audio RA15 (nozzle: gold)	NF ACOUS RA15 (gold nozzle)	in-ear	711
https://superreview.squig.link/data/NF%20Audio%20RA15%20silver%20L.txt	NF Audio RA15 (nozzle: silver)	NF ACOUS RA15 (silver nozzle)	in-ear	711
https://superreview.squig.link/data/NF%20Audio%20RA15%20silver%20R.txt	NF Audio RA15 (nozzle: silver)	NF ACOUS RA15 (silver nozzle)	in-ear	711
https://superreview.squig.link/data/NF%20Audio%20NA2+%20(Tanchjim%20filter)%20L.txt	NF Audio NA2+ (Tanchjim filter)	NF Audio NA2+ (Tanchjim filter)	ignore	
https://superreview.squig.link/earbuds/data/NiceHCK%20EB2S%20Pro%20foam%20L1.txt		NiceHCK EB2S Pro (foams)	earbud	KB006x + 711
https://superreview.squig.link/earbuds/data/NiceHCK%20EB2S%20Pro%20foam%20L2.txt		NiceHCK EB2S Pro (foams)	earbud	KB006x + 711
https://superreview.squig.link/earbuds/data/NiceHCK%20EB2S%20Pro%20foam%20L3.txt		NiceHCK EB2S Pro (foams)	earbud	KB006x + 711
https://superreview.squig.link/earbuds/data/NiceHCK%20EB2S%20Pro%20foam%20R1.txt		NiceHCK EB2S Pro (foams)	earbud	KB006x + 711
https://superreview.squig.link/earbuds/data/NiceHCK%20EB2S%20Pro%20foam%20R2.txt		NiceHCK EB2S Pro (foams)	earbud	KB006x + 711
https://superreview.squig.link/earbuds/data/NiceHCK%20EB2S%20Pro%20foam%20R3.txt		NiceHCK EB2S Pro (foams)	earbud	KB006x + 711
https://superreview.squig.link/earbuds/data/NiceHCK%20EB2S%20Pro%20no%20foam%20L1.txt		NiceHCK EB2S Pro (no foams)	earbud	KB006x + 711
https://superreview.squig.link/earbuds/data/NiceHCK%20EB2S%20Pro%20no%20foam%20L2.txt		NiceHCK EB2S Pro (no foams)	earbud	KB006x + 711
https://superreview.squig.link/earbuds/data/NiceHCK%20EB2S%20Pro%20no%20foam%20L3.txt		NiceHCK EB2S Pro (no foams)	earbud	KB006x + 711
https://superreview.squig.link/earbuds/data/NiceHCK%20EB2S%20Pro%20no%20foam%20R1.txt		NiceHCK EB2S Pro (no foams)	earbud	KB006x + 711
https://superreview.squig.link/earbuds/data/NiceHCK%20EB2S%20Pro%20no%20foam%20R2.txt		NiceHCK EB2S Pro (no foams)	earbud	KB006x + 711
https://superreview.squig.link/earbuds/data/NiceHCK%20EB2S%20Pro%20no%20foam%20R3.txt		NiceHCK EB2S Pro (no foams)	earbud	KB006x + 711
https://superreview.squig.link/earbuds/data/NiceHCK%20EBX21%20R1.txt		NiceHCK EBX21	earbud	KB006x + 711
https://superreview.squig.link/earbuds/data/NiceHCK%20EBX21%20R2.txt		NiceHCK EBX21	earbud	KB006x + 711
https://superreview.squig.link/earbuds/data/NiceHCK%20EBX21%20R3.txt		NiceHCK EBX21	earbud	KB006x + 711
https://squig.link/data/NiceHCK%20Himalaya%20blue%20L.txt	NiceHCK Himalaya (nozzle: blue)	NiceHCK Himalaya (nozzle blue)	in-ear	711
https://squig.link/data/NiceHCK%20Himalaya%20blue%20R.txt	NiceHCK Himalaya (nozzle: blue)	NiceHCK Himalaya (nozzle blue)	in-ear	711
https://squig.link/data/NiceHCK%20Himalaya%20gold%20deep%20L.txt	NiceHCK Himalaya (nozzle: gold :: insert: deep)	NiceHCK Himalaya (nozzle gold insert deep)	in-ear	711
https://squig.link/data/NiceHCK%20Himalaya%20gold%20shallow%20L.txt	NiceHCK Himalaya (nozzle: gold :: insert: shallow)	NiceHCK Himalaya (nozzle gold insert shallow)	in-ear	711
https://squig.link/data/NiceHCK%20Himalaya%20gold%20shallow%20R.txt	NiceHCK Himalaya (nozzle: gold :: insert: shallow)	NiceHCK Himalaya (nozzle gold insert shallow)	in-ear	711
https://squig.link/data/NiceHCK%20Himalaya%20gold%20L.txt	NiceHCK Himalaya (nozzle: gold)	NiceHCK Himalaya (nozzle gold)	in-ear	711
https://squig.link/data/NiceHCK%20Himalaya%20gold%20R.txt	NiceHCK Himalaya (nozzle: gold)	NiceHCK Himalaya (nozzle gold)	in-ear	711
https://squig.link/data/NiceHCK%20Himalaya%20gray%20L.txt	NiceHCK Himalaya (nozzle: gray)	NiceHCK Himalaya (nozzle gray)	in-ear	711
https://squig.link/data/NiceHCK%20Himalaya%20gray%20R.txt	NiceHCK Himalaya (nozzle: gray)	NiceHCK Himalaya (nozzle gray)	in-ear	711
https://superreview.squig.link/data/NiceHCK%20NX8%20L.txt	NiceHCK NX8	NiceHCK NX8	in-ear	711
https://superreview.squig.link/data/NiceHCK%20NX8%20R.txt	NiceHCK NX8	NiceHCK NX8	in-ear	711
https://squig.link/data/NiceHCK%20NX8%20Ti%20gold%20L.txt	NiceHCK NX8 Ti (nozzle: gold)	NiceHCK NX8 Ti (nozzle gold)	in-ear	711
https://squig.link/data/NiceHCK%20NX8%20Ti%20gold%20R.txt	NiceHCK NX8 Ti (nozzle: gold)	NiceHCK NX8 Ti (nozzle gold)	in-ear	711
https://squig.link/data/NiceHCK%20NX8%20Ti%20deep%20L.txt	NiceHCK NX8 Ti (nozzle: silver :: insert: deep)	NiceHCK NX8 Ti (nozzle silver insert deep)	in-ear	711
https://squig.link/data/NiceHCK%20NX8%20Ti%20deep%20R.txt	NiceHCK NX8 Ti (nozzle: silver :: insert: deep)	NiceHCK NX8 Ti (nozzle silver insert deep)	in-ear	711
https://squig.link/data/NiceHCK%20NX8%20Ti%20shallow%20L.txt	NiceHCK NX8 Ti (nozzle: silver :: insert: shallow)	NiceHCK NX8 Ti (nozzle silver insert shallow)	in-ear	711
https://squig.link/data/NiceHCK%20NX8%20Ti%20shallow%20R.txt	NiceHCK NX8 Ti (nozzle: silver :: insert: shallow)	NiceHCK NX8 Ti (nozzle silver insert shallow)	in-ear	711
https://squig.link/data/NiceHCK%20NX8%20Ti%20L.txt	NiceHCK NX8 Ti (nozzle: silver)	NiceHCK NX8 Ti (nozzle silver)	in-ear	711
https://squig.link/data/NiceHCK%20NX8%20Ti%20R.txt	NiceHCK NX8 Ti (nozzle: silver)	NiceHCK NX8 Ti (nozzle silver)	in-ear	711
https://squig.link/data/NiceHCK%20Rockies%20L.txt	NiceHCK Rockies 	NiceHCK Rockies	in-ear	711
https://squig.link/data/NiceHCK%20Rockies%20R.txt	NiceHCK Rockies 	NiceHCK Rockies	in-ear	711
https://squig.link/data/NiceHCK%20Rockies%20deep%20L.txt	NiceHCK Rockies (insert: deep)	NiceHCK Rockies (insert deep)	in-ear	711
https://squig.link/data/NiceHCK%20Rockies%20deep%20R.txt	NiceHCK Rockies (insert: deep)	NiceHCK Rockies (insert deep)	in-ear	711
https://squig.link/data/NiceHCK%20Rockies%20shallow%20L.txt	NiceHCK Rockies (insert: shallow)	NiceHCK Rockies (insert shallow)	in-ear	711
https://squig.link/data/NiceHCK%20Rockies%20shallow%20R.txt	NiceHCK Rockies (insert: shallow)	NiceHCK Rockies (insert shallow)	in-ear	711
https://superreview.squig.link/data/NiceHCK%20Topguy%20L.txt	NiceHCK Topguy	NiceHCK Topguy	in-ear	711
https://superreview.squig.link/data/NiceHCK%20Topguy%20R.txt	NiceHCK Topguy	NiceHCK Topguy	in-ear	711
https://superreview.squig.link/data/Night%20Oblivion%20Butastur%20(DD)%20R.txt	Night Oblivion Butastur (switches: DD)	Night Oblivion Butastur (off-off)	in-ear	711
https://superreview.squig.link/data/Night%20Oblivion%20Butastur%20(DU)%20L.txt	Night Oblivion Butastur (switches: DU)	Night Oblivion Butastur (off-on)	in-ear	711
https://superreview.squig.link/data/Night%20Oblivion%20Butastur%20(DU)%20R.txt	Night Oblivion Butastur (switches: DU)	Night Oblivion Butastur (off-on)	in-ear	711
https://superreview.squig.link/data/Night%20Oblivion%20Butastur%20(UD)%20L.txt	Night Oblivion Butastur (switches: UD)	Night Oblivion Butastur (on-off)	in-ear	711
https://superreview.squig.link/data/Night%20Oblivion%20Butastur%20(UD)%20R.txt	Night Oblivion Butastur (switches: UD)	Night Oblivion Butastur (on-off)	in-ear	711
https://superreview.squig.link/data/Night%20Oblivion%20Butastur%20(UU)%20L.txt	Night Oblivion Butastur (switches: UU)	Night Oblivion Butastur (on-on)	in-ear	711
https://superreview.squig.link/data/Night%20Oblivion%20Butastur%20(UU)%20R.txt	Night Oblivion Butastur (switches: UU)	Night Oblivion Butastur (on-on)	in-ear	711
https://squig.link/data/Nightjar%20Duality%20backward%20L.txt	Nightjar Acoustics Duality (switch: backward)	Nightjar Duality (switch backward)	in-ear	711
https://squig.link/data/Nightjar%20Duality%20backward%20R.txt	Nightjar Acoustics Duality (switch: backward)	Nightjar Duality (switch backward)	in-ear	711
https://squig.link/data/Nightjar%20Duality%20forward%20deep%20L.txt	Nightjar Acoustics Duality (switch: forward :: insert: deep)	Nightjar Duality (switch forward insert deep)	in-ear	711
https://squig.link/data/Nightjar%20Duality%20forward%20deep%20R.txt	Nightjar Acoustics Duality (switch: forward :: insert: deep)	Nightjar Duality (switch forward insert deep)	in-ear	711
https://squig.link/data/Nightjar%20Duality%20forward%20shallow%20L.txt	Nightjar Acoustics Duality (switch: forward :: insert: shallow)	Nightjar Duality (switch forward insert shallow)	in-ear	711
https://squig.link/data/Nightjar%20Duality%20forward%20shallow%20R.txt	Nightjar Acoustics Duality (switch: forward :: insert: shallow)	Nightjar Duality (switch forward insert shallow)	in-ear	711
https://squig.link/data/Nightjar%20Duality%20forward%20L.txt	Nightjar Acoustics Duality (switch: forward)	Nightjar Duality (switch forward)	in-ear	711
https://squig.link/data/Nightjar%20Duality%20forward%20R.txt	Nightjar Acoustics Duality (switch: forward)	Nightjar Duality (switch forward)	in-ear	711
https://superreview.squig.link/data/Nightjar%20Singularity%20L.txt	Nightjar Acoustics Singularity	Nightjar Singularity	in-ear	711
https://superreview.squig.link/data/Nightjar%20Singularity%20R.txt	Nightjar Acoustics Singularity	Nightjar Singularity	in-ear	711
https://superreview.squig.link/data/Nothing%20Ear%202%20L.txt	Nothing Ear 2 (FW 1.0.1.66)	Nothing Ear 2 (FW 1.0.1.66)	ignore	
https://superreview.squig.link/data/Nothing%20Ear%202%20R.txt	Nothing Ear 2 (FW 1.0.1.66)	Nothing Ear 2 (FW 1.0.1.66)	ignore	
https://superreview.squig.link/data/Nothing%20Ear%202%20(balanced)%20L.txt		Nothing Ear 2 (balanced)	ignore	
https://superreview.squig.link/data/Nothing%20Ear%202%20(balanced)%20R.txt		Nothing Ear 2 (balanced)	ignore	
https://superreview.squig.link/data/Nothing%20Ear%202%20(more%20bass)%20L.txt		Nothing Ear 2 (more bass)	ignore	
https://superreview.squig.link/data/Nothing%20Ear%202%20(more%20bass)%20R.txt		Nothing Ear 2 (more bass)	ignore	
https://superreview.squig.link/data/Nothing%20Ear%202%20(more%20treble)%20L.txt		Nothing Ear 2 (more treble)	ignore	
https://superreview.squig.link/data/Nothing%20Ear%202%20(more%20treble)%20R.txt		Nothing Ear 2 (more treble)	ignore	
https://superreview.squig.link/data/Nothing%20Ear%202%20(personalized%20B)%20L.txt		Nothing Ear 2 (personalized B)	ignore	
https://superreview.squig.link/data/Nothing%20Ear%202%20(personalized%20B)%20R.txt		Nothing Ear 2 (personalized B)	ignore	
https://superreview.squig.link/data/Nothing%20Ear%202%20(personalized)%20L.txt		Nothing Ear 2 (personalized)	ignore	
https://superreview.squig.link/data/Nothing%20Ear%202%20(personalized)%20R.txt		Nothing Ear 2 (personalized)	ignore	
https://superreview.squig.link/data/Nothing%20Ear%202%20(treble%20-6)%20L.txt		Nothing Ear 2 (treble -6)	ignore	
https://superreview.squig.link/data/Nothing%20Ear%202%20(treble%20-6)%20R.txt		Nothing Ear 2 (treble -6)	ignore	
https://superreview.squig.link/data/Nothing%20Ear%202%20(voice)%20L.txt		Nothing Ear 2 (voice)	ignore	
https://superreview.squig.link/data/Nothing%20Ear%202%20(voice)%20R.txt		Nothing Ear 2 (voice)	ignore	
https://superreview.squig.link/data/Nothing%20Ear%202%20(10188)%20L.txt	Nothing Ear 2 (FW 1.0.1.88)	Nothing ear (2)	in-ear	711
https://superreview.squig.link/data/Nothing%20Ear%202%20(10188)%20R.txt	Nothing Ear 2 (FW 1.0.1.88)	Nothing ear (2)	in-ear	711
https://squig.link/data/Nsky%20Gloria%20L.txt	Nsky Gloria	Nsky Gloria	in-ear	711
https://squig.link/data/Nsky%20Gloria%20R.txt	Nsky Gloria	Nsky Gloria	in-ear	711
https://squig.link/headphones/data/Omne%20Hendeka%20L1.txt	Omne Audio Hendeka	Omne Audio Hendeka	over-ear	KB006x + 711
https://squig.link/headphones/data/Omne%20Hendeka%20L2.txt	Omne Audio Hendeka	Omne Audio Hendeka	over-ear	KB006x + 711
https://squig.link/headphones/data/Omne%20Hendeka%20L3.txt	Omne Audio Hendeka	Omne Audio Hendeka	over-ear	KB006x + 711
https://squig.link/headphones/data/Omne%20Hendeka%20R1.txt	Omne Audio Hendeka	Omne Audio Hendeka	over-ear	KB006x + 711
https://squig.link/headphones/data/Omne%20Hendeka%20R2.txt	Omne Audio Hendeka	Omne Audio Hendeka	over-ear	KB006x + 711
https://squig.link/headphones/data/Omne%20Hendeka%20R3.txt	Omne Audio Hendeka	Omne Audio Hendeka	over-ear	KB006x + 711
https://superreview.squig.link/data/OpenAudio%20Mercury%20L.txt	OpenAudio Mercury	OpenAudio Mercury	in-ear	711
https://superreview.squig.link/data/OpenAudio%20Mercury%20R.txt	OpenAudio Mercury	OpenAudio Mercury	in-ear	711
https://superreview.squig.link/data/OpenAudio%20Siren%20L.txt	OpenAudio Siren	OpenAudio Siren	in-ear	711
https://superreview.squig.link/data/OpenAudio%20Siren%20R.txt	OpenAudio Siren	OpenAudio Siren	in-ear	711
https://squig.link/data/OpusX%20OP22%20deep%20L.txt	OpusX OP.22 (mode: 1 :: insert: deep)	OpusX OP.22 (mode 1 insert deep)	in-ear	711
https://squig.link/data/OpusX%20OP22%20deep%20R.txt	OpusX OP.22 (mode: 1 :: insert: deep)	OpusX OP.22 (mode 1 insert deep)	in-ear	711
https://squig.link/data/OpusX%20OP22%20L.txt	OpusX OP.22 (mode: 1)	OpusX OP.22 (mode 1)	in-ear	711
https://squig.link/data/OpusX%20OP22%20R.txt	OpusX OP.22 (mode: 1)	OpusX OP.22 (mode 1)	in-ear	711
https://squig.link/data/OpusX%20OP22%20mode%202%20L.txt	OpusX OP.22 (mode: 2)	OpusX OP.22 (mode 2)	in-ear	711
https://squig.link/data/OpusX%20OP22%20mode%202%20R.txt	OpusX OP.22 (mode: 2)	OpusX OP.22 (mode 2)	in-ear	711
https://squig.link/data/OopusX%20OP24%20deep%20L.txt	OpusX OP.24 (mode: 1 :: insert: deep)	OpusX OP.24 (mode 1 insert deep)	in-ear	711
https://squig.link/data/OopusX%20OP24%20deep%20R.txt	OpusX OP.24 (mode: 1 :: insert: deep)	OpusX OP.24 (mode 1 insert deep)	in-ear	711
https://squig.link/data/OopusX%20OP24%20shallow%20L.txt	OpusX OP.24 (mode: 1 :: insert: shallow)	OpusX OP.24 (mode 1 insert shallow)	in-ear	711
https://squig.link/data/OopusX%20OP24%20shallow%20R.txt	OpusX OP.24 (mode: 1 :: insert: shallow)	OpusX OP.24 (mode 1 insert shallow)	in-ear	711
https://squig.link/data/OopusX%20OP24%20L.txt	OpusX OP.24 (mode: 1)	OpusX OP.24 (mode 1)	in-ear	711
https://squig.link/data/OopusX%20OP24%20R.txt	OpusX OP.24 (mode: 1)	OpusX OP.24 (mode 1)	in-ear	711
https://squig.link/data/OopusX%20OP24%20mode%202%20L.txt	OpusX OP.24 (mode: 2)	OpusX OP.24 (mode 2)	in-ear	711
https://squig.link/data/OopusX%20OP24%20mode%202%20R.txt	OpusX OP.24 (mode: 2)	OpusX OP.24 (mode 2)	in-ear	711
https://superreview.squig.link/data/Oriolus%202nd%20Gen%20L.txt	Oriolus 2nd Gen	Oriolus Mk2	in-ear	711
https://superreview.squig.link/data/Oriolus%20Traillii%20L.txt	Oriolus Traillii	Oriolus Traillii	in-ear	711
https://superreview.squig.link/data/Oriveti%20Dynabird%20L.txt	Oriveti bleqk: Dynabird	Oriveti bleqk Dynabird	in-ear	711
https://superreview.squig.link/data/Oriveti%20Dynabird%20R.txt	Oriveti bleqk: Dynabird	Oriveti bleqk Dynabird	in-ear	711
https://superreview.squig.link/data/PMG%20Audio%20Apx%20SE%20L.txt	PMG Audio Apx SE	PMG Audio Apx SE	in-ear	711
https://superreview.squig.link/data/PMG%20Audio%20Apx%20SE%20R.txt	PMG Audio Apx SE	PMG Audio Apx SE	in-ear	711
https://superreview.squig.link/data/Pula%20Anvil%20114%20L.txt	Pula Anvil 114	PULA Anvil 114	in-ear	711
https://superreview.squig.link/data/Pula%20Anvil%20114%20R.txt	Pula Anvil 114	PULA Anvil 114	in-ear	711
https://squig.link/data/Pula%20Unicrom%20L.txt	Pula Unicrom 	PULA Unicrom	in-ear	711
https://squig.link/data/Pula%20Unicrom%20R.txt	Pula Unicrom 	PULA Unicrom	in-ear	711
https://squig.link/data/Pula%20Unicrom%20deep%20L.txt	Pula Unicrom (insert: deep)	PULA Unicrom (insert deep)	in-ear	711
https://squig.link/data/Pula%20Unicrom%20deep%20R.txt	Pula Unicrom (insert: deep)	PULA Unicrom (insert deep)	in-ear	711
https://squig.link/data/Pula%20Unicrom%20shallow%20L.txt	Pula Unicrom (insert: shallow)	PULA Unicrom (insert shallow)	in-ear	711
https://squig.link/data/Pula%20Unicrom%20shallow%20R.txt	Pula Unicrom (insert: shallow)	PULA Unicrom (insert shallow)	in-ear	711
https://superreview.squig.link/data/Penon%20Fan%203%20off%20L.txt	Penon Fan 3 (switch: off)	Penon Fan 3 (off)	in-ear	711
https://superreview.squig.link/data/Penon%20Fan%203%20off%20R.txt	Penon Fan 3 (switch: off)	Penon Fan 3 (off)	in-ear	711
https://superreview.squig.link/data/Penon%20Fan%203%20on%20L.txt	Penon Fan 3 (switch: on)	Penon Fan 3 (on)	in-ear	711
https://superreview.squig.link/data/Penon%20Fan%203%20on%20R.txt	Penon Fan 3 (switch: on)	Penon Fan 3 (on)	in-ear	711
https://superreview.squig.link/headphones/data/Philips%20Fidelio%20X2HR%20L1.txt	Philips Fidelio X2HR	Philips Fidelio X2HR	over-ear	KB006x + 711
https://superreview.squig.link/headphones/data/Philips%20Fidelio%20X2HR%20L2.txt	Philips Fidelio X2HR	Philips Fidelio X2HR	over-ear	KB006x + 711
https://superreview.squig.link/headphones/data/Philips%20Fidelio%20X2HR%20L3.txt	Philips Fidelio X2HR	Philips Fidelio X2HR	over-ear	KB006x + 711
https://superreview.squig.link/headphones/data/Philips%20Fidelio%20X2HR%20R1.txt	Philips Fidelio X2HR	Philips Fidelio X2HR	over-ear	KB006x + 711
https://superreview.squig.link/headphones/data/Philips%20Fidelio%20X2HR%20R2.txt	Philips Fidelio X2HR	Philips Fidelio X2HR	over-ear	KB006x + 711
https://superreview.squig.link/headphones/data/Philips%20Fidelio%20X2HR%20R3.txt	Philips Fidelio X2HR	Philips Fidelio X2HR	over-ear	KB006x + 711
https://superreview.squig.link/data/Philips%20SHE3590PK%20L.txt	Philips SHE3590PK/28	Philips SHE3590PK28	in-ear	711
https://superreview.squig.link/headphones/data/Philips%20SHP9500%20L1.txt	Philips SHP9500	Philips SHP9500	over-ear	KB006x + 711
https://superreview.squig.link/headphones/data/Philips%20SHP9500%20L2.txt	Philips SHP9500	Philips SHP9500	over-ear	KB006x + 711
https://superreview.squig.link/headphones/data/Philips%20SHP9500%20L3.txt	Philips SHP9500	Philips SHP9500	over-ear	KB006x + 711
https://superreview.squig.link/headphones/data/Philips%20SHP9500%20R1.txt	Philips SHP9500	Philips SHP9500	over-ear	KB006x + 711
https://superreview.squig.link/headphones/data/Philips%20SHP9500%20R2.txt	Philips SHP9500	Philips SHP9500	over-ear	KB006x + 711
https://superreview.squig.link/headphones/data/Philips%20SHP9500%20R3.txt	Philips SHP9500	Philips SHP9500	over-ear	KB006x + 711
https://superreview.squig.link/data/Phonak%20Audeo%20PFE%20112%20L.txt	Phonak Audeo PFE 112	Phonak PFE 112	in-ear	711
https://superreview.squig.link/data/Phonak%20Audeo%20PFE%20112%20R.txt	Phonak Audeo PFE 112	Phonak PFE 112	in-ear	711
https://superreview.squig.link/headphones/data/Plantronics%20BackBeat%20Go%20600%20(wired)%20L1.txt	Plantronics BackBeat Go 600 (wired w/ pad swap)	Plantronics BackBeat Go 600 (wired, pad swap)	over-ear	KB006x + 711
https://superreview.squig.link/headphones/data/Plantronics%20BackBeat%20Go%20600%20(wired)%20L2.txt	Plantronics BackBeat Go 600 (wired w/ pad swap)	Plantronics BackBeat Go 600 (wired, pad swap)	over-ear	KB006x + 711
https://superreview.squig.link/headphones/data/Plantronics%20BackBeat%20Go%20600%20(wired)%20L3.txt	Plantronics BackBeat Go 600 (wired w/ pad swap)	Plantronics BackBeat Go 600 (wired, pad swap)	over-ear	KB006x + 711
https://superreview.squig.link/headphones/data/Plantronics%20BackBeat%20Go%20600%20(wired)%20R1.txt	Plantronics BackBeat Go 600 (wired w/ pad swap)	Plantronics BackBeat Go 600 (wired, pad swap)	over-ear	KB006x + 711
https://superreview.squig.link/headphones/data/Plantronics%20BackBeat%20Go%20600%20(wired)%20R2.txt	Plantronics BackBeat Go 600 (wired w/ pad swap)	Plantronics BackBeat Go 600 (wired, pad swap)	over-ear	KB006x + 711
https://superreview.squig.link/headphones/data/Plantronics%20BackBeat%20Go%20600%20(wired)%20R3.txt	Plantronics BackBeat Go 600 (wired w/ pad swap)	Plantronics BackBeat Go 600 (wired, pad swap)	over-ear	KB006x + 711
https://superreview.squig.link/headphones/data/Plantronics%20BackBeat%20Go%20600%20(bt)%20L1.txt	Plantronics BackBeat Go 600 (Bluetooth w/ pad swap)	Plantronics BackBeat Go 600 (wireless, pad swap)	over-ear	KB006x + 711
https://superreview.squig.link/headphones/data/Plantronics%20BackBeat%20Go%20600%20(bt)%20L2.txt	Plantronics BackBeat Go 600 (Bluetooth w/ pad swap)	Plantronics BackBeat Go 600 (wireless, pad swap)	over-ear	KB006x + 711
https://superreview.squig.link/headphones/data/Plantronics%20BackBeat%20Go%20600%20(bt)%20L3.txt	Plantronics BackBeat Go 600 (Bluetooth w/ pad swap)	Plantronics BackBeat Go 600 (wireless, pad swap)	over-ear	KB006x + 711
https://superreview.squig.link/headphones/data/Plantronics%20BackBeat%20Go%20600%20(bt)%20R1.txt	Plantronics BackBeat Go 600 (Bluetooth w/ pad swap)	Plantronics BackBeat Go 600 (wireless, pad swap)	over-ear	KB006x + 711
https://superreview.squig.link/headphones/data/Plantronics%20BackBeat%20Go%20600%20(bt)%20R2.txt	Plantronics BackBeat Go 600 (Bluetooth w/ pad swap)	Plantronics BackBeat Go 600 (wireless, pad swap)	over-ear	KB006x + 711
https://superreview.squig.link/headphones/data/Plantronics%20BackBeat%20Go%20600%20(bt)%20R3.txt	Plantronics BackBeat Go 600 (Bluetooth w/ pad swap)	Plantronics BackBeat Go 600 (wireless, pad swap)	over-ear	KB006x + 711
https://superreview.squig.link/data/Pre-Prod%2003%20(nozzle%20A)%20L.txt		Pre-Prod 03 (nozzle A)	ignore	
https://superreview.squig.link/data/Pre-Prod%2003%20(nozzle%20A)%20R.txt		Pre-Prod 03 (nozzle A)	ignore	
https://superreview.squig.link/data/Pre-Prod%2003%20(nozzle%20B)%20L.txt		Pre-Prod 03 (nozzle B)	ignore	
https://superreview.squig.link/data/Pre-Prod%2003%20(nozzle%20B)%20R.txt		Pre-Prod 03 (nozzle B)	ignore	
https://superreview.squig.link/data/Prisma%20Audio%20Azul%20(S2)%20L.txt	Prisma Audio Azul (sample 2)	Prisma Audio Azul	in-ear	711
https://superreview.squig.link/data/Prisma%20Audio%20Azul%20(S2)%20R.txt	Prisma Audio Azul (sample 2)	Prisma Audio Azul	in-ear	711
https://superreview.squig.link/data/Prisma%20Audio%20Azul%20L.txt		Prisma Audio Azul	in-ear	711
https://superreview.squig.link/data/Prisma%20Audio%20Azul%20(Sedna)%20L.txt	Prisma Audio Azul (tips: Azla Sedna [stock])	Prisma Audio Azul (AZLA Sedna eartips)	in-ear	711
https://superreview.squig.link/data/Prisma%20Audio%20Azul%20(E-type)%20L.txt	Prisma Audio Azul (tips: Final E-type)	Prisma Audio Azul (Final Audio Type E eartips)	in-ear	711
https://superreview.squig.link/data/Prisma%20Audio%20Azul%20(Spiral%20Dot)%20L.txt	Prisma Audio Azul (tips: Spiral Dot)	Prisma Audio Azul (JVC Spiral Dot eartips)	in-ear	711
https://superreview.squig.link/data/Prisma%20Audio%20Azul%20(SpinFit)%20L.txt	Prisma Audio Azul (tips: SpinFit)	Prisma Audio Azul (SpinFit eartips)	in-ear	711
https://squig.link/data/Prisma%20Lumen%20L.txt	Prisma Audio Lumen 	Prisma Audio Lumen	in-ear	711
https://squig.link/data/Prisma%20Lumen%20R.txt	Prisma Audio Lumen 	Prisma Audio Lumen	in-ear	711
https://squig.link/data/Prisma%20Lumen%20deep%20L.txt	Prisma Audio Lumen (insert: deep)	Prisma Audio Lumen (insert deep)	in-ear	711
https://squig.link/data/Prisma%20Lumen%20deep%20R.txt	Prisma Audio Lumen (insert: deep)	Prisma Audio Lumen (insert deep)	in-ear	711
https://squig.link/data/Prisma%20Lumen%20shallow%20L.txt	Prisma Audio Lumen (insert: shallow)	Prisma Audio Lumen (insert shallow)	in-ear	711
https://squig.link/data/Prisma%20Lumen%20shallow%20R.txt	Prisma Audio Lumen (insert: shallow)	Prisma Audio Lumen (insert shallow)	in-ear	711
https://squig.link/data/Prisma%20Lux%20L.txt	Prisma Audio Lux 	Prisma Audio Lux	in-ear	711
https://squig.link/data/Prisma%20Lux%20R.txt	Prisma Audio Lux 	Prisma Audio Lux	in-ear	711
https://squig.link/data/Prisma%20Lux%20deep%20L.txt	Prisma Audio Lux (insert: deep)	Prisma Audio Lux (insert deep)	in-ear	711
https://squig.link/data/Prisma%20Lux%20deep%20R.txt	Prisma Audio Lux (insert: deep)	Prisma Audio Lux (insert deep)	in-ear	711
https://squig.link/data/Prisma%20Lux%20shallow%20L.txt	Prisma Audio Lux (insert: shallow)	Prisma Audio Lux (insert shallow)	in-ear	711
https://squig.link/data/Prisma%20Lux%20shallow%20R.txt	Prisma Audio Lux (insert: shallow)	Prisma Audio Lux (insert shallow)	in-ear	711
https://superreview.squig.link/data/Project%20HRP%20L.txt		Project HRP	ignore	
https://superreview.squig.link/data/Project%20HRP%20R.txt		Project HRP	ignore	
https://squig.link/data/Punch%20Audio%20Martillo%20L.txt	Punch Audio Martilo 	Punch Audio Martilo	in-ear	711
https://squig.link/data/Punch%20Audio%20Martillo%20R.txt	Punch Audio Martilo 	Punch Audio Martilo	in-ear	711
https://squig.link/data/Punch%20Audio%20Martillo%20deep%20L.txt	Punch Audio Martilo (insert: deep)	Punch Audio Martilo (insert deep)	in-ear	711
https://squig.link/data/Punch%20Audio%20Martillo%20deep%20R.txt	Punch Audio Martilo (insert: deep)	Punch Audio Martilo (insert deep)	in-ear	711
https://squig.link/data/Punch%20Audio%20Martillo%20shallow%20L.txt	Punch Audio Martilo (insert: shallow)	Punch Audio Martilo (insert shallow)	in-ear	711
https://squig.link/data/Punch%20Audio%20Martillo%20shallow%20R.txt	Punch Audio Martilo (insert: shallow)	Punch Audio Martilo (insert shallow)	in-ear	711
https://superreview.squig.link/data/QKZ%20x%20HBB%20L.txt	QKZ x HBB	QKZ x HBB	in-ear	711
https://superreview.squig.link/data/QKZ%20x%20HBB%20R.txt	QKZ x HBB	QKZ x HBB	in-ear	711
https://superreview.squig.link/data/QKZ%20Hades%20L.txt	QKZ x HBB Hades	QKZ x HBB Hades	in-ear	711
https://superreview.squig.link/data/QKZ%20Hades%20R.txt	QKZ x HBB Hades	QKZ x HBB Hades	in-ear	711
https://squig.link/data/QoA%20Ryusei%20L.txt	QoA x 7th Acoustics Ryusei 	Queen of Audio x 7th Acoustics Ryusei	in-ear	711
https://squig.link/data/QoA%20Ryusei%20R.txt	QoA x 7th Acoustics Ryusei 	Queen of Audio x 7th Acoustics Ryusei	in-ear	711
https://squig.link/data/QoA%20Ryusei%20deep%20L.txt	QoA x 7th Acoustics Ryusei (insert: deep)	Queen of Audio x 7th Acoustics Ryusei (insert deep)	in-ear	711
https://squig.link/data/QoA%20Ryusei%20deep%20R.txt	QoA x 7th Acoustics Ryusei (insert: deep)	Queen of Audio x 7th Acoustics Ryusei (insert deep)	in-ear	711
https://squig.link/data/QoA%20Ryusei%20shallow%20L.txt	QoA x 7th Acoustics Ryusei (insert: shallow)	Queen of Audio x 7th Acoustics Ryusei (insert shallow)	in-ear	711
https://squig.link/data/QoA%20Ryusei%20shallow%20R.txt	QoA x 7th Acoustics Ryusei (insert: shallow)	Queen of Audio x 7th Acoustics Ryusei (insert shallow)	in-ear	711
https://superreview.squig.link/data/Radius%20HP-NEF11%20L.txt	Radius HP-NEF11	Radius HP-NEF11	in-ear	711
https://superreview.squig.link/data/Radius%20HP-NEF11%20R.txt	Radius HP-NEF11	Radius HP-NEF11	in-ear	711
https://superreview.squig.link/data/Raptgo%20Hook%20L.txt	Raptgo Hook	Raptgo Hook	in-ear	711
https://superreview.squig.link/data/Raptgo%20Hook%20R.txt	Raptgo Hook	Raptgo Hook	in-ear	711
https://superreview.squig.link/earbuds/data/RikuBuds%20Alter%20Rider%203%20(black)%20R1.txt		RikuBuds Alter Rider 3 (black)	ignore	
https://superreview.squig.link/earbuds/data/RikuBuds%20Alter%20Rider%203%20(black)%20R2.txt		RikuBuds Alter Rider 3 (black)	ignore	
https://superreview.squig.link/earbuds/data/RikuBuds%20Alter%20Rider%203%20(black)%20R3.txt		RikuBuds Alter Rider 3 (black)	ignore	
https://superreview.squig.link/earbuds/data/RikuBuds%20Alter%20Rider%203%20PEQ%20R1.txt		RikuBuds Alter Rider 3 PEQ	ignore	
https://superreview.squig.link/earbuds/data/RikuBuds%20Alter%20Rider%203%20R1.txt		Rikubuds Alter Rider 3	earbud	KB006x + 711
https://superreview.squig.link/earbuds/data/RikuBuds%20Alter%20Rider%203%20R2.txt		Rikubuds Alter Rider 3	earbud	KB006x + 711
https://superreview.squig.link/earbuds/data/RikuBuds%20Alter%20Rider%203%20R3.txt		Rikubuds Alter Rider 3	earbud	KB006x + 711
https://superreview.squig.link/data/Samsung%20Earphones%20L.txt	Samsung Earphones tuned by AKG	Samsung Earphones Tuned by AKG	in-ear	711
https://superreview.squig.link/data/Samsung%20Earphones%20(2019)%20L.txt	Samsung Earphones tuned by AKG (2019)	Samsung Earphones Tuned by AKG (2019)	in-ear	711
https://superreview.squig.link/data/Samsung%20Galaxy%20Buds%20Plus%20L.txt	Samsung Galaxy Buds +	Samsung Galaxy Buds Plus	in-ear	711
https://superreview.squig.link/data/Samsung%20Galaxy%20Buds2%20Pro%20(normal)%20L.txt	Samsung Galaxy Buds2 Pro (eq: normal)	Samsung Galaxy Buds2 Pro	in-ear	711
https://superreview.squig.link/data/Samsung%20Galaxy%20Buds2%20Pro%20(normal)%20R.txt	Samsung Galaxy Buds2 Pro (eq: normal)	Samsung Galaxy Buds2 Pro	in-ear	711
https://superreview.squig.link/data/Samsung%20Galaxy%20Buds2%20Pro%20(bass%20boost)%20L.txt	Samsung Galaxy Buds2 Pro (eq: bass boost)	Samsung Galaxy Buds2 Pro (eq: bass boost)	ignore	
https://superreview.squig.link/data/Samsung%20Galaxy%20Buds2%20Pro%20(bass%20boost)%20R.txt	Samsung Galaxy Buds2 Pro (eq: bass boost)	Samsung Galaxy Buds2 Pro (eq: bass boost)	ignore	
https://superreview.squig.link/data/Samsung%20Galaxy%20Buds2%20Pro%20(clear)%20L.txt	Samsung Galaxy Buds2 Pro (eq: clear)	Samsung Galaxy Buds2 Pro (eq: clear)	ignore	
https://superreview.squig.link/data/Samsung%20Galaxy%20Buds2%20Pro%20(clear)%20R.txt	Samsung Galaxy Buds2 Pro (eq: clear)	Samsung Galaxy Buds2 Pro (eq: clear)	ignore	
https://superreview.squig.link/data/Samsung%20Galaxy%20Buds2%20Pro%20(dynamic)%20L.txt	Samsung Galaxy Buds2 Pro (eq: dynamic)	Samsung Galaxy Buds2 Pro (eq: dynamic)	ignore	
https://superreview.squig.link/data/Samsung%20Galaxy%20Buds2%20Pro%20(dynamic)%20R.txt	Samsung Galaxy Buds2 Pro (eq: dynamic)	Samsung Galaxy Buds2 Pro (eq: dynamic)	ignore	
https://superreview.squig.link/data/Samsung%20Galaxy%20Buds2%20Pro%20(ANC%20off)%20L.txt	Samsung Galaxy Buds2 Pro (eq: normal + ANC off)	Samsung Galaxy Buds2 Pro (eq: normal + ANC off)	ignore	
https://superreview.squig.link/data/Samsung%20Galaxy%20Buds2%20Pro%20(ANC%20off)%20R.txt	Samsung Galaxy Buds2 Pro (eq: normal + ANC off)	Samsung Galaxy Buds2 Pro (eq: normal + ANC off)	ignore	
https://superreview.squig.link/data/Samsung%20Galaxy%20Buds2%20Pro%20(soft)%20L.txt	Samsung Galaxy Buds2 Pro (eq: soft)	Samsung Galaxy Buds2 Pro (eq: soft)	ignore	
https://superreview.squig.link/data/Samsung%20Galaxy%20Buds2%20Pro%20(soft)%20R.txt	Samsung Galaxy Buds2 Pro (eq: soft)	Samsung Galaxy Buds2 Pro (eq: soft)	ignore	
https://superreview.squig.link/data/Samsung%20Galaxy%20Buds2%20Pro%20(treble%20boost)%20L.txt	Samsung Galaxy Buds2 Pro (eq: treble boost)	Samsung Galaxy Buds2 Pro (eq: treble boost)	ignore	
https://superreview.squig.link/data/Samsung%20Galaxy%20Buds2%20Pro%20(treble%20boost)%20R.txt	Samsung Galaxy Buds2 Pro (eq: treble boost)	Samsung Galaxy Buds2 Pro (eq: treble boost)	ignore	
https://superreview.squig.link/data/SeeAudio%20Bravery%20L.txt	SeeAudio Bravery	SeeAudio Bravery	in-ear	711
https://superreview.squig.link/data/SeeAudio%20Bravery%20R.txt	SeeAudio Bravery	SeeAudio Bravery	in-ear	711
https://superreview.squig.link/data/SeeAudio%20Yume%20L.txt	SeeAudio Yume	SeeAudio Yume	in-ear	711
https://superreview.squig.link/data/SeeAudio%20Yume%20Midnight%20L.txt	SeeAudio Yume: Midnight (sample 1)	SeeAudio x Crinacle Yume Midnight	in-ear	711
https://superreview.squig.link/data/SeeAudio%20Yume%20Midnight%20R.txt	SeeAudio Yume: Midnight (sample 1)	SeeAudio x Crinacle Yume Midnight	in-ear	711
https://superreview.squig.link/data/SeeAudio%20Yume%20Midnight%20(S2)%20L.txt	SeeAudio Yume: Midnight (sample 2)	SeeAudio x Crinacle Yume Midnight	in-ear	711
https://superreview.squig.link/data/SeeAudio%20Yume%20Midnight%20(S2)%20R.txt	SeeAudio Yume: Midnight (sample 2)	SeeAudio x Crinacle Yume Midnight	in-ear	711
https://superreview.squig.link/data/SeeAudio%20Yume%20Midnight%20(126ohm)%20L.txt	SeeAudio Yume: Midnight (impedance adapter: 126 ohm)	SeeAudio x Crinacle Yume Midnight (126 ohm adapter)	ignore	711
https://superreview.squig.link/data/SeeAudio%20Yume%20Midnight%20(15ohm)%20L.txt	SeeAudio Yume: Midnight (impedance adapter: 15 ohm)	SeeAudio x Crinacle Yume Midnight (15 ohm adapter)	ignore	711
https://superreview.squig.link/data/SeeAudio%20Yume%20Midnight%20(36ohm)%20L.txt	SeeAudio Yume: Midnight (impedance adapter: 36 ohm)	SeeAudio x Crinacle Yume Midnight (36 ohm adapter)	ignore	711
https://superreview.squig.link/data/SeeAudio%20Yume%20Midnight%20(75ohm)%20L.txt	SeeAudio Yume: Midnight (impedance adapter: 75 ohm)	SeeAudio x Crinacle Yume Midnight (75 ohm adapter)	ignore	711
https://superreview.squig.link/headphones/data/Sendy%20Aiva%20L1.txt	Sendy Aiva	Sendy Aiva	over-ear	KB006x + 711
https://superreview.squig.link/headphones/data/Sendy%20Aiva%20L2.txt	Sendy Aiva	Sendy Aiva	over-ear	KB006x + 711
https://superreview.squig.link/headphones/data/Sendy%20Aiva%20L3.txt	Sendy Aiva	Sendy Aiva	over-ear	KB006x + 711
https://superreview.squig.link/headphones/data/Sendy%20Aiva%20R1.txt	Sendy Aiva	Sendy Aiva	over-ear	KB006x + 711
https://superreview.squig.link/headphones/data/Sendy%20Aiva%20R2.txt	Sendy Aiva	Sendy Aiva	over-ear	KB006x + 711
https://superreview.squig.link/headphones/data/Sendy%20Aiva%20R3.txt	Sendy Aiva	Sendy Aiva	over-ear	KB006x + 711
https://squig.link/headphones/data/Sennheiser%20HD%20480%20Pro%20L1.txt	Sennheiser HD 480 Pro	Sennheiser HD 480 Pro	over-ear	KB006x + 711
https://squig.link/headphones/data/Sennheiser%20HD%20480%20Pro%20L2.txt	Sennheiser HD 480 Pro	Sennheiser HD 480 Pro	over-ear	KB006x + 711
https://squig.link/headphones/data/Sennheiser%20HD%20480%20Pro%20L3.txt	Sennheiser HD 480 Pro	Sennheiser HD 480 Pro	over-ear	KB006x + 711
https://squig.link/headphones/data/Sennheiser%20HD%20480%20Pro%20R1.txt	Sennheiser HD 480 Pro	Sennheiser HD 480 Pro	over-ear	KB006x + 711
https://squig.link/headphones/data/Sennheiser%20HD%20480%20Pro%20R2.txt	Sennheiser HD 480 Pro	Sennheiser HD 480 Pro	over-ear	KB006x + 711
https://squig.link/headphones/data/Sennheiser%20HD%20480%20Pro%20R3.txt	Sennheiser HD 480 Pro	Sennheiser HD 480 Pro	over-ear	KB006x + 711
https://superreview.squig.link/headphones/data/Sennheiser%20HD%20490%20Pro%20mixing%20L1.txt	Sennheiser HD 490 Pro (pads: mixing)	Sennheiser HD 490 Pro (mixing earpads)	over-ear	KB006x + 711
https://superreview.squig.link/headphones/data/Sennheiser%20HD%20490%20Pro%20mixing%20L2.txt	Sennheiser HD 490 Pro (pads: mixing)	Sennheiser HD 490 Pro (mixing earpads)	over-ear	KB006x + 711
https://superreview.squig.link/headphones/data/Sennheiser%20HD%20490%20Pro%20mixing%20L3.txt	Sennheiser HD 490 Pro (pads: mixing)	Sennheiser HD 490 Pro (mixing earpads)	over-ear	KB006x + 711
https://superreview.squig.link/headphones/data/Sennheiser%20HD%20490%20Pro%20mixing%20R1.txt	Sennheiser HD 490 Pro (pads: mixing)	Sennheiser HD 490 Pro (mixing earpads)	over-ear	KB006x + 711
https://superreview.squig.link/headphones/data/Sennheiser%20HD%20490%20Pro%20mixing%20R2.txt	Sennheiser HD 490 Pro (pads: mixing)	Sennheiser HD 490 Pro (mixing earpads)	over-ear	KB006x + 711
https://superreview.squig.link/headphones/data/Sennheiser%20HD%20490%20Pro%20mixing%20R3.txt	Sennheiser HD 490 Pro (pads: mixing)	Sennheiser HD 490 Pro (mixing earpads)	over-ear	KB006x + 711
https://superreview.squig.link/headphones/data/Sennheiser%20HD%20490%20Pro%20producing%20L1.txt	Sennheiser HD 490 Pro (pads: producing)	Sennheiser HD 490 Pro (producing earpads)	over-ear	KB006x + 711
https://superreview.squig.link/headphones/data/Sennheiser%20HD%20490%20Pro%20producing%20L2.txt	Sennheiser HD 490 Pro (pads: producing)	Sennheiser HD 490 Pro (producing earpads)	over-ear	KB006x + 711
https://superreview.squig.link/headphones/data/Sennheiser%20HD%20490%20Pro%20producing%20L3.txt	Sennheiser HD 490 Pro (pads: producing)	Sennheiser HD 490 Pro (producing earpads)	over-ear	KB006x + 711
https://superreview.squig.link/headphones/data/Sennheiser%20HD%20490%20Pro%20producing%20R1.txt	Sennheiser HD 490 Pro (pads: producing)	Sennheiser HD 490 Pro (producing earpads)	over-ear	KB006x + 711
https://superreview.squig.link/headphones/data/Sennheiser%20HD%20490%20Pro%20producing%20R2.txt	Sennheiser HD 490 Pro (pads: producing)	Sennheiser HD 490 Pro (producing earpads)	over-ear	KB006x + 711
https://superreview.squig.link/headphones/data/Sennheiser%20HD%20490%20Pro%20producing%20R3.txt	Sennheiser HD 490 Pro (pads: producing)	Sennheiser HD 490 Pro (producing earpads)	over-ear	KB006x + 711
https://superreview.squig.link/headphones/data/Sennheiser%20HD%20505%20L1.txt	Sennheiser HD 505 	Sennheiser HD 505	over-ear	KB006x + 711
https://superreview.squig.link/headphones/data/Sennheiser%20HD%20505%20L2.txt	Sennheiser HD 505 	Sennheiser HD 505	over-ear	KB006x + 711
https://superreview.squig.link/headphones/data/Sennheiser%20HD%20505%20L3.txt	Sennheiser HD 505 	Sennheiser HD 505	over-ear	KB006x + 711
https://superreview.squig.link/headphones/data/Sennheiser%20HD%20505%20R1.txt	Sennheiser HD 505 	Sennheiser HD 505	over-ear	KB006x + 711
https://superreview.squig.link/headphones/data/Sennheiser%20HD%20505%20R2.txt	Sennheiser HD 505 	Sennheiser HD 505	over-ear	KB006x + 711
https://superreview.squig.link/headphones/data/Sennheiser%20HD%20505%20R3.txt	Sennheiser HD 505 	Sennheiser HD 505	over-ear	KB006x + 711
https://superreview.squig.link/headphones/data/Sennheiser%20HD%20505%20100ohm%20L1.txt	Sennheiser HD 505 (impedance adapter: 100 ohm)	Sennheiser HD 505 (impedance adapter 100 ohm)	ignore	KB006x + 711
https://superreview.squig.link/headphones/data/Sennheiser%20HD%20505%20100ohm%20R1.txt	Sennheiser HD 505 (impedance adapter: 100 ohm)	Sennheiser HD 505 (impedance adapter 100 ohm)	ignore	KB006x + 711
https://superreview.squig.link/headphones/data/Sennheiser%20HD%20550%20L1.txt	Sennheiser HD 550 	Sennheiser HD 550	over-ear	KB006x + 711
https://superreview.squig.link/headphones/data/Sennheiser%20HD%20550%20L2.txt	Sennheiser HD 550 	Sennheiser HD 550	over-ear	KB006x + 711
https://superreview.squig.link/headphones/data/Sennheiser%20HD%20550%20L3.txt	Sennheiser HD 550 	Sennheiser HD 550	over-ear	KB006x + 711
https://superreview.squig.link/headphones/data/Sennheiser%20HD%20550%20R1.txt	Sennheiser HD 550 	Sennheiser HD 550	over-ear	KB006x + 711
https://superreview.squig.link/headphones/data/Sennheiser%20HD%20550%20R2.txt	Sennheiser HD 550 	Sennheiser HD 550	over-ear	KB006x + 711
https://superreview.squig.link/headphones/data/Sennheiser%20HD%20550%20R3.txt	Sennheiser HD 550 	Sennheiser HD 550	over-ear	KB006x + 711
https://superreview.squig.link/headphones/data/Sennheiser%20HD%20550%20100ohm%20L1.txt	Sennheiser HD 550 (impedance adapter: 100 ohm)	Sennheiser HD 550 (impedance adapter 100 ohm)	ignore	KB006x + 711
https://superreview.squig.link/headphones/data/Sennheiser%20HD%20550%20100ohm%20R1.txt	Sennheiser HD 550 (impedance adapter: 100 ohm)	Sennheiser HD 550 (impedance adapter 100 ohm)	ignore	KB006x + 711
https://superreview.squig.link/headphones/data/Sennheiser%20HD%20560S%20L1.txt	Sennheiser HD 560S	Sennheiser HD 560S	over-ear	KB006x + 711
https://superreview.squig.link/headphones/data/Sennheiser%20HD%20560S%20L2.txt	Sennheiser HD 560S	Sennheiser HD 560S	over-ear	KB006x + 711
https://superreview.squig.link/headphones/data/Sennheiser%20HD%20560S%20L3.txt	Sennheiser HD 560S	Sennheiser HD 560S	over-ear	KB006x + 711
https://superreview.squig.link/headphones/data/Sennheiser%20HD%20560S%20R1.txt	Sennheiser HD 560S	Sennheiser HD 560S	over-ear	KB006x + 711
https://superreview.squig.link/headphones/data/Sennheiser%20HD%20560S%20R2.txt	Sennheiser HD 560S	Sennheiser HD 560S	over-ear	KB006x + 711
https://superreview.squig.link/headphones/data/Sennheiser%20HD%20560S%20R3.txt	Sennheiser HD 560S	Sennheiser HD 560S	over-ear	KB006x + 711
https://superreview.squig.link/headphones/data/Sennheiser%20HD%2058X%20L1.txt	Sennheiser HD 58X 	Sennheiser HD 58X	over-ear	KB006x + 711
https://superreview.squig.link/headphones/data/Sennheiser%20HD%2058X%20L2.txt	Sennheiser HD 58X 	Sennheiser HD 58X	over-ear	KB006x + 711
https://superreview.squig.link/headphones/data/Sennheiser%20HD%2058X%20L3.txt	Sennheiser HD 58X 	Sennheiser HD 58X	over-ear	KB006x + 711
https://superreview.squig.link/headphones/data/Sennheiser%20HD%2058X%20R1.txt	Sennheiser HD 58X 	Sennheiser HD 58X	over-ear	KB006x + 711
https://superreview.squig.link/headphones/data/Sennheiser%20HD%2058X%20R2.txt	Sennheiser HD 58X 	Sennheiser HD 58X	over-ear	KB006x + 711
https://superreview.squig.link/headphones/data/Sennheiser%20HD%2058X%20R3.txt	Sennheiser HD 58X 	Sennheiser HD 58X	over-ear	KB006x + 711
https://superreview.squig.link/headphones/data/Sennheiser%20HD%2058X%20(teabag)%20L1.txt	Sennheiser HD 58X (teabag mod)	Sennheiser HD 58X (teabag mod)	ignore	
https://superreview.squig.link/headphones/data/Sennheiser%20HD%2058X%20(teabag)%20L2.txt	Sennheiser HD 58X (teabag mod)	Sennheiser HD 58X (teabag mod)	ignore	
https://superreview.squig.link/headphones/data/Sennheiser%20HD%2058X%20(teabag)%20L3.txt	Sennheiser HD 58X (teabag mod)	Sennheiser HD 58X (teabag mod)	ignore	
https://superreview.squig.link/headphones/data/Sennheiser%20HD%2058X%20(teabag)%20R1.txt	Sennheiser HD 58X (teabag mod)	Sennheiser HD 58X (teabag mod)	ignore	
https://superreview.squig.link/headphones/data/Sennheiser%20HD%2058X%20(teabag)%20R2.txt	Sennheiser HD 58X (teabag mod)	Sennheiser HD 58X (teabag mod)	ignore	
https://superreview.squig.link/headphones/data/Sennheiser%20HD%2058X%20(teabag)%20R3.txt	Sennheiser HD 58X (teabag mod)	Sennheiser HD 58X (teabag mod)	ignore	
https://superreview.squig.link/headphones/data/Sennheiser%20HD%20600%20L1.txt	Sennheiser HD 600 	Sennheiser HD 600	over-ear	KB006x + 711
https://superreview.squig.link/headphones/data/Sennheiser%20HD%20600%20L2.txt	Sennheiser HD 600 	Sennheiser HD 600	over-ear	KB006x + 711
https://superreview.squig.link/headphones/data/Sennheiser%20HD%20600%20L3.txt	Sennheiser HD 600 	Sennheiser HD 600	over-ear	KB006x + 711
https://superreview.squig.link/headphones/data/Sennheiser%20HD%20600%20R1.txt	Sennheiser HD 600 	Sennheiser HD 600	over-ear	KB006x + 711
https://superreview.squig.link/headphones/data/Sennheiser%20HD%20600%20R2.txt	Sennheiser HD 600 	Sennheiser HD 600	over-ear	KB006x + 711
https://superreview.squig.link/headphones/data/Sennheiser%20HD%20600%20R3.txt	Sennheiser HD 600 	Sennheiser HD 600	over-ear	KB006x + 711
https://superreview.squig.link/headphones/data/Sennheiser%20HD%20600%20(S2)%20L1.txt	Sennheiser HD 600 (sample 2)	Sennheiser HD 600	over-ear	KB006x + 711
https://superreview.squig.link/headphones/data/Sennheiser%20HD%20600%20(S2)%20L2.txt	Sennheiser HD 600 (sample 2)	Sennheiser HD 600	over-ear	KB006x + 711
https://superreview.squig.link/headphones/data/Sennheiser%20HD%20600%20(S2)%20L3.txt	Sennheiser HD 600 (sample 2)	Sennheiser HD 600	over-ear	KB006x + 711
https://superreview.squig.link/headphones/data/Sennheiser%20HD%20600%20(S2)%20R1.txt	Sennheiser HD 600 (sample 2)	Sennheiser HD 600	over-ear	KB006x + 711
https://superreview.squig.link/headphones/data/Sennheiser%20HD%20600%20(S2)%20R2.txt	Sennheiser HD 600 (sample 2)	Sennheiser HD 600	over-ear	KB006x + 711
https://superreview.squig.link/headphones/data/Sennheiser%20HD%20600%20(S2)%20R3.txt	Sennheiser HD 600 (sample 2)	Sennheiser HD 600	over-ear	KB006x + 711
https://squig.link/headphones/data/Sennheiser%20HD%20600%20worn%20L1.txt	Sennheiser HD 600 (pads: 3 years used)	Sennheiser HD 600 (pads 3 years used)	over-ear	KB006x + 711
https://squig.link/headphones/data/Sennheiser%20HD%20600%20worn%20L2.txt	Sennheiser HD 600 (pads: 3 years used)	Sennheiser HD 600 (pads 3 years used)	over-ear	KB006x + 711
https://squig.link/headphones/data/Sennheiser%20HD%20600%20worn%20L3.txt	Sennheiser HD 600 (pads: 3 years used)	Sennheiser HD 600 (pads 3 years used)	over-ear	KB006x + 711
https://squig.link/headphones/data/Sennheiser%20HD%20600%20worn%20R1.txt	Sennheiser HD 600 (pads: 3 years used)	Sennheiser HD 600 (pads 3 years used)	over-ear	KB006x + 711
https://squig.link/headphones/data/Sennheiser%20HD%20600%20worn%20R2.txt	Sennheiser HD 600 (pads: 3 years used)	Sennheiser HD 600 (pads 3 years used)	over-ear	KB006x + 711
https://squig.link/headphones/data/Sennheiser%20HD%20600%20worn%20R3.txt	Sennheiser HD 600 (pads: 3 years used)	Sennheiser HD 600 (pads 3 years used)	over-ear	KB006x + 711
https://squig.link/headphones/data/Sennheiser%20HD%20600%20capra%20L1.txt	Sennheiser HD 600 (pads: Capra)	Sennheiser HD 600 (pads Capra)	over-ear	KB006x + 711
https://squig.link/headphones/data/Sennheiser%20HD%20600%20capra%20L2.txt	Sennheiser HD 600 (pads: Capra)	Sennheiser HD 600 (pads Capra)	over-ear	KB006x + 711
https://squig.link/headphones/data/Sennheiser%20HD%20600%20capra%20L3.txt	Sennheiser HD 600 (pads: Capra)	Sennheiser HD 600 (pads Capra)	over-ear	KB006x + 711
https://squig.link/headphones/data/Sennheiser%20HD%20600%20capra%20R1.txt	Sennheiser HD 600 (pads: Capra)	Sennheiser HD 600 (pads Capra)	over-ear	KB006x + 711
https://squig.link/headphones/data/Sennheiser%20HD%20600%20capra%20R2.txt	Sennheiser HD 600 (pads: Capra)	Sennheiser HD 600 (pads Capra)	over-ear	KB006x + 711
https://squig.link/headphones/data/Sennheiser%20HD%20600%20capra%20R3.txt	Sennheiser HD 600 (pads: Capra)	Sennheiser HD 600 (pads Capra)	over-ear	KB006x + 711
https://squig.link/headphones/data/Sennheiser%20HD%20600%20soulwit%20L1.txt	Sennheiser HD 600 (pads: Soulwit - micro-fiber cooling gel)	Sennheiser HD 600 (pads Soulwit - micro-fiber cooling gel)	over-ear	KB006x + 711
https://squig.link/headphones/data/Sennheiser%20HD%20600%20soulwit%20L2.txt	Sennheiser HD 600 (pads: Soulwit - micro-fiber cooling gel)	Sennheiser HD 600 (pads Soulwit - micro-fiber cooling gel)	over-ear	KB006x + 711
https://squig.link/headphones/data/Sennheiser%20HD%20600%20soulwit%20L3.txt	Sennheiser HD 600 (pads: Soulwit - micro-fiber cooling gel)	Sennheiser HD 600 (pads Soulwit - micro-fiber cooling gel)	over-ear	KB006x + 711
https://squig.link/headphones/data/Sennheiser%20HD%20600%20soulwit%20R1.txt	Sennheiser HD 600 (pads: Soulwit - micro-fiber cooling gel)	Sennheiser HD 600 (pads Soulwit - micro-fiber cooling gel)	over-ear	KB006x + 711
https://squig.link/headphones/data/Sennheiser%20HD%20600%20soulwit%20R2.txt	Sennheiser HD 600 (pads: Soulwit - micro-fiber cooling gel)	Sennheiser HD 600 (pads Soulwit - micro-fiber cooling gel)	over-ear	KB006x + 711
https://squig.link/headphones/data/Sennheiser%20HD%20600%20soulwit%20R3.txt	Sennheiser HD 600 (pads: Soulwit - micro-fiber cooling gel)	Sennheiser HD 600 (pads Soulwit - micro-fiber cooling gel)	over-ear	KB006x + 711
https://squig.link/headphones/data/Sennheiser%20HD%20600%20wicked%20L1.txt	Sennheiser HD 600 (pads: Wicked Cushions)	Sennheiser HD 600 (pads Wicked Cushions)	over-ear	KB006x + 711
https://squig.link/headphones/data/Sennheiser%20HD%20600%20wicked%20L2.txt	Sennheiser HD 600 (pads: Wicked Cushions)	Sennheiser HD 600 (pads Wicked Cushions)	over-ear	KB006x + 711
https://squig.link/headphones/data/Sennheiser%20HD%20600%20wicked%20L3.txt	Sennheiser HD 600 (pads: Wicked Cushions)	Sennheiser HD 600 (pads Wicked Cushions)	over-ear	KB006x + 711
https://squig.link/headphones/data/Sennheiser%20HD%20600%20wicked%20R1.txt	Sennheiser HD 600 (pads: Wicked Cushions)	Sennheiser HD 600 (pads Wicked Cushions)	over-ear	KB006x + 711
https://squig.link/headphones/data/Sennheiser%20HD%20600%20wicked%20R2.txt	Sennheiser HD 600 (pads: Wicked Cushions)	Sennheiser HD 600 (pads Wicked Cushions)	over-ear	KB006x + 711
https://squig.link/headphones/data/Sennheiser%20HD%20600%20wicked%20R3.txt	Sennheiser HD 600 (pads: Wicked Cushions)	Sennheiser HD 600 (pads Wicked Cushions)	over-ear	KB006x + 711
https://squig.link/headphones/data/Sennheiser%20HD%20600%20brand-new%20L1.txt	Sennheiser HD 600 (pads: brand-new)	Sennheiser HD 600 (pads brand-new)	over-ear	KB006x + 711
https://squig.link/headphones/data/Sennheiser%20HD%20600%20brand-new%20L2.txt	Sennheiser HD 600 (pads: brand-new)	Sennheiser HD 600 (pads brand-new)	over-ear	KB006x + 711
https://squig.link/headphones/data/Sennheiser%20HD%20600%20brand-new%20L3.txt	Sennheiser HD 600 (pads: brand-new)	Sennheiser HD 600 (pads brand-new)	over-ear	KB006x + 711
https://squig.link/headphones/data/Sennheiser%20HD%20600%20brand-new%20R1.txt	Sennheiser HD 600 (pads: brand-new)	Sennheiser HD 600 (pads brand-new)	over-ear	KB006x + 711
https://squig.link/headphones/data/Sennheiser%20HD%20600%20brand-new%20R2.txt	Sennheiser HD 600 (pads: brand-new)	Sennheiser HD 600 (pads brand-new)	over-ear	KB006x + 711
https://squig.link/headphones/data/Sennheiser%20HD%20600%20brand-new%20R3.txt	Sennheiser HD 600 (pads: brand-new)	Sennheiser HD 600 (pads brand-new)	over-ear	KB006x + 711
https://superreview.squig.link/headphones/data/Sennheiser%20HD%20600%20(ZMF)%20L1.txt	Sennheiser HD 600 (pads: ZMF Sub suede perforated)	Sennheiser HD 600 (pads: ZMF Sub suede perforated)	ignore	
https://superreview.squig.link/headphones/data/Sennheiser%20HD%20600%20(ZMF)%20L2.txt	Sennheiser HD 600 (pads: ZMF Sub suede perforated)	Sennheiser HD 600 (pads: ZMF Sub suede perforated)	ignore	
https://superreview.squig.link/headphones/data/Sennheiser%20HD%20600%20(ZMF)%20L3.txt	Sennheiser HD 600 (pads: ZMF Sub suede perforated)	Sennheiser HD 600 (pads: ZMF Sub suede perforated)	ignore	
https://superreview.squig.link/headphones/data/Sennheiser%20HD%20600%20(ZMF)%20R.txt	Sennheiser HD 600 (pads: ZMF Sub suede perforated)	Sennheiser HD 600 (pads: ZMF Sub suede perforated)	ignore	
https://superreview.squig.link/headphones/data/Sennheiser%20HD%20600%20(ZMF)%20R1.txt	Sennheiser HD 600 (pads: ZMF Sub suede perforated)	Sennheiser HD 600 (pads: ZMF Sub suede perforated)	ignore	
https://superreview.squig.link/headphones/data/Sennheiser%20HD%20600%20(ZMF)%20R2.txt	Sennheiser HD 600 (pads: ZMF Sub suede perforated)	Sennheiser HD 600 (pads: ZMF Sub suede perforated)	ignore	
https://superreview.squig.link/headphones/data/Sennheiser%20HD%20600%20(ZMF)%20R3.txt	Sennheiser HD 600 (pads: ZMF Sub suede perforated)	Sennheiser HD 600 (pads: ZMF Sub suede perforated)	ignore	
https://superreview.squig.link/headphones/data/Sennheiser%20HD%20600%20(S2%20-%20Dekoni)%20L1.txt	Sennheiser HD 600 (sample 2 - pads: Dekoni Elite Velour)	Sennheiser HD 600 (sample 2 - pads: Dekoni Elite Velour)	ignore	
https://superreview.squig.link/headphones/data/Sennheiser%20HD%20600%20(S2%20-%20Dekoni)%20L2.txt	Sennheiser HD 600 (sample 2 - pads: Dekoni Elite Velour)	Sennheiser HD 600 (sample 2 - pads: Dekoni Elite Velour)	ignore	
https://superreview.squig.link/headphones/data/Sennheiser%20HD%20600%20(S2%20-%20Dekoni)%20L3.txt	Sennheiser HD 600 (sample 2 - pads: Dekoni Elite Velour)	Sennheiser HD 600 (sample 2 - pads: Dekoni Elite Velour)	ignore	
https://superreview.squig.link/headphones/data/Sennheiser%20HD%20600%20(S2%20-%20Dekoni)%20R1.txt	Sennheiser HD 600 (sample 2 - pads: Dekoni Elite Velour)	Sennheiser HD 600 (sample 2 - pads: Dekoni Elite Velour)	ignore	
https://superreview.squig.link/headphones/data/Sennheiser%20HD%20600%20(S2%20-%20Dekoni)%20R2.txt	Sennheiser HD 600 (sample 2 - pads: Dekoni Elite Velour)	Sennheiser HD 600 (sample 2 - pads: Dekoni Elite Velour)	ignore	
https://superreview.squig.link/headphones/data/Sennheiser%20HD%20600%20(S2%20-%20Dekoni)%20R3.txt	Sennheiser HD 600 (sample 2 - pads: Dekoni Elite Velour)	Sennheiser HD 600 (sample 2 - pads: Dekoni Elite Velour)	ignore	
https://superreview.squig.link/headphones/data/Sennheiser%20HD%20660S%20L1.txt	Sennheiser HD 660S	Sennheiser HD 660 S	over-ear	KB006x + 711
https://superreview.squig.link/headphones/data/Sennheiser%20HD%20660S%20L2.txt	Sennheiser HD 660S	Sennheiser HD 660 S	over-ear	KB006x + 711
https://superreview.squig.link/headphones/data/Sennheiser%20HD%20660S%20L3.txt	Sennheiser HD 660S	Sennheiser HD 660 S	over-ear	KB006x + 711
https://superreview.squig.link/headphones/data/Sennheiser%20HD%20660S%20R1.txt	Sennheiser HD 660S	Sennheiser HD 660 S	over-ear	KB006x + 711
https://superreview.squig.link/headphones/data/Sennheiser%20HD%20660S%20R2.txt	Sennheiser HD 660S	Sennheiser HD 660 S	over-ear	KB006x + 711
https://superreview.squig.link/headphones/data/Sennheiser%20HD%20660S%20R3.txt	Sennheiser HD 660S	Sennheiser HD 660 S	over-ear	KB006x + 711
https://superreview.squig.link/headphones/data/Sennheiser%20HD%206XX%20L1.txt	Sennheiser HD 6XX	Sennheiser HD 6XX	over-ear	KB006x + 711
https://superreview.squig.link/headphones/data/Sennheiser%20HD%206XX%20L2.txt	Sennheiser HD 6XX	Sennheiser HD 6XX	over-ear	KB006x + 711
https://superreview.squig.link/headphones/data/Sennheiser%20HD%206XX%20L3.txt	Sennheiser HD 6XX	Sennheiser HD 6XX	over-ear	KB006x + 711
https://superreview.squig.link/headphones/data/Sennheiser%20HD%206XX%20R1.txt	Sennheiser HD 6XX	Sennheiser HD 6XX	over-ear	KB006x + 711
https://superreview.squig.link/headphones/data/Sennheiser%20HD%206XX%20R2.txt	Sennheiser HD 6XX	Sennheiser HD 6XX	over-ear	KB006x + 711
https://superreview.squig.link/headphones/data/Sennheiser%20HD%206XX%20R3.txt	Sennheiser HD 6XX	Sennheiser HD 6XX	over-ear	KB006x + 711
https://superreview.squig.link/headphones/data/Sennheiser%20HD%20800S%20L1.txt	Sennheiser HD 800S	Sennheiser HD 800	over-ear	KB006x + 711
https://superreview.squig.link/headphones/data/Sennheiser%20HD%20800S%20L2.txt	Sennheiser HD 800S	Sennheiser HD 800	over-ear	KB006x + 711
https://superreview.squig.link/headphones/data/Sennheiser%20HD%20800S%20L3.txt	Sennheiser HD 800S	Sennheiser HD 800	over-ear	KB006x + 711
https://superreview.squig.link/headphones/data/Sennheiser%20HD%20800S%20R1.txt	Sennheiser HD 800S	Sennheiser HD 800	over-ear	KB006x + 711
https://superreview.squig.link/headphones/data/Sennheiser%20HD%20800S%20R2.txt	Sennheiser HD 800S	Sennheiser HD 800	over-ear	KB006x + 711
https://superreview.squig.link/headphones/data/Sennheiser%20HD%20800S%20R3.txt	Sennheiser HD 800S	Sennheiser HD 800	over-ear	KB006x + 711
https://superreview.squig.link/headphones/data/Sennheiser%20HD%20820%20L1.txt	Sennheiser HD 820	Sennheiser HD 820	over-ear	KB006x + 711
https://superreview.squig.link/headphones/data/Sennheiser%20HD%20820%20L2.txt	Sennheiser HD 820	Sennheiser HD 820	over-ear	KB006x + 711
https://superreview.squig.link/headphones/data/Sennheiser%20HD%20820%20L3.txt	Sennheiser HD 820	Sennheiser HD 820	over-ear	KB006x + 711
https://superreview.squig.link/headphones/data/Sennheiser%20HD%20820%20R1.txt	Sennheiser HD 820	Sennheiser HD 820	over-ear	KB006x + 711
https://superreview.squig.link/headphones/data/Sennheiser%20HD%20820%20R2.txt	Sennheiser HD 820	Sennheiser HD 820	over-ear	KB006x + 711
https://superreview.squig.link/headphones/data/Sennheiser%20HD%20820%20R3.txt	Sennheiser HD 820	Sennheiser HD 820	over-ear	KB006x + 711
https://squig.link/headphones/data/Sennheiser%20HDB%20630%20A%20ANC-mid%20L1.txt	Sennheiser HDB 630 (ANC: middle)	Sennheiser HDB 630 (ANC middle)	over-ear	KB006x + 711
https://squig.link/headphones/data/Sennheiser%20HDB%20630%20A%20ANC-mid%20R1.txt	Sennheiser HDB 630 (ANC: middle)	Sennheiser HDB 630 (ANC middle)	over-ear	KB006x + 711
https://squig.link/headphones/data/Sennheiser%20HDB%20630%20A%20ANC-off%20L1.txt	Sennheiser HDB 630 (ANC: off)	Sennheiser HDB 630 (ANC off)	over-ear	KB006x + 711
https://squig.link/headphones/data/Sennheiser%20HDB%20630%20A%20ANC-off%20R1.txt	Sennheiser HDB 630 (ANC: off)	Sennheiser HDB 630 (ANC off)	over-ear	KB006x + 711
https://squig.link/headphones/data/Sennheiser%20HDB%20630%20A%20bass%20boost%20L1.txt	Sennheiser HDB 630 (ANC: on :: EQ: bass boost)	Sennheiser HDB 630 (ANC on EQ bass boost)	over-ear	KB006x + 711
https://squig.link/headphones/data/Sennheiser%20HDB%20630%20A%20bass%20boost%20R1.txt	Sennheiser HDB 630 (ANC: on :: EQ: bass boost)	Sennheiser HDB 630 (ANC on EQ bass boost)	over-ear	KB006x + 711
https://squig.link/headphones/data/Sennheiser%20HDB%20630%20A%20classical%20L1.txt	Sennheiser HDB 630 (ANC: on :: EQ: classical)	Sennheiser HDB 630 (ANC on EQ classical)	over-ear	KB006x + 711
https://squig.link/headphones/data/Sennheiser%20HDB%20630%20A%20classical%20R1.txt	Sennheiser HDB 630 (ANC: on :: EQ: classical)	Sennheiser HDB 630 (ANC on EQ classical)	over-ear	KB006x + 711
https://squig.link/headphones/data/Sennheiser%20HDB%20630%20A%20dance%20L1.txt	Sennheiser HDB 630 (ANC: on :: EQ: dance)	Sennheiser HDB 630 (ANC on EQ dance)	over-ear	KB006x + 711
https://squig.link/headphones/data/Sennheiser%20HDB%20630%20A%20dance%20R1.txt	Sennheiser HDB 630 (ANC: on :: EQ: dance)	Sennheiser HDB 630 (ANC on EQ dance)	over-ear	KB006x + 711
https://squig.link/headphones/data/Sennheiser%20HDB%20630%20A%20hip-hop%20L1.txt	Sennheiser HDB 630 (ANC: on :: EQ: hip-hop)	Sennheiser HDB 630 (ANC on EQ hip-hop)	over-ear	KB006x + 711
https://squig.link/headphones/data/Sennheiser%20HDB%20630%20A%20hip-hop%20R1.txt	Sennheiser HDB 630 (ANC: on :: EQ: hip-hop)	Sennheiser HDB 630 (ANC on EQ hip-hop)	over-ear	KB006x + 711
https://squig.link/headphones/data/Sennheiser%20HDB%20630%20A%20jazz%20L1.txt	Sennheiser HDB 630 (ANC: on :: EQ: jazz)	Sennheiser HDB 630 (ANC on EQ jazz)	over-ear	KB006x + 711
https://squig.link/headphones/data/Sennheiser%20HDB%20630%20A%20jazz%20R1.txt	Sennheiser HDB 630 (ANC: on :: EQ: jazz)	Sennheiser HDB 630 (ANC on EQ jazz)	over-ear	KB006x + 711
https://squig.link/headphones/data/Sennheiser%20HDB%20630%20A%20movie%20L1.txt	Sennheiser HDB 630 (ANC: on :: EQ: movie)	Sennheiser HDB 630 (ANC on EQ movie)	over-ear	KB006x + 711
https://squig.link/headphones/data/Sennheiser%20HDB%20630%20A%20movie%20R1.txt	Sennheiser HDB 630 (ANC: on :: EQ: movie)	Sennheiser HDB 630 (ANC on EQ movie)	over-ear	KB006x + 711
https://squig.link/headphones/data/Sennheiser%20HDB%20630%20A%20podcast%20L1.txt	Sennheiser HDB 630 (ANC: on :: EQ: podcast)	Sennheiser HDB 630 (ANC on EQ podcast)	over-ear	KB006x + 711
https://squig.link/headphones/data/Sennheiser%20HDB%20630%20A%20podcast%20R1.txt	Sennheiser HDB 630 (ANC: on :: EQ: podcast)	Sennheiser HDB 630 (ANC on EQ podcast)	over-ear	KB006x + 711
https://squig.link/headphones/data/Sennheiser%20HDB%20630%20A%20pop%20L1.txt	Sennheiser HDB 630 (ANC: on :: EQ: pop)	Sennheiser HDB 630 (ANC on EQ pop)	over-ear	KB006x + 711
https://squig.link/headphones/data/Sennheiser%20HDB%20630%20A%20pop%20R1.txt	Sennheiser HDB 630 (ANC: on :: EQ: pop)	Sennheiser HDB 630 (ANC on EQ pop)	over-ear	KB006x + 711
https://squig.link/headphones/data/Sennheiser%20HDB%20630%20A%20rock%20L1.txt	Sennheiser HDB 630 (ANC: on :: EQ: rock)	Sennheiser HDB 630 (ANC on EQ rock)	over-ear	KB006x + 711
https://squig.link/headphones/data/Sennheiser%20HDB%20630%20A%20rock%20R1.txt	Sennheiser HDB 630 (ANC: on :: EQ: rock)	Sennheiser HDB 630 (ANC on EQ rock)	over-ear	KB006x + 711
https://squig.link/headphones/data/Sennheiser%20HDB%20630%20A%20L1.txt	Sennheiser HDB 630 (ANC: on)	Sennheiser HDB 630 (ANC on)	over-ear	KB006x + 711
https://squig.link/headphones/data/Sennheiser%20HDB%20630%20A%20L2.txt	Sennheiser HDB 630 (ANC: on)	Sennheiser HDB 630 (ANC on)	over-ear	KB006x + 711
https://squig.link/headphones/data/Sennheiser%20HDB%20630%20A%20L3.txt	Sennheiser HDB 630 (ANC: on)	Sennheiser HDB 630 (ANC on)	over-ear	KB006x + 711
https://squig.link/headphones/data/Sennheiser%20HDB%20630%20A%20R1.txt	Sennheiser HDB 630 (ANC: on)	Sennheiser HDB 630 (ANC on)	over-ear	KB006x + 711
https://squig.link/headphones/data/Sennheiser%20HDB%20630%20A%20R2.txt	Sennheiser HDB 630 (ANC: on)	Sennheiser HDB 630 (ANC on)	over-ear	KB006x + 711
https://squig.link/headphones/data/Sennheiser%20HDB%20630%20A%20R3.txt	Sennheiser HDB 630 (ANC: on)	Sennheiser HDB 630 (ANC on)	over-ear	KB006x + 711
https://squig.link/headphones/data/Sennheiser%20HDB%20630%20A%20ANC-trans%20L1.txt	Sennheiser HDB 630 (ANC: transparency)	Sennheiser HDB 630 (ANC transparency)	over-ear	KB006x + 711
https://squig.link/headphones/data/Sennheiser%20HDB%20630%20A%20ANC-trans%20R1.txt	Sennheiser HDB 630 (ANC: transparency)	Sennheiser HDB 630 (ANC transparency)	over-ear	KB006x + 711
https://superreview.squig.link/data/Sennheiser%20IE%20200%20(Azla%20Max)%20L.txt	Sennheiser IE 200 (tips: Azla Max)	Sennheiser IE 200 (AZLA Max eartips)	in-ear	711
https://superreview.squig.link/data/Sennheiser%20IE%20200%20(Azla%20Max)%20R.txt	Sennheiser IE 200 (tips: Azla Max)	Sennheiser IE 200 (AZLA Max eartips)	in-ear	711
https://superreview.squig.link/data/Sennheiser%20IE%20200%20(Spiral%20Dot)%20L.txt	Sennheiser IE 200 (tips: Spiral Dot++)	Sennheiser IE 200 (JVC Spiral Dot++ eartips)	in-ear	711
https://superreview.squig.link/data/Sennheiser%20IE%20200%20(Spiral%20Dot)%20R.txt	Sennheiser IE 200 (tips: Spiral Dot++)	Sennheiser IE 200 (JVC Spiral Dot++ eartips)	in-ear	711
https://superreview.squig.link/data/Sennheiser%20IE%20200%20(UC%20tips)%20L.txt	Sennheiser IE 200 (tips: SoftEars UC)	Sennheiser IE 200 (SoftEars UC eartips)	in-ear	711
https://superreview.squig.link/data/Sennheiser%20IE%20200%20(UC%20tips)%20R.txt	Sennheiser IE 200 (tips: SoftEars UC)	Sennheiser IE 200 (SoftEars UC eartips)	in-ear	711
https://superreview.squig.link/data/Sennheiser%20IE%20200%20(D2)%20L.txt	Sennheiser IE 200 (tip depth: 2)	Sennheiser IE 200 (long nozzle)	in-ear	711
https://superreview.squig.link/data/Sennheiser%20IE%20200%20(D2)%20R.txt	Sennheiser IE 200 (tip depth: 2)	Sennheiser IE 200 (long nozzle)	in-ear	711
https://superreview.squig.link/data/Sennheiser%20IE%20200%20(D1)%20L.txt	Sennheiser IE 200 (tip depth: 1)	Sennheiser IE 200 (short nozzle)	in-ear	711
https://superreview.squig.link/data/Sennheiser%20IE%20200%20(D1)%20R.txt	Sennheiser IE 200 (tip depth: 1)	Sennheiser IE 200 (short nozzle)	in-ear	711
https://superreview.squig.link/data/Sennheiser%20IE%20300%20L.txt	Sennheiser IE 300 (tips: stock)	Sennheiser IE 300	in-ear	711
https://superreview.squig.link/data/Sennheiser%20IE%20300%20(Sedna%20Light)%20L.txt	Sennheiser IE 300 (tips: Sedna Light)	Sennheiser IE 300 (AZLA Sedna Light eartips)	in-ear	711
https://superreview.squig.link/data/Sennheiser%20IE%20300%20(Final%20E)%20L.txt	Sennheiser IE 300 (tips: Final E-type)	Sennheiser IE 300 (Final Audio Type E eartips)	in-ear	711
https://superreview.squig.link/data/Sennheiser%20IE%20300%20(AutoEQ)%20L.txt	Sennheiser IE 300 (tips: Final E-type + AutoEQ)	Sennheiser IE 300 (tips: Final E-type + AutoEQ)	ignore	
https://superreview.squig.link/data/Sennheiser%20IE%2040%20Pro%20L.txt	Sennheiser IE 40 Pro	Sennheiser IE 40 Pro	in-ear	711
https://superreview.squig.link/data/Sennheiser%20IE%20600%20(Sedna)%20L.txt	Sennheiser IE 600 (tips: Sedna)	Sennheiser IE 600 (AZLA Sedna eartips)	in-ear	711
https://superreview.squig.link/data/Sennheiser%20IE%20600%20(Sedna)%20R.txt	Sennheiser IE 600 (tips: Sedna)	Sennheiser IE 600 (AZLA Sedna eartips)	in-ear	711
https://superreview.squig.link/data/Sennheiser%20IE%20600%20(E-type)%20L.txt	Sennheiser IE 600 (tips: E-type)	Sennheiser IE 600 (Final Audio Type E eartips)	in-ear	711
https://superreview.squig.link/data/Sennheiser%20IE%20600%20(E-type)%20R.txt	Sennheiser IE 600 (tips: E-type)	Sennheiser IE 600 (Final Audio Type E eartips)	in-ear	711
https://superreview.squig.link/data/Sennheiser%20IE%20600%20(Spring%20tips)%20L.txt	Sennheiser IE 600 (tips: Spring)	Sennheiser IE 600 (Moondrop Spring eartips)	in-ear	711
https://superreview.squig.link/data/Sennheiser%20IE%20600%20(Spring%20tips)%20R.txt	Sennheiser IE 600 (tips: Spring)	Sennheiser IE 600 (Moondrop Spring eartips)	in-ear	711
https://superreview.squig.link/data/Sennheiser%20IE%20600%20(Spinfit)%20L.txt	Sennheiser IE 600 (tips: Spinfit)	Sennheiser IE 600 (Spinfit eartips)	in-ear	711
https://superreview.squig.link/data/Sennheiser%20IE%20600%20(Spinfit)%20R.txt	Sennheiser IE 600 (tips: Spinfit)	Sennheiser IE 600 (Spinfit eartips)	in-ear	711
https://superreview.squig.link/data/Sennheiser%20IE%20600%20(foam)%20L.txt	Sennheiser IE 600 (tips: stock foam)	Sennheiser IE 600 (foam eartips)	in-ear	711
https://superreview.squig.link/data/Sennheiser%20IE%20600%20(foam)%20R.txt	Sennheiser IE 600 (tips: stock foam)	Sennheiser IE 600 (foam eartips)	in-ear	711
https://superreview.squig.link/data/Sennheiser%20IE%20600%20L.txt	Sennheiser IE 600 (tips: stock silicone)	Sennheiser IE 600 (silicone eartips)	in-ear	711
https://superreview.squig.link/data/Sennheiser%20IE%20600%20R.txt	Sennheiser IE 600 (tips: stock silicone)	Sennheiser IE 600 (silicone eartips)	in-ear	711
https://superreview.squig.link/data/Sennheiser%20IE%20600%20(E-type%20shallow)%20L.txt	Sennheiser IE 600 (tips: E-type, shallow)	Sennheiser IE 600 (tips: E-type, shallow)	ignore	
https://superreview.squig.link/data/Sennheiser%20IE%20600%20(E-type%20shallow)%20R.txt	Sennheiser IE 600 (tips: E-type, shallow)	Sennheiser IE 600 (tips: E-type, shallow)	ignore	
https://superreview.squig.link/data/Sennheiser%20IE%20900%20L.txt	Sennheiser IE 900 (tips: stock)	Sennheiser IE 900	in-ear	711
https://superreview.squig.link/data/Sennheiser%20IE%20900%20R.txt	Sennheiser IE 900 (tips: stock)	Sennheiser IE 900	in-ear	711
https://superreview.squig.link/data/Sennheiser%20IE%20900%20S2%20L.txt	Sennheiser IE 900 (sample 2)	Sennheiser IE 900	in-ear	711
https://superreview.squig.link/data/Sennheiser%20IE%20900%20S2%20R.txt	Sennheiser IE 900 (sample 2)	Sennheiser IE 900	in-ear	711
https://superreview.squig.link/data/Sennheiser%20IE%20900%20(fake)%20L.txt	Sennheiser IE 900 (AliExpress fake)	Sennheiser IE 900 (AliExpress fake)	ignore	
https://superreview.squig.link/data/Sennheiser%20IE%20900%20(fake)%20R.txt	Sennheiser IE 900 (AliExpress fake)	Sennheiser IE 900 (AliExpress fake)	ignore	
https://superreview.squig.link/data/Sennheiser%20IE%20900%20(Final)%20L.txt	Sennheiser IE 900 (tips: E-type)	Sennheiser IE 900 (Final Audio Type E eartips)	in-ear	711
https://superreview.squig.link/data/Sennheiser%20IE%20900%20(Final)%20R.txt	Sennheiser IE 900 (tips: E-type)	Sennheiser IE 900 (Final Audio Type E eartips)	in-ear	711
https://squig.link/headphones/data/Sennheiser%20Momentum%205%20anc-off%20L1.txt	Sennheiser Momentum 5 Wireless (ANC: off)	Sennheiser Momentum 5 Wireless (ANC off)	over-ear	KB006x + 711
https://squig.link/headphones/data/Sennheiser%20Momentum%205%20anc-off%20R1.txt	Sennheiser Momentum 5 Wireless (ANC: off)	Sennheiser Momentum 5 Wireless (ANC off)	over-ear	KB006x + 711
https://squig.link/headphones/data/Sennheiser%20Momentum%205%20anc-on%20dolby%20L1.txt	Sennheiser Momentum 5 Wireless (ANC: on :: Dolby Atmos: on)	Sennheiser Momentum 5 Wireless (ANC on Dolby Atmos on)	over-ear	KB006x + 711
https://squig.link/headphones/data/Sennheiser%20Momentum%205%20anc-on%20dolby%20R1.txt	Sennheiser Momentum 5 Wireless (ANC: on :: Dolby Atmos: on)	Sennheiser Momentum 5 Wireless (ANC on Dolby Atmos on)	over-ear	KB006x + 711
https://squig.link/headphones/data/Sennheiser%20Momentum%205%20anc-on%20eq-bb%20L1.txt	Sennheiser Momentum 5 Wireless (ANC: on :: EQ: bass boost)	Sennheiser Momentum 5 Wireless (ANC on EQ bass boost)	over-ear	KB006x + 711
https://squig.link/headphones/data/Sennheiser%20Momentum%205%20anc-on%20eq-bb%20R1.txt	Sennheiser Momentum 5 Wireless (ANC: on :: EQ: bass boost)	Sennheiser Momentum 5 Wireless (ANC on EQ bass boost)	over-ear	KB006x + 711
https://squig.link/headphones/data/Sennheiser%20Momentum%205%20anc-on%20eq-classical%20L1.txt	Sennheiser Momentum 5 Wireless (ANC: on :: EQ: classical)	Sennheiser Momentum 5 Wireless (ANC on EQ classical)	over-ear	KB006x + 711
https://squig.link/headphones/data/Sennheiser%20Momentum%205%20anc-on%20eq-classical%20R1.txt	Sennheiser Momentum 5 Wireless (ANC: on :: EQ: classical)	Sennheiser Momentum 5 Wireless (ANC on EQ classical)	over-ear	KB006x + 711
https://squig.link/headphones/data/Sennheiser%20Momentum%205%20anc-on%20eq-dance%20L1.txt	Sennheiser Momentum 5 Wireless (ANC: on :: EQ: dance)	Sennheiser Momentum 5 Wireless (ANC on EQ dance)	over-ear	KB006x + 711
https://squig.link/headphones/data/Sennheiser%20Momentum%205%20anc-on%20eq-dance%20R1.txt	Sennheiser Momentum 5 Wireless (ANC: on :: EQ: dance)	Sennheiser Momentum 5 Wireless (ANC on EQ dance)	over-ear	KB006x + 711
https://squig.link/headphones/data/Sennheiser%20Momentum%205%20anc-on%20eq-hiphop%20L1.txt	Sennheiser Momentum 5 Wireless (ANC: on :: EQ: hip-hop)	Sennheiser Momentum 5 Wireless (ANC on EQ hip-hop)	over-ear	KB006x + 711
https://squig.link/headphones/data/Sennheiser%20Momentum%205%20anc-on%20eq-hiphop%20R1.txt	Sennheiser Momentum 5 Wireless (ANC: on :: EQ: hip-hop)	Sennheiser Momentum 5 Wireless (ANC on EQ hip-hop)	over-ear	KB006x + 711
https://squig.link/headphones/data/Sennheiser%20Momentum%205%20anc-on%20eq-jazz%20L1.txt	Sennheiser Momentum 5 Wireless (ANC: on :: EQ: jazz)	Sennheiser Momentum 5 Wireless (ANC on EQ jazz)	over-ear	KB006x + 711
https://squig.link/headphones/data/Sennheiser%20Momentum%205%20anc-on%20eq-jazz%20R1.txt	Sennheiser Momentum 5 Wireless (ANC: on :: EQ: jazz)	Sennheiser Momentum 5 Wireless (ANC on EQ jazz)	over-ear	KB006x + 711
https://squig.link/headphones/data/Sennheiser%20Momentum%205%20anc-on%20eq-movie%20L1.txt	Sennheiser Momentum 5 Wireless (ANC: on :: EQ: movie)	Sennheiser Momentum 5 Wireless (ANC on EQ movie)	over-ear	KB006x + 711
https://squig.link/headphones/data/Sennheiser%20Momentum%205%20anc-on%20eq-movie%20R1.txt	Sennheiser Momentum 5 Wireless (ANC: on :: EQ: movie)	Sennheiser Momentum 5 Wireless (ANC on EQ movie)	over-ear	KB006x + 711
https://squig.link/headphones/data/Sennheiser%20Momentum%205%20anc-on%20eq-podcast%20L1.txt	Sennheiser Momentum 5 Wireless (ANC: on :: EQ: podcast)	Sennheiser Momentum 5 Wireless (ANC on EQ podcast)	over-ear	KB006x + 711
https://squig.link/headphones/data/Sennheiser%20Momentum%205%20anc-on%20eq-podcast%20R1.txt	Sennheiser Momentum 5 Wireless (ANC: on :: EQ: podcast)	Sennheiser Momentum 5 Wireless (ANC on EQ podcast)	over-ear	KB006x + 711
https://squig.link/headphones/data/Sennheiser%20Momentum%205%20anc-on%20eq-pop%20L1.txt	Sennheiser Momentum 5 Wireless (ANC: on :: EQ: pop)	Sennheiser Momentum 5 Wireless (ANC on EQ pop)	over-ear	KB006x + 711
https://squig.link/headphones/data/Sennheiser%20Momentum%205%20anc-on%20eq-pop%20R1.txt	Sennheiser Momentum 5 Wireless (ANC: on :: EQ: pop)	Sennheiser Momentum 5 Wireless (ANC on EQ pop)	over-ear	KB006x + 711
https://squig.link/headphones/data/Sennheiser%20Momentum%205%20anc-on%20eq-rock%20L1.txt	Sennheiser Momentum 5 Wireless (ANC: on :: EQ: rock)	Sennheiser Momentum 5 Wireless (ANC on EQ rock)	over-ear	KB006x + 711
https://squig.link/headphones/data/Sennheiser%20Momentum%205%20anc-on%20eq-rock%20R1.txt	Sennheiser Momentum 5 Wireless (ANC: on :: EQ: rock)	Sennheiser Momentum 5 Wireless (ANC on EQ rock)	over-ear	KB006x + 711
https://squig.link/headphones/data/Sennheiser%20Momentum%205%20anc-on%20L1.txt	Sennheiser Momentum 5 Wireless (ANC: on)	Sennheiser Momentum 5 Wireless (ANC on)	over-ear	KB006x + 711
https://squig.link/headphones/data/Sennheiser%20Momentum%205%20anc-on%20L2.txt	Sennheiser Momentum 5 Wireless (ANC: on)	Sennheiser Momentum 5 Wireless (ANC on)	over-ear	KB006x + 711
https://squig.link/headphones/data/Sennheiser%20Momentum%205%20anc-on%20L3.txt	Sennheiser Momentum 5 Wireless (ANC: on)	Sennheiser Momentum 5 Wireless (ANC on)	over-ear	KB006x + 711
https://squig.link/headphones/data/Sennheiser%20Momentum%205%20anc-on%20R1.txt	Sennheiser Momentum 5 Wireless (ANC: on)	Sennheiser Momentum 5 Wireless (ANC on)	over-ear	KB006x + 711
https://squig.link/headphones/data/Sennheiser%20Momentum%205%20anc-on%20R2.txt	Sennheiser Momentum 5 Wireless (ANC: on)	Sennheiser Momentum 5 Wireless (ANC on)	over-ear	KB006x + 711
https://squig.link/headphones/data/Sennheiser%20Momentum%205%20anc-on%20R3.txt	Sennheiser Momentum 5 Wireless (ANC: on)	Sennheiser Momentum 5 Wireless (ANC on)	over-ear	KB006x + 711
https://squig.link/headphones/data/Sennheiser%20Momentum%205%20anc-trans%20L1.txt	Sennheiser Momentum 5 Wireless (ANC: transparency)	Sennheiser Momentum 5 Wireless (ANC transparency)	over-ear	KB006x + 711
https://squig.link/headphones/data/Sennheiser%20Momentum%205%20anc-trans%20R1.txt	Sennheiser Momentum 5 Wireless (ANC: transparency)	Sennheiser Momentum 5 Wireless (ANC transparency)	over-ear	KB006x + 711
https://superreview.squig.link/data/Sennheiser%20MTW2%20(HE)%20L.txt	Sennheiser Momentum TW2 (high-end tuning)	Sennheiser Momentum TW2 (high-end tuning)	ignore	
https://superreview.squig.link/data/Sennheiser%20MTW2%20L.txt	Sennheiser Momentum TW2 (standard)	Sennheiser Momentum True Wireless 2	in-ear	711
https://superreview.squig.link/data/Sennheiser%20Momentum%20TW3%20L.txt	Sennheiser Momentum TW3	Sennheiser Momentum True Wireless 3	in-ear	711
https://superreview.squig.link/data/Sennheiser%20Momentum%20TW3%20R.txt	Sennheiser Momentum TW3	Sennheiser Momentum True Wireless 3	in-ear	711
https://superreview.squig.link/data/Shanling%20ME700%20Lite%20L.txt	Shanling ME700 Lite	Shanling ME700 Lite	in-ear	711
https://superreview.squig.link/data/Shozy%20CP%20L.txt	Shozy CP	Shozy & Neo CP	in-ear	711
https://superreview.squig.link/data/Shozy%20Rouge%20L.txt	Shozy Rouge	Shozy Rouge	in-ear	711
https://squig.link/data/Letshuoer%20Astralis%20L.txt	Letshuoer Astralis 	Shuoer Astralis	in-ear	711
https://squig.link/data/Letshuoer%20Astralis%20R.txt	Letshuoer Astralis 	Shuoer Astralis	in-ear	711
https://squig.link/data/Letshuoer%20Astralis%20deep%20L.txt	Letshuoer Astralis (insert: deep)	Shuoer Astralis (insert deep)	in-ear	711
https://squig.link/data/Letshuoer%20Astralis%20deep%20R.txt	Letshuoer Astralis (insert: deep)	Shuoer Astralis (insert deep)	in-ear	711
https://squig.link/data/Letshuoer%20Astralis%20shallow%20L.txt	Letshuoer Astralis (insert: shallow)	Shuoer Astralis (insert shallow)	in-ear	711
https://squig.link/data/Letshuoer%20Astralis%20shallow%20R.txt	Letshuoer Astralis (insert: shallow)	Shuoer Astralis (insert shallow)	in-ear	711
https://superreview.squig.link/data/Letshuoer%20Cadenza%20L.txt		Shuoer Cadenza	in-ear	711
https://superreview.squig.link/data/Letshuoer%20Cadenza%2012%20L.txt	Letshuoer Cadenza 12	Shuoer Cadenza 12	in-ear	711
https://superreview.squig.link/data/Letshuoer%20Cadenza%2012%20R.txt	Letshuoer Cadenza 12	Shuoer Cadenza 12	in-ear	711
https://superreview.squig.link/data/Letshuoer%20Cadenza%204%20L.txt	Letshuoer Cadenza 4	Shuoer Cadenza 4	in-ear	711
https://superreview.squig.link/data/Letshuoer%20Cadenza%204%20R.txt	Letshuoer Cadenza 4	Shuoer Cadenza 4	in-ear	711
https://superreview.squig.link/data/Letshuoer%20D13%20(gold)%20L.txt	Letshuoer D13 (nozzle: gold)	Shuoer D13 (gold nozzle)	in-ear	711
https://superreview.squig.link/data/Letshuoer%20D13%20(gold)%20R.txt	Letshuoer D13 (nozzle: gold)	Shuoer D13 (gold nozzle)	in-ear	711
https://superreview.squig.link/data/Letshuoer%20D13%20(silver)%20L.txt	Letshuoer D13 (nozzle: silver)	Shuoer D13 (silver nozzle)	in-ear	711
https://superreview.squig.link/data/Letshuoer%20D13%20(silver)%20R.txt	Letshuoer D13 (nozzle: silver)	Shuoer D13 (silver nozzle)	in-ear	711
https://superreview.squig.link/data/Letshuoer%20DZ4%20L.txt	Letshuoer DZ4	Shuoer DZ4	in-ear	711
https://superreview.squig.link/data/Letshuoer%20DZ4%20R.txt	Letshuoer DZ4	Shuoer DZ4	in-ear	711
https://superreview.squig.link/data/Letshuoer%20DX1%20L.txt	Letshuoer DX1	Shuoer Dx1	in-ear	711
https://superreview.squig.link/data/Letshuoer%20DX1%20R.txt	Letshuoer DX1	Shuoer Dx1	in-ear	711
https://superreview.squig.link/data/Letshuoer%20EJ07M%20L.txt	Letshuoer EJ07M	Shuoer EJ07M	in-ear	711
https://superreview.squig.link/data/Letshuoer%20EJ07M%20R.txt	Letshuoer EJ07M	Shuoer EJ07M	in-ear	711
https://superreview.squig.link/data/Letshuoer%20EJ07M%20Kinda%20Lava%20L.txt	Letshuoer EJ07M: Kinda Lava 	Shuoer EJ07M Kinda Lava Edition	in-ear	711
https://superreview.squig.link/data/Letshuoer%20EJ07M%20Kinda%20Lava%20R.txt	Letshuoer EJ07M: Kinda Lava 	Shuoer EJ07M Kinda Lava Edition	in-ear	711
https://squig.link/data/Letshuoer%20Ember%20L.txt	Letshuoer Ember 	Shuoer Ember	in-ear	711
https://squig.link/data/Letshuoer%20Ember%20R.txt	Letshuoer Ember 	Shuoer Ember	in-ear	711
https://squig.link/data/Letshuoer%20Ember%20deep%20L.txt	Letshuoer Ember (insert: deep)	Shuoer Ember (insert deep)	in-ear	711
https://squig.link/data/Letshuoer%20Ember%20deep%20R.txt	Letshuoer Ember (insert: deep)	Shuoer Ember (insert deep)	in-ear	711
https://squig.link/data/Letshuoer%20Ember%20shallow%20L.txt	Letshuoer Ember (insert: shallow)	Shuoer Ember (insert shallow)	in-ear	711
https://squig.link/data/Letshuoer%20Ember%20shallow%20R.txt	Letshuoer Ember (insert: shallow)	Shuoer Ember (insert shallow)	in-ear	711
https://superreview.squig.link/data/Letshuoer%20Galileo%20L.txt	Letshuoer Galileo	Shuoer Galileo	in-ear	711
https://superreview.squig.link/data/Letshuoer%20Galileo%20R.txt	Letshuoer Galileo	Shuoer Galileo	in-ear	711
https://superreview.squig.link/data/Letshuoer%20Mystic%208%20blk%20L.txt	Letshuoer Mystic 8 (tips: black)	Shuoer Mystic 8 (black eartips)	in-ear	711
https://superreview.squig.link/data/Letshuoer%20Mystic%208%20blk%20R.txt	Letshuoer Mystic 8 (tips: black)	Shuoer Mystic 8 (black eartips)	in-ear	711
https://superreview.squig.link/data/Letshuoer%20Mystic%208%20clr%20L.txt	Letshuoer Mystic 8 (tips: clear)	Shuoer Mystic 8 (clear eartips)	in-ear	711
https://superreview.squig.link/data/Letshuoer%20Mystic%208%20clr%20R.txt	Letshuoer Mystic 8 (tips: clear)	Shuoer Mystic 8 (clear eartips)	in-ear	711
https://superreview.squig.link/data/Letshuoer%20Mystic%208%20wide%20L.txt	Letshuoer Mystic 8 (tips: wide)	Shuoer Mystic 8 (wide eartips)	in-ear	711
https://superreview.squig.link/data/Letshuoer%20Mystic%208%20wide%20R.txt	Letshuoer Mystic 8 (tips: wide)	Shuoer Mystic 8 (wide eartips)	in-ear	711
https://superreview.squig.link/data/Letshuoer%20S08%20L.txt	Letshuoer S08	Shuoer S08	in-ear	711
https://superreview.squig.link/data/Letshuoer%20S08%20R.txt	Letshuoer S08	Shuoer S08	in-ear	711
https://superreview.squig.link/data/Letshuoer%20S12%20L.txt	Letshuoer S12 	Shuoer S12	in-ear	711
https://superreview.squig.link/data/Letshuoer%20S12%20R.txt	Letshuoer S12 	Shuoer S12	in-ear	711
https://squig.link/data/Letshuoer%20S12%20Ultra%20L.txt	Letshuoer S12 Ultra 	Shuoer S12 Ultra	in-ear	711
https://squig.link/data/Letshuoer%20S12%20Ultra%20R.txt	Letshuoer S12 Ultra 	Shuoer S12 Ultra	in-ear	711
https://squig.link/data/Letshuoer%20S12%20Ultra%20deep%20L.txt	Letshuoer S12 Ultra (insert: deep)	Shuoer S12 Ultra (insert deep)	in-ear	711
https://squig.link/data/Letshuoer%20S12%20Ultra%20deep%20R.txt	Letshuoer S12 Ultra (insert: deep)	Shuoer S12 Ultra (insert deep)	in-ear	711
https://squig.link/data/Letshuoer%20S12%20Ultra%20shallow%20L.txt	Letshuoer S12 Ultra (insert: shallow)	Shuoer S12 Ultra (insert shallow)	in-ear	711
https://squig.link/data/Letshuoer%20S12%20Ultra%20shallow%20R.txt	Letshuoer S12 Ultra (insert: shallow)	Shuoer S12 Ultra (insert shallow)	in-ear	711
https://superreview.squig.link/data/Letshuoer%20S15%20L.txt	Letshuoer S15	Shuoer S15	in-ear	711
https://superreview.squig.link/data/Letshuoer%20S15%20R.txt	Letshuoer S15	Shuoer S15	in-ear	711
https://superreview.squig.link/data/Letshuoer%20Singer%20L.txt	Letshuoer Singer	Shuoer Singer	in-ear	711
https://squig.link/data/Letshuoer%20Sonata%20L.txt	Letshuoer Sonata 	Shuoer Sonata	in-ear	711
https://squig.link/data/Letshuoer%20Sonata%20R.txt	Letshuoer Sonata 	Shuoer Sonata	in-ear	711
https://squig.link/data/Letshuoer%20Sonata%20deep%20L.txt	Letshuoer Sonata (insert: deep)	Shuoer Sonata (insert deep)	in-ear	711
https://squig.link/data/Letshuoer%20Sonata%20deep%20R.txt	Letshuoer Sonata (insert: deep)	Shuoer Sonata (insert deep)	in-ear	711
https://squig.link/data/Letshuoer%20Sonata%20shallow%20L.txt	Letshuoer Sonata (insert: shallow)	Shuoer Sonata (insert shallow)	in-ear	711
https://squig.link/data/Letshuoer%20Sonata%20shallow%20R.txt	Letshuoer Sonata (insert: shallow)	Shuoer Sonata (insert shallow)	in-ear	711
https://squig.link/data/Letshuoer%20Sonata%20apb%20L.txt	Letshuoer Sonata (tips: Tanchjim APB)	Shuoer Sonata (tips Tanchjim APB)	in-ear	711
https://squig.link/data/Letshuoer%20Sonata%20apb%20R.txt	Letshuoer Sonata (tips: Tanchjim APB)	Shuoer Sonata (tips Tanchjim APB)	in-ear	711
https://superreview.squig.link/headphones/data/Shure%20Aonic%2050%20L1.txt	Shure Aonic 50	Shure AONIC 50	over-ear	KB006x + 711
https://superreview.squig.link/headphones/data/Shure%20Aonic%2050%20L2.txt	Shure Aonic 50	Shure AONIC 50	over-ear	KB006x + 711
https://superreview.squig.link/headphones/data/Shure%20Aonic%2050%20L3.txt	Shure Aonic 50	Shure AONIC 50	over-ear	KB006x + 711
https://superreview.squig.link/headphones/data/Shure%20Aonic%2050%20R1.txt	Shure Aonic 50	Shure AONIC 50	over-ear	KB006x + 711
https://superreview.squig.link/headphones/data/Shure%20Aonic%2050%20R2.txt	Shure Aonic 50	Shure AONIC 50	over-ear	KB006x + 711
https://superreview.squig.link/headphones/data/Shure%20Aonic%2050%20R3.txt	Shure Aonic 50	Shure AONIC 50	over-ear	KB006x + 711
https://superreview.squig.link/data/Shure%20SE215%20L.txt	Shure SE215	Shure SE215	in-ear	711
https://superreview.squig.link/data/Simgot%20EA1000%20(black)%20L.txt	Simgot EA1000 (filter: black)	Simgot Audio EA1000 (black nozzle)	in-ear	711
https://superreview.squig.link/data/Simgot%20EA1000%20(black)%20R.txt	Simgot EA1000 (filter: black)	Simgot Audio EA1000 (black nozzle)	in-ear	711
https://superreview.squig.link/data/Simgot%20EA1000%20(red)%20L.txt	Simgot EA1000 (filter: red)	Simgot Audio EA1000 (red nozzle)	in-ear	711
https://superreview.squig.link/data/Simgot%20EA1000%20(red)%20R.txt	Simgot EA1000 (filter: red)	Simgot Audio EA1000 (red nozzle)	in-ear	711
https://superreview.squig.link/data/Simgot%20EA1000%20(white)%20L.txt	Simgot EA1000 (filter: white)	Simgot Audio EA1000 (white nozzle)	in-ear	711
https://superreview.squig.link/data/Simgot%20EA1000%20(white)%20R.txt	Simgot EA1000 (filter: white)	Simgot Audio EA1000 (white nozzle)	in-ear	711
https://superreview.squig.link/data/Simgot%20EA500%20(black)%20L.txt	Simgot EA500 (filter: black)	Simgot Audio EA500 (black nozzle)	in-ear	711
https://superreview.squig.link/data/Simgot%20EA500%20(black)%20R.txt	Simgot EA500 (filter: black)	Simgot Audio EA500 (black nozzle)	in-ear	711
https://superreview.squig.link/data/Simgot%20EA500%20(red)%20L.txt	Simgot EA500 (filter: red)	Simgot Audio EA500 (red nozzle)	in-ear	711
https://superreview.squig.link/data/Simgot%20EA500%20(red)%20R.txt	Simgot EA500 (filter: red)	Simgot Audio EA500 (red nozzle)	in-ear	711
https://superreview.squig.link/data/Simgot%20EA500%20LM%20L.txt	Simgot EA500 LM (nozzle: gold)	Simgot Audio EA500LM (gold nozzle)	in-ear	711
https://superreview.squig.link/data/Simgot%20EA500%20LM%20R.txt	Simgot EA500 LM (nozzle: gold)	Simgot Audio EA500LM (gold nozzle)	in-ear	711
https://superreview.squig.link/data/Simgot%20EM6L%20L.txt	Simgot EM6L	Simgot Audio EM6L	in-ear	711
https://superreview.squig.link/data/Simgot%20EM6L%20R.txt	Simgot EM6L	Simgot Audio EM6L	in-ear	711
https://superreview.squig.link/data/Simgot%20EN700%20Pro%20L.txt	Simgot EN700 Pro 	Simgot Audio EN700 Pro	in-ear	711
https://superreview.squig.link/headphones/data/Simgot%20EP5%20L1.txt	Simgot EP5	Simgot Audio EP5	over-ear	KB006x + 711
https://superreview.squig.link/headphones/data/Simgot%20EP5%20L3.txt	Simgot EP5	Simgot Audio EP5	over-ear	KB006x + 711
https://superreview.squig.link/headphones/data/Simgot%20EP5%20R1.txt	Simgot EP5	Simgot Audio EP5	over-ear	KB006x + 711
https://superreview.squig.link/headphones/data/Simgot%20EP5%20R2.txt	Simgot EP5	Simgot Audio EP5	over-ear	KB006x + 711
https://superreview.squig.link/headphones/data/Simgot%20EP5%20R3.txt	Simgot EP5	Simgot Audio EP5	over-ear	KB006x + 711
https://superreview.squig.link/data/Simgot%20SuperMix4%20L.txt	Simgot SuperMix4	Simgot Audio SuperMix 4	in-ear	711
https://superreview.squig.link/data/Simgot%20SuperMix4%20R.txt	Simgot SuperMix4	Simgot Audio SuperMix 4	in-ear	711
https://squig.link/data/Simgot%20SuperMix%205%20L.txt	Simgot SuperMix 5 	Simgot Audio SuperMix 5	in-ear	711
https://squig.link/data/Simgot%20SuperMix%205%20R.txt	Simgot SuperMix 5 	Simgot Audio SuperMix 5	in-ear	711
https://squig.link/data/Simgot%20SuperMix%205%20shallow%20L.txt	Simgot SuperMix 5 	Simgot Audio SuperMix 5	in-ear	711
https://squig.link/data/Simgot%20SuperMix%205%20shallow%20R.txt	Simgot SuperMix 5 	Simgot Audio SuperMix 5	in-ear	711
https://squig.link/data/Simgot%20SuperMix%205%20deep%20L.txt	Simgot SuperMix 5 	Simgot Audio SuperMix 5	in-ear	711
https://squig.link/data/Simgot%20SuperMix%205%20deep%20R.txt	Simgot SuperMix 5 	Simgot Audio SuperMix 5	in-ear	711
https://superreview.squig.link/data/Simgot%20EN700%20Pro%20(Moondrop)%20L.txt	Simgot EN700 Pro (filter: Moondrop)	Simgot EN700 Pro (filter: Moondrop)	ignore	
https://superreview.squig.link/data/Simgot%20EN700%20Pro%20(Tanchjim)%20L.txt	Simgot EN700 Pro (filter: Tanchjim)	Simgot EN700 Pro (filter: Tanchjim)	ignore	
https://squig.link/data/Singularity%20Paradox%20silicone%20deep%20L.txt	Singularity Paradox (source: iFi Diablo-X :: tips: AET07 silicone :: insert: deep)	Singularity Paradox (source iFi Diablo-X tips AET07 silicone insert deep)	in-ear	711
https://squig.link/data/Singularity%20Paradox%20silicone%20deep%20R.txt	Singularity Paradox (source: iFi Diablo-X :: tips: AET07 silicone :: insert: deep)	Singularity Paradox (source iFi Diablo-X tips AET07 silicone insert deep)	in-ear	711
https://squig.link/data/Singularity%20Paradox%20silicone%20shallow%20L.txt	Singularity Paradox (source: iFi Diablo-X :: tips: AET07 silicone :: insert: shallow)	Singularity Paradox (source iFi Diablo-X tips AET07 silicone insert shallow)	in-ear	711
https://squig.link/data/Singularity%20Paradox%20silicone%20shallow%20R.txt	Singularity Paradox (source: iFi Diablo-X :: tips: AET07 silicone :: insert: shallow)	Singularity Paradox (source iFi Diablo-X tips AET07 silicone insert shallow)	in-ear	711
https://squig.link/data/Singularity%20Paradox%20silicone%20L.txt	Singularity Paradox (source: iFi Diablo-X :: tips: AET07 silicone)	Singularity Paradox (source iFi Diablo-X tips AET07 silicone)	in-ear	711
https://squig.link/data/Singularity%20Paradox%20silicone%20R.txt	Singularity Paradox (source: iFi Diablo-X :: tips: AET07 silicone)	Singularity Paradox (source iFi Diablo-X tips AET07 silicone)	in-ear	711
https://squig.link/data/Singularity%20Paradox%20deep%20L.txt	Singularity Paradox (source: iFi Diablo-X :: tips: Comply foam :: insert: deep)	Singularity Paradox (source iFi Diablo-X tips Comply foam insert deep)	in-ear	711
https://squig.link/data/Singularity%20Paradox%20deep%20R.txt	Singularity Paradox (source: iFi Diablo-X :: tips: Comply foam :: insert: deep)	Singularity Paradox (source iFi Diablo-X tips Comply foam insert deep)	in-ear	711
https://squig.link/data/Singularity%20Paradox%20shallow%20L.txt	Singularity Paradox (source: iFi Diablo-X :: tips: Comply foam :: insert: shallow)	Singularity Paradox (source iFi Diablo-X tips Comply foam insert shallow)	in-ear	711
https://squig.link/data/Singularity%20Paradox%20shallow%20R.txt	Singularity Paradox (source: iFi Diablo-X :: tips: Comply foam :: insert: shallow)	Singularity Paradox (source iFi Diablo-X tips Comply foam insert shallow)	in-ear	711
https://squig.link/data/Singularity%20Paradox%20L.txt	Singularity Paradox (source: iFi Diablo-X :: tips: Comply foam)	Singularity Paradox (source iFi Diablo-X tips Comply foam)	in-ear	711
https://squig.link/data/Singularity%20Paradox%20R.txt	Singularity Paradox (source: iFi Diablo-X :: tips: Comply foam)	Singularity Paradox (source iFi Diablo-X tips Comply foam)	in-ear	711
https://superreview.squig.link/headphones/data/Sivga%20Anser%20L1.txt	Sivga Anser	Sivga Anser	over-ear	KB006x + 711
https://superreview.squig.link/headphones/data/Sivga%20Anser%20L2.txt	Sivga Anser	Sivga Anser	over-ear	KB006x + 711
https://superreview.squig.link/headphones/data/Sivga%20Anser%20L3.txt	Sivga Anser	Sivga Anser	over-ear	KB006x + 711
https://superreview.squig.link/headphones/data/Sivga%20Anser%20R1.txt	Sivga Anser	Sivga Anser	over-ear	KB006x + 711
https://superreview.squig.link/headphones/data/Sivga%20Anser%20R2.txt	Sivga Anser	Sivga Anser	over-ear	KB006x + 711
https://superreview.squig.link/headphones/data/Sivga%20Anser%20R3.txt	Sivga Anser	Sivga Anser	over-ear	KB006x + 711
https://superreview.squig.link/headphones/data/Sivga%20Luan%20L1.txt	Sivga Luan	Sivga Luan	over-ear	KB006x + 711
https://superreview.squig.link/headphones/data/Sivga%20Luan%20L2.txt	Sivga Luan	Sivga Luan	over-ear	KB006x + 711
https://superreview.squig.link/headphones/data/Sivga%20Luan%20L3.txt	Sivga Luan	Sivga Luan	over-ear	KB006x + 711
https://superreview.squig.link/headphones/data/Sivga%20Luan%20R1.txt	Sivga Luan	Sivga Luan	over-ear	KB006x + 711
https://superreview.squig.link/headphones/data/Sivga%20Luan%20R2.txt	Sivga Luan	Sivga Luan	over-ear	KB006x + 711
https://superreview.squig.link/headphones/data/Sivga%20Luan%20R3.txt	Sivga Luan	Sivga Luan	over-ear	KB006x + 711
https://superreview.squig.link/data/Sivga%20Nightingale%20(prod)%20L.txt	Sivga Nightingale 	Sivga Nightingale	in-ear	711
https://superreview.squig.link/data/Sivga%20Nightingale%20(prod)%20R.txt	Sivga Nightingale 	Sivga Nightingale	in-ear	711
https://superreview.squig.link/data/Sivga%20Nightingale%20L.txt	Sivga Nightingale (pre-production)	Sivga Nightingale (pre-production)	ignore	
https://superreview.squig.link/data/Sivga%20Nightingale%20R.txt	Sivga Nightingale (pre-production)	Sivga Nightingale (pre-production)	ignore	
https://superreview.squig.link/data/Sivga%20Que%20L.txt	Sivga Que	Sivga Que	in-ear	711
https://superreview.squig.link/data/Sivga%20Que%20R.txt	Sivga Que	Sivga Que	in-ear	711
https://squig.link/data/Softears%20Edge%20L.txt	Softears Edge 	SoftEars Edge	in-ear	711
https://squig.link/data/Softears%20Edge%20R.txt	Softears Edge 	SoftEars Edge	in-ear	711
https://squig.link/data/Softears%20Edge%20deep%20L.txt	Softears Edge (insert: deep)	SoftEars Edge (insert deep)	in-ear	711
https://squig.link/data/Softears%20Edge%20deep%20R.txt	Softears Edge (insert: deep)	SoftEars Edge (insert deep)	in-ear	711
https://squig.link/data/Softears%20Edge%20shallow%20L.txt	Softears Edge (insert: shallow)	SoftEars Edge (insert shallow)	in-ear	711
https://squig.link/data/Softears%20Edge%20shallow%20R.txt	Softears Edge (insert: shallow)	SoftEars Edge (insert shallow)	in-ear	711
https://superreview.squig.link/data/Softears%20Enigma%20L.txt	Softears Enigma	SoftEars Enigma	in-ear	711
https://superreview.squig.link/data/Softears%20Enigma%20R.txt	Softears Enigma	SoftEars Enigma	in-ear	711
https://superreview.squig.link/data/Softears%20RSV%20L.txt	Softears RSV	SoftEars RSV	in-ear	711
https://squig.link/data/Softears%20RSV%20mk2%20L.txt	Softears RSV mk2 	SoftEars RSV mk2	in-ear	711
https://squig.link/data/Softears%20RSV%20mk2%20R.txt	Softears RSV mk2 	SoftEars RSV mk2	in-ear	711
https://squig.link/data/Softears%20RSV%20mk2%20deep%20L.txt	Softears RSV mk2 (insert: deep)	SoftEars RSV mk2 (insert deep)	in-ear	711
https://squig.link/data/Softears%20RSV%20mk2%20deep%20R.txt	Softears RSV mk2 (insert: deep)	SoftEars RSV mk2 (insert deep)	in-ear	711
https://squig.link/data/Softears%20RSV%20mk2%20shallow%20L.txt	Softears RSV mk2 (insert: shallow)	SoftEars RSV mk2 (insert shallow)	in-ear	711
https://squig.link/data/Softears%20RSV%20mk2%20shallow%20R.txt	Softears RSV mk2 (insert: shallow)	SoftEars RSV mk2 (insert shallow)	in-ear	711
https://squig.link/data/Softears%20RSV%20mk2%20titanium%20L.txt	Softears RSV mk2 (tips: UC Titanium)	SoftEars RSV mk2 (tips UC Titanium)	in-ear	711
https://squig.link/data/Softears%20RSV%20mk2%20titanium%20R.txt	Softears RSV mk2 (tips: UC Titanium)	SoftEars RSV mk2 (tips UC Titanium)	in-ear	711
https://superreview.squig.link/data/Softears%20Studio2%20L.txt	Softears Studio2 	SoftEars Studio 2	in-ear	711
https://superreview.squig.link/data/Softears%20Studio2%20R.txt	Softears Studio2 	SoftEars Studio 2	in-ear	711
https://superreview.squig.link/data/Softears%20Studio4%20L.txt	Softears Studio4	SoftEars Studio 4	in-ear	711
https://superreview.squig.link/data/Softears%20Studio4%20R.txt	Softears Studio4	SoftEars Studio 4	in-ear	711
https://superreview.squig.link/data/Softears%20Studio4%20Starry%20L.txt	Softears Studio4 (Starry Version)	SoftEars Studio4 Starry Version	in-ear	711
https://superreview.squig.link/data/Softears%20Studio4%20Starry%20R.txt	Softears Studio4 (Starry Version)	SoftEars Studio4 Starry Version	in-ear	711
https://superreview.squig.link/data/Softears%20Volume%20L.txt	Softears Volume 	SoftEars Volume	in-ear	711
https://superreview.squig.link/data/Softears%20Volume%20R.txt	Softears Volume 	SoftEars Volume	in-ear	711
https://superreview.squig.link/data/Softears%20Volume%20S%20impedance%20L.txt	Softears Volume S (switch: high impedance)	SoftEars Volume S (high impedance)	in-ear	711
https://superreview.squig.link/data/Softears%20Volume%20S%20impedance%20R.txt	Softears Volume S (switch: high impedance)	SoftEars Volume S (high impedance)	in-ear	711
https://superreview.squig.link/data/Softears%20Volume%20S%20L.txt	Softears Volume S (switch: low impedance)	SoftEars Volume S (low impedance)	in-ear	711
https://superreview.squig.link/data/Softears%20Volume%20S%20R.txt	Softears Volume S (switch: low impedance)	SoftEars Volume S (low impedance)	in-ear	711
https://superreview.squig.link/data/Softears%20Studio2%20deep%20L.txt	Softears Studio2 (insert: deep)	Softears Studio2 (insert deep)	ignore	711
https://superreview.squig.link/data/Softears%20Studio2%20deep%20R.txt	Softears Studio2 (insert: deep)	Softears Studio2 (insert deep)	ignore	711
https://superreview.squig.link/data/Softears%20Studio2%20shallow%20L.txt	Softears Studio2 (insert: shallow)	Softears Studio2 (insert shallow)	ignore	711
https://superreview.squig.link/data/Softears%20Studio2%20shallow%20R.txt	Softears Studio2 (insert: shallow)	Softears Studio2 (insert shallow)	ignore	711
https://superreview.squig.link/data/Softears%20Volume%20(Apple%20+%20126ohm)%20L.txt	Softears Volume (Apple + 126 ohm)	Softears Volume (Apple + 126 ohm)	ignore	
https://superreview.squig.link/data/Softears%20Volume%20(Apple%20+%2015ohm)%20L.txt	Softears Volume (Apple + 15 ohm)	Softears Volume (Apple + 15 ohm)	ignore	
https://superreview.squig.link/data/Softears%20Volume%20(Apple%20+%2036ohm)%20L.txt	Softears Volume (Apple + 36 ohm)	Softears Volume (Apple + 36 ohm)	ignore	
https://superreview.squig.link/data/Softears%20Volume%20(Apple%20+%2075ohm)%20L.txt	Softears Volume (Apple + 75 ohm)	Softears Volume (Apple + 75 ohm)	ignore	
https://superreview.squig.link/data/Softears%20Volume%20(Apple%20dongle)%20L.txt	Softears Volume (Apple dongle)	Softears Volume (Apple dongle)	ignore	
https://superreview.squig.link/data/Softears%20Volume%20(Fiio%20Q3)%20L.txt	Softears Volume (Fiio Q3)	Softears Volume (Fiio Q3)	ignore	
https://superreview.squig.link/data/Softears%20Volume%20(Qudelix)%20L.txt	Softears Volume (Qudelix 5K)	Softears Volume (Qudelix 5K)	ignore	
https://superreview.squig.link/data/Soncie%20Meory%20SW500H%20L.txt	Soncie Meory SW500H	Soncie Meory SW500H	in-ear	711
https://superreview.squig.link/data/Soncie%20Meory%20SW500H%20R.txt	Soncie Meory SW500H	Soncie Meory SW500H	in-ear	711
https://superreview.squig.link/data/Sony%20IER-NW510N%20L.txt	Sony IER-NW510N	Sony IER-NW510N	in-ear	711
https://superreview.squig.link/data/Sony%20IER-Z1R%20L.txt	Sony IER-Z1R (sample 1)	Sony IER-Z1R	in-ear	711
https://superreview.squig.link/data/Sony%20IER-Z1R%20(S3)%20L.txt	Sony IER-Z1R (sample 3)	Sony IER-Z1R	in-ear	711
https://superreview.squig.link/data/Sony%20IER-Z1R%20(S3)%20R.txt	Sony IER-Z1R (sample 3)	Sony IER-Z1R	in-ear	711
https://superreview.squig.link/data/Sony%20IER-Z1R%20(S2%20-%20Sedna)%20L.txt	Sony IER-Z1R (sample 2 - tips: Azla Sedna)	Sony IER-Z1R (AZLA Sedna eartips)	in-ear	711
https://superreview.squig.link/data/Sony%20IER-Z1R%20(S2%20-%20Sedna)%20R.txt	Sony IER-Z1R (sample 2 - tips: Azla Sedna)	Sony IER-Z1R (AZLA Sedna eartips)	in-ear	711
https://superreview.squig.link/data/Sony%20IER-Z1R%20(S2%20-%20Symbio)%20L.txt	Sony IER-Z1R (sample 2 - tips: Symbio)	Sony IER-Z1R (Symbio eartips)	in-ear	711
https://superreview.squig.link/data/Sony%20IER-Z1R%20(S2%20-%20Symbio)%20R.txt	Sony IER-Z1R (sample 2 - tips: Symbio)	Sony IER-Z1R (Symbio eartips)	in-ear	711
https://superreview.squig.link/headphones/data/Sony%20MDR-7506%20L1.txt	Sony MDR-7506	Sony MDR-7506	over-ear	KB006x + 711
https://superreview.squig.link/headphones/data/Sony%20MDR-7506%20L2.txt	Sony MDR-7506	Sony MDR-7506	over-ear	KB006x + 711
https://superreview.squig.link/headphones/data/Sony%20MDR-7506%20L3.txt	Sony MDR-7506	Sony MDR-7506	over-ear	KB006x + 711
https://superreview.squig.link/headphones/data/Sony%20MDR-7506%20R1.txt	Sony MDR-7506	Sony MDR-7506	over-ear	KB006x + 711
https://superreview.squig.link/headphones/data/Sony%20MDR-7506%20R2.txt	Sony MDR-7506	Sony MDR-7506	over-ear	KB006x + 711
https://superreview.squig.link/headphones/data/Sony%20MDR-7506%20R3.txt	Sony MDR-7506	Sony MDR-7506	over-ear	KB006x + 711
https://superreview.squig.link/data/Sony%20MDR-AS800%20L.txt	Sony MDR-AS800	Sony MDR-AS800	in-ear	711
https://superreview.squig.link/data/Sony%20MDR-AS800%20R.txt	Sony MDR-AS800	Sony MDR-AS800	in-ear	711
https://superreview.squig.link/headphones/data/Sony%20MDR-CD900ST%20L1.txt	Sony MDR-CD900ST	Sony MDR-CD900ST	over-ear	KB006x + 711
https://superreview.squig.link/headphones/data/Sony%20MDR-CD900ST%20L2.txt	Sony MDR-CD900ST	Sony MDR-CD900ST	over-ear	KB006x + 711
https://superreview.squig.link/headphones/data/Sony%20MDR-CD900ST%20L3.txt	Sony MDR-CD900ST	Sony MDR-CD900ST	over-ear	KB006x + 711
https://superreview.squig.link/headphones/data/Sony%20MDR-CD900ST%20R1.txt	Sony MDR-CD900ST	Sony MDR-CD900ST	over-ear	KB006x + 711
https://superreview.squig.link/headphones/data/Sony%20MDR-CD900ST%20R2.txt	Sony MDR-CD900ST	Sony MDR-CD900ST	over-ear	KB006x + 711
https://superreview.squig.link/headphones/data/Sony%20MDR-CD900ST%20R3.txt	Sony MDR-CD900ST	Sony MDR-CD900ST	over-ear	KB006x + 711
https://superreview.squig.link/data/Sony%20MDR-EX15LP%20L.txt	Sony MDR-EX15LP 	Sony MDR-EX15LP	in-ear	711
https://superreview.squig.link/data/Sony%20MDR-EX15LP%20R.txt	Sony MDR-EX15LP 	Sony MDR-EX15LP	in-ear	711
https://superreview.squig.link/data/Sony%20MDR-EX15LP%20(deep)%20L.txt	Sony MDR-EX15LP (deep insert)	Sony MDR-EX15LP (deep insert)	ignore	
https://superreview.squig.link/data/Sony%20MDR-EX15LP%20(deep)%20R.txt	Sony MDR-EX15LP (deep insert)	Sony MDR-EX15LP (deep insert)	ignore	
https://superreview.squig.link/headphones/data/Sony%20MDR-MV1%20L1.txt	Sony MDR-MV1	Sony MDR-MV1	over-ear	KB006x + 711
https://superreview.squig.link/headphones/data/Sony%20MDR-MV1%20L2.txt	Sony MDR-MV1	Sony MDR-MV1	over-ear	KB006x + 711
https://superreview.squig.link/headphones/data/Sony%20MDR-MV1%20L3.txt	Sony MDR-MV1	Sony MDR-MV1	over-ear	KB006x + 711
https://superreview.squig.link/headphones/data/Sony%20MDR-MV1%20R1.txt	Sony MDR-MV1	Sony MDR-MV1	over-ear	KB006x + 711
https://superreview.squig.link/headphones/data/Sony%20MDR-MV1%20R2.txt	Sony MDR-MV1	Sony MDR-MV1	over-ear	KB006x + 711
https://superreview.squig.link/headphones/data/Sony%20MDR-MV1%20R3.txt	Sony MDR-MV1	Sony MDR-MV1	over-ear	KB006x + 711
https://superreview.squig.link/headphones/data/Sony%20MDR-V6%20L1.txt	Sony MDR-V6 (pads: stock)	Sony MDR-V6	over-ear	KB006x + 711
https://superreview.squig.link/headphones/data/Sony%20MDR-V6%20L2.txt	Sony MDR-V6 (pads: stock)	Sony MDR-V6	over-ear	KB006x + 711
https://superreview.squig.link/headphones/data/Sony%20MDR-V6%20L3.txt	Sony MDR-V6 (pads: stock)	Sony MDR-V6	over-ear	KB006x + 711
https://superreview.squig.link/headphones/data/Sony%20MDR-V6%20R1.txt	Sony MDR-V6 (pads: stock)	Sony MDR-V6	over-ear	KB006x + 711
https://superreview.squig.link/headphones/data/Sony%20MDR-V6%20R2.txt	Sony MDR-V6 (pads: stock)	Sony MDR-V6	over-ear	KB006x + 711
https://superreview.squig.link/headphones/data/Sony%20MDR-V6%20R3.txt	Sony MDR-V6 (pads: stock)	Sony MDR-V6	over-ear	KB006x + 711
https://superreview.squig.link/headphones/data/Sony%20MDR-V6%20(Yaxi)%20L1.txt	Sony MDR-V6 (pads: Yaxi)	Sony MDR-V6 (Yaxi earpads)	over-ear	KB006x + 711
https://superreview.squig.link/headphones/data/Sony%20MDR-V6%20(Yaxi)%20L2.txt	Sony MDR-V6 (pads: Yaxi)	Sony MDR-V6 (Yaxi earpads)	over-ear	KB006x + 711
https://superreview.squig.link/headphones/data/Sony%20MDR-V6%20(Yaxi)%20L3.txt	Sony MDR-V6 (pads: Yaxi)	Sony MDR-V6 (Yaxi earpads)	over-ear	KB006x + 711
https://superreview.squig.link/headphones/data/Sony%20MDR-V6%20(Yaxi)%20R1.txt	Sony MDR-V6 (pads: Yaxi)	Sony MDR-V6 (Yaxi earpads)	over-ear	KB006x + 711
https://superreview.squig.link/headphones/data/Sony%20MDR-V6%20(Yaxi)%20R2.txt	Sony MDR-V6 (pads: Yaxi)	Sony MDR-V6 (Yaxi earpads)	over-ear	KB006x + 711
https://superreview.squig.link/headphones/data/Sony%20MDR-V6%20(Yaxi)%20R3.txt	Sony MDR-V6 (pads: Yaxi)	Sony MDR-V6 (Yaxi earpads)	over-ear	KB006x + 711
https://superreview.squig.link/data/Sony%20MH1%20L.txt	Sony MH1	Sony MH1	in-ear	711
https://superreview.squig.link/data/Sony%20MH1%20R.txt	Sony MH1	Sony MH1	in-ear	711
https://superreview.squig.link/data/Sony%20MH755%20L.txt	Sony MH755 (sample 1)	Sony MH755	in-ear	711
https://superreview.squig.link/data/Sony%20MH755%20(S2)%20L.txt	Sony MH755 (sample 2)	Sony MH755	in-ear	711
https://superreview.squig.link/data/Sony%20MH755%20(S3)%20L.txt	Sony MH755 (sample 3)	Sony MH755	in-ear	711
https://superreview.squig.link/data/Sony%20MH755%20clone%20L.txt	Sony MH755 (fake)	Sony MH755 (fake)	ignore	
https://superreview.squig.link/data/Sony%20MH755%20(vent%20Blu%20Tack)%20L.txt	Sony MH755 (sample 1, vent blocked: Blu Tack)	Sony MH755 (sample 1, vent blocked: Blu Tack)	ignore	
https://superreview.squig.link/data/Sony%20WF-1000XM3%20L.txt	Sony WF-1000XM3	Sony WF-1000XM3	in-ear	711
https://superreview.squig.link/data/Sony%20WF-1000XM4%20(ANC%20off)%20L.txt		Sony WF-1000XM4 (ANC off)	in-ear	711
https://superreview.squig.link/data/Sony%20WF-1000XM4%20(ANC%20on)%20L.txt		Sony WF-1000XM4 (ANC on)	in-ear	711
https://superreview.squig.link/data/Sony%20WF-1000XM4%20(Sedna%20Light%20Short)%20L.txt		Sony WF-1000XM4 (AZLA Sedna Light Short eartips)	in-ear	711
https://superreview.squig.link/data/Sony%20WF-1000XM4%20(EQ%20-%20bass%20boost)%20L.txt	Sony WF-1000XM4 (EQ: bass boost)	Sony WF-1000XM4 (Bass Boost preset)	in-ear	711
https://superreview.squig.link/data/Sony%20WF-1000XM4%20(EQ%20-%20bright)%20L.txt	Sony WF-1000XM4 (EQ: bright)	Sony WF-1000XM4 (Bright preset)	in-ear	711
https://superreview.squig.link/data/Sony%20WF-1000XM4%20L.txt	Sony WF-1000XM4 (EQ: off)	Sony WF-1000XM4 (EQ off)	in-ear	711
https://superreview.squig.link/data/Sony%20WF-1000XM4%20(EQ%20-%20custom)%20L.txt	Sony WF-1000XM4 (EQ: custom)	Sony WF-1000XM4 (EQ: custom)	ignore	
https://superreview.squig.link/data/Sony%20WF-1000XM4%20(EQ%20-%20excited)%20L.txt	Sony WF-1000XM4 (EQ: excited)	Sony WF-1000XM4 (Excited preset)	in-ear	711
https://superreview.squig.link/data/Sony%20WF-1000XM4%20(Final%20E-type)%20L.txt		Sony WF-1000XM4 (Final Audio Type E eartips)	in-ear	711
https://superreview.squig.link/data/Sony%20WF-1000XM4%20(MRS%20config)%20L.txt		Sony WF-1000XM4 (MRS config)	ignore	
https://superreview.squig.link/data/Sony%20WF-1000XM4%20(EQ%20-%20mellow)%20L.txt	Sony WF-1000XM4 (EQ: mellow)	Sony WF-1000XM4 (Mellow preset)	in-ear	711
https://superreview.squig.link/data/Sony%20WF-1000XM4%20(EQ%20-%20relaxed)%20L.txt	Sony WF-1000XM4 (EQ: relaxed)	Sony WF-1000XM4 (Relaxed preset)	in-ear	711
https://superreview.squig.link/data/Sony%20WF-1000XM4%20(XM3%20silicone)%20L.txt		Sony WF-1000XM4 (Sony WF-1000XM3 silicone eartips)	in-ear	711
https://superreview.squig.link/data/Sony%20WF-1000XM4%20(EQ%20-%20speech)%20L.txt	Sony WF-1000XM4 (EQ: speech)	Sony WF-1000XM4 (Speech preset)	in-ear	711
https://superreview.squig.link/data/Sony%20WF-1000XM4%20(SpinFit)%20L.txt		Sony WF-1000XM4 (SpinFit eartips)	in-ear	711
https://superreview.squig.link/data/Sony%20WF-1000XM4%20(Tanchjim%20APB)%20L.txt		Sony WF-1000XM4 (Tanchjim APB eartips)	in-ear	711
https://superreview.squig.link/data/Sony%20WF-1000XM4%20(EQ%20-%20treble%20boost)%20L.txt	Sony WF-1000XM4 (EQ: treble boost)	Sony WF-1000XM4 (Treble Boost preset)	in-ear	711
https://superreview.squig.link/data/Sony%20WF-1000XM4%20(EQ%20-%20vocal)%20L.txt	Sony WF-1000XM4 (EQ: vocal)	Sony WF-1000XM4 (Vocal preset)	in-ear	711
https://superreview.squig.link/data/Sony%20WF-1000XM4%20(ambient%20on)%20L.txt		Sony WF-1000XM4 (ambient on)	ignore	
https://superreview.squig.link/data/Sony%20WF-1000XM4%20(fw%201.1.15)%20L.txt		Sony WF-1000XM4 (fw 1.1.15)	ignore	
https://superreview.squig.link/data/Sony%20WF-1000XM4%20(max%20-%20EQ%20-%20bright)%20L.txt		Sony WF-1000XM4 (max - EQ - bright)	ignore	
https://superreview.squig.link/data/Sony%20WF-1000XM4%20(max%20-%20EQ%20-%20excited)%20L.txt		Sony WF-1000XM4 (max - EQ - excited)	ignore	
https://superreview.squig.link/data/Sony%20WF-1000XM4%20(max%20-%20EQ%20-%20mellow)%20L.txt		Sony WF-1000XM4 (max - EQ - mellow)	ignore	
https://superreview.squig.link/data/Sony%20WF-1000XM4%20(max%20-%20EQ%20-%20relaxed)%20L.txt		Sony WF-1000XM4 (max - EQ - relaxed)	ignore	
https://superreview.squig.link/data/Sony%20WF-1000XM4%20(max%20-%20EQ%20-%20speech)%20L.txt		Sony WF-1000XM4 (max - EQ - speech)	ignore	
https://superreview.squig.link/data/Sony%20WF-1000XM4%20(max%20-%20EQ%20-%20vocal)%20L.txt		Sony WF-1000XM4 (max - EQ - vocal)	ignore	
https://superreview.squig.link/data/Sony%20WF-1000XM4%20(max%20-%20Final%20E-type)%20L.txt		Sony WF-1000XM4 (max - Final E-type)	ignore	
https://superreview.squig.link/data/Sony%20WF-1000XM4%20(max%20-%20MRS%20config)%20L.txt		Sony WF-1000XM4 (max - MRS config)	ignore	
https://superreview.squig.link/data/Sony%20WF-1000XM4%20(max%20-%20Sedna%20Light%20Short)%20L.txt		Sony WF-1000XM4 (max - Sedna Light Short)	ignore	
https://superreview.squig.link/data/Sony%20WF-1000XM4%20(max%20-%20SpinFit)%20L.txt		Sony WF-1000XM4 (max - SpinFit)	ignore	
https://superreview.squig.link/data/Sony%20WF-1000XM4%20(max%20-%20Tanchjim%20APB)%20L.txt		Sony WF-1000XM4 (max - Tanchjim APB)	ignore	
https://superreview.squig.link/data/Sony%20WF-1000XM4%20(max%20-%20XM3%20silicone)%20L.txt		Sony WF-1000XM4 (max - XM3 silicone)	ignore	
https://superreview.squig.link/data/Sony%20WF-1000XM4%20(max%20-%20ANC%20off)%20L.txt	Sony WF-1000XM4 (max vol - ANC off)	Sony WF-1000XM4 (max vol - ANC off)	ignore	
https://superreview.squig.link/data/Sony%20WF-1000XM4%20(max%20-%20ANC%20on)%20L.txt	Sony WF-1000XM4 (max vol - ANC on)	Sony WF-1000XM4 (max vol - ANC on)	ignore	
https://superreview.squig.link/data/Sony%20WF-1000XM4%20(max%20-%20EQ%20-%20bass%20boost)%20L.txt	Sony WF-1000XM4 (max vol - EQ: bass boost)	Sony WF-1000XM4 (max vol - EQ: bass boost)	ignore	
https://superreview.squig.link/data/Sony%20WF-1000XM4%20(max%20-%20EQ%20-%20treble%20boost)%20L.txt	Sony WF-1000XM4 (max vol - EQ: treble boost)	Sony WF-1000XM4 (max vol - EQ: treble boost)	ignore	
https://superreview.squig.link/data/Sony%20WF-1000XM4%20(max%20-%20ambient%20on)%20L.txt	Sony WF-1000XM4 (max vol - ambient on)	Sony WF-1000XM4 (max vol - ambient on)	ignore	
https://superreview.squig.link/data/Sony%20WF-1000XM4%20(max%20-%20fw%201.1.15)%20L.txt	Sony WF-1000XM4 (max vol - fw: 1.1.15)	Sony WF-1000XM4 (max vol - fw: 1.1.15)	ignore	
https://superreview.squig.link/data/Sony%20WF-1000XM4%20(max%20-%20fw%201.2.6)%20L.txt	Sony WF-1000XM4 (max vol - fw: 1.2.6)	Sony WF-1000XM4 (max vol - fw: 1.2.6)	ignore	
https://superreview.squig.link/data/Sony%20WF-1000XM5%20L.txt		Sony WF-1000XM5	in-ear	711
https://superreview.squig.link/data/Sony%20WF-1000XM5%20R.txt		Sony WF-1000XM5	in-ear	711
https://superreview.squig.link/headphones/data/Sony%20WH-1000XM3%20L1.txt	Sony WH-1000XM3	Sony WH-1000XM3	over-ear	KB006x + 711
https://superreview.squig.link/headphones/data/Sony%20WH-1000XM3%20L2.txt	Sony WH-1000XM3	Sony WH-1000XM3	over-ear	KB006x + 711
https://superreview.squig.link/headphones/data/Sony%20WH-1000XM3%20L3.txt	Sony WH-1000XM3	Sony WH-1000XM3	over-ear	KB006x + 711
https://superreview.squig.link/headphones/data/Sony%20WH-1000XM3%20R1.txt	Sony WH-1000XM3	Sony WH-1000XM3	over-ear	KB006x + 711
https://superreview.squig.link/headphones/data/Sony%20WH-1000XM3%20R2.txt	Sony WH-1000XM3	Sony WH-1000XM3	over-ear	KB006x + 711
https://superreview.squig.link/headphones/data/Sony%20WH-1000XM3%20R3.txt	Sony WH-1000XM3	Sony WH-1000XM3	over-ear	KB006x + 711
https://superreview.squig.link/headphones/data/Sony%20WH-1000XM5%20L1.txt	Sony WH-1000XM5	Sony WH-1000XM5	over-ear	KB006x + 711
https://superreview.squig.link/headphones/data/Sony%20WH-1000XM5%20L2.txt	Sony WH-1000XM5	Sony WH-1000XM5	over-ear	KB006x + 711
https://superreview.squig.link/headphones/data/Sony%20WH-1000XM5%20L3.txt	Sony WH-1000XM5	Sony WH-1000XM5	over-ear	KB006x + 711
https://superreview.squig.link/headphones/data/Sony%20WH-1000XM5%20R1.txt	Sony WH-1000XM5	Sony WH-1000XM5	over-ear	KB006x + 711
https://superreview.squig.link/headphones/data/Sony%20WH-1000XM5%20R2.txt	Sony WH-1000XM5	Sony WH-1000XM5	over-ear	KB006x + 711
https://superreview.squig.link/headphones/data/Sony%20WH-1000XM5%20R3.txt	Sony WH-1000XM5	Sony WH-1000XM5	over-ear	KB006x + 711
https://superreview.squig.link/headphones/data/Sony%20WH1000XM6%20L1.txt	Sony WH-1000XM6 	Sony WH-1000XM6	over-ear	KB006x + 711
https://superreview.squig.link/headphones/data/Sony%20WH1000XM6%20L2.txt	Sony WH-1000XM6 	Sony WH-1000XM6	over-ear	KB006x + 711
https://superreview.squig.link/headphones/data/Sony%20WH1000XM6%20L3.txt	Sony WH-1000XM6 	Sony WH-1000XM6	over-ear	KB006x + 711
https://superreview.squig.link/headphones/data/Sony%20WH1000XM6%20R1.txt	Sony WH-1000XM6 	Sony WH-1000XM6	over-ear	KB006x + 711
https://superreview.squig.link/headphones/data/Sony%20WH1000XM6%20R2.txt	Sony WH-1000XM6 	Sony WH-1000XM6	over-ear	KB006x + 711
https://superreview.squig.link/headphones/data/Sony%20WH1000XM6%20R3.txt	Sony WH-1000XM6 	Sony WH-1000XM6	over-ear	KB006x + 711
https://superreview.squig.link/headphones/data/Sony%20WH1000XM6%20ANC%20OFF%20L1.txt	Sony WH-1000XM6 (ANC: off)	Sony WH-1000XM6 (ANC off)	ignore	KB006x + 711
https://superreview.squig.link/headphones/data/Sony%20WH1000XM6%20ANC%20OFF%20R1.txt	Sony WH-1000XM6 (ANC: off)	Sony WH-1000XM6 (ANC off)	ignore	KB006x + 711
https://superreview.squig.link/headphones/data/Sony%20WH1000XM6%20ANC%20ON%20L1.txt	Sony WH-1000XM6 (ANC: on)	Sony WH-1000XM6 (ANC on)	ignore	KB006x + 711
https://superreview.squig.link/headphones/data/Sony%20WH1000XM6%20ANC%20ON%20R1.txt	Sony WH-1000XM6 (ANC: on)	Sony WH-1000XM6 (ANC on)	ignore	KB006x + 711
https://superreview.squig.link/headphones/data/Sony%20WH1000XM6%20ambient%20ON%20L1.txt	Sony WH-1000XM6 (ANC: transparency)	Sony WH-1000XM6 (ANC transparency)	ignore	KB006x + 711
https://superreview.squig.link/headphones/data/Sony%20WH1000XM6%20ambient%20ON%20R1.txt	Sony WH-1000XM6 (ANC: transparency)	Sony WH-1000XM6 (ANC transparency)	ignore	KB006x + 711
https://superreview.squig.link/headphones/data/Sony%20WH1000XM6%20clear%20L1.txt	Sony WH-1000XM6 (EQ: clear)	Sony WH-1000XM6 (EQ clear)	ignore	KB006x + 711
https://superreview.squig.link/headphones/data/Sony%20WH1000XM6%20clear%20R1.txt	Sony WH-1000XM6 (EQ: clear)	Sony WH-1000XM6 (EQ clear)	ignore	KB006x + 711
https://superreview.squig.link/headphones/data/Sony%20WH1000XM6%20MRS%20V4%20L1.txt	Sony WH-1000XM6 (EQ: custom - MRS)	Sony WH-1000XM6 (EQ custom - MRS)	ignore	KB006x + 711
https://superreview.squig.link/headphones/data/Sony%20WH1000XM6%20MRS%20V4%20L2.txt	Sony WH-1000XM6 (EQ: custom - MRS)	Sony WH-1000XM6 (EQ custom - MRS)	ignore	KB006x + 711
https://superreview.squig.link/headphones/data/Sony%20WH1000XM6%20MRS%20V4%20L3.txt	Sony WH-1000XM6 (EQ: custom - MRS)	Sony WH-1000XM6 (EQ custom - MRS)	ignore	KB006x + 711
https://superreview.squig.link/headphones/data/Sony%20WH1000XM6%20MRS%20V4%20R1.txt	Sony WH-1000XM6 (EQ: custom - MRS)	Sony WH-1000XM6 (EQ custom - MRS)	ignore	KB006x + 711
https://superreview.squig.link/headphones/data/Sony%20WH1000XM6%20MRS%20V4%20R2.txt	Sony WH-1000XM6 (EQ: custom - MRS)	Sony WH-1000XM6 (EQ custom - MRS)	ignore	KB006x + 711
https://superreview.squig.link/headphones/data/Sony%20WH1000XM6%20MRS%20V4%20R3.txt	Sony WH-1000XM6 (EQ: custom - MRS)	Sony WH-1000XM6 (EQ custom - MRS)	ignore	KB006x + 711
https://superreview.squig.link/headphones/data/Sony%20WH1000XM6%20game%20L1.txt	Sony WH-1000XM6 (EQ: game)	Sony WH-1000XM6 (EQ game)	ignore	KB006x + 711
https://superreview.squig.link/headphones/data/Sony%20WH1000XM6%20game%20R1.txt	Sony WH-1000XM6 (EQ: game)	Sony WH-1000XM6 (EQ game)	ignore	KB006x + 711
https://superreview.squig.link/headphones/data/Sony%20WH1000XM6%20hard%20L1.txt	Sony WH-1000XM6 (EQ: hard)	Sony WH-1000XM6 (EQ hard)	ignore	KB006x + 711
https://superreview.squig.link/headphones/data/Sony%20WH1000XM6%20hard%20R1.txt	Sony WH-1000XM6 (EQ: hard)	Sony WH-1000XM6 (EQ hard)	ignore	KB006x + 711
https://superreview.squig.link/headphones/data/Sony%20WH1000XM6%20heavy%20L1.txt	Sony WH-1000XM6 (EQ: heavy)	Sony WH-1000XM6 (EQ heavy)	ignore	KB006x + 711
https://superreview.squig.link/headphones/data/Sony%20WH1000XM6%20heavy%20R1.txt	Sony WH-1000XM6 (EQ: heavy)	Sony WH-1000XM6 (EQ heavy)	ignore	KB006x + 711
https://superreview.squig.link/headphones/data/Sony%20WH1000XM6%20manual%20FLAT%20L1.txt	Sony WH-1000XM6 (EQ: manual - flat)	Sony WH-1000XM6 (EQ manual - flat)	ignore	KB006x + 711
https://superreview.squig.link/headphones/data/Sony%20WH1000XM6%20manual%20FLAT%20R1.txt	Sony WH-1000XM6 (EQ: manual - flat)	Sony WH-1000XM6 (EQ manual - flat)	ignore	KB006x + 711
https://superreview.squig.link/headphones/data/Sony%20WH1000XM6%20soft%20L1.txt	Sony WH-1000XM6 (EQ: soft)	Sony WH-1000XM6 (EQ soft)	ignore	KB006x + 711
https://superreview.squig.link/headphones/data/Sony%20WH1000XM6%20soft%20R1.txt	Sony WH-1000XM6 (EQ: soft)	Sony WH-1000XM6 (EQ soft)	ignore	KB006x + 711
https://superreview.squig.link/headphones/data/Sony%20WH1000XM6%20analog%20L1.txt	Sony WH-1000XM6 (analog cable)	Sony WH-1000XM6 (analog cable)	over-ear	KB006x + 711
https://superreview.squig.link/headphones/data/Sony%20WH1000XM6%20analog%20R1.txt	Sony WH-1000XM6 (analog cable)	Sony WH-1000XM6 (analog cable)	over-ear	KB006x + 711
https://superreview.squig.link/headphones/data/Sony%20WH1000XM6%20background%20CAFE%20L1.txt	Sony WH-1000XM6 (listening mode: background music - cafe)	Sony WH-1000XM6 (listening mode background music - cafe)	ignore	KB006x + 711
https://superreview.squig.link/headphones/data/Sony%20WH1000XM6%20background%20CAFE%20R1.txt	Sony WH-1000XM6 (listening mode: background music - cafe)	Sony WH-1000XM6 (listening mode background music - cafe)	ignore	KB006x + 711
https://superreview.squig.link/headphones/data/Sony%20WH1000XM6%20background%20LIVING%20L1.txt	Sony WH-1000XM6 (listening mode: background music - living room)	Sony WH-1000XM6 (listening mode background music - living room)	ignore	KB006x + 711
https://superreview.squig.link/headphones/data/Sony%20WH1000XM6%20background%20LIVING%20R1.txt	Sony WH-1000XM6 (listening mode: background music - living room)	Sony WH-1000XM6 (listening mode background music - living room)	ignore	KB006x + 711
https://superreview.squig.link/headphones/data/Sony%20WH1000XM6%20background%20MY%20L1.txt	Sony WH-1000XM6 (listening mode: background music - my room)	Sony WH-1000XM6 (listening mode background music - my room)	ignore	KB006x + 711
https://superreview.squig.link/headphones/data/Sony%20WH1000XM6%20background%20MY%20R1.txt	Sony WH-1000XM6 (listening mode: background music - my room)	Sony WH-1000XM6 (listening mode background music - my room)	ignore	KB006x + 711
https://superreview.squig.link/headphones/data/Sony%20WH1000XM6%20cinema%20L1.txt	Sony WH-1000XM6 (listening mode: cinema)	Sony WH-1000XM6 (listening mode cinema)	ignore	KB006x + 711
https://superreview.squig.link/headphones/data/Sony%20WH1000XM6%20cinema%20R1.txt	Sony WH-1000XM6 (listening mode: cinema)	Sony WH-1000XM6 (listening mode cinema)	ignore	KB006x + 711
https://superreview.squig.link/headphones/data/Sony%20WH1000XM6%20MRS%20L1.txt		Sony WH1000XM6 MRS	ignore	KB006x + 711
https://superreview.squig.link/headphones/data/Sony%20WH1000XM6%20MRS%20R1.txt		Sony WH1000XM6 MRS	ignore	KB006x + 711
https://superreview.squig.link/headphones/data/Sony%20WH1000XM6%20MRS%20V3%20L1.txt		Sony WH1000XM6 MRS V3	ignore	KB006x + 711
https://superreview.squig.link/headphones/data/Sony%20WH1000XM6%20MRS%20V3%20R1.txt		Sony WH1000XM6 MRS V3	ignore	KB006x + 711
https://superreview.squig.link/headphones/data/Sony%20WH1000XM6%20vol-100%20L1.txt		Sony WH1000XM6 vol-100	ignore	KB006x + 711
https://superreview.squig.link/headphones/data/Sony%20WH1000XM6%20vol-50%20L1.txt		Sony WH1000XM6 vol-50	ignore	KB006x + 711
https://superreview.squig.link/headphones/data/Sony%20WH1000XM6%20vol-50%20R1.txt		Sony WH1000XM6 vol-50	ignore	KB006x + 711
https://superreview.squig.link/data/Sony%20XBA-A3%20L.txt	Sony XBA-A3	Sony XBA-A3	in-ear	711
https://superreview.squig.link/data/Sony%20XBA-A3%20R.txt	Sony XBA-A3	Sony XBA-A3	in-ear	711
https://superreview.squig.link/data/Sony%20XBA-N3%20L.txt	Sony XBA-N3 (sample 1)	Sony XBA-N3	in-ear	711
https://superreview.squig.link/data/Sony%20XBA-N3%20R.txt	Sony XBA-N3 (sample 1)	Sony XBA-N3	in-ear	711
https://superreview.squig.link/data/Sony%20XBA-N3%20(S2)%20L.txt	Sony XBA-N3 (sample 2)	Sony XBA-N3	in-ear	711
https://superreview.squig.link/data/Sony%20XBA-N3%20(S2)%20R.txt	Sony XBA-N3 (sample 2)	Sony XBA-N3	in-ear	711
https://superreview.squig.link/data/Status%20Audio%20IEM-2X%20L.txt	Status Audio IEM-2X	Status Audio IEM-2X	in-ear	711
https://squig.link/data/Status%20Pro%20X%20GoldenSound%20GS%20anc%20ambient%20L.txt	Status Audio x GoldenSound Pro X (ANC: ambient :: EQ: GoldenSound)	Status Audio x GoldenSound Pro X (ANC ambient EQ GoldenSound)	in-ear	711
https://squig.link/data/Status%20Pro%20X%20GoldenSound%20GS%20anc%20ambient%20R.txt	Status Audio x GoldenSound Pro X (ANC: ambient :: EQ: GoldenSound)	Status Audio x GoldenSound Pro X (ANC ambient EQ GoldenSound)	in-ear	711
https://squig.link/data/Status%20Pro%20X%20GoldenSound%20GS%20anc%20off%20L.txt	Status Audio x GoldenSound Pro X (ANC: off :: EQ: GoldenSound)	Status Audio x GoldenSound Pro X (ANC off EQ GoldenSound)	in-ear	711
https://squig.link/data/Status%20Pro%20X%20GoldenSound%20GS%20anc%20off%20R.txt	Status Audio x GoldenSound Pro X (ANC: off :: EQ: GoldenSound)	Status Audio x GoldenSound Pro X (ANC off EQ GoldenSound)	in-ear	711
https://squig.link/data/Status%20Pro%20X%20GoldenSound%20GS%20dyn%2040%20L.txt	Status Audio x GoldenSound Pro X (ANC: on :: EQ: GoldenSound :: dynamic volume: 33%)	Status Audio x GoldenSound Pro X (ANC on EQ GoldenSound dynamic volume 33%)	in-ear	711
https://squig.link/data/Status%20Pro%20X%20GoldenSound%20GS%20dyn%2040%20R.txt	Status Audio x GoldenSound Pro X (ANC: on :: EQ: GoldenSound :: dynamic volume: 33%)	Status Audio x GoldenSound Pro X (ANC on EQ GoldenSound dynamic volume 33%)	in-ear	711
https://squig.link/data/Status%20Pro%20X%20GoldenSound%20GS%20dyn%2090%20L.txt	Status Audio x GoldenSound Pro X (ANC: on :: EQ: GoldenSound :: dynamic volume: 75%)	Status Audio x GoldenSound Pro X (ANC on EQ GoldenSound dynamic volume 75%)	in-ear	711
https://squig.link/data/Status%20Pro%20X%20GoldenSound%20GS%20dyn%2090%20R.txt	Status Audio x GoldenSound Pro X (ANC: on :: EQ: GoldenSound :: dynamic volume: 75%)	Status Audio x GoldenSound Pro X (ANC on EQ GoldenSound dynamic volume 75%)	in-ear	711
https://squig.link/data/Status%20Pro%20X%20GoldenSound%20GS%20dyn%20100%20L.txt	Status Audio x GoldenSound Pro X (ANC: on :: EQ: GoldenSound :: dynamic volume: 84%)	Status Audio x GoldenSound Pro X (ANC on EQ GoldenSound dynamic volume 84%)	in-ear	711
https://squig.link/data/Status%20Pro%20X%20GoldenSound%20GS%20dyn%20100%20R.txt	Status Audio x GoldenSound Pro X (ANC: on :: EQ: GoldenSound :: dynamic volume: 84%)	Status Audio x GoldenSound Pro X (ANC on EQ GoldenSound dynamic volume 84%)	in-ear	711
https://squig.link/data/Status%20Pro%20X%20GoldenSound%20GS%20deep%20L.txt	Status Audio x GoldenSound Pro X (ANC: on :: EQ: GoldenSound :: insert: deep)	Status Audio x GoldenSound Pro X (ANC on EQ GoldenSound insert deep)	in-ear	711
https://squig.link/data/Status%20Pro%20X%20GoldenSound%20GS%20deep%20R.txt	Status Audio x GoldenSound Pro X (ANC: on :: EQ: GoldenSound :: insert: deep)	Status Audio x GoldenSound Pro X (ANC on EQ GoldenSound insert deep)	in-ear	711
https://squig.link/data/Status%20Pro%20X%20GoldenSound%20GS%20shallow%20L.txt	Status Audio x GoldenSound Pro X (ANC: on :: EQ: GoldenSound :: insert: shallow)	Status Audio x GoldenSound Pro X (ANC on EQ GoldenSound insert shallow)	in-ear	711
https://squig.link/data/Status%20Pro%20X%20GoldenSound%20GS%20shallow%20R.txt	Status Audio x GoldenSound Pro X (ANC: on :: EQ: GoldenSound :: insert: shallow)	Status Audio x GoldenSound Pro X (ANC on EQ GoldenSound insert shallow)	in-ear	711
https://squig.link/data/Status%20Pro%20X%20GoldenSound%20GS%20L.txt	Status Audio x GoldenSound Pro X (ANC: on :: EQ: GoldenSound)	Status Audio x GoldenSound Pro X (ANC on EQ GoldenSound)	in-ear	711
https://squig.link/data/Status%20Pro%20X%20GoldenSound%20GS%20R.txt	Status Audio x GoldenSound Pro X (ANC: on :: EQ: GoldenSound)	Status Audio x GoldenSound Pro X (ANC on EQ GoldenSound)	in-ear	711
https://squig.link/data/Status%20Pro%20X%20GoldenSound%20Knowles%20L.txt	Status Audio x GoldenSound Pro X (ANC: on :: EQ: Knowles)	Status Audio x GoldenSound Pro X (ANC on EQ Knowles)	in-ear	711
https://squig.link/data/Status%20Pro%20X%20GoldenSound%20Knowles%20R.txt	Status Audio x GoldenSound Pro X (ANC: on :: EQ: Knowles)	Status Audio x GoldenSound Pro X (ANC on EQ Knowles)	in-ear	711
https://squig.link/data/Status%20Pro%20X%20GoldenSound%20audiophile%20L.txt	Status Audio x GoldenSound Pro X (ANC: on :: EQ: audiophile)	Status Audio x GoldenSound Pro X (ANC on EQ audiophile)	in-ear	711
https://squig.link/data/Status%20Pro%20X%20GoldenSound%20audiophile%20R.txt	Status Audio x GoldenSound Pro X (ANC: on :: EQ: audiophile)	Status Audio x GoldenSound Pro X (ANC on EQ audiophile)	in-ear	711
https://squig.link/data/Status%20Pro%20X%20GoldenSound%20EQ%20blank%20L.txt	Status Audio x GoldenSound Pro X (ANC: on :: EQ: blank)	Status Audio x GoldenSound Pro X (ANC on EQ blank)	in-ear	711
https://squig.link/data/Status%20Pro%20X%20GoldenSound%20EQ%20blank%20R.txt	Status Audio x GoldenSound Pro X (ANC: on :: EQ: blank)	Status Audio x GoldenSound Pro X (ANC on EQ blank)	in-ear	711
https://squig.link/data/Status%20Pro%20X%20GoldenSound%20signature%20L.txt	Status Audio x GoldenSound Pro X (ANC: on :: EQ: signature)	Status Audio x GoldenSound Pro X (ANC on EQ signature)	in-ear	711
https://squig.link/data/Status%20Pro%20X%20GoldenSound%20signature%20R.txt	Status Audio x GoldenSound Pro X (ANC: on :: EQ: signature)	Status Audio x GoldenSound Pro X (ANC on EQ signature)	in-ear	711
https://squig.link/data/Status%20Pro%20X%20GoldenSound%20vocal%20L.txt	Status Audio x GoldenSound Pro X (ANC: on :: EQ: vocal)	Status Audio x GoldenSound Pro X (ANC on EQ vocal)	in-ear	711
https://squig.link/data/Status%20Pro%20X%20GoldenSound%20vocal%20R.txt	Status Audio x GoldenSound Pro X (ANC: on :: EQ: vocal)	Status Audio x GoldenSound Pro X (ANC on EQ vocal)	in-ear	711
https://squig.link/data/Subtonic%20Storm%20L.txt	Subtonic Storm 	Subtonic Storm	in-ear	711
https://squig.link/data/Subtonic%20Storm%20R.txt	Subtonic Storm 	Subtonic Storm	in-ear	711
https://squig.link/data/Subtonic%20Storm%20deep%20L.txt	Subtonic Storm (insert: deep)	Subtonic Storm (insert deep)	in-ear	711
https://squig.link/data/Subtonic%20Storm%20deep%20R.txt	Subtonic Storm (insert: deep)	Subtonic Storm (insert deep)	in-ear	711
https://squig.link/data/Subtonic%20Storm%20shallow%20L.txt	Subtonic Storm (insert: shallow)	Subtonic Storm (insert shallow)	in-ear	711
https://squig.link/data/Subtonic%20Storm%20shallow%20R.txt	Subtonic Storm (insert: shallow)	Subtonic Storm (insert shallow)	in-ear	711
https://superreview.squig.link/data/Symphonium%20Helios%20L.txt	Symphonium Audio Helios	Symphonium Audio Helios	in-ear	711
https://superreview.squig.link/data/Symphonium%20Helios%20R.txt	Symphonium Audio Helios	Symphonium Audio Helios	in-ear	711
https://superreview.squig.link/data/Symphonium%20Helios%20S2%20L.txt	Symphonium Audio Helios (sample 2)	Symphonium Audio Helios	in-ear	711
https://superreview.squig.link/data/Symphonium%20Helios%20S2%20R.txt	Symphonium Audio Helios (sample 2)	Symphonium Audio Helios	in-ear	711
https://superreview.squig.link/data/Symphonium%20Helios%20SE%20L.txt	Symphonium Audio Helios SE	Symphonium Audio Helios SE	in-ear	711
https://superreview.squig.link/data/Symphonium%20Helios%20SE%20R.txt	Symphonium Audio Helios SE	Symphonium Audio Helios SE	in-ear	711
https://superreview.squig.link/data/Symphonium%20Meteor%20L.txt	Symphonium Audio Meteor 	Symphonium Audio Meteor	in-ear	711
https://superreview.squig.link/data/Symphonium%20Meteor%20R.txt	Symphonium Audio Meteor 	Symphonium Audio Meteor	in-ear	711
https://superreview.squig.link/data/Symphonium%20Meteor%20(CanJam)%20L.txt	Symphonium Audio Meteor (CanJam measurement)	Symphonium Audio Meteor (CanJam measurement)	ignore	
https://superreview.squig.link/data/Symphonium%20Meteor%20(CanJam)%20R.txt	Symphonium Audio Meteor (CanJam measurement)	Symphonium Audio Meteor (CanJam measurement)	ignore	
https://superreview.squig.link/data/Symphonium%20Titan%20L.txt	Symphonium Audio Titan	Symphonium Audio Titan	in-ear	711
https://superreview.squig.link/data/Symphonium%20Titan%20R.txt	Symphonium Audio Titan	Symphonium Audio Titan	in-ear	711
https://superreview.squig.link/data/Symphonium%20Triton%20L.txt	Symphonium Audio Triton	Symphonium Audio Triton	in-ear	711
https://superreview.squig.link/data/Symphonium%20Triton%20R.txt	Symphonium Audio Triton	Symphonium Audio Triton	in-ear	711
https://squig.link/data/Symphonium%20Zenith%20L.txt	Symphonium Audio x Elise Audio Zenith 	Symphonium Audio x Elise Audio Zenith	in-ear	711
https://squig.link/data/Symphonium%20Zenith%20R.txt	Symphonium Audio x Elise Audio Zenith 	Symphonium Audio x Elise Audio Zenith	in-ear	711
https://squig.link/data/Symphonium%20Zenith%20deep%20L.txt	Symphonium Audio x Elise Audio Zenith (insert: deep)	Symphonium Audio x Elise Audio Zenith (insert deep)	in-ear	711
https://squig.link/data/Symphonium%20Zenith%20deep%20R.txt	Symphonium Audio x Elise Audio Zenith (insert: deep)	Symphonium Audio x Elise Audio Zenith (insert deep)	in-ear	711
https://squig.link/data/Symphonium%20Zenith%20shallow%20L.txt	Symphonium Audio x Elise Audio Zenith (insert: shallow)	Symphonium Audio x Elise Audio Zenith (insert shallow)	in-ear	711
https://squig.link/data/Symphonium%20Zenith%20shallow%20R.txt	Symphonium Audio x Elise Audio Zenith (insert: shallow)	Symphonium Audio x Elise Audio Zenith (insert shallow)	in-ear	711
https://squig.link/data/Symphonium%20Zenith%20S2%20L.txt	Symphonium Audio x Elise Audio Zenith (sample 2)	Symphonium Audio x Elise Audio Zenith (sample 2)	in-ear	711
https://squig.link/data/Symphonium%20Zenith%20S2%20R.txt	Symphonium Audio x Elise Audio Zenith (sample 2)	Symphonium Audio x Elise Audio Zenith (sample 2)	in-ear	711
https://superreview.squig.link/data/Symphonium%20Meteor%20(inverted)%20L.txt		Symphonium Meteor (inverted)	ignore	
https://superreview.squig.link/data/Symphonium%20Meteor%20(inverted)%20R.txt		Symphonium Meteor (inverted)	ignore	
https://squig.link/data/SymphonyEars%20Hexad%202%20L.txt	SymphonyEars Hexad 2 	SymphonyEars Hexad 2	in-ear	711
https://squig.link/data/SymphonyEars%20Hexad%202%20R.txt	SymphonyEars Hexad 2 	SymphonyEars Hexad 2	in-ear	711
https://squig.link/data/SymphonyEars%20Hexad%202%20deep%20L.txt	SymphonyEars Hexad 2 (insert: deep)	SymphonyEars Hexad 2 (insert deep)	in-ear	711
https://squig.link/data/SymphonyEars%20Hexad%202%20deep%20R.txt	SymphonyEars Hexad 2 (insert: deep)	SymphonyEars Hexad 2 (insert deep)	in-ear	711
https://squig.link/data/SymphonyEars%20Hexad%202%20shallow%20L.txt	SymphonyEars Hexad 2 (insert: shallow)	SymphonyEars Hexad 2 (insert shallow)	in-ear	711
https://squig.link/data/SymphonyEars%20Hexad%202%20shallow%20R.txt	SymphonyEars Hexad 2 (insert: shallow)	SymphonyEars Hexad 2 (insert shallow)	in-ear	711
https://superreview.squig.link/data/Tangzu%20Waner%20L.txt	Tangzu Wan'er	TANGZU Wan'er S.G	in-ear	711
https://superreview.squig.link/data/Tangzu%20Waner%20R.txt	Tangzu Wan'er	TANGZU Wan'er S.G	in-ear	711
https://squig.link/data/Tangzu%20Waner%20Red%20Lion%20L.txt	Tangzu Wan'er S.G. II Red Lion 	TANGZU Wan'er S.G. II Red Lion	in-ear	711
https://squig.link/data/Tangzu%20Waner%20Red%20Lion%20R.txt	Tangzu Wan'er S.G. II Red Lion 	TANGZU Wan'er S.G. II Red Lion	in-ear	711
https://squig.link/data/Tangzu%20Waner%20Red%20Lion%20deep%20L.txt	Tangzu Wan'er S.G. II Red Lion (insert: deep)	TANGZU Wan'er S.G. II Red Lion (insert deep)	in-ear	711
https://squig.link/data/Tangzu%20Waner%20Red%20Lion%20deep%20R.txt	Tangzu Wan'er S.G. II Red Lion (insert: deep)	TANGZU Wan'er S.G. II Red Lion (insert deep)	in-ear	711
https://squig.link/data/Tangzu%20Waner%20Red%20Lion%20shallow%20L.txt	Tangzu Wan'er S.G. II Red Lion (insert: shallow)	TANGZU Wan'er S.G. II Red Lion (insert shallow)	in-ear	711
https://squig.link/data/Tangzu%20Waner%20Red%20Lion%20shallow%20R.txt	Tangzu Wan'er S.G. II Red Lion (insert: shallow)	TANGZU Wan'er S.G. II Red Lion (insert shallow)	in-ear	711
https://superreview.squig.link/data/Tangzu%20Ze%20Tian%20Wu%20L.txt	Tangzu Wu Zetian	TANGZU Zetian Wu	in-ear	711
https://superreview.squig.link/data/Tangzu%20Ze%20Tian%20Wu%20R.txt	Tangzu Wu Zetian	TANGZU Zetian Wu	in-ear	711
https://superreview.squig.link/data/Tangzu%20Wu%20Heyday%20L.txt	Tangzu Wu Heyday Edition	TANGZU x HBB Zetian Wu Heyday Edition	in-ear	711
https://superreview.squig.link/data/Tangzu%20Wu%20Heyday%20R.txt	Tangzu Wu Heyday Edition	TANGZU x HBB Zetian Wu Heyday Edition	in-ear	711
https://superreview.squig.link/data/Tenhz%203BA%20L.txt	Tenhz 3BA	TENHZ 3BA	in-ear	711
https://superreview.squig.link/data/Tenhz%20P4%20Pro%20L.txt	Tenhz P4 Pro	TENHZ P4 Pro	in-ear	711
https://superreview.squig.link/data/TFZ%20No.3%20L.txt	TFZ No.3	TFZ No.3	in-ear	711
https://superreview.squig.link/data/TFZ%20T2%20Galaxy%20L.txt	TFZ T2 Galaxy	TFZ T2 Galaxy	in-ear	711
https://superreview.squig.link/earbuds/data/TGX%20Ear%20Serratus%20(2x%20foam)%20R1.txt		TGX Ear Serratus (2x foam)	ignore	
https://superreview.squig.link/earbuds/data/TGX%20Ear%20Serratus%20(2x%20foam)%20R2.txt		TGX Ear Serratus (2x foam)	ignore	
https://superreview.squig.link/earbuds/data/TGX%20Ear%20Serratus%20(2x%20foam)%20R3.txt		TGX Ear Serratus (2x foam)	ignore	
https://superreview.squig.link/earbuds/data/TGX%20Ear%20Serratus%20R1.txt		TGXear Serratus	earbud	KB006x + 711
https://superreview.squig.link/earbuds/data/TGX%20Ear%20Serratus%20R2.txt		TGXear Serratus	earbud	KB006x + 711
https://superreview.squig.link/earbuds/data/TGX%20Ear%20Serratus%20R3.txt		TGXear Serratus	earbud	KB006x + 711
https://superreview.squig.link/earbuds/data/TGX%20Ear%20Sunniva%20R1.txt		TGXear Sunniva	earbud	KB006x + 711
https://superreview.squig.link/earbuds/data/TGX%20Ear%20Sunniva%20R2.txt		TGXear Sunniva	earbud	KB006x + 711
https://superreview.squig.link/earbuds/data/TGX%20Ear%20Sunniva%20R3.txt		TGXear Sunniva	earbud	KB006x + 711
https://superreview.squig.link/earbuds/data/TGX%20Ear%20Totem%20R1.txt		TGXear Totem	earbud	KB006x + 711
https://superreview.squig.link/earbuds/data/TGX%20Ear%20Totem%20R2.txt		TGXear Totem	earbud	KB006x + 711
https://superreview.squig.link/earbuds/data/TGX%20Ear%20Totem%20R3.txt		TGXear Totem	earbud	KB006x + 711
https://superreview.squig.link/data/Tozo%20A1%20L.txt	Tozo A1	TOZO A1	in-ear	711
https://superreview.squig.link/data/Tozo%20A1%20R.txt	Tozo A1	TOZO A1	in-ear	711
https://superreview.squig.link/data/TRN%20IM1%20L.txt	TRN IM1	TRN IM1	in-ear	711
https://superreview.squig.link/data/TRN%20V30%20L.txt	TRN V30	TRN V30	in-ear	711
https://superreview.squig.link/data/TRN%20V90%20L.txt	TRN V90	TRN V90	in-ear	711
https://squig.link/data/Twistura%20Beta%20black%20L.txt	Twistura Beta (nozzle: black)	TWISTURA Beta (nozzle black)	in-ear	711
https://squig.link/data/Twistura%20Beta%20black%20R.txt	Twistura Beta (nozzle: black)	TWISTURA Beta (nozzle black)	in-ear	711
https://squig.link/data/Twistura%20Beta%20gold%20deep%20L.txt	Twistura Beta (nozzle: gold :: insert: deep)	TWISTURA Beta (nozzle gold insert deep)	in-ear	711
https://squig.link/data/Twistura%20Beta%20gold%20deep%20R.txt	Twistura Beta (nozzle: gold :: insert: deep)	TWISTURA Beta (nozzle gold insert deep)	in-ear	711
https://squig.link/data/Twistura%20Beta%20gold%20shallow%20L.txt	Twistura Beta (nozzle: gold :: insert: shallow)	TWISTURA Beta (nozzle gold insert shallow)	in-ear	711
https://squig.link/data/Twistura%20Beta%20gold%20shallow%20R.txt	Twistura Beta (nozzle: gold :: insert: shallow)	TWISTURA Beta (nozzle gold insert shallow)	in-ear	711
https://squig.link/data/Twistura%20Beta%20gold%20L.txt	Twistura Beta (nozzle: gold / steel)	TWISTURA Beta (nozzle gold steel)	in-ear	711
https://squig.link/data/Twistura%20Beta%20gold%20R.txt	Twistura Beta (nozzle: gold / steel)	TWISTURA Beta (nozzle gold steel)	in-ear	711
https://squig.link/data/Twistura%20Beta%20silver%20L.txt	Twistura Beta (nozzle: silver)	TWISTURA Beta (nozzle silver)	in-ear	711
https://squig.link/data/Twistura%20Beta%20silver%20R.txt	Twistura Beta (nozzle: silver)	TWISTURA Beta (nozzle silver)	in-ear	711
https://superreview.squig.link/data/Twistura%20Woodnote%20vocal%20L.txt	Twistura Woodnote (nozzle: vocal / gold)	TWISTURA Woodnote (gold nozzle)	in-ear	711
https://superreview.squig.link/data/Twistura%20Woodnote%20vocal%20R.txt	Twistura Woodnote (nozzle: vocal / gold)	TWISTURA Woodnote (gold nozzle)	in-ear	711
https://superreview.squig.link/data/Twistura%20Woodnote%20atmosphere%20L.txt	Twistura Woodnote (nozzle: atmosphere / silver)	TWISTURA Woodnote (silver nozzle)	in-ear	711
https://superreview.squig.link/data/Twistura%20Woodnote%20atmosphere%20R.txt	Twistura Woodnote (nozzle: atmosphere / silver)	TWISTURA Woodnote (silver nozzle)	in-ear	711
https://superreview.squig.link/data/Twistura%20Woodnote%20standard%20L.txt	Twistura Woodnote (nozzle: standard / steel)	TWISTURA Woodnote (steel nozzle)	in-ear	711
https://superreview.squig.link/data/Twistura%20Woodnote%20standard%20R.txt	Twistura Woodnote (nozzle: standard / steel)	TWISTURA Woodnote (steel nozzle)	in-ear	711
https://superreview.squig.link/data/Tanchjim%204U%20a%20L.txt	Tanchjim 4U (atmosphere)	Tanchjim 4U (atmophere)	in-ear	711
https://superreview.squig.link/data/Tanchjim%204U%20a%20R.txt	Tanchjim 4U (atmosphere)	Tanchjim 4U (atmophere)	in-ear	711
https://superreview.squig.link/data/Tanchjim%204U%20m%20L.txt	Tanchjim 4U (monitoring)	Tanchjim 4U (monitoring)	in-ear	711
https://superreview.squig.link/data/Tanchjim%204U%20m%20R.txt	Tanchjim 4U (monitoring)	Tanchjim 4U (monitoring)	in-ear	711
https://superreview.squig.link/data/Tanchjim%204U%20n%20L.txt	Tanchjim 4U (natural)	Tanchjim 4U (natural)	in-ear	711
https://superreview.squig.link/data/Tanchjim%204U%20n%20R.txt	Tanchjim 4U (natural)	Tanchjim 4U (natural)	in-ear	711
https://superreview.squig.link/data/Tanchjim%204U%20p%20L.txt	Tanchjim 4U (pop)	Tanchjim 4U (pop)	in-ear	711
https://superreview.squig.link/data/Tanchjim%204U%20p%20R.txt	Tanchjim 4U (pop)	Tanchjim 4U (pop)	in-ear	711
https://superreview.squig.link/data/Tanchjim%20Bunny%20USB%20L.txt	Tanchjim Bunny (cable: USB)	Tanchjim Bunny (USB)	in-ear	711
https://superreview.squig.link/data/Tanchjim%20Bunny%20USB%20R.txt	Tanchjim Bunny (cable: USB)	Tanchjim Bunny (USB)	in-ear	711
https://superreview.squig.link/data/Tanchjim%20Bunny%20analog%20L.txt	Tanchjim Bunny (cable: analog)	Tanchjim Bunny (analog)	in-ear	711
https://superreview.squig.link/data/Tanchjim%20Bunny%20analog%20R.txt	Tanchjim Bunny (cable: analog)	Tanchjim Bunny (analog)	in-ear	711
https://superreview.squig.link/data/Tanchjim%20Darling%20(depth%201)%20L.txt	Tanchjim Darling (depth 1)	Tanchjim Darling	in-ear	711
https://superreview.squig.link/data/Tanchjim%20Darling%20(depth%202)%20L.txt	Tanchjim Darling (depth 2)	Tanchjim Darling	in-ear	711
https://superreview.squig.link/data/Tanchjim%20Darling%20L.txt	Tanchjim Darling	Tanchjim Darling	in-ear	711
https://superreview.squig.link/data/Tanchjim%20Darling%20R.txt	Tanchjim Darling	Tanchjim Darling	in-ear	711
https://superreview.squig.link/data/Tanchjim%20Echo%20L.txt	Tanchjim Echo	Tanchjim Echo	in-ear	711
https://superreview.squig.link/data/Tanchjim%20Echo%20R.txt	Tanchjim Echo	Tanchjim Echo	in-ear	711
https://superreview.squig.link/data/Tanchjim%20Fission%20gold%20L.txt	Tanchjim Fission (nozzle: gold :: switch: atmosphere)	Tanchjim Fission (gold nozzle, atmosphere switch)	in-ear	711
https://superreview.squig.link/data/Tanchjim%20Fission%20gold%20R.txt	Tanchjim Fission (nozzle: gold :: switch: atmosphere)	Tanchjim Fission (gold nozzle, atmosphere switch)	in-ear	711
https://superreview.squig.link/data/Tanchjim%20Fission%20nickel%20L.txt	Tanchjim Fission (nozzle: nickel :: switch: atmosphere)	Tanchjim Fission (nickel nozzle, atmosphere switch)	in-ear	711
https://superreview.squig.link/data/Tanchjim%20Fission%20nickel%20R.txt	Tanchjim Fission (nozzle: nickel :: switch: atmosphere)	Tanchjim Fission (nickel nozzle, atmosphere switch)	in-ear	711
https://superreview.squig.link/data/Tanchjim%20Fission%20deep%20L.txt	Tanchjim Fission (nozzle: silver :: switch: atmosphere :: insert: deep)	Tanchjim Fission (nozzle silver switch atmosphere insert deep)	ignore	711
https://superreview.squig.link/data/Tanchjim%20Fission%20deep%20R.txt	Tanchjim Fission (nozzle: silver :: switch: atmosphere :: insert: deep)	Tanchjim Fission (nozzle silver switch atmosphere insert deep)	ignore	711
https://superreview.squig.link/data/Tanchjim%20Fission%20shallow%20L.txt	Tanchjim Fission (nozzle: silver :: switch: atmosphere :: insert: shallow)	Tanchjim Fission (nozzle silver switch atmosphere insert shallow)	ignore	711
https://superreview.squig.link/data/Tanchjim%20Fission%20shallow%20R.txt	Tanchjim Fission (nozzle: silver :: switch: atmosphere :: insert: shallow)	Tanchjim Fission (nozzle silver switch atmosphere insert shallow)	ignore	711
https://superreview.squig.link/data/Tanchjim%20Fission%20L.txt	Tanchjim Fission (nozzle: silver :: switch: atmosphere)	Tanchjim Fission (silver nozzle, atmosphere switch)	in-ear	711
https://superreview.squig.link/data/Tanchjim%20Fission%20R.txt	Tanchjim Fission (nozzle: silver :: switch: atmosphere)	Tanchjim Fission (silver nozzle, atmosphere switch)	in-ear	711
https://superreview.squig.link/data/Tanchjim%20Fission%20down%20L.txt	Tanchjim Fission (nozzle: silver :: switch: monitoring)	Tanchjim Fission (silver nozzle, monitoring switch)	in-ear	711
https://superreview.squig.link/data/Tanchjim%20Fission%20down%20R.txt	Tanchjim Fission (nozzle: silver :: switch: monitoring)	Tanchjim Fission (silver nozzle, monitoring switch)	in-ear	711
https://superreview.squig.link/data/Tanchjim%20Fission%20back%20L.txt	Tanchjim Fission (nozzle: silver :: switch: natural)	Tanchjim Fission (silver nozzle, natural switch)	in-ear	711
https://superreview.squig.link/data/Tanchjim%20Fission%20back%20R.txt	Tanchjim Fission (nozzle: silver :: switch: natural)	Tanchjim Fission (silver nozzle, natural switch)	in-ear	711
https://superreview.squig.link/data/Tanchjim%20Fission%20up%20L.txt	Tanchjim Fission (nozzle: silver :: switch: pop)	Tanchjim Fission (silver nozzle, pop switch)	in-ear	711
https://superreview.squig.link/data/Tanchjim%20Fission%20up%20R.txt	Tanchjim Fission (nozzle: silver :: switch: pop)	Tanchjim Fission (silver nozzle, pop switch)	in-ear	711
https://squig.link/data/Tanchjim%20Fola%20deep%20L.txt	Tanchjim Fola (nozzle: long :: insert: deep)	Tanchjim Fola (nozzle long insert deep)	in-ear	711
https://squig.link/data/Tanchjim%20Fola%20deep%20R.txt	Tanchjim Fola (nozzle: long :: insert: deep)	Tanchjim Fola (nozzle long insert deep)	in-ear	711
https://squig.link/data/Tanchjim%20Fola%20shallow%20L.txt	Tanchjim Fola (nozzle: long :: insert: shallow)	Tanchjim Fola (nozzle long insert shallow)	in-ear	711
https://squig.link/data/Tanchjim%20Fola%20shallow%20R.txt	Tanchjim Fola (nozzle: long :: insert: shallow)	Tanchjim Fola (nozzle long insert shallow)	in-ear	711
https://squig.link/data/Tanchjim%20Fola%20L.txt	Tanchjim Fola (nozzle: long)	Tanchjim Fola (nozzle long)	in-ear	711
https://squig.link/data/Tanchjim%20Fola%20R.txt	Tanchjim Fola (nozzle: long)	Tanchjim Fola (nozzle long)	in-ear	711
https://squig.link/data/Tanchjim%20Fola%20nozzleB%20L.txt	Tanchjim Fola (nozzle: medium)	Tanchjim Fola (nozzle medium)	in-ear	711
https://squig.link/data/Tanchjim%20Fola%20nozzleB%20R.txt	Tanchjim Fola (nozzle: medium)	Tanchjim Fola (nozzle medium)	in-ear	711
https://squig.link/data/Tanchjim%20Fola%20nozzleC%20L.txt	Tanchjim Fola (nozzle: short)	Tanchjim Fola (nozzle short)	in-ear	711
https://squig.link/data/Tanchjim%20Fola%20nozzleC%20R.txt	Tanchjim Fola (nozzle: short)	Tanchjim Fola (nozzle short)	in-ear	711
https://squig.link/data/Tanchjim%20Fola%20S2%20L.txt	Tanchjim Fola (sample 2 :: nozzle: long)	Tanchjim Fola (sample 2 nozzle long)	in-ear	711
https://squig.link/data/Tanchjim%20Fola%20S2%20R.txt	Tanchjim Fola (sample 2 :: nozzle: long)	Tanchjim Fola (sample 2 nozzle long)	in-ear	711
https://superreview.squig.link/data/Tanchjim%20Hana%20L.txt	Tanchjim Hana (tips: stock)	Tanchjim Hana	in-ear	711
https://superreview.squig.link/data/Tanchjim%20Hana%20(Sedna%20Light)%20L.txt	Tanchjim Hana (tips: Sedna Light)	Tanchjim Hana (AZLA Sedna Light eartips)	in-ear	711
https://superreview.squig.link/data/Tanchjim%20Hana%20(Final%20E)%20L.txt	Tanchjim Hana (tips: Final E-type)	Tanchjim Hana (Final Audio Type E eartips)	in-ear	711
https://superreview.squig.link/data/Tanchjim%20Hana%202021%20L.txt	Tanchjim Hana 2021	Tanchjim Hana 2021	in-ear	711
https://superreview.squig.link/data/Tanchjim%20Kara%20L.txt	Tanchjim Kara	Tanchjim Kara	in-ear	711
https://superreview.squig.link/data/Tanchjim%20Kara%20R.txt	Tanchjim Kara	Tanchjim Kara	in-ear	711
https://superreview.squig.link/data/Tanchjim%20One%20(3.5mm)%20L.txt	Tanchjim One (3.5mm)	Tanchjim ONE (3.5 mm cable)	in-ear	711
https://superreview.squig.link/data/Tanchjim%20One%20(3.5mm)%20R.txt	Tanchjim One (3.5mm)	Tanchjim ONE (3.5 mm cable)	in-ear	711
https://superreview.squig.link/data/Tanchjim%20Ola%20L.txt	Tanchjim Ola 	Tanchjim Ola	in-ear	711
https://superreview.squig.link/data/Tanchjim%20Ola%20R.txt	Tanchjim Ola 	Tanchjim Ola	in-ear	711
https://superreview.squig.link/data/Tanchjim%20Ola%20(s2%20-%20filterless%20-%20taped)%20L.txt	Tanchjim Ola (S2, filterless, vent blocked: painters tape)	Tanchjim Ola (S2, filterless, vent blocked: painters tape)	ignore	
https://superreview.squig.link/data/Tanchjim%20Ola%20(s2%20-%20filterless%20-%20taped)%20R.txt	Tanchjim Ola (S2, filterless, vent blocked: painters tape)	Tanchjim Ola (S2, filterless, vent blocked: painters tape)	ignore	
https://superreview.squig.link/data/Tanchjim%20Ola%20(s2%20-%20filterless)%20L.txt	Tanchjim Ola (S2, filterless)	Tanchjim Ola (no filter)	in-ear	711
https://superreview.squig.link/data/Tanchjim%20Ola%20(s2%20-%20filterless)%20R.txt	Tanchjim Ola (S2, filterless)	Tanchjim Ola (no filter)	in-ear	711
https://superreview.squig.link/data/Tanchjim%20Ola%20(vent%20Blu%20Tack)%20L.txt	Tanchjim Ola (vent blocked: Blu Tack)	Tanchjim Ola (vent blocked: Blu Tack)	ignore	
https://superreview.squig.link/data/Tanchjim%20Ola%20(vent%20Tanchjim%20filter)%20L.txt	Tanchjim Ola (vent blocked: Tanchjim filter)	Tanchjim Ola (vent blocked: Tanchjim filter)	ignore	
https://superreview.squig.link/data/Tanchjim%20One%20(USB)%20L.txt	Tanchjim One (USB)	Tanchjim One (USB)	in-ear	711
https://superreview.squig.link/data/Tanchjim%20One%20(USB)%20R.txt	Tanchjim One (USB)	Tanchjim One (USB)	in-ear	711
https://superreview.squig.link/data/Tanchjim%20Origin%20D%20L.txt	Tanchjim Origin (nozzle: D)	Tanchjim Origin (D nozzle)	in-ear	711
https://superreview.squig.link/data/Tanchjim%20Origin%20D%20R.txt	Tanchjim Origin (nozzle: D)	Tanchjim Origin (D nozzle)	in-ear	711
https://superreview.squig.link/data/Tanchjim%20Origin%20L%20L.txt	Tanchjim Origin (nozzle: L)	Tanchjim Origin (L nozzle)	in-ear	711
https://superreview.squig.link/data/Tanchjim%20Origin%20L%20R.txt	Tanchjim Origin (nozzle: L)	Tanchjim Origin (L nozzle)	in-ear	711
https://superreview.squig.link/data/Tanchjim%20Origin%20S%20L.txt	Tanchjim Origin (nozzle: S)	Tanchjim Origin (S nozzle)	in-ear	711
https://superreview.squig.link/data/Tanchjim%20Origin%20S%20R.txt	Tanchjim Origin (nozzle: S)	Tanchjim Origin (S nozzle)	in-ear	711
https://superreview.squig.link/data/Tanchjim%20Oxygen%20L.txt	Tanchjim Oxygen	Tanchjim Oxygen	in-ear	711
https://superreview.squig.link/data/Tanchjim%20Prism%20L.txt	Tanchjim Prism (tips: bass)	Tanchjim Prism (bass eartips)	in-ear	711
https://superreview.squig.link/data/Tanchjim%20Prism%20R.txt	Tanchjim Prism (tips: bass)	Tanchjim Prism (bass eartips)	in-ear	711
https://superreview.squig.link/data/Tanchjim%20Prism%20(treble%20tips)%20L.txt	Tanchjim Prism (tips: treble)	Tanchjim Prism (treble eartips)	in-ear	711
https://superreview.squig.link/data/Tanchjim%20Prism%20(treble%20tips)%20R.txt	Tanchjim Prism (tips: treble)	Tanchjim Prism (treble eartips)	in-ear	711
https://squig.link/headphones/data/Tanchjim%20Rita%20ANC%20off%20EQ%20blank%20L1.txt	Tanchjim Rita (ANC: off :: EQ: blank)	Tanchjim Rita (ANC off EQ blank)	over-ear	KB006x + 711
https://squig.link/headphones/data/Tanchjim%20Rita%20ANC%20off%20EQ%20blank%20R1.txt	Tanchjim Rita (ANC: off :: EQ: blank)	Tanchjim Rita (ANC off EQ blank)	over-ear	KB006x + 711
https://squig.link/headphones/data/Tanchjim%20Rita%20ANC%20off%20L1.txt	Tanchjim Rita (ANC: off :: EQ: default)	Tanchjim Rita (ANC off EQ default)	over-ear	KB006x + 711
https://squig.link/headphones/data/Tanchjim%20Rita%20ANC%20off%20L2.txt	Tanchjim Rita (ANC: off :: EQ: default)	Tanchjim Rita (ANC off EQ default)	over-ear	KB006x + 711
https://squig.link/headphones/data/Tanchjim%20Rita%20ANC%20off%20L3.txt	Tanchjim Rita (ANC: off :: EQ: default)	Tanchjim Rita (ANC off EQ default)	over-ear	KB006x + 711
https://squig.link/headphones/data/Tanchjim%20Rita%20ANC%20off%20R1.txt	Tanchjim Rita (ANC: off :: EQ: default)	Tanchjim Rita (ANC off EQ default)	over-ear	KB006x + 711
https://squig.link/headphones/data/Tanchjim%20Rita%20ANC%20off%20R2.txt	Tanchjim Rita (ANC: off :: EQ: default)	Tanchjim Rita (ANC off EQ default)	over-ear	KB006x + 711
https://squig.link/headphones/data/Tanchjim%20Rita%20ANC%20off%20R3.txt	Tanchjim Rita (ANC: off :: EQ: default)	Tanchjim Rita (ANC off EQ default)	over-ear	KB006x + 711
https://squig.link/headphones/data/Tanchjim%20Rita%20ANC%20on%20EQ%20ost%20L1.txt	Tanchjim Rita (ANC: on :: EQ: OST)	Tanchjim Rita (ANC on EQ OST)	over-ear	KB006x + 711
https://squig.link/headphones/data/Tanchjim%20Rita%20ANC%20on%20EQ%20ost%20R1.txt	Tanchjim Rita (ANC: on :: EQ: OST)	Tanchjim Rita (ANC on EQ OST)	over-ear	KB006x + 711
https://squig.link/headphones/data/Tanchjim%20Rita%20ANC%20on%20EQ%20ambient%20L1.txt	Tanchjim Rita (ANC: on :: EQ: ambient)	Tanchjim Rita (ANC on EQ ambient)	over-ear	KB006x + 711
https://squig.link/headphones/data/Tanchjim%20Rita%20ANC%20on%20EQ%20ambient%20R1.txt	Tanchjim Rita (ANC: on :: EQ: ambient)	Tanchjim Rita (ANC on EQ ambient)	over-ear	KB006x + 711
https://squig.link/headphones/data/Tanchjim%20Rita%20ANC%20on%20EQ%20balanced%20L1.txt	Tanchjim Rita (ANC: on :: EQ: balanced)	Tanchjim Rita (ANC on EQ balanced)	over-ear	KB006x + 711
https://squig.link/headphones/data/Tanchjim%20Rita%20ANC%20on%20EQ%20balanced%20R1.txt	Tanchjim Rita (ANC: on :: EQ: balanced)	Tanchjim Rita (ANC on EQ balanced)	over-ear	KB006x + 711
https://squig.link/headphones/data/Tanchjim%20Rita%20ANC%20on%20EQ%20blank%20L1.txt	Tanchjim Rita (ANC: on :: EQ: blank)	Tanchjim Rita (ANC on EQ blank)	over-ear	KB006x + 711
https://squig.link/headphones/data/Tanchjim%20Rita%20ANC%20on%20EQ%20blank%20R1.txt	Tanchjim Rita (ANC: on :: EQ: blank)	Tanchjim Rita (ANC on EQ blank)	over-ear	KB006x + 711
https://squig.link/headphones/data/Tanchjim%20Rita%20ANC%20on%20EQ%20classical%20L1.txt	Tanchjim Rita (ANC: on :: EQ: classical)	Tanchjim Rita (ANC on EQ classical)	over-ear	KB006x + 711
https://squig.link/headphones/data/Tanchjim%20Rita%20ANC%20on%20EQ%20classical%20R1.txt	Tanchjim Rita (ANC: on :: EQ: classical)	Tanchjim Rita (ANC on EQ classical)	over-ear	KB006x + 711
https://squig.link/headphones/data/Tanchjim%20Rita%20ANC%20on%20L1.txt	Tanchjim Rita (ANC: on :: EQ: default)	Tanchjim Rita (ANC on EQ default)	over-ear	KB006x + 711
https://squig.link/headphones/data/Tanchjim%20Rita%20ANC%20on%20R1.txt	Tanchjim Rita (ANC: on :: EQ: default)	Tanchjim Rita (ANC on EQ default)	over-ear	KB006x + 711
https://squig.link/headphones/data/Tanchjim%20Rita%20ANC%20on%20EQ%20instrument%20L1.txt	Tanchjim Rita (ANC: on :: EQ: instrument)	Tanchjim Rita (ANC on EQ instrument)	over-ear	KB006x + 711
https://squig.link/headphones/data/Tanchjim%20Rita%20ANC%20on%20EQ%20instrument%20R1.txt	Tanchjim Rita (ANC: on :: EQ: instrument)	Tanchjim Rita (ANC on EQ instrument)	over-ear	KB006x + 711
https://squig.link/headphones/data/Tanchjim%20Rita%20ANC%20on%20EQ%20pop%20L1.txt	Tanchjim Rita (ANC: on :: EQ: pop)	Tanchjim Rita (ANC on EQ pop)	over-ear	KB006x + 711
https://squig.link/headphones/data/Tanchjim%20Rita%20ANC%20on%20EQ%20pop%20R1.txt	Tanchjim Rita (ANC: on :: EQ: pop)	Tanchjim Rita (ANC on EQ pop)	over-ear	KB006x + 711
https://squig.link/headphones/data/Tanchjim%20Rita%20ANC%20on%20EQ%20theater%20L1.txt	Tanchjim Rita (ANC: on :: EQ: theater)	Tanchjim Rita (ANC on EQ theater)	over-ear	KB006x + 711
https://squig.link/headphones/data/Tanchjim%20Rita%20ANC%20on%20EQ%20theater%20R1.txt	Tanchjim Rita (ANC: on :: EQ: theater)	Tanchjim Rita (ANC on EQ theater)	over-ear	KB006x + 711
https://squig.link/headphones/data/Tanchjim%20Rita%20ANC%20trans%20EQ%20blank%20L1.txt	Tanchjim Rita (ANC: transparency :: EQ: blank)	Tanchjim Rita (ANC transparency EQ blank)	over-ear	KB006x + 711
https://squig.link/headphones/data/Tanchjim%20Rita%20ANC%20trans%20EQ%20blank%20R1.txt	Tanchjim Rita (ANC: transparency :: EQ: blank)	Tanchjim Rita (ANC transparency EQ blank)	over-ear	KB006x + 711
https://squig.link/headphones/data/Tanchjim%20Rita%20ANC%20trans%20L1.txt	Tanchjim Rita (ANC: transparency :: EQ: default)	Tanchjim Rita (ANC transparency EQ default)	over-ear	KB006x + 711
https://squig.link/headphones/data/Tanchjim%20Rita%20ANC%20trans%20R1.txt	Tanchjim Rita (ANC: transparency :: EQ: default)	Tanchjim Rita (ANC transparency EQ default)	over-ear	KB006x + 711
https://squig.link/data/Tanchjim%20Soda%20L.txt	Tanchjim Soda 	Tanchjim Soda	in-ear	711
https://squig.link/data/Tanchjim%20Soda%20R.txt	Tanchjim Soda 	Tanchjim Soda	in-ear	711
https://squig.link/data/Tanchjim%20Soda%20deep%20L.txt	Tanchjim Soda (insert: deep)	Tanchjim Soda (insert deep)	in-ear	711
https://squig.link/data/Tanchjim%20Soda%20deep%20R.txt	Tanchjim Soda (insert: deep)	Tanchjim Soda (insert deep)	in-ear	711
https://squig.link/data/Tanchjim%20Soda%20shallow%20L.txt	Tanchjim Soda (insert: shallow)	Tanchjim Soda (insert shallow)	in-ear	711
https://squig.link/data/Tanchjim%20Soda%20shallow%20R.txt	Tanchjim Soda (insert: shallow)	Tanchjim Soda (insert shallow)	in-ear	711
https://superreview.squig.link/data/Tanchjim%20Tanya%20L.txt	Tanchjim Tanya	Tanchjim Tanya	in-ear	711
https://superreview.squig.link/data/Tanchjim%20Zero%20L.txt	Tanchjim Zero	Tanchjim Zero	in-ear	711
https://superreview.squig.link/data/Tanchjim%20Zero%20R.txt	Tanchjim Zero	Tanchjim Zero	in-ear	711
https://superreview.squig.link/data/Tansio%20Mirai%20Shock%20ccw%20L.txt	Tansio Mirai Shock (yellow: 0 :: brown: 0)	Tansio Mirai Shock (yellow 0, brown 0)	in-ear	711
https://superreview.squig.link/data/Tansio%20Mirai%20Shock%20ccw%20R.txt	Tansio Mirai Shock (yellow: 0 :: brown: 0)	Tansio Mirai Shock (yellow 0, brown 0)	in-ear	711
https://superreview.squig.link/data/Tansio%20Mirai%20Shock%20Yccw%20Bcw%20L.txt	Tansio Mirai Shock (yellow: 0 :: brown: 4)	Tansio Mirai Shock (yellow 0, brown 4)	in-ear	711
https://superreview.squig.link/data/Tansio%20Mirai%20Shock%20Yccw%20Bcw%20R.txt	Tansio Mirai Shock (yellow: 0 :: brown: 4)	Tansio Mirai Shock (yellow 0, brown 4)	in-ear	711
https://superreview.squig.link/data/Tansio%20Mirai%20Shock%20Ycw%20Bccw%20L.txt	Tansio Mirai Shock (yellow: 4 :: brown: 0)	Tansio Mirai Shock (yellow 4, brown 0)	in-ear	711
https://superreview.squig.link/data/Tansio%20Mirai%20Shock%20Ycw%20Bccw%20R.txt	Tansio Mirai Shock (yellow: 4 :: brown: 0)	Tansio Mirai Shock (yellow 4, brown 0)	in-ear	711
https://superreview.squig.link/data/Tansio%20Mirai%20Shock%20cw%20L.txt	Tansio Mirai Shock (yellow: 4 :: brown: 4)	Tansio Mirai Shock (yellow 4, brown 4)	in-ear	711
https://superreview.squig.link/data/Tansio%20Mirai%20Shock%20cw%20R.txt	Tansio Mirai Shock (yellow: 4 :: brown: 4)	Tansio Mirai Shock (yellow 4, brown 4)	in-ear	711
https://superreview.squig.link/data/Tansio%20Mirai%20Spark%20(010)%20L.txt	Tansio Mirai Spark (swtiches: 010 - default)	Tansio Mirai Spark (off-on-off)	in-ear	711
https://superreview.squig.link/data/Tansio%20Mirai%20Spark%20(110)%20L.txt	Tansio Mirai Spark (switches: 110)	Tansio Mirai Spark (on-on-off)	in-ear	711
https://superreview.squig.link/data/Tansio%20Mirai%20Spark%20(111)%20L.txt	Tansio Mirai Spark (switches: 111)	Tansio Mirai Spark (on-on-on)	in-ear	711
https://superreview.squig.link/data/ThieAudio%20Clairvoyance%20L.txt	ThieAudio Clairvoyance	ThieAudio Clairvoyance	in-ear	711
https://squig.link/headphones/data/ThieAudio%20Cypher%20L1.txt	ThieAudio Cypher	ThieAudio Cypher	over-ear	KB006x + 711
https://squig.link/headphones/data/ThieAudio%20Cypher%20L2.txt	ThieAudio Cypher	ThieAudio Cypher	over-ear	KB006x + 711
https://squig.link/headphones/data/ThieAudio%20Cypher%20L3.txt	ThieAudio Cypher	ThieAudio Cypher	over-ear	KB006x + 711
https://squig.link/headphones/data/ThieAudio%20Cypher%20R1.txt	ThieAudio Cypher	ThieAudio Cypher	over-ear	KB006x + 711
https://squig.link/headphones/data/ThieAudio%20Cypher%20R2.txt	ThieAudio Cypher	ThieAudio Cypher	over-ear	KB006x + 711
https://squig.link/headphones/data/ThieAudio%20Cypher%20R3.txt	ThieAudio Cypher	ThieAudio Cypher	over-ear	KB006x + 711
https://superreview.squig.link/data/ThieAudio%20Elixir%20L.txt	ThieAudio Elixir	ThieAudio Elixir	in-ear	711
https://superreview.squig.link/data/ThieAudio%20Elixir%20R.txt	ThieAudio Elixir	ThieAudio Elixir	in-ear	711
https://superreview.squig.link/data/ThieAudio%20Hype%202%20L.txt	ThieAudio Hype 2	ThieAudio Hype 2	in-ear	711
https://superreview.squig.link/data/ThieAudio%20Hype%202%20R.txt	ThieAudio Hype 2	ThieAudio Hype 2	in-ear	711
https://superreview.squig.link/data/ThieAudio%20Hype%204%20L.txt	ThieAudio Hype 4	ThieAudio Hype 4	in-ear	711
https://superreview.squig.link/data/ThieAudio%20Hype%204%20R.txt	ThieAudio Hype 4	ThieAudio Hype 4	in-ear	711
https://squig.link/data/ThieAudio%20Hype%204%20mk2%20L.txt	ThieAudio Hype 4 mk2 	ThieAudio Hype 4 mk2	in-ear	711
https://squig.link/data/ThieAudio%20Hype%204%20mk2%20R.txt	ThieAudio Hype 4 mk2 	ThieAudio Hype 4 mk2	in-ear	711
https://squig.link/data/ThieAudio%20Hype%204%20mk2%20shallow%20L.txt	ThieAudio Hype 4 mk2 	ThieAudio Hype 4 mk2	in-ear	711
https://squig.link/data/ThieAudio%20Hype%204%20mk2%20shallow%20R.txt	ThieAudio Hype 4 mk2 	ThieAudio Hype 4 mk2	in-ear	711
https://squig.link/data/ThieAudio%20Hype%204%20mk2%20deep%20L.txt	ThieAudio Hype 4 mk2 	ThieAudio Hype 4 mk2	in-ear	711
https://squig.link/data/ThieAudio%20Hype%204%20mk2%20deep%20R.txt	ThieAudio Hype 4 mk2 	ThieAudio Hype 4 mk2	in-ear	711
https://superreview.squig.link/data/ThieAudio%20Legacy%202%20L.txt	ThieAudio Legacy 2	ThieAudio Legacy 2	in-ear	711
https://superreview.squig.link/data/ThieAudio%20Legacy%204%20L.txt	ThieAudio Legacy 4 (switch off)	ThieAudio Legacy 4 (off-off)	in-ear	711
https://superreview.squig.link/data/ThieAudio%20Legacy%204%20R.txt	ThieAudio Legacy 4 (switch off)	ThieAudio Legacy 4 (off-off)	in-ear	711
https://superreview.squig.link/data/ThieAudio%20Legacy%204%20(switch%20on)%20L.txt	ThieAudio Legacy 4 (switch on)	ThieAudio Legacy 4 (on-on)	in-ear	711
https://superreview.squig.link/data/ThieAudio%20Legacy%204%20(Spring)%20L.txt	ThieAudio Legacy 4 (tips: Spring)	ThieAudio Legacy 4 (tips: Spring)	ignore	
https://superreview.squig.link/data/ThieAudio%20Legacy%204%20(Spring)%20R.txt	ThieAudio Legacy 4 (tips: Spring)	ThieAudio Legacy 4 (tips: Spring)	ignore	
https://superreview.squig.link/data/ThieAudio%20Legacy%205%20L.txt	ThieAudio Legacy 5 (sample 1)	ThieAudio Legacy 5	in-ear	711
https://superreview.squig.link/data/ThieAudio%20Legacy%205%20R.txt	ThieAudio Legacy 5 (sample 1)	ThieAudio Legacy 5	in-ear	711
https://superreview.squig.link/data/ThieAudio%20Legacy%205%20(S2)%20L.txt	ThieAudio Legacy 5 (sample 2)	ThieAudio Legacy 5	in-ear	711
https://superreview.squig.link/data/ThieAudio%20Legacy%205%20(S2)%20R.txt	ThieAudio Legacy 5 (sample 2)	ThieAudio Legacy 5	in-ear	711
https://superreview.squig.link/data/ThieAudio%20Legacy%205%20(S1)%20L.txt		ThieAudio Legacy 5	in-ear	711
https://superreview.squig.link/data/ThieAudio%20Legacy%205%20(126%20ohm)%20L.txt	ThieAudio Legacy 5 (S1 + impedance adapter: 126 ohm)	ThieAudio Legacy 5 (126 ohm adapter)	ignore	711
https://superreview.squig.link/data/ThieAudio%20Legacy%205%20(15%20ohm)%20L.txt	ThieAudio Legacy 5 (S1 + impedance adapter: 15 ohm)	ThieAudio Legacy 5 (15 ohm adapter)	ignore	711
https://superreview.squig.link/data/ThieAudio%20Legacy%205%20(S2%2015ohm)%20L.txt	ThieAudio Legacy 5 (S2 + impedance adapter: 15 ohm)	ThieAudio Legacy 5 (15 ohm adapter)	ignore	711
https://superreview.squig.link/data/ThieAudio%20Legacy%205%20(36%20ohm)%20L.txt	ThieAudio Legacy 5 (S1 + impedance adapter: 36 ohm)	ThieAudio Legacy 5 (36 ohm adapter)	ignore	711
https://superreview.squig.link/data/ThieAudio%20Legacy%205%20(75%20ohm)%20L.txt	ThieAudio Legacy 5 (S1 + impedance adapter: 75 ohm)	ThieAudio Legacy 5 (75 ohm adapter)	ignore	711
https://superreview.squig.link/data/ThieAudio%20Legacy%205%20(S1%20seized)%20L.txt	ThieAudio Legacy 5 (S1 + driver seized)	ThieAudio Legacy 5 (S1 + driver seized)	ignore	
https://superreview.squig.link/data/ThieAudio%20Monarch%20L.txt	ThieAudio Monarch	ThieAudio Monarch	in-ear	711
https://superreview.squig.link/data/ThieAudio%20Monarch%20R.txt	ThieAudio Monarch	ThieAudio Monarch	in-ear	711
https://superreview.squig.link/data/ThieAudio%20Monarch%20MkII%20L.txt	ThieAudio Monarch MkII (sample 1)	ThieAudio Monarch MKII	in-ear	711
https://superreview.squig.link/data/ThieAudio%20Monarch%20MkII%20R.txt	ThieAudio Monarch MkII (sample 1)	ThieAudio Monarch MKII	in-ear	711
https://superreview.squig.link/data/ThieAudio%20Monarch%20MkII%20(S2)%20L.txt	ThieAudio Monarch MkII (sample 2)	ThieAudio Monarch MKII	in-ear	711
https://superreview.squig.link/data/ThieAudio%20Monarch%20MkII%20(S2)%20R.txt	ThieAudio Monarch MkII (sample 2)	ThieAudio Monarch MKII	in-ear	711
https://superreview.squig.link/data/ThieAudio%20Monarch%20MkII%20(S2%20-%20Spring%20tips)%20L.txt	ThieAudio Monarch MkII (sample 2, tips: Spring)	ThieAudio Monarch MKII (JVC Spring eartips)	in-ear	711
https://superreview.squig.link/data/ThieAudio%20Monarch%20MkII%20(S2%20-%20Spring%20tips)%20R.txt	ThieAudio Monarch MkII (sample 2, tips: Spring)	ThieAudio Monarch MKII (JVC Spring eartips)	in-ear	711
https://superreview.squig.link/data/ThieAudio%20Monarch%20mkIII%20L.txt	ThieAudio Monarch MkIII	ThieAudio Monarch MKIII	in-ear	711
https://superreview.squig.link/data/ThieAudio%20Monarch%20mkIII%20R.txt	ThieAudio Monarch MkIII	ThieAudio Monarch MKIII	in-ear	711
https://squig.link/data/ThieAudio%20Monarch%20mk4%20rumble%20L.txt	ThieAudio Monarch MkIV (mode: rumble)	ThieAudio Monarch MkIV (mode rumble)	in-ear	711
https://squig.link/data/ThieAudio%20Monarch%20mk4%20rumble%20R.txt	ThieAudio Monarch MkIV (mode: rumble)	ThieAudio Monarch MkIV (mode rumble)	in-ear	711
https://squig.link/data/ThieAudio%20Monarch%20mk4%20deep%20L.txt	ThieAudio Monarch MkIV (mode: standard :: insert: deep)	ThieAudio Monarch MkIV (mode standard insert deep)	in-ear	711
https://squig.link/data/ThieAudio%20Monarch%20mk4%20deep%20R.txt	ThieAudio Monarch MkIV (mode: standard :: insert: deep)	ThieAudio Monarch MkIV (mode standard insert deep)	in-ear	711
https://squig.link/data/ThieAudio%20Monarch%20mk4%20shallow%20L.txt	ThieAudio Monarch MkIV (mode: standard :: insert: shallow)	ThieAudio Monarch MkIV (mode standard insert shallow)	in-ear	711
https://squig.link/data/ThieAudio%20Monarch%20mk4%20shallow%20R.txt	ThieAudio Monarch MkIV (mode: standard :: insert: shallow)	ThieAudio Monarch MkIV (mode standard insert shallow)	in-ear	711
https://squig.link/data/ThieAudio%20Monarch%20mk4%20L.txt	ThieAudio Monarch MkIV (mode: standard)	ThieAudio Monarch MkIV (mode standard)	in-ear	711
https://squig.link/data/ThieAudio%20Monarch%20mk4%20R.txt	ThieAudio Monarch MkIV (mode: standard)	ThieAudio Monarch MkIV (mode standard)	in-ear	711
https://superreview.squig.link/data/ThieAudio%20Oracle%20L.txt	ThieAudio Oracle	ThieAudio Oracle	in-ear	711
https://superreview.squig.link/data/ThieAudio%20Oracle%20R.txt	ThieAudio Oracle	ThieAudio Oracle	in-ear	711
https://superreview.squig.link/data/ThieAudio%20Oracle%20mkII%20L.txt	ThieAudio Oracle mkII	ThieAudio Oracle MKII	in-ear	711
https://superreview.squig.link/data/ThieAudio%20Oracle%20mkII%20R.txt	ThieAudio Oracle mkII	ThieAudio Oracle MKII	in-ear	711
https://superreview.squig.link/data/ThieAudio%20Oracle%20mk3%20L.txt	ThieAudio Oracle mkIII	ThieAudio Oracle MKIII	in-ear	711
https://superreview.squig.link/data/ThieAudio%20Oracle%20mk3%20R.txt	ThieAudio Oracle mkIII	ThieAudio Oracle MKIII	in-ear	711
https://superreview.squig.link/data/ThieAudio%20Origin%20L.txt	ThieAudio Origin (sample 1)	ThieAudio Origin	in-ear	711
https://superreview.squig.link/data/ThieAudio%20Origin%20R.txt	ThieAudio Origin (sample 1)	ThieAudio Origin	in-ear	711
https://superreview.squig.link/data/ThieAudio%20Origin%20S2%20L.txt	ThieAudio Origin (sample 2)	ThieAudio Origin	in-ear	711
https://superreview.squig.link/data/ThieAudio%20Origin%20S2%20R.txt	ThieAudio Origin (sample 2)	ThieAudio Origin	in-ear	711
https://squig.link/data/ThieAudio%20Prestige%20LTD%20L.txt	ThieAudio Prestige LTD	ThieAudio Prestige LTD	in-ear	711
https://squig.link/data/ThieAudio%20Prestige%20LTD%20R.txt	ThieAudio Prestige LTD	ThieAudio Prestige LTD	in-ear	711
https://squig.link/data/ThieAudio%20Valhalla%20deep%20L.txt	ThieAudio Valhalla (sample: 1 :: insert: deep)	ThieAudio Valhalla (sample 1 insert deep)	in-ear	711
https://squig.link/data/ThieAudio%20Valhalla%20deep%20R.txt	ThieAudio Valhalla (sample: 1 :: insert: deep)	ThieAudio Valhalla (sample 1 insert deep)	in-ear	711
https://squig.link/data/ThieAudio%20Valhalla%20shallow%20L.txt	ThieAudio Valhalla (sample: 1 :: insert: shallow)	ThieAudio Valhalla (sample 1 insert shallow)	in-ear	711
https://squig.link/data/ThieAudio%20Valhalla%20shallow%20R.txt	ThieAudio Valhalla (sample: 1 :: insert: shallow)	ThieAudio Valhalla (sample 1 insert shallow)	in-ear	711
https://squig.link/data/ThieAudio%20Valhalla%20L.txt	ThieAudio Valhalla (sample: 1)	ThieAudio Valhalla (sample 1)	in-ear	711
https://squig.link/data/ThieAudio%20Valhalla%20R.txt	ThieAudio Valhalla (sample: 1)	ThieAudio Valhalla (sample 1)	in-ear	711
https://squig.link/data/ThieAudio%20Valhalla%20S2%20deep%20L.txt	ThieAudio Valhalla (sample: 2 :: insert: deep)	ThieAudio Valhalla (sample 2 insert deep)	in-ear	711
https://squig.link/data/ThieAudio%20Valhalla%20S2%20deep%20R.txt	ThieAudio Valhalla (sample: 2 :: insert: deep)	ThieAudio Valhalla (sample 2 insert deep)	in-ear	711
https://squig.link/data/ThieAudio%20Valhalla%20S2%20shallow%20L.txt	ThieAudio Valhalla (sample: 2 :: insert: shallow)	ThieAudio Valhalla (sample 2 insert shallow)	in-ear	711
https://squig.link/data/ThieAudio%20Valhalla%20S2%20shallow%20R.txt	ThieAudio Valhalla (sample: 2 :: insert: shallow)	ThieAudio Valhalla (sample 2 insert shallow)	in-ear	711
https://squig.link/data/ThieAudio%20Valhalla%20S2%20L.txt	ThieAudio Valhalla (sample: 2)	ThieAudio Valhalla (sample 2)	in-ear	711
https://squig.link/data/ThieAudio%20Valhalla%20S2%20R.txt	ThieAudio Valhalla (sample: 2)	ThieAudio Valhalla (sample 2)	in-ear	711
https://superreview.squig.link/data/Thinksound%20Rain3%20L.txt	Thinksound Rain3	Thinksound Rain3	in-ear	711
https://superreview.squig.link/data/Thinksound%20Rain3%20R.txt	Thinksound Rain3	Thinksound Rain3	in-ear	711
https://superreview.squig.link/data/Tin%20Hifi%20C0%20L.txt	Tin Hifi C0 Elf	Tin HiFi C0	in-ear	711
https://superreview.squig.link/data/Tin%20Hifi%20C0%20R.txt	Tin Hifi C0 Elf	Tin HiFi C0	in-ear	711
https://superreview.squig.link/data/Tin%20Hifi%20C1%20analog%20L.txt	Tin Hifi C1 	Tin HiFi C1	in-ear	711
https://superreview.squig.link/data/Tin%20Hifi%20C1%20analog%20R.txt	Tin Hifi C1 	Tin HiFi C1	in-ear	711
https://superreview.squig.link/data/Tin%20Hifi%20C2%20Mech%20Warrior%20L.txt	Tin Hifi C2 Mech Warrior	Tin HiFi C2	in-ear	711
https://superreview.squig.link/data/Tin%20Hifi%20C2%20Mech%20Warrior%20R.txt	Tin Hifi C2 Mech Warrior	Tin HiFi C2	in-ear	711
https://superreview.squig.link/data/Tin%20Hifi%20C2%202025%20L.txt	Tin Hifi C2 2025	Tin HiFi C2 2025	in-ear	711
https://superreview.squig.link/data/Tin%20Hifi%20C2%202025%20R.txt	Tin Hifi C2 2025	Tin HiFi C2 2025	in-ear	711
https://superreview.squig.link/data/Tin%20Hifi%20C3%20L.txt	Tin Hifi C3	Tin HiFi C3	in-ear	711
https://superreview.squig.link/data/Tin%20Hifi%20C3%20R.txt	Tin Hifi C3	Tin HiFi C3	in-ear	711
https://squig.link/data/Tin%20Hifi%20C3%20mk2%20L.txt	Tin Hifi C3 mk2 	Tin HiFi C3 mk2	in-ear	711
https://squig.link/data/Tin%20Hifi%20C3%20mk2%20R.txt	Tin Hifi C3 mk2 	Tin HiFi C3 mk2	in-ear	711
https://squig.link/data/Tin%20Hifi%20C3%20mk2%20deep%20L.txt	Tin Hifi C3 mk2 (insert: deep)	Tin HiFi C3 mk2 (insert deep)	in-ear	711
https://squig.link/data/Tin%20Hifi%20C3%20mk2%20deep%20R.txt	Tin Hifi C3 mk2 (insert: deep)	Tin HiFi C3 mk2 (insert deep)	in-ear	711
https://squig.link/data/Tin%20Hifi%20C3%20mk2%20shallow%20L.txt	Tin Hifi C3 mk2 (insert: shallow)	Tin HiFi C3 mk2 (insert shallow)	in-ear	711
https://squig.link/data/Tin%20Hifi%20C3%20mk2%20shallow%20R.txt	Tin Hifi C3 mk2 (insert: shallow)	Tin HiFi C3 mk2 (insert shallow)	in-ear	711
https://superreview.squig.link/data/Tin%20Hifi%20C5%20L.txt	Tin Hifi C5	Tin HiFi C5	in-ear	711
https://superreview.squig.link/data/Tin%20Hifi%20C5%20R.txt	Tin Hifi C5	Tin HiFi C5	in-ear	711
https://superreview.squig.link/data/Tin%20Hifi%20Dudu%20USB%20L.txt	Tin Hifi Dudu (cable: USB-C)	Tin HiFi Dudu (USB)	in-ear	711
https://superreview.squig.link/data/Tin%20Hifi%20Dudu%20USB%20R.txt	Tin Hifi Dudu (cable: USB-C)	Tin HiFi Dudu (USB)	in-ear	711
https://superreview.squig.link/data/Tin%20Hifi%20Dudu%20L.txt	Tin Hifi Dudu (cable: analog)	Tin HiFi Dudu (analog)	in-ear	711
https://superreview.squig.link/data/Tin%20Hifi%20Dudu%20R.txt	Tin Hifi Dudu (cable: analog)	Tin HiFi Dudu (analog)	in-ear	711
https://squig.link/data/Tin%20Hifi%20Huo%20L.txt	Tin Hifi Huo 	Tin HiFi Huo	in-ear	711
https://squig.link/data/Tin%20Hifi%20Huo%20R.txt	Tin Hifi Huo 	Tin HiFi Huo	in-ear	711
https://squig.link/data/Tin%20Hifi%20Huo%20deep%20L.txt	Tin Hifi Huo (insert: deep)	Tin HiFi Huo (insert deep)	in-ear	711
https://squig.link/data/Tin%20Hifi%20Huo%20deep%20R.txt	Tin Hifi Huo (insert: deep)	Tin HiFi Huo (insert deep)	in-ear	711
https://squig.link/data/Tin%20Hifi%20Huo%20shallow%20L.txt	Tin Hifi Huo (insert: shallow)	Tin HiFi Huo (insert shallow)	in-ear	711
https://squig.link/data/Tin%20Hifi%20Huo%20shallow%20R.txt	Tin Hifi Huo (insert: shallow)	Tin HiFi Huo (insert shallow)	in-ear	711
https://superreview.squig.link/data/Tin%20Hifi%20P1%20L.txt	Tin Hifi P1 (stock)	Tin HiFi P1	in-ear	711
https://superreview.squig.link/data/Tin%20Hifi%20P1%20Max%20L.txt	Tin Hifi P1 Max	Tin HiFi P1 Max	in-ear	711
https://superreview.squig.link/data/Tin%20Hifi%20P1%20Max%20R.txt	Tin Hifi P1 Max	Tin HiFi P1 Max	in-ear	711
https://superreview.squig.link/data/Tin%20Hifi%20P1%20Plus%20L.txt	Tin Hifi P1 Plus	Tin HiFi P1 Plus	in-ear	711
https://superreview.squig.link/data/Tin%20Hifi%20P1%20Plus%20R.txt	Tin Hifi P1 Plus	Tin HiFi P1 Plus	in-ear	711
https://superreview.squig.link/data/Tin%20Hifi%20T2%20L.txt	Tin Hifi T2	Tin HiFi T2	in-ear	711
https://superreview.squig.link/data/Tin%20Hifi%20T2%20DLC%20L.txt	Tin Hifi T2 DLC	Tin HiFi T2 DLC	in-ear	711
https://superreview.squig.link/data/Tin%20Hifi%20T2%20DLC%20R.txt	Tin Hifi T2 DLC	Tin HiFi T2 DLC	in-ear	711
https://superreview.squig.link/data/Tin%20Hifi%20T2%20Evo%20L.txt	Tin Hifi T2 Evo	Tin HiFi T2 Evo	in-ear	711
https://superreview.squig.link/data/Tin%20Hifi%20T2%20Evo%20R.txt	Tin Hifi T2 Evo	Tin HiFi T2 Evo	in-ear	711
https://superreview.squig.link/data/Tin%20Hifi%20T2%20Plus%20L.txt	Tin Hifi T2 Plus (tips: stock)	Tin HiFi T2 Plus	in-ear	711
https://superreview.squig.link/data/Tin%20Hifi%20T2%20Plus%20(Sedna%20Light)%20L.txt	Tin Hifi T2 Plus (tips: Azla Sedna Light Short)	Tin HiFi T2 Plus (AZLA Sedna Light Short eartips)	in-ear	711
https://superreview.squig.link/data/Tin%20Hifi%20T2%20Pro%20L.txt	Tin Hifi T2 Pro (tips: stock)	Tin HiFi T2 Pro	in-ear	711
https://superreview.squig.link/data/Tin%20Hifi%20T2%20Pro%20(Comply)%20L.txt	Tin Hifi T2 Pro (tips: Comply w/ Waxguard)	Tin HiFi T2 Pro (Comply eartips with Waxguard)	in-ear	711
https://superreview.squig.link/data/Tin%20Hifi%20T2%20Pro%20(white%20grill%20+%20Comply)%20L.txt	Tin Hifi T2 Pro (white grill + tips: Comply w/ Waxguard)	Tin HiFi T2 Pro (white grill, Comply eartips with Waxguard)	in-ear	711
https://superreview.squig.link/data/Tin%20Hifi%20T3%20L.txt	Tin Hifi T3	Tin HiFi T3	in-ear	711
https://superreview.squig.link/data/Tin%20Hifi%20T3%20Plus%20L.txt	Tin Hifi T3 Plus	Tin HiFi T3 Plus	in-ear	711
https://superreview.squig.link/data/Tin%20Hifi%20T3%20Plus%20R.txt	Tin Hifi T3 Plus	Tin HiFi T3 Plus	in-ear	711
https://superreview.squig.link/data/Tin%20Hifi%20T4%20L.txt	Tin Hifi T4	Tin HiFi T4	in-ear	711
https://superreview.squig.link/data/Tin%20Hifi%20T4%20Plus%20L.txt	Tin Hifi T4 Plus	Tin HiFi T4 Plus	in-ear	711
https://superreview.squig.link/data/Tin%20Hifi%20T4%20Plus%20R.txt	Tin Hifi T4 Plus	Tin HiFi T4 Plus	in-ear	711
https://superreview.squig.link/data/Tin%20Hifi%20T5%20L.txt	Tin Hifi T5 (tips: stock)	Tin HiFi T5	in-ear	711
https://superreview.squig.link/data/Tin%20Hifi%20T5%20(Comply%20Waxguard)%20L.txt	Tin Hifi T5 (tips: Comply w/ Waxguard)	Tin HiFi T5 (Comply eartips with Waxguard)	in-ear	711
https://superreview.squig.link/data/Tin%20Hifi%20T5S%20L.txt	Tin Hifi T5S Mars	Tin HiFi T5S	in-ear	711
https://superreview.squig.link/data/Tin%20Hifi%20T5S%20R.txt	Tin Hifi T5S Mars	Tin HiFi T5S	in-ear	711
https://squig.link/data/Tin%20Hifi%20T6%20black%20L.txt	Tin Hifi T6 (nozzle: black)	Tin HiFi T6 (nozzle black)	in-ear	711
https://squig.link/data/Tin%20Hifi%20T6%20black%20R.txt	Tin Hifi T6 (nozzle: black)	Tin HiFi T6 (nozzle black)	in-ear	711
https://squig.link/data/Tin%20Hifi%20T6%20green%20L.txt	Tin Hifi T6 (nozzle: green)	Tin HiFi T6 (nozzle green)	in-ear	711
https://squig.link/data/Tin%20Hifi%20T6%20green%20R.txt	Tin Hifi T6 (nozzle: green)	Tin HiFi T6 (nozzle green)	in-ear	711
https://squig.link/data/Tin%20Hifi%20T6%20pink%20L.txt	Tin Hifi T6 (nozzle: pink)	Tin HiFi T6 (nozzle pink)	in-ear	711
https://squig.link/data/Tin%20Hifi%20T6%20pink%20R.txt	Tin Hifi T6 (nozzle: pink)	Tin HiFi T6 (nozzle pink)	in-ear	711
https://superreview.squig.link/data/Tin%20Hifi%20T7%20L.txt	Tin Hifi T7 	Tin HiFi T7	in-ear	711
https://superreview.squig.link/data/Tin%20Hifi%20T7%20R.txt	Tin Hifi T7 	Tin HiFi T7	in-ear	711
https://superreview.squig.link/data/Tin%20Hifi%20Tin%20Buds%203%20L.txt	Tin Hifi Tin Buds 3	Tin HiFi Tin Buds 3	in-ear	711
https://superreview.squig.link/data/Tin%20Hifi%20Tin%20Buds%203%20R.txt	Tin Hifi Tin Buds 3	Tin HiFi Tin Buds 3	in-ear	711
https://superreview.squig.link/data/Tin%20Hifi%20C1%20deep%20L.txt	Tin Hifi C1 (insert: deep)	Tin Hifi C1 (insert deep)	ignore	711
https://superreview.squig.link/data/Tin%20Hifi%20C1%20deep%20R.txt	Tin Hifi C1 (insert: deep)	Tin Hifi C1 (insert deep)	ignore	711
https://superreview.squig.link/data/Tin%20Hifi%20C1%20shallow%20L.txt	Tin Hifi C1 (insert: shallow)	Tin Hifi C1 (insert shallow)	ignore	711
https://superreview.squig.link/data/Tin%20Hifi%20C1%20shallow%20R.txt	Tin Hifi C1 (insert: shallow)	Tin Hifi C1 (insert shallow)	ignore	711
https://superreview.squig.link/data/Tin%20Hifi%20P1%20(vent%20blocked)%20L.txt	Tin Hifi P1 (vent blocked)	Tin Hifi P1 (vent blocked)	ignore	
https://superreview.squig.link/data/Tin%20Hifi%20T7%20deep%20L.txt	Tin Hifi T7 (insert: deep)	Tin Hifi T7 (insert deep)	ignore	711
https://superreview.squig.link/data/Tin%20Hifi%20T7%20deep%20R.txt	Tin Hifi T7 (insert: deep)	Tin Hifi T7 (insert deep)	ignore	711
https://superreview.squig.link/data/Tin%20Hifi%20T7%20shallow%20L.txt	Tin Hifi T7 (insert: shallow)	Tin Hifi T7 (insert shallow)	ignore	711
https://superreview.squig.link/data/Tin%20Hifi%20T7%20shallow%20R.txt	Tin Hifi T7 (insert: shallow)	Tin Hifi T7 (insert shallow)	ignore	711
https://superreview.squig.link/data/Tripowin%20Cencibel%20L.txt	Tripowin Cencibel	Tripowin Cencibel	in-ear	711
https://superreview.squig.link/data/Tripowin%20Cencibel%20R.txt	Tripowin Cencibel	Tripowin Cencibel	in-ear	711
https://superreview.squig.link/data/Tripowin%20Kailua%20L.txt	Tripowin Kailua	Tripowin Kailua	in-ear	711
https://superreview.squig.link/data/Tripowin%20Kailua%20R.txt	Tripowin Kailua	Tripowin Kailua	in-ear	711
https://superreview.squig.link/data/Tripowin%20Lea%20L.txt	Tripowin Lea	Tripowin Leá	in-ear	711
https://superreview.squig.link/data/Tripowin%20Lea%20R.txt	Tripowin Lea	Tripowin Leá	in-ear	711
https://superreview.squig.link/data/Tripowin%20Olina%20L.txt	Tripowin Olina (sample 1)	Tripowin Olina	in-ear	711
https://superreview.squig.link/data/Tripowin%20Olina%20R.txt	Tripowin Olina (sample 1)	Tripowin Olina	in-ear	711
https://superreview.squig.link/data/Tripowin%20Olina%20(S2)%20L.txt	Tripowin Olina (sample 2)	Tripowin Olina	in-ear	711
https://superreview.squig.link/data/Tripowin%20Olina%20(S2)%20R.txt	Tripowin Olina (sample 2)	Tripowin Olina	in-ear	711
https://superreview.squig.link/data/Tripowin%20Olina%20SE%20L.txt	Tripowin Olina SE	Tripowin Olina SE	in-ear	711
https://superreview.squig.link/data/Tripowin%20Olina%20SE%20R.txt	Tripowin Olina SE	Tripowin Olina SE	in-ear	711
https://superreview.squig.link/data/Tripowin%20Rhombus%20L.txt	Tripowin Rhombus	Tripowin Rhombus	in-ear	711
https://superreview.squig.link/data/Tripowin%20Rhombus%20R.txt	Tripowin Rhombus	Tripowin Rhombus	in-ear	711
https://superreview.squig.link/data/Tripowin%20Vivace%20L.txt	Tripowin x 0DiBi Vivace	Tripowin x 0diBi Vivace	in-ear	711
https://superreview.squig.link/data/Tripowin%20Vivace%20R.txt	Tripowin x 0DiBi Vivace	Tripowin x 0diBi Vivace	in-ear	711
https://superreview.squig.link/data/Tripowin%20Mele%20L.txt	Tripowin Mele	Tripowin x HBB Mele	in-ear	711
https://superreview.squig.link/data/Tripowin%20Mele%20R.txt	Tripowin Mele	Tripowin x HBB Mele	in-ear	711
https://superreview.squig.link/data/Tripowin%20Olina%20SE%20S2%20L.txt	Tripowin x HBB Olina SE (sample 2)	Tripowin x HBB Olina SE (sample 2)	ignore	711
https://superreview.squig.link/data/Tripowin%20Olina%20SE%20S2%20R.txt	Tripowin x HBB Olina SE (sample 2)	Tripowin x HBB Olina SE (sample 2)	ignore	711
https://superreview.squig.link/data/Truthear%20Gate%20L.txt	Truthear Gate	Truthear Gate	in-ear	711
https://superreview.squig.link/data/Truthear%20Gate%20R.txt	Truthear Gate	Truthear Gate	in-ear	711
https://superreview.squig.link/data/Truthear%20Gate%20wide%20L.txt	Truthear Gate	Truthear Gate	in-ear	711
https://superreview.squig.link/data/Truthear%20Gate%20wide%20R.txt	Truthear Gate	Truthear Gate	in-ear	711
https://superreview.squig.link/data/Truthear%20Hexa%20L.txt	Truthear Hexa (sample 1)	Truthear Hexa	in-ear	711
https://superreview.squig.link/data/Truthear%20Hexa%20R.txt	Truthear Hexa (sample 1)	Truthear Hexa	in-ear	711
https://superreview.squig.link/data/Truthear%20Hexa%20(S2)%20L.txt	Truthear Hexa (sample 2)	Truthear Hexa	in-ear	711
https://superreview.squig.link/data/Truthear%20Hexa%20(S2)%20R.txt	Truthear Hexa (sample 2)	Truthear Hexa	in-ear	711
https://superreview.squig.link/data/Truthear%20Hexa%20S1%200ohm%20L.txt	Truthear Hexa (sample 1 - 0ohm)	Truthear Hexa	in-ear	711
https://superreview.squig.link/data/Truthear%20Hexa%20S1%200ohm%20R.txt	Truthear Hexa (sample 1 - 0ohm)	Truthear Hexa	in-ear	711
https://superreview.squig.link/data/Truthear%20Hexa%20S1%2010ohm%20L.txt	Truthear Hexa (sample 1 - 10ohm)	Truthear Hexa (sample 1 - 10ohm)	ignore	711
https://superreview.squig.link/data/Truthear%20Hexa%20S1%2010ohm%20R.txt	Truthear Hexa (sample 1 - 10ohm)	Truthear Hexa (sample 1 - 10ohm)	ignore	711
https://superreview.squig.link/data/Truthear%20Hexa%20S1%2075ohm%20L.txt	Truthear Hexa (sample 1 - 75ohm)	Truthear Hexa (sample 1 - 75ohm)	ignore	711
https://superreview.squig.link/data/Truthear%20Hexa%20S1%2075ohm%20R.txt	Truthear Hexa (sample 1 - 75ohm)	Truthear Hexa (sample 1 - 75ohm)	ignore	711
https://superreview.squig.link/data/Truthear%20Hexa%20(S2%20-%20airlocked)%20L.txt	Truthear Hexa (sample 2 - airlocked)	Truthear Hexa (sample 2 - airlocked)	ignore	
https://superreview.squig.link/data/Truthear%20Hexa%20(S2%20-%20airlocked)%20R.txt	Truthear Hexa (sample 2 - airlocked)	Truthear Hexa (sample 2 - airlocked)	ignore	
https://superreview.squig.link/data/Truthear%20Hexa%20S3%20filterless%20L.txt	Truthear Hexa (sample 3 - treble filter: removed)	Truthear Hexa (sample 3 - treble filter removed)	ignore	711
https://superreview.squig.link/data/Truthear%20Hexa%20S3%20filterless%20R.txt	Truthear Hexa (sample 3 - treble filter: removed)	Truthear Hexa (sample 3 - treble filter removed)	ignore	711
https://superreview.squig.link/data/Truthear%20Hola%20L.txt	Truthear Hola	Truthear Hola	in-ear	711
https://superreview.squig.link/data/Truthear%20Hola%20R.txt	Truthear Hola	Truthear Hola	in-ear	711
https://superreview.squig.link/data/Truthear%20Nova%20(black%20double)%20L.txt	Truthear Nova (tips: double-flange - black)	Truthear Nova (black double flange eartips)	in-ear	711
https://superreview.squig.link/data/Truthear%20Nova%20(black%20double)%20R.txt	Truthear Nova (tips: double-flange - black)	Truthear Nova (black double flange eartips)	in-ear	711
https://superreview.squig.link/data/Truthear%20Nova%20(foam)%20L.txt	Truthear Nova (tips: foam)	Truthear Nova (foam eartips)	in-ear	711
https://superreview.squig.link/data/Truthear%20Nova%20(foam)%20R.txt	Truthear Nova (tips: foam)	Truthear Nova (foam eartips)	in-ear	711
https://superreview.squig.link/data/Truthear%20Nova%20L.txt	Truthear Nova (tips: silicone)	Truthear Nova (silicone eartips)	in-ear	711
https://superreview.squig.link/data/Truthear%20Nova%20R.txt	Truthear Nova (tips: silicone)	Truthear Nova (silicone eartips)	in-ear	711
https://superreview.squig.link/data/Truthear%20Nova%20(Spring)%20L.txt	Truthear Nova (tips: Spring)	Truthear Nova (tips: Spring)	ignore	711
https://superreview.squig.link/data/Truthear%20Nova%20(Spring)%20R.txt	Truthear Nova (tips: Spring)	Truthear Nova (tips: Spring)	ignore	711
https://superreview.squig.link/data/Truthear%20Nova%20(white%20double)%20L.txt	Truthear Nova (tips: double-flange - white)	Truthear Nova (white double flange eartips)	in-ear	711
https://superreview.squig.link/data/Truthear%20Nova%20(white%20double)%20R.txt	Truthear Nova (tips: double-flange - white)	Truthear Nova (white double flange eartips)	in-ear	711
https://superreview.squig.link/data/Truthear%20Pure%20L.txt	Truthear Pure 	Truthear Pure	in-ear	711
https://superreview.squig.link/data/Truthear%20Pure%20R.txt	Truthear Pure 	Truthear Pure	in-ear	711
https://superreview.squig.link/data/Truthear%20Pure%20deep%20L.txt	Truthear Pure (insert: deep)	Truthear Pure (insert deep)	ignore	711
https://superreview.squig.link/data/Truthear%20Pure%20deep%20R.txt	Truthear Pure (insert: deep)	Truthear Pure (insert deep)	ignore	711
https://superreview.squig.link/data/Truthear%20Pure%20shallow%20L.txt	Truthear Pure (insert: shallow)	Truthear Pure (insert shallow)	ignore	711
https://superreview.squig.link/data/Truthear%20Pure%20shallow%20R.txt	Truthear Pure (insert: shallow)	Truthear Pure (insert shallow)	ignore	711
https://superreview.squig.link/data/Truthear%20Pure%20candy%20L.txt	Truthear Pure (tips: Dunu Candy)	Truthear Pure (tips Dunu Candy)	ignore	711
https://superreview.squig.link/data/Truthear%20Pure%20candy%20R.txt	Truthear Pure (tips: Dunu Candy)	Truthear Pure (tips Dunu Candy)	ignore	711
https://superreview.squig.link/data/Truthear%20Zero%20(S2%20deep)%20L.txt	Truthear Zero (sample 2 - deep fit)	Truthear Zero (sample 2 - deep fit)	ignore	
https://superreview.squig.link/data/Truthear%20Zero%20(S2%20deep)%20R.txt	Truthear Zero (sample 2 - deep fit)	Truthear Zero (sample 2 - deep fit)	ignore	
https://superreview.squig.link/data/Truthear%20Zero%20Blue%202%2010ohm%20L.txt		Truthear Zero Blue 2 10ohm	ignore	711
https://superreview.squig.link/data/Truthear%20Zero%20Blue%202%2010ohm%20R.txt		Truthear Zero Blue 2 10ohm	ignore	711
https://superreview.squig.link/data/Truthear%20Zero%20Blue%202%2075ohm%20L.txt		Truthear Zero Blue 2 75ohm	ignore	711
https://superreview.squig.link/data/Truthear%20Zero%20Blue%202%2075ohm%20R.txt		Truthear Zero Blue 2 75ohm	ignore	711
https://superreview.squig.link/data/Truthear%20Zero%20L.txt	Truthear Zero (sample 1)	Truthear x Crinacle Zero	in-ear	711
https://superreview.squig.link/data/Truthear%20Zero%20R.txt	Truthear Zero (sample 1)	Truthear x Crinacle Zero	in-ear	711
https://superreview.squig.link/data/Truthear%20Zero%20(S2)%20L.txt	Truthear Zero (sample 2)	Truthear x Crinacle Zero	in-ear	711
https://superreview.squig.link/data/Truthear%20Zero%20(S2)%20R.txt	Truthear Zero (sample 2)	Truthear x Crinacle Zero	in-ear	711
https://superreview.squig.link/data/Truthear%20Zero%20Blue%202%20foam%20L.txt	Truthear x Crinacle Zero Blue 2 (tips: foam)	Truthear x Crinacle Zero Blue 2 (foam eartips)	in-ear	711
https://superreview.squig.link/data/Truthear%20Zero%20Blue%202%20foam%20R.txt	Truthear x Crinacle Zero Blue 2 (tips: foam)	Truthear x Crinacle Zero Blue 2 (foam eartips)	in-ear	711
https://superreview.squig.link/data/Truthear%20Zero%20Blue%202%20preprod%20L.txt	Truthear x Crinacle Zero Blue 2 (pre-production @ SIAS)	Truthear x Crinacle Zero Blue 2 (pre-production @ SIAS)	ignore	711
https://superreview.squig.link/data/Truthear%20Zero%20Blue%202%20preprod%20R.txt	Truthear x Crinacle Zero Blue 2 (pre-production @ SIAS)	Truthear x Crinacle Zero Blue 2 (pre-production @ SIAS)	ignore	711
https://superreview.squig.link/data/Truthear%20Zero%20Blue%202%20L.txt	Truthear x Crinacle Zero Blue 2 (tips: silicone)	Truthear x Crinacle Zero Blue 2 (silicone eartips)	in-ear	711
https://superreview.squig.link/data/Truthear%20Zero%20Blue%202%20R.txt	Truthear x Crinacle Zero Blue 2 (tips: silicone)	Truthear x Crinacle Zero Blue 2 (silicone eartips)	in-ear	711
https://superreview.squig.link/data/Truthear%20Zero%20Blue%202%205ohm%20L.txt	Truthear x Crinacle Zero Blue 2 (tips: silicone :: impedance adapter: 5 ohm)	Truthear x Crinacle Zero Blue 2 (tips silicone impedance adapter 5 ohm)	ignore	711
https://superreview.squig.link/data/Truthear%20Zero%20Blue%202%205ohm%20R.txt	Truthear x Crinacle Zero Blue 2 (tips: silicone :: impedance adapter: 5 ohm)	Truthear x Crinacle Zero Blue 2 (tips silicone impedance adapter 5 ohm)	ignore	711
https://superreview.squig.link/data/Truthear%20Zero%20Red%20L.txt	Truthear Zero: Red 	Truthear x Crinacle Zero RED	in-ear	711
https://superreview.squig.link/data/Truthear%20Zero%20Red%20R.txt	Truthear Zero: Red 	Truthear x Crinacle Zero RED	in-ear	711
https://superreview.squig.link/data/Truthear%20Zero%20Red%20(75%20ohm)%20L.txt	Truthear Zero: Red (impedance adapter: 75 ohm)	Truthear x Crinacle Zero RED (75 ohm adapter)	ignore	711
https://superreview.squig.link/data/Truthear%20Zero%20Red%20(75%20ohm)%20R.txt	Truthear Zero: Red (impedance adapter: 75 ohm)	Truthear x Crinacle Zero RED (75 ohm adapter)	ignore	711
https://superreview.squig.link/data/Truthear%20Zero%20Red%20(10%20ohm)%20L.txt	Truthear Zero: Red (impedance adapter: 10 ohm)	Truthear x Crinacle Zero RED (Bass+)	in-ear	711
https://superreview.squig.link/data/Truthear%20Zero%20Red%20(10%20ohm)%20R.txt	Truthear Zero: Red (impedance adapter: 10 ohm)	Truthear x Crinacle Zero RED (Bass+)	in-ear	711
https://superreview.squig.link/data/Truthear%20Zero%20Red%20(136%20ohm)%20L.txt	Truthear Zero: Red (impedance adapter: 136 ohm)	Truthear x Crinacle Zero Red (136 ohm adapter)	ignore	711
https://superreview.squig.link/data/Truthear%20Zero%20Red%20(136%20ohm)%20R.txt	Truthear Zero: Red (impedance adapter: 136 ohm)	Truthear x Crinacle Zero Red (136 ohm adapter)	ignore	711
https://superreview.squig.link/data/Truthear%20Zero%20Red%20(36%20ohm)%20L.txt	Truthear Zero: Red (impedance adapter: 36 ohm)	Truthear x Crinacle Zero Red (36 ohm adapter)	ignore	711
https://superreview.squig.link/data/Truthear%20Zero%20Red%20(36%20ohm)%20R.txt	Truthear Zero: Red (impedance adapter: 36 ohm)	Truthear x Crinacle Zero Red (36 ohm adapter)	ignore	711
https://superreview.squig.link/data/Twistura%20Woodnote%20standard%20deep%20L.txt	Twistura Woodnote (nozzle: standard :: insert: deep)	Twistura Woodnote (nozzle standard insert deep)	ignore	711
https://superreview.squig.link/data/Twistura%20Woodnote%20standard%20deep%20R.txt	Twistura Woodnote (nozzle: standard :: insert: deep)	Twistura Woodnote (nozzle standard insert deep)	ignore	711
https://superreview.squig.link/data/Twistura%20Woodnote%20standard%20shallow%20L.txt	Twistura Woodnote (nozzle: standard :: insert: shallow)	Twistura Woodnote (nozzle standard insert shallow)	ignore	711
https://superreview.squig.link/data/Twistura%20Woodnote%20standard%20shallow%20R.txt	Twistura Woodnote (nozzle: standard :: insert: shallow)	Twistura Woodnote (nozzle standard insert shallow)	ignore	711
https://superreview.squig.link/data/Ucotech%20RE-2%20L.txt	Ucotech RE-2 (sample 1)	Ucotech RE-2	in-ear	711
https://superreview.squig.link/data/Ucotech%20RE-2%20R.txt	Ucotech RE-2 (sample 1)	Ucotech RE-2	in-ear	711
https://superreview.squig.link/data/Ucotech%20RE-2%20(S2)%20L.txt	Ucotech RE-2 (sample 2)	Ucotech RE-2	in-ear	711
https://superreview.squig.link/data/Ucotech%20RE-2%20(S2)%20R.txt	Ucotech RE-2 (sample 2)	Ucotech RE-2	in-ear	711
https://squig.link/data/Ucotech%20RE-3%20Pro%20L.txt	Ucotech RE-3 Pro 	Ucotech RE-3 Pro	in-ear	711
https://squig.link/data/Ucotech%20RE-3%20Pro%20R.txt	Ucotech RE-3 Pro 	Ucotech RE-3 Pro	in-ear	711
https://squig.link/data/Ucotech%20RE-3%20Pro%20deep%20L.txt	Ucotech RE-3 Pro (insert: deep)	Ucotech RE-3 Pro (insert deep)	in-ear	711
https://squig.link/data/Ucotech%20RE-3%20Pro%20deep%20R.txt	Ucotech RE-3 Pro (insert: deep)	Ucotech RE-3 Pro (insert deep)	in-ear	711
https://squig.link/data/Ucotech%20RE-3%20Pro%20shallow%20L.txt	Ucotech RE-3 Pro (insert: shallow)	Ucotech RE-3 Pro (insert shallow)	in-ear	711
https://squig.link/data/Ucotech%20RE-3%20Pro%20shallow%20R.txt	Ucotech RE-3 Pro (insert: shallow)	Ucotech RE-3 Pro (insert shallow)	in-ear	711
https://superreview.squig.link/data/Unique%20Melody%20MEST%20L.txt	Unique Melody MEST	Unique Melody MEST	in-ear	711
https://superreview.squig.link/data/Unique%20Melody%20MEST%20R.txt	Unique Melody MEST	Unique Melody MEST	in-ear	711
https://squig.link/data/Unique%20Melody%20MEST%20Jet%20Black%20L.txt	Unique Melody MEST Jet Black	Unique Melody MEST Jet Black	in-ear	711
https://squig.link/data/Unique%20Melody%20MEST%20Jet%20Black%20R.txt	Unique Melody MEST Jet Black	Unique Melody MEST Jet Black	in-ear	711
https://superreview.squig.link/data/Unique%20Melody%20MEST%20mkII%20L.txt	Unique Melody MEST mkII	Unique Melody MEST Mk2	in-ear	711
https://superreview.squig.link/data/Unique%20Melody%20MEST%20mkII%20R.txt	Unique Melody MEST mkII	Unique Melody MEST Mk2	in-ear	711
https://superreview.squig.link/data/Vsonic%20GR07%20L.txt	Vsonic GR07	VSonic GR07	in-ear	711
https://superreview.squig.link/data/Vsonic%20GR07%20R.txt	Vsonic GR07	VSonic GR07	in-ear	711
https://superreview.squig.link/data/Vsonic%20GR07%20(Bass)%20L.txt	Vsonic GR07 Bass Edition	VSonic GR07 Bass Edition	in-ear	711
https://superreview.squig.link/data/Vsonic%20VS7%20L.txt	Vsonic VS7	VSonic VS7	in-ear	711
https://superreview.squig.link/earbuds/data/VE%20Monk%20Plus%20R1.txt		Venture Electronics Monk Plus	earbud	KB006x + 711
https://superreview.squig.link/earbuds/data/VE%20Monk%20Plus%20R2.txt		Venture Electronics Monk Plus	earbud	KB006x + 711
https://superreview.squig.link/earbuds/data/VE%20Monk%20Plus%20R3.txt		Venture Electronics Monk Plus	earbud	KB006x + 711
https://superreview.squig.link/data/Vision%20Ears%20VE7%20L.txt	Vision Ears VE7	Vision Ears VE7	in-ear	711
https://superreview.squig.link/data/Vision%20Ears%20VE7%20R.txt	Vision Ears VE7	Vision Ears VE7	in-ear	711
https://superreview.squig.link/data/Vision%20Ears%20VE8%20L.txt	Vision Ears VE8	Vision Ears VE8	in-ear	711
https://squig.link/data/Vzonis%20VP07%20L.txt	Vzonis VP07	Vzonis VP07	in-ear	711
https://squig.link/data/Vzonis%20VP07%20R.txt	Vzonis VP07	Vzonis VP07	in-ear	711
https://superreview.squig.link/data/Whizzer%20Kylin%20L.txt	Whizzer Kylin	Whizzer Kylin	ignore	
https://superreview.squig.link/earbuds/data/Willsound%20Mk2%20R1.txt		Willsound MK2	earbud	KB006x + 711
https://superreview.squig.link/earbuds/data/Willsound%20Mk2%20R2.txt		Willsound MK2	earbud	KB006x + 711
https://superreview.squig.link/earbuds/data/Willsound%20Mk2%20R3.txt		Willsound MK2	earbud	KB006x + 711
https://superreview.squig.link/data/Xenns%20Mangird%20Tea%20L.txt	Xenns Mangird Tea	Xenns Mangird Tea	in-ear	711
https://superreview.squig.link/data/Xenns%20Mangird%20Tea%202%20L.txt	Xenns Mangird Tea 2 (sample 1)	Xenns Mangird Tea2	in-ear	711
https://superreview.squig.link/data/Xenns%20Mangird%20Tea%202%20R.txt	Xenns Mangird Tea 2 (sample 1)	Xenns Mangird Tea2	in-ear	711
https://superreview.squig.link/data/Xenns%20Mangird%20Tea%202%20(S2)%20L.txt	Xenns Mangird Tea 2 (sample 2)	Xenns Mangird Tea2	in-ear	711
https://superreview.squig.link/data/Xenns%20Mangird%20Tea%202%20(S2)%20R.txt	Xenns Mangird Tea 2 (sample 2)	Xenns Mangird Tea2	in-ear	711
https://superreview.squig.link/data/Xenns%20Mangird%20Top%20L.txt	Xenns Mangird Top	Xenns Mangird Top	in-ear	711
https://superreview.squig.link/data/Xenns%20Mangird%20Top%20R.txt	Xenns Mangird Top	Xenns Mangird Top	in-ear	711
https://superreview.squig.link/data/Xenns%20Top%20Pro%20L.txt	Xenns Top Pro 	Xenns Mangird Top Pro	in-ear	711
https://superreview.squig.link/data/Xenns%20Top%20Pro%20R.txt	Xenns Top Pro 	Xenns Mangird Top Pro	in-ear	711
https://squig.link/data/Xenns%20Tea%20Pro%20L.txt	Xenns Tea Pro 	Xenns Tea Pro	in-ear	711
https://squig.link/data/Xenns%20Tea%20Pro%20R.txt	Xenns Tea Pro 	Xenns Tea Pro	in-ear	711
https://squig.link/data/Xenns%20Tea%20Pro%20deep%20L.txt	Xenns Tea Pro (insert: deep)	Xenns Tea Pro (insert deep)	in-ear	711
https://squig.link/data/Xenns%20Tea%20Pro%20deep%20R.txt	Xenns Tea Pro (insert: deep)	Xenns Tea Pro (insert deep)	in-ear	711
https://squig.link/data/Xenns%20Tea%20Pro%20shallow%20L.txt	Xenns Tea Pro (insert: shallow)	Xenns Tea Pro (insert shallow)	in-ear	711
https://squig.link/data/Xenns%20Tea%20Pro%20shallow%20R.txt	Xenns Tea Pro (insert: shallow)	Xenns Tea Pro (insert shallow)	in-ear	711
https://squig.link/data/Xenns%20Tea%20Pro%20SE%20L.txt	Xenns Tea Pro SE 	Xenns Tea Pro SE	in-ear	711
https://squig.link/data/Xenns%20Tea%20Pro%20SE%20R.txt	Xenns Tea Pro SE 	Xenns Tea Pro SE	in-ear	711
https://squig.link/data/Xenns%20Tea%20Pro%20SE%20deep%20L.txt	Xenns Tea Pro SE (insert: deep)	Xenns Tea Pro SE (insert deep)	in-ear	711
https://squig.link/data/Xenns%20Tea%20Pro%20SE%20deep%20R.txt	Xenns Tea Pro SE (insert: deep)	Xenns Tea Pro SE (insert deep)	in-ear	711
https://squig.link/data/Xenns%20Tea%20Pro%20SE%20shallow%20L.txt	Xenns Tea Pro SE (insert: shallow)	Xenns Tea Pro SE (insert shallow)	in-ear	711
https://squig.link/data/Xenns%20Tea%20Pro%20SE%20shallow%20R.txt	Xenns Tea Pro SE (insert: shallow)	Xenns Tea Pro SE (insert shallow)	in-ear	711
https://superreview.squig.link/data/Xenns%20Top%20Pro%20deep%20L.txt	Xenns Top Pro (insert: deep)	Xenns Top Pro (insert deep)	ignore	711
https://superreview.squig.link/data/Xenns%20Top%20Pro%20deep%20R.txt	Xenns Top Pro (insert: deep)	Xenns Top Pro (insert deep)	ignore	711
https://superreview.squig.link/data/Xenns%20Top%20Pro%20shallow%20L.txt	Xenns Top Pro (insert: shallow)	Xenns Top Pro (insert shallow)	ignore	711
https://superreview.squig.link/data/Xenns%20Top%20Pro%20shallow%20R.txt	Xenns Top Pro (insert: shallow)	Xenns Top Pro (insert shallow)	ignore	711
https://superreview.squig.link/data/Mi%20True%20Wireless%20Earbuds%20Basic%202%20L.txt	Mi True Wireless Earbuds Basic 2	Xiaomi Mi True Wireless Earbuds Basic 2	in-ear	711
https://squig.link/data/YU9%20Que%20L.txt	YU9 Que 	YU9 Audio Que	in-ear	711
https://squig.link/data/YU9%20Que%20R.txt	YU9 Que 	YU9 Audio Que	in-ear	711
https://squig.link/data/YU9%20Que%20deep%20L.txt	YU9 Que (insert: deep [same as 8kHz insert])	YU9 Audio Que (insert deep [same as 8kHz insert])	in-ear	711
https://squig.link/data/YU9%20Que%20deep%20R.txt	YU9 Que (insert: deep [same as 8kHz insert])	YU9 Audio Que (insert deep [same as 8kHz insert])	in-ear	711
https://squig.link/data/YU9%20Que%20shallow%20L.txt	YU9 Que (insert: shallow)	YU9 Audio Que (insert shallow)	in-ear	711
https://squig.link/data/YU9%20Que%20shallow%20R.txt	YU9 Que (insert: shallow)	YU9 Audio Que (insert shallow)	in-ear	711
https://superreview.squig.link/data/Yanyin%20Canon%20II%20(DD)%20L.txt	Yanyin Canon II (switches: down - down)	Yanyin Canon II (off-off)	in-ear	711
https://superreview.squig.link/data/Yanyin%20Canon%20II%20(DD)%20R.txt	Yanyin Canon II (switches: down - down)	Yanyin Canon II (off-off)	in-ear	711
https://superreview.squig.link/data/Yanyin%20Canon%20II%20(DU)%20L.txt	Yanyin Canon II (switches: down - up)	Yanyin Canon II (off-on)	in-ear	711
https://superreview.squig.link/data/Yanyin%20Canon%20II%20(DU)%20R.txt	Yanyin Canon II (switches: down - up)	Yanyin Canon II (off-on)	in-ear	711
https://superreview.squig.link/data/Yanyin%20Canon%20II%20(UD)%20L.txt	Yanyin Canon II (switches: up - down)	Yanyin Canon II (on-off)	in-ear	711
https://superreview.squig.link/data/Yanyin%20Canon%20II%20(UD)%20R.txt	Yanyin Canon II (switches: up - down)	Yanyin Canon II (on-off)	in-ear	711
https://superreview.squig.link/data/Yanyin%20Canon%20II%20(UU)%20L.txt	Yanyin Canon II (switches: up - up)	Yanyin Canon II (on-on)	in-ear	711
https://superreview.squig.link/data/Yanyin%20Canon%20II%20(UU)%20R.txt	Yanyin Canon II (switches: up - up)	Yanyin Canon II (on-on)	in-ear	711
https://superreview.squig.link/data/Yanyin%20Canon%20Pro%20DD%20L.txt	Yanyin Canon Pro (switches: down - down)	Yanyin Canon Pro (off-off)	in-ear	711
https://superreview.squig.link/data/Yanyin%20Canon%20Pro%20DD%20R.txt	Yanyin Canon Pro (switches: down - down)	Yanyin Canon Pro (off-off)	in-ear	711
https://superreview.squig.link/data/Yanyin%20Canon%20Pro%20DU%20L.txt	Yanyin Canon Pro (switches: down - up)	Yanyin Canon Pro (off-on)	in-ear	711
https://superreview.squig.link/data/Yanyin%20Canon%20Pro%20DU%20R.txt	Yanyin Canon Pro (switches: down - up)	Yanyin Canon Pro (off-on)	in-ear	711
https://superreview.squig.link/data/Yanyin%20Canon%20Pro%20UD%20L.txt	Yanyin Canon Pro (switches: up - down)	Yanyin Canon Pro (on-off)	in-ear	711
https://superreview.squig.link/data/Yanyin%20Canon%20Pro%20UD%20R.txt	Yanyin Canon Pro (switches: up - down)	Yanyin Canon Pro (on-off)	in-ear	711
https://superreview.squig.link/data/Yanyin%20Canon%20Pro%20UU%20L.txt	Yanyin Canon Pro (switches: up - up)	Yanyin Canon Pro (on-on)	in-ear	711
https://superreview.squig.link/data/Yanyin%20Canon%20Pro%20UU%20R.txt	Yanyin Canon Pro (switches: up - up)	Yanyin Canon Pro (on-on)	in-ear	711
https://superreview.squig.link/data/Yanyin%20Mahina%20L.txt	Yanyin Mahina	Yanyin Mahina	in-ear	711
https://superreview.squig.link/data/Yanyin%20Mahina%20R.txt	Yanyin Mahina	Yanyin Mahina	in-ear	711
https://superreview.squig.link/earbuds/data/Yincrow%20RW-9%20R1.txt		Yincrow RW-9	earbud	KB006x + 711
https://superreview.squig.link/earbuds/data/Yincrow%20RW-9%20R2.txt		Yincrow RW-9	earbud	KB006x + 711
https://superreview.squig.link/earbuds/data/Yincrow%20RW-9%20R3.txt		Yincrow RW-9	earbud	KB006x + 711
https://superreview.squig.link/earbuds/data/Yincrow%20X6%20R1.txt		Yincrow X6	earbud	KB006x + 711
https://superreview.squig.link/earbuds/data/Yincrow%20X6%20R2.txt		Yincrow X6	earbud	KB006x + 711
https://superreview.squig.link/earbuds/data/Yincrow%20X6%20R3.txt		Yincrow X6	earbud	KB006x + 711
https://superreview.squig.link/data/Yinfu%20MD51%20L.txt	Yinfu MD51	Yinfu MD51	in-ear	711
https://superreview.squig.link/data/Yinyoo%20V2%20L.txt	Yinyoo V2	Yinyoo V2	in-ear	711
https://superreview.squig.link/headphones/data/ZMF%20Atrium%20(lamb%20perf)%20L1.txt	ZMF Atrium (pads: lamb skin perforated, mesh: solid)	ZMF Atrium (solid mesh, perforated lambskin earpads)	over-ear	KB006x + 711
https://superreview.squig.link/headphones/data/ZMF%20Atrium%20(lamb%20perf)%20L2.txt	ZMF Atrium (pads: lamb skin perforated, mesh: solid)	ZMF Atrium (solid mesh, perforated lambskin earpads)	over-ear	KB006x + 711
https://superreview.squig.link/headphones/data/ZMF%20Atrium%20(lamb%20perf)%20L3.txt	ZMF Atrium (pads: lamb skin perforated, mesh: solid)	ZMF Atrium (solid mesh, perforated lambskin earpads)	over-ear	KB006x + 711
https://superreview.squig.link/headphones/data/ZMF%20Atrium%20(lamb%20perf)%20R1.txt	ZMF Atrium (pads: lamb skin perforated, mesh: solid)	ZMF Atrium (solid mesh, perforated lambskin earpads)	over-ear	KB006x + 711
https://superreview.squig.link/headphones/data/ZMF%20Atrium%20(lamb%20perf)%20R2.txt	ZMF Atrium (pads: lamb skin perforated, mesh: solid)	ZMF Atrium (solid mesh, perforated lambskin earpads)	over-ear	KB006x + 711
https://superreview.squig.link/headphones/data/ZMF%20Atrium%20(lamb%20perf)%20R3.txt	ZMF Atrium (pads: lamb skin perforated, mesh: solid)	ZMF Atrium (solid mesh, perforated lambskin earpads)	over-ear	KB006x + 711
https://superreview.squig.link/headphones/data/ZMF%20Atrium%20(suede%20perf)%20L1.txt	ZMF Atrium (pads: suede perforated, mesh: solid)	ZMF Atrium (solid mesh, perforated suede earpads)	over-ear	KB006x + 711
https://superreview.squig.link/headphones/data/ZMF%20Atrium%20(suede%20perf)%20L2.txt	ZMF Atrium (pads: suede perforated, mesh: solid)	ZMF Atrium (solid mesh, perforated suede earpads)	over-ear	KB006x + 711
https://superreview.squig.link/headphones/data/ZMF%20Atrium%20(suede%20perf)%20L3.txt	ZMF Atrium (pads: suede perforated, mesh: solid)	ZMF Atrium (solid mesh, perforated suede earpads)	over-ear	KB006x + 711
https://superreview.squig.link/headphones/data/ZMF%20Atrium%20(suede%20perf)%20R1.txt	ZMF Atrium (pads: suede perforated, mesh: solid)	ZMF Atrium (solid mesh, perforated suede earpads)	over-ear	KB006x + 711
https://superreview.squig.link/headphones/data/ZMF%20Atrium%20(suede%20perf)%20R2.txt	ZMF Atrium (pads: suede perforated, mesh: solid)	ZMF Atrium (solid mesh, perforated suede earpads)	over-ear	KB006x + 711
https://superreview.squig.link/headphones/data/ZMF%20Atrium%20(suede%20perf)%20R3.txt	ZMF Atrium (pads: suede perforated, mesh: solid)	ZMF Atrium (solid mesh, perforated suede earpads)	over-ear	KB006x + 711
https://superreview.squig.link/headphones/data/ZMF%20Auteur%20Classic%20L1.txt	ZMF Auteur Classic (pads: lamb) [stock]	ZMF Auteur Classic	over-ear	KB006x + 711
https://superreview.squig.link/headphones/data/ZMF%20Auteur%20Classic%20L2.txt	ZMF Auteur Classic (pads: lamb) [stock]	ZMF Auteur Classic	over-ear	KB006x + 711
https://superreview.squig.link/headphones/data/ZMF%20Auteur%20Classic%20L3.txt	ZMF Auteur Classic (pads: lamb) [stock]	ZMF Auteur Classic	over-ear	KB006x + 711
https://superreview.squig.link/headphones/data/ZMF%20Auteur%20Classic%20R1.txt	ZMF Auteur Classic (pads: lamb) [stock]	ZMF Auteur Classic	over-ear	KB006x + 711
https://superreview.squig.link/headphones/data/ZMF%20Auteur%20Classic%20R2.txt	ZMF Auteur Classic (pads: lamb) [stock]	ZMF Auteur Classic	over-ear	KB006x + 711
https://superreview.squig.link/headphones/data/ZMF%20Auteur%20Classic%20R3.txt	ZMF Auteur Classic (pads: lamb) [stock]	ZMF Auteur Classic	over-ear	KB006x + 711
https://superreview.squig.link/headphones/data/ZMF%20Auteur%20Classic%20Caldera%20hybrid%20L1.txt	ZMF Auteur Classic (pads: Caldera hybrid)	ZMF Auteur Classic (ZMF Caldera hybrid earpads)	over-ear	KB006x + 711
https://superreview.squig.link/headphones/data/ZMF%20Auteur%20Classic%20Caldera%20hybrid%20L2.txt	ZMF Auteur Classic (pads: Caldera hybrid)	ZMF Auteur Classic (ZMF Caldera hybrid earpads)	over-ear	KB006x + 711
https://superreview.squig.link/headphones/data/ZMF%20Auteur%20Classic%20Caldera%20hybrid%20L3.txt	ZMF Auteur Classic (pads: Caldera hybrid)	ZMF Auteur Classic (ZMF Caldera hybrid earpads)	over-ear	KB006x + 711
https://superreview.squig.link/headphones/data/ZMF%20Auteur%20Classic%20Caldera%20lamb%20L1.txt	ZMF Auteur Classic (pads: Caldera lamb)	ZMF Auteur Classic (ZMF Caldera lambskin earpads)	over-ear	KB006x + 711
https://superreview.squig.link/headphones/data/ZMF%20Auteur%20Classic%20Caldera%20lamb%20L2.txt	ZMF Auteur Classic (pads: Caldera lamb)	ZMF Auteur Classic (ZMF Caldera lambskin earpads)	over-ear	KB006x + 711
https://superreview.squig.link/headphones/data/ZMF%20Auteur%20Classic%20Caldera%20lamb%20L3.txt	ZMF Auteur Classic (pads: Caldera lamb)	ZMF Auteur Classic (ZMF Caldera lambskin earpads)	over-ear	KB006x + 711
https://superreview.squig.link/headphones/data/ZMF%20Auteur%20Classic%20Caldera%20suede%20L1.txt	ZMF Auteur Classic (pads: Caldera suede)	ZMF Auteur Classic (ZMF Caldera suede earpads)	over-ear	KB006x + 711
https://superreview.squig.link/headphones/data/ZMF%20Auteur%20Classic%20Caldera%20suede%20L2.txt	ZMF Auteur Classic (pads: Caldera suede)	ZMF Auteur Classic (ZMF Caldera suede earpads)	over-ear	KB006x + 711
https://superreview.squig.link/headphones/data/ZMF%20Auteur%20Classic%20Caldera%20suede%20L3.txt	ZMF Auteur Classic (pads: Caldera suede)	ZMF Auteur Classic (ZMF Caldera suede earpads)	over-ear	KB006x + 711
https://superreview.squig.link/headphones/data/ZMF%20Bokeh%20forward%20L1.txt	ZMF Bokeh Closed (config: stock, position: pushed backward)	ZMF Bokeh Closed (config stock, position pushed backward)	ignore	KB006x + 711
https://superreview.squig.link/headphones/data/ZMF%20Bokeh%20forward%20L2.txt	ZMF Bokeh Closed (config: stock, position: pushed backward)	ZMF Bokeh Closed (config stock, position pushed backward)	ignore	KB006x + 711
https://superreview.squig.link/headphones/data/ZMF%20Bokeh%20forward%20L3.txt	ZMF Bokeh Closed (config: stock, position: pushed backward)	ZMF Bokeh Closed (config stock, position pushed backward)	ignore	KB006x + 711
https://superreview.squig.link/headphones/data/ZMF%20Caldera%20Closed%20m-black%20L1.txt	ZMF Caldera Closed (pads: hybrid :: mesh: black)	ZMF Bokeh Closed (hybrid earpads, black mesh)	over-ear	KB006x + 711
https://superreview.squig.link/headphones/data/ZMF%20Caldera%20Closed%20m-black%20L2.txt	ZMF Caldera Closed (pads: hybrid :: mesh: black)	ZMF Bokeh Closed (hybrid earpads, black mesh)	over-ear	KB006x + 711
https://superreview.squig.link/headphones/data/ZMF%20Caldera%20Closed%20m-black%20L3.txt	ZMF Caldera Closed (pads: hybrid :: mesh: black)	ZMF Bokeh Closed (hybrid earpads, black mesh)	over-ear	KB006x + 711
https://superreview.squig.link/headphones/data/ZMF%20Bokeh%20L1.txt	ZMF Bokeh Closed (pads: hybrid :: mesh: burst) [stock]	ZMF Bokeh Closed (hybrid earpads, burst mesh)	over-ear	KB006x + 711
https://superreview.squig.link/headphones/data/ZMF%20Bokeh%20L2.txt	ZMF Bokeh Closed (pads: hybrid :: mesh: burst) [stock]	ZMF Bokeh Closed (hybrid earpads, burst mesh)	over-ear	KB006x + 711
https://superreview.squig.link/headphones/data/ZMF%20Bokeh%20L3.txt	ZMF Bokeh Closed (pads: hybrid :: mesh: burst) [stock]	ZMF Bokeh Closed (hybrid earpads, burst mesh)	over-ear	KB006x + 711
https://superreview.squig.link/headphones/data/ZMF%20Bokeh%20R1.txt	ZMF Bokeh Closed (pads: hybrid :: mesh: burst) [stock]	ZMF Bokeh Closed (hybrid earpads, burst mesh)	over-ear	KB006x + 711
https://superreview.squig.link/headphones/data/ZMF%20Bokeh%20R2.txt	ZMF Bokeh Closed (pads: hybrid :: mesh: burst) [stock]	ZMF Bokeh Closed (hybrid earpads, burst mesh)	over-ear	KB006x + 711
https://superreview.squig.link/headphones/data/ZMF%20Bokeh%20R3.txt	ZMF Bokeh Closed (pads: hybrid :: mesh: burst) [stock]	ZMF Bokeh Closed (hybrid earpads, burst mesh)	over-ear	KB006x + 711
https://superreview.squig.link/headphones/data/ZMF%20Caldera%20Closed%20m-green%20L1.txt	ZMF Caldera Closed (pads: hybrid :: mesh: green)	ZMF Bokeh Closed (hybrid earpads, green mesh)	over-ear	KB006x + 711
https://superreview.squig.link/headphones/data/ZMF%20Caldera%20Closed%20m-green%20L2.txt	ZMF Caldera Closed (pads: hybrid :: mesh: green)	ZMF Bokeh Closed (hybrid earpads, green mesh)	over-ear	KB006x + 711
https://superreview.squig.link/headphones/data/ZMF%20Caldera%20Closed%20m-green%20L3.txt	ZMF Caldera Closed (pads: hybrid :: mesh: green)	ZMF Bokeh Closed (hybrid earpads, green mesh)	over-ear	KB006x + 711
https://superreview.squig.link/headphones/data/ZMF%20Bokeh%20no%20mesh%20L1.txt	ZMF Bokeh Closed (pads: hybrid :: mesh: none)	ZMF Bokeh Closed (hybrid earpads, no mesh)	over-ear	KB006x + 711
https://superreview.squig.link/headphones/data/ZMF%20Bokeh%20no%20mesh%20L2.txt	ZMF Bokeh Closed (pads: hybrid :: mesh: none)	ZMF Bokeh Closed (hybrid earpads, no mesh)	over-ear	KB006x + 711
https://superreview.squig.link/headphones/data/ZMF%20Bokeh%20no%20mesh%20L3.txt	ZMF Bokeh Closed (pads: hybrid :: mesh: none)	ZMF Bokeh Closed (hybrid earpads, no mesh)	over-ear	KB006x + 711
https://superreview.squig.link/headphones/data/ZMF%20Caldera%20Closed%20L1.txt	ZMF Caldera Closed (pads: hybrid :: mesh: red) [stock]	ZMF Bokeh Closed (hybrid earpads, red mesh)	over-ear	KB006x + 711
https://superreview.squig.link/headphones/data/ZMF%20Caldera%20Closed%20L2.txt	ZMF Caldera Closed (pads: hybrid :: mesh: red) [stock]	ZMF Bokeh Closed (hybrid earpads, red mesh)	over-ear	KB006x + 711
https://superreview.squig.link/headphones/data/ZMF%20Caldera%20Closed%20L3.txt	ZMF Caldera Closed (pads: hybrid :: mesh: red) [stock]	ZMF Bokeh Closed (hybrid earpads, red mesh)	over-ear	KB006x + 711
https://superreview.squig.link/headphones/data/ZMF%20Caldera%20Closed%20R1.txt	ZMF Caldera Closed (pads: hybrid :: mesh: red) [stock]	ZMF Bokeh Closed (hybrid earpads, red mesh)	over-ear	KB006x + 711
https://superreview.squig.link/headphones/data/ZMF%20Caldera%20Closed%20R2.txt	ZMF Caldera Closed (pads: hybrid :: mesh: red) [stock]	ZMF Bokeh Closed (hybrid earpads, red mesh)	over-ear	KB006x + 711
https://superreview.squig.link/headphones/data/ZMF%20Caldera%20Closed%20R3.txt	ZMF Caldera Closed (pads: hybrid :: mesh: red) [stock]	ZMF Bokeh Closed (hybrid earpads, red mesh)	over-ear	KB006x + 711
https://superreview.squig.link/headphones/data/ZMF%20Bokeh%20titan%20mesh%20L1.txt	ZMF Bokeh Closed (pads: hybrid :: mesh: solid)	ZMF Bokeh Closed (hybrid earpads, solid mesh)	over-ear	KB006x + 711
https://superreview.squig.link/headphones/data/ZMF%20Bokeh%20titan%20mesh%20L2.txt	ZMF Bokeh Closed (pads: hybrid :: mesh: solid)	ZMF Bokeh Closed (hybrid earpads, solid mesh)	over-ear	KB006x + 711
https://superreview.squig.link/headphones/data/ZMF%20Bokeh%20titan%20mesh%20L3.txt	ZMF Bokeh Closed (pads: hybrid :: mesh: solid)	ZMF Bokeh Closed (hybrid earpads, solid mesh)	over-ear	KB006x + 711
https://superreview.squig.link/headphones/data/ZMF%20Caldera%20Closed%20lamb%20thick%20L1.txt	ZMF Caldera Closed (pads: lamb :: mesh: red)	ZMF Bokeh Closed (lambskin earpads, red mesh)	over-ear	KB006x + 711
https://superreview.squig.link/headphones/data/ZMF%20Caldera%20Closed%20lamb%20thick%20L2.txt	ZMF Caldera Closed (pads: lamb :: mesh: red)	ZMF Bokeh Closed (lambskin earpads, red mesh)	over-ear	KB006x + 711
https://superreview.squig.link/headphones/data/ZMF%20Caldera%20Closed%20lamb%20thick%20L3.txt	ZMF Caldera Closed (pads: lamb :: mesh: red)	ZMF Bokeh Closed (lambskin earpads, red mesh)	over-ear	KB006x + 711
https://superreview.squig.link/headphones/data/ZMF%20Bokeh%20protein%20L1.txt	ZMF Bokeh Closed (pads: protein :: mesh: burst)	ZMF Bokeh Closed (protein earpads, burst mesh)	over-ear	KB006x + 711
https://superreview.squig.link/headphones/data/ZMF%20Bokeh%20protein%20L2.txt	ZMF Bokeh Closed (pads: protein :: mesh: burst)	ZMF Bokeh Closed (protein earpads, burst mesh)	over-ear	KB006x + 711
https://superreview.squig.link/headphones/data/ZMF%20Bokeh%20protein%20L3.txt	ZMF Bokeh Closed (pads: protein :: mesh: burst)	ZMF Bokeh Closed (protein earpads, burst mesh)	over-ear	KB006x + 711
https://superreview.squig.link/headphones/data/ZMF%20Caldera%20Closed%20protein%20thin%20L1.txt	ZMF Caldera Closed (pads: protein :: mesh: red)	ZMF Bokeh Closed (protein earpads, red mesh)	over-ear	KB006x + 711
https://superreview.squig.link/headphones/data/ZMF%20Caldera%20Closed%20protein%20thin%20L2.txt	ZMF Caldera Closed (pads: protein :: mesh: red)	ZMF Bokeh Closed (protein earpads, red mesh)	over-ear	KB006x + 711
https://superreview.squig.link/headphones/data/ZMF%20Caldera%20Closed%20protein%20thin%20L3.txt	ZMF Caldera Closed (pads: protein :: mesh: red)	ZMF Bokeh Closed (protein earpads, red mesh)	over-ear	KB006x + 711
https://superreview.squig.link/headphones/data/ZMF%20Bokeh%20suede%20L1.txt	ZMF Bokeh Closed (pads: suede :: mesh: burst)	ZMF Bokeh Closed (suede earpads, burst mesh)	over-ear	KB006x + 711
https://superreview.squig.link/headphones/data/ZMF%20Bokeh%20suede%20L2.txt	ZMF Bokeh Closed (pads: suede :: mesh: burst)	ZMF Bokeh Closed (suede earpads, burst mesh)	over-ear	KB006x + 711
https://superreview.squig.link/headphones/data/ZMF%20Bokeh%20suede%20L3.txt	ZMF Bokeh Closed (pads: suede :: mesh: burst)	ZMF Bokeh Closed (suede earpads, burst mesh)	over-ear	KB006x + 711
https://superreview.squig.link/headphones/data/ZMF%20Caldera%20Closed%20suede%20twp%20L1.txt	ZMF Caldera Closed (pads: suede :: mesh: red)	ZMF Bokeh Closed (suede earpads, red mesh)	over-ear	KB006x + 711
https://superreview.squig.link/headphones/data/ZMF%20Caldera%20Closed%20suede%20twp%20L2.txt	ZMF Caldera Closed (pads: suede :: mesh: red)	ZMF Bokeh Closed (suede earpads, red mesh)	over-ear	KB006x + 711
https://superreview.squig.link/headphones/data/ZMF%20Caldera%20Closed%20suede%20twp%20L3.txt	ZMF Caldera Closed (pads: suede :: mesh: red)	ZMF Bokeh Closed (suede earpads, red mesh)	over-ear	KB006x + 711
https://superreview.squig.link/data/Ziigaat%20Arcanis%20L.txt	Ziigaat Arcanis	ZiiGaat Arcanis	in-ear	711
https://superreview.squig.link/data/Ziigaat%20Arcanis%20R.txt	Ziigaat Arcanis	ZiiGaat Arcanis	in-ear	711
https://squig.link/data/Ziigaat%20Crescent%20L.txt	Ziigaat Crescent 	ZiiGaat Crescent	in-ear	711
https://squig.link/data/Ziigaat%20Crescent%20R.txt	Ziigaat Crescent 	ZiiGaat Crescent	in-ear	711
https://squig.link/data/Ziigaat%20Crescent%20deep%20L.txt	Ziigaat Crescent (insert: deep)	ZiiGaat Crescent (insert deep)	in-ear	711
https://squig.link/data/Ziigaat%20Crescent%20deep%20R.txt	Ziigaat Crescent (insert: deep)	ZiiGaat Crescent (insert deep)	in-ear	711
https://squig.link/data/Ziigaat%20Crescent%20shallow%20L.txt	Ziigaat Crescent (insert: shallow)	ZiiGaat Crescent (insert shallow)	in-ear	711
https://squig.link/data/Ziigaat%20Crescent%20shallow%20R.txt	Ziigaat Crescent (insert: shallow)	ZiiGaat Crescent (insert shallow)	in-ear	711
https://superreview.squig.link/data/Ziigaat%20Estrella%20L.txt	Ziigaat x Jay Estrella	ZiiGaat Estrella	in-ear	711
https://superreview.squig.link/data/Ziigaat%20Estrella%20R.txt	Ziigaat x Jay Estrella	ZiiGaat Estrella	in-ear	711
https://squig.link/data/Ziigaat%20Horizon%20L.txt	Ziigaat Horizon 	ZiiGaat Horizon	in-ear	711
https://squig.link/data/Ziigaat%20Horizon%20R.txt	Ziigaat Horizon 	ZiiGaat Horizon	in-ear	711
https://squig.link/data/Ziigaat%20Horizon%20deep%20L.txt	Ziigaat Horizon (insert: deep)	ZiiGaat Horizon (insert deep)	in-ear	711
https://squig.link/data/Ziigaat%20Horizon%20deep%20R.txt	Ziigaat Horizon (insert: deep)	ZiiGaat Horizon (insert deep)	in-ear	711
https://squig.link/data/Ziigaat%20Horizon%20shallow%20L.txt	Ziigaat Horizon (insert: shallow)	ZiiGaat Horizon (insert shallow)	in-ear	711
https://squig.link/data/Ziigaat%20Horizon%20shallow%20R.txt	Ziigaat Horizon (insert: shallow)	ZiiGaat Horizon (insert shallow)	in-ear	711
https://squig.link/data/Ziigaat%20Luna%20L.txt	Ziigaat Luna 	ZiiGaat Luna	in-ear	711
https://squig.link/data/Ziigaat%20Luna%20R.txt	Ziigaat Luna 	ZiiGaat Luna	in-ear	711
https://squig.link/data/Ziigaat%20Luna%20deep%20L.txt	Ziigaat Luna (insert: deep)	ZiiGaat Luna (insert deep)	in-ear	711
https://squig.link/data/Ziigaat%20Luna%20deep%20R.txt	Ziigaat Luna (insert: deep)	ZiiGaat Luna (insert deep)	in-ear	711
https://squig.link/data/Ziigaat%20Luna%20shallow%20L.txt	Ziigaat Luna (insert: shallow)	ZiiGaat Luna (insert shallow)	in-ear	711
https://squig.link/data/Ziigaat%20Luna%20shallow%20R.txt	Ziigaat Luna (insert: shallow)	ZiiGaat Luna (insert shallow)	in-ear	711
https://superreview.squig.link/data/Ziigaat%20Lush%20L.txt	Ziigaat Lush	ZiiGaat Lush	in-ear	711
https://superreview.squig.link/data/Ziigaat%20Lush%20R.txt	Ziigaat Lush	ZiiGaat Lush	in-ear	711
https://squig.link/data/Ziigaat%20Odyssey%20L.txt	Ziigaat Odyssey 	ZiiGaat Odyssey	in-ear	711
https://squig.link/data/Ziigaat%20Odyssey%20R.txt	Ziigaat Odyssey 	ZiiGaat Odyssey	in-ear	711
https://squig.link/data/Ziigaat%20Odyssey%20deep%20L.txt	Ziigaat Odyssey (insert: deep)	ZiiGaat Odyssey (insert deep)	in-ear	711
https://squig.link/data/Ziigaat%20Odyssey%20deep%20R.txt	Ziigaat Odyssey (insert: deep)	ZiiGaat Odyssey (insert deep)	in-ear	711
https://squig.link/data/Ziigaat%20Odyssey%20shallow%20L.txt	Ziigaat Odyssey (insert: shallow)	ZiiGaat Odyssey (insert shallow)	in-ear	711
https://squig.link/data/Ziigaat%20Odyssey%20shallow%20R.txt	Ziigaat Odyssey (insert: shallow)	ZiiGaat Odyssey (insert shallow)	in-ear	711
https://squig.link/data/Ziigaat%20Odyssey%202%20L.txt	Ziigaat x Hangout Audio Odyssey 2 	ZiiGaat x Hangout Audio Odyssey 2	in-ear	711
https://squig.link/data/Ziigaat%20Odyssey%202%20R.txt	Ziigaat x Hangout Audio Odyssey 2 	ZiiGaat x Hangout Audio Odyssey 2	in-ear	711
https://squig.link/data/Ziigaat%20Odyssey%202%20deep%20L.txt	Ziigaat x Hangout Audio Odyssey 2 (insert: deep)	ZiiGaat x Hangout Audio Odyssey 2 (insert deep)	in-ear	711
https://squig.link/data/Ziigaat%20Odyssey%202%20deep%20R.txt	Ziigaat x Hangout Audio Odyssey 2 (insert: deep)	ZiiGaat x Hangout Audio Odyssey 2 (insert deep)	in-ear	711
https://squig.link/data/Ziigaat%20Odyssey%202%20shallow%20L.txt	Ziigaat x Hangout Audio Odyssey 2 (insert: shallow)	ZiiGaat x Hangout Audio Odyssey 2 (insert shallow)	in-ear	711
https://squig.link/data/Ziigaat%20Odyssey%202%20shallow%20R.txt	Ziigaat x Hangout Audio Odyssey 2 (insert: shallow)	ZiiGaat x Hangout Audio Odyssey 2 (insert shallow)	in-ear	711
https://superreview.squig.link/data/data.zip		data.zip	ignore	711
https://superreview.squig.link/data/iBasso%20IT01X%20(S2)%20L.txt	iBasso IT01X	iBasso IT01X	in-ear	711
https://superreview.squig.link/data/iBasso%20IT01X%20(S2)%20R.txt	iBasso IT01X	iBasso IT01X	in-ear	711
https://superreview.squig.link/data/iBasso%20IT01X%20L.txt	iBasso IT01X	iBasso IT01X	in-ear	711
https://superreview.squig.link/data/iBasso%20IT01X%20R.txt	iBasso IT01X	iBasso IT01X	in-ear	711
https://superreview.squig.link/headphones/data/iKF%20Y3%20L1.txt	iKF Y3	iKF Y3	over-ear	KB006x + 711
https://superreview.squig.link/headphones/data/iKF%20Y3%20L2.txt	iKF Y3	iKF Y3	over-ear	KB006x + 711
https://superreview.squig.link/headphones/data/iKF%20Y3%20L3.txt	iKF Y3	iKF Y3	over-ear	KB006x + 711
https://superreview.squig.link/headphones/data/iKF%20Y3%20R1.txt	iKF Y3	iKF Y3	over-ear	KB006x + 711
https://superreview.squig.link/headphones/data/iKF%20Y3%20R2.txt	iKF Y3	iKF Y3	over-ear	KB006x + 711
https://superreview.squig.link/headphones/data/iKF%20Y3%20R3.txt	iKF Y3	iKF Y3	over-ear	KB006x + 711
https://superreview.squig.link/data/QDC%20Anole%20V14%20(0000)%20L.txt	QDC Anole V14 (switches: 0000)	qdc Anole V14 (off-off-off-off)	in-ear	711
https://superreview.squig.link/data/QDC%20Anole%20V14%20(0001)%20L.txt	QDC Anole V14 (switches: 0001)	qdc Anole V14 (off-off-off-on)	in-ear	711
https://superreview.squig.link/data/QDC%20Anole%20V14%20(0010)%20L.txt	QDC Anole V14 (switches: 0010)	qdc Anole V14 (off-off-on-off)	in-ear	711
https://superreview.squig.link/data/QDC%20Anole%20V14%20(0100)%20L.txt	QDC Anole V14 (switches: 0100)	qdc Anole V14 (off-on-off-off)	in-ear	711
https://superreview.squig.link/data/QDC%20Anole%20V14%20(1000)%20L.txt	QDC Anole V14 (switches: 1000)	qdc Anole V14 (on-off-off-off)	in-ear	711
https://superreview.squig.link/data/QDC%20Anole%20VX%20(S2%20000)%20L.txt	QDC Anole VX (sample 2 - switches: 000)	qdc Anole VX (off-off-off)	in-ear	711
https://superreview.squig.link/data/QDC%20Anole%20VX%20(S2%20000)%20R.txt	QDC Anole VX (sample 2 - switches: 000)	qdc Anole VX (off-off-off)	in-ear	711
https://superreview.squig.link/data/QDC%20Anole%20VX%20(000)%20L.txt	QDC Anole VX (switches: 000)	qdc Anole VX (off-off-off)	in-ear	711
https://superreview.squig.link/data/QDC%20Anole%20VX%20(001)%20L.txt	QDC Anole VX (switches: 001)	qdc Anole VX (off-off-on)	in-ear	711
https://superreview.squig.link/data/QDC%20Anole%20VX%20(010)%20L.txt	QDC Anole VX (switches: 010)	qdc Anole VX (off-on-off)	in-ear	711
https://superreview.squig.link/data/QDC%20Anole%20VX%20(100)%20L.txt	QDC Anole VX (switches: 100)	qdc Anole VX (on-off-off)	in-ear	711
https://superreview.squig.link/data/QDC%20Neptune%20L.txt	QDC Neptune	qdc Neptune	in-ear	711
https://superreview.squig.link/data/QDC%20Uranus%20L.txt	QDC Uranus	qdc Uranus	in-ear	711
