url	source_name	name	form	rig
https://kr0mka.squig.link/data/targets/			ignore	711
https://kr0mka.squig.link/headphones/data/targets/			ignore	KB501x + 711
https://kr0mka.squig.link/data/Dioko%20L.txt	7Hz Dioko 	7Hz Salnotes Dioko	in-ear	711
https://kr0mka.squig.link/data/Dioko%20R.txt	7Hz Dioko 	7Hz Salnotes Dioko	in-ear	711
https://kr0mka.squig.link/data/Dioko%20Spring%20R.txt	7Hz Dioko Spring	7Hz Salnotes Dioko Spring	in-ear	711
https://kr0mka.squig.link/data/Timeless%20L.txt	7Hz Timeless	7Hz Timeless	in-ear	711
https://kr0mka.squig.link/data/Timeless%20R.txt	7Hz Timeless	7Hz Timeless	in-ear	711
https://kr0mka.squig.link/data/aful%20p8%20L.txt	AFUL Performer 8	AFUL Performer 8	in-ear	711
https://kr0mka.squig.link/data/aful%20p8%20R.txt	AFUL Performer 8	AFUL Performer 8	in-ear	711
https://kr0mka.squig.link/headphones/data/k712%20pro%20L1.txt	AKG K712 Pro Worn Pads	AKG K712 Pro Worn Pads	ignore	KB501x + 711
https://kr0mka.squig.link/headphones/data/k712%20pro%20L2.txt	AKG K712 Pro Worn Pads	AKG K712 Pro Worn Pads	ignore	KB501x + 711
https://kr0mka.squig.link/headphones/data/k712%20pro%20L3.txt	AKG K712 Pro Worn Pads	AKG K712 Pro Worn Pads	ignore	KB501x + 711
https://kr0mka.squig.link/headphones/data/k712%20pro%20L4.txt	AKG K712 Pro Worn Pads	AKG K712 Pro Worn Pads	ignore	KB501x + 711
https://kr0mka.squig.link/headphones/data/k712%20pro%20R1.txt	AKG K712 Pro Worn Pads	AKG K712 Pro Worn Pads	ignore	KB501x + 711
https://kr0mka.squig.link/headphones/data/k712%20pro%20R2.txt	AKG K712 Pro Worn Pads	AKG K712 Pro Worn Pads	ignore	KB501x + 711
https://kr0mka.squig.link/headphones/data/k712%20pro%20R3.txt	AKG K712 Pro Worn Pads	AKG K712 Pro Worn Pads	ignore	KB501x + 711
https://kr0mka.squig.link/headphones/data/k712%20pro%20R4.txt	AKG K712 Pro Worn Pads	AKG K712 Pro Worn Pads	ignore	KB501x + 711
https://kr0mka.squig.link/headphones/data/k812%20pro%20L1.txt	AKG K812 Pro Worn Pads	AKG K812 Pro Worn Pads	ignore	KB501x + 711
https://kr0mka.squig.link/headphones/data/k812%20pro%20L2.txt	AKG K812 Pro Worn Pads	AKG K812 Pro Worn Pads	ignore	KB501x + 711
https://kr0mka.squig.link/headphones/data/k812%20pro%20L3.txt	AKG K812 Pro Worn Pads	AKG K812 Pro Worn Pads	ignore	KB501x + 711
https://kr0mka.squig.link/headphones/data/k812%20pro%20R1.txt	AKG K812 Pro Worn Pads	AKG K812 Pro Worn Pads	ignore	KB501x + 711
https://kr0mka.squig.link/headphones/data/k812%20pro%20R2.txt	AKG K812 Pro Worn Pads	AKG K812 Pro Worn Pads	ignore	KB501x + 711
https://kr0mka.squig.link/headphones/data/k812%20pro%20R3.txt	AKG K812 Pro Worn Pads	AKG K812 Pro Worn Pads	ignore	KB501x + 711
https://kr0mka.squig.link/headphones/data/Aune%20AR5000%20L1.txt	Aune AR5000	AUNE AR5000	over-ear	KB501x + 711
https://kr0mka.squig.link/headphones/data/Aune%20AR5000%20L2.txt	Aune AR5000	AUNE AR5000	over-ear	KB501x + 711
https://kr0mka.squig.link/headphones/data/Aune%20AR5000%20L3.txt	Aune AR5000	AUNE AR5000	over-ear	KB501x + 711
https://kr0mka.squig.link/headphones/data/Aune%20AR5000%20R1.txt	Aune AR5000	AUNE AR5000	over-ear	KB501x + 711
https://kr0mka.squig.link/headphones/data/Aune%20AR5000%20R2.txt	Aune AR5000	AUNE AR5000	over-ear	KB501x + 711
https://kr0mka.squig.link/headphones/data/Aune%20AR5000%20R3.txt	Aune AR5000	AUNE AR5000	over-ear	KB501x + 711
https://kr0mka.squig.link/headphones/data/SR-7000%20L1.txt	Aune SR7000	AUNE SR7000	over-ear	KB501x + 711
https://kr0mka.squig.link/headphones/data/SR-7000%20L2.txt	Aune SR7000	AUNE SR7000	over-ear	KB501x + 711
https://kr0mka.squig.link/headphones/data/SR-7000%20L3.txt	Aune SR7000	AUNE SR7000	over-ear	KB501x + 711
https://kr0mka.squig.link/headphones/data/SR-7000%20L4.txt	Aune SR7000	AUNE SR7000	over-ear	KB501x + 711
https://kr0mka.squig.link/headphones/data/SR-7000%20L5.txt	Aune SR7000	AUNE SR7000	over-ear	KB501x + 711
https://kr0mka.squig.link/headphones/data/SR-7000%20L6.txt	Aune SR7000	AUNE SR7000	over-ear	KB501x + 711
https://kr0mka.squig.link/headphones/data/SR-7000%20R1.txt	Aune SR7000	AUNE SR7000	over-ear	KB501x + 711
https://kr0mka.squig.link/headphones/data/SR-7000%20R2.txt	Aune SR7000	AUNE SR7000	over-ear	KB501x + 711
https://kr0mka.squig.link/headphones/data/SR-7000%20R3.txt	Aune SR7000	AUNE SR7000	over-ear	KB501x + 711
https://kr0mka.squig.link/headphones/data/SR-7000%20R4.txt	Aune SR7000	AUNE SR7000	over-ear	KB501x + 711
https://kr0mka.squig.link/headphones/data/SR-7000%20R5.txt	Aune SR7000	AUNE SR7000	over-ear	KB501x + 711
https://kr0mka.squig.link/headphones/data/SR-7000%20R6.txt	Aune SR7000	AUNE SR7000	over-ear	KB501x + 711
https://kr0mka.squig.link/headphones/data/Diana%20MR%20L1.txt	Abyss Diana MR	Abyss Diana MR	over-ear	KB501x + 711
https://kr0mka.squig.link/headphones/data/Diana%20MR%20L2.txt	Abyss Diana MR	Abyss Diana MR	over-ear	KB501x + 711
https://kr0mka.squig.link/headphones/data/Diana%20MR%20L3.txt	Abyss Diana MR	Abyss Diana MR	over-ear	KB501x + 711
https://kr0mka.squig.link/headphones/data/Diana%20MR%20R1.txt	Abyss Diana MR	Abyss Diana MR	over-ear	KB501x + 711
https://kr0mka.squig.link/headphones/data/Diana%20MR%20R2.txt	Abyss Diana MR	Abyss Diana MR	over-ear	KB501x + 711
https://kr0mka.squig.link/headphones/data/Diana%20MR%20R3.txt	Abyss Diana MR	Abyss Diana MR	over-ear	KB501x + 711
https://kr0mka.squig.link/headphones/data/ak%20virtuoso%20L1.txt	Astell&Kern Virtuoso 	Astell & Kern Virtuoso	over-ear	KB501x + 711
https://kr0mka.squig.link/headphones/data/ak%20virtuoso%20L2.txt	Astell&Kern Virtuoso 	Astell & Kern Virtuoso	over-ear	KB501x + 711
https://kr0mka.squig.link/headphones/data/ak%20virtuoso%20L3.txt	Astell&Kern Virtuoso 	Astell & Kern Virtuoso	over-ear	KB501x + 711
https://kr0mka.squig.link/headphones/data/ak%20virtuoso%20L4.txt	Astell&Kern Virtuoso 	Astell & Kern Virtuoso	over-ear	KB501x + 711
https://kr0mka.squig.link/headphones/data/ak%20virtuoso%20L5.txt	Astell&Kern Virtuoso 	Astell & Kern Virtuoso	over-ear	KB501x + 711
https://kr0mka.squig.link/headphones/data/ak%20virtuoso%20L6.txt	Astell&Kern Virtuoso 	Astell & Kern Virtuoso	over-ear	KB501x + 711
https://kr0mka.squig.link/headphones/data/ak%20virtuoso%20R1.txt	Astell&Kern Virtuoso 	Astell & Kern Virtuoso	over-ear	KB501x + 711
https://kr0mka.squig.link/headphones/data/ak%20virtuoso%20R2.txt	Astell&Kern Virtuoso 	Astell & Kern Virtuoso	over-ear	KB501x + 711
https://kr0mka.squig.link/headphones/data/ak%20virtuoso%20R3.txt	Astell&Kern Virtuoso 	Astell & Kern Virtuoso	over-ear	KB501x + 711
https://kr0mka.squig.link/headphones/data/ak%20virtuoso%20R4.txt	Astell&Kern Virtuoso 	Astell & Kern Virtuoso	over-ear	KB501x + 711
https://kr0mka.squig.link/headphones/data/ak%20virtuoso%20R5.txt	Astell&Kern Virtuoso 	Astell & Kern Virtuoso	over-ear	KB501x + 711
https://kr0mka.squig.link/headphones/data/ak%20virtuoso%20R6.txt	Astell&Kern Virtuoso 	Astell & Kern Virtuoso	over-ear	KB501x + 711
https://kr0mka.squig.link/headphones/data/ak%20virtuoso%20positioning%20L1.txt	Astell&Kern Virtuoso Positioning Extremes	Astell&Kern Virtuoso Positioning Extremes	ignore	KB501x + 711
https://kr0mka.squig.link/headphones/data/ak%20virtuoso%20positioning%20L2.txt	Astell&Kern Virtuoso Positioning Extremes	Astell&Kern Virtuoso Positioning Extremes	ignore	KB501x + 711
https://kr0mka.squig.link/headphones/data/ak%20virtuoso%20positioning%20L3.txt	Astell&Kern Virtuoso Positioning Extremes	Astell&Kern Virtuoso Positioning Extremes	ignore	KB501x + 711
https://kr0mka.squig.link/headphones/data/ak%20virtuoso%20positioning%20L4.txt	Astell&Kern Virtuoso Positioning Extremes	Astell&Kern Virtuoso Positioning Extremes	ignore	KB501x + 711
https://kr0mka.squig.link/headphones/data/ak%20virtuoso%20positioning%20L5.txt	Astell&Kern Virtuoso Positioning Extremes	Astell&Kern Virtuoso Positioning Extremes	ignore	KB501x + 711
https://kr0mka.squig.link/headphones/data/ak%20virtuoso%20positioning%20L6.txt	Astell&Kern Virtuoso Positioning Extremes	Astell&Kern Virtuoso Positioning Extremes	ignore	KB501x + 711
https://kr0mka.squig.link/headphones/data/ak%20virtuoso%20positioning%20R1.txt	Astell&Kern Virtuoso Positioning Extremes	Astell&Kern Virtuoso Positioning Extremes	ignore	KB501x + 711
https://kr0mka.squig.link/headphones/data/ak%20virtuoso%20positioning%20R2.txt	Astell&Kern Virtuoso Positioning Extremes	Astell&Kern Virtuoso Positioning Extremes	ignore	KB501x + 711
https://kr0mka.squig.link/headphones/data/ak%20virtuoso%20positioning%20R3.txt	Astell&Kern Virtuoso Positioning Extremes	Astell&Kern Virtuoso Positioning Extremes	ignore	KB501x + 711
https://kr0mka.squig.link/headphones/data/ak%20virtuoso%20positioning%20R4.txt	Astell&Kern Virtuoso Positioning Extremes	Astell&Kern Virtuoso Positioning Extremes	ignore	KB501x + 711
https://kr0mka.squig.link/headphones/data/ak%20virtuoso%20positioning%20R5.txt	Astell&Kern Virtuoso Positioning Extremes	Astell&Kern Virtuoso Positioning Extremes	ignore	KB501x + 711
https://kr0mka.squig.link/headphones/data/ak%20virtuoso%20positioning%20R6.txt	Astell&Kern Virtuoso Positioning Extremes	Astell&Kern Virtuoso Positioning Extremes	ignore	KB501x + 711
https://kr0mka.squig.link/headphones/data/lcd3%20dekoni%20angled%20perforated%20L1.txt	Audeze LCD-3 Dekoni Fenestrated Sheepskin	Audeze LCD-3 (Dekoni fenestrated sheepskin earpads)	over-ear	KB501x + 711
https://kr0mka.squig.link/headphones/data/lcd3%20dekoni%20angled%20perforated%20L2.txt	Audeze LCD-3 Dekoni Fenestrated Sheepskin	Audeze LCD-3 (Dekoni fenestrated sheepskin earpads)	over-ear	KB501x + 711
https://kr0mka.squig.link/headphones/data/lcd3%20dekoni%20angled%20perforated%20L3.txt	Audeze LCD-3 Dekoni Fenestrated Sheepskin	Audeze LCD-3 (Dekoni fenestrated sheepskin earpads)	over-ear	KB501x + 711
https://kr0mka.squig.link/headphones/data/lcd3%20dekoni%20angled%20perforated%20L4.txt	Audeze LCD-3 Dekoni Fenestrated Sheepskin	Audeze LCD-3 (Dekoni fenestrated sheepskin earpads)	over-ear	KB501x + 711
https://kr0mka.squig.link/headphones/data/lcd3%20dekoni%20angled%20perforated%20L5.txt	Audeze LCD-3 Dekoni Fenestrated Sheepskin	Audeze LCD-3 (Dekoni fenestrated sheepskin earpads)	over-ear	KB501x + 711
https://kr0mka.squig.link/headphones/data/lcd3%20dekoni%20angled%20perforated%20L6.txt	Audeze LCD-3 Dekoni Fenestrated Sheepskin	Audeze LCD-3 (Dekoni fenestrated sheepskin earpads)	over-ear	KB501x + 711
https://kr0mka.squig.link/headphones/data/lcd3%20dekoni%20angled%20perforated%20R1.txt	Audeze LCD-3 Dekoni Fenestrated Sheepskin	Audeze LCD-3 (Dekoni fenestrated sheepskin earpads)	over-ear	KB501x + 711
https://kr0mka.squig.link/headphones/data/lcd3%20dekoni%20angled%20perforated%20R2.txt	Audeze LCD-3 Dekoni Fenestrated Sheepskin	Audeze LCD-3 (Dekoni fenestrated sheepskin earpads)	over-ear	KB501x + 711
https://kr0mka.squig.link/headphones/data/lcd3%20dekoni%20angled%20perforated%20R3.txt	Audeze LCD-3 Dekoni Fenestrated Sheepskin	Audeze LCD-3 (Dekoni fenestrated sheepskin earpads)	over-ear	KB501x + 711
https://kr0mka.squig.link/headphones/data/lcd3%20dekoni%20angled%20perforated%20R4.txt	Audeze LCD-3 Dekoni Fenestrated Sheepskin	Audeze LCD-3 (Dekoni fenestrated sheepskin earpads)	over-ear	KB501x + 711
https://kr0mka.squig.link/headphones/data/lcd3%20dekoni%20angled%20perforated%20R5.txt	Audeze LCD-3 Dekoni Fenestrated Sheepskin	Audeze LCD-3 (Dekoni fenestrated sheepskin earpads)	over-ear	KB501x + 711
https://kr0mka.squig.link/headphones/data/lcd3%20dekoni%20angled%20perforated%20R6.txt	Audeze LCD-3 Dekoni Fenestrated Sheepskin	Audeze LCD-3 (Dekoni fenestrated sheepskin earpads)	over-ear	KB501x + 711
https://kr0mka.squig.link/headphones/data/lcd4z%20L1.txt	Audeze LCD-4z	Audeze LCD-4z	over-ear	KB501x + 711
https://kr0mka.squig.link/headphones/data/lcd4z%20L2.txt	Audeze LCD-4z	Audeze LCD-4z	over-ear	KB501x + 711
https://kr0mka.squig.link/headphones/data/lcd4z%20L3.txt	Audeze LCD-4z	Audeze LCD-4z	over-ear	KB501x + 711
https://kr0mka.squig.link/headphones/data/lcd4z%20L4.txt	Audeze LCD-4z	Audeze LCD-4z	over-ear	KB501x + 711
https://kr0mka.squig.link/headphones/data/lcd4z%20L5.txt	Audeze LCD-4z	Audeze LCD-4z	over-ear	KB501x + 711
https://kr0mka.squig.link/headphones/data/lcd4z%20L6.txt	Audeze LCD-4z	Audeze LCD-4z	over-ear	KB501x + 711
https://kr0mka.squig.link/headphones/data/lcd4z%20R1.txt	Audeze LCD-4z	Audeze LCD-4z	over-ear	KB501x + 711
https://kr0mka.squig.link/headphones/data/lcd4z%20R2.txt	Audeze LCD-4z	Audeze LCD-4z	over-ear	KB501x + 711
https://kr0mka.squig.link/headphones/data/lcd4z%20R3.txt	Audeze LCD-4z	Audeze LCD-4z	over-ear	KB501x + 711
https://kr0mka.squig.link/headphones/data/lcd4z%20R4.txt	Audeze LCD-4z	Audeze LCD-4z	over-ear	KB501x + 711
https://kr0mka.squig.link/headphones/data/lcd4z%20R5.txt	Audeze LCD-4z	Audeze LCD-4z	over-ear	KB501x + 711
https://kr0mka.squig.link/headphones/data/lcd4z%20R6.txt	Audeze LCD-4z	Audeze LCD-4z	over-ear	KB501x + 711
https://kr0mka.squig.link/headphones/data/AD500X%20L1.txt	Audio Technica ATH-AD500X	Audio-Technica ATH-AD500X	over-ear	KB501x + 711
https://kr0mka.squig.link/headphones/data/AD500X%20L2.txt	Audio Technica ATH-AD500X	Audio-Technica ATH-AD500X	over-ear	KB501x + 711
https://kr0mka.squig.link/headphones/data/AD500X%20R1.txt	Audio Technica ATH-AD500X	Audio-Technica ATH-AD500X	over-ear	KB501x + 711
https://kr0mka.squig.link/headphones/data/AD500X%20R2.txt	Audio Technica ATH-AD500X	Audio-Technica ATH-AD500X	over-ear	KB501x + 711
https://kr0mka.squig.link/headphones/data/ATH-AWKT%20L1.txt	Audio Technica ATH-AWKT	Audio-Technica ATH-AWKT	over-ear	KB501x + 711
https://kr0mka.squig.link/headphones/data/ATH-AWKT%20L2.txt	Audio Technica ATH-AWKT	Audio-Technica ATH-AWKT	over-ear	KB501x + 711
https://kr0mka.squig.link/headphones/data/ATH-AWKT%20L3.txt	Audio Technica ATH-AWKT	Audio-Technica ATH-AWKT	over-ear	KB501x + 711
https://kr0mka.squig.link/headphones/data/ATH-AWKT%20R1.txt	Audio Technica ATH-AWKT	Audio-Technica ATH-AWKT	over-ear	KB501x + 711
https://kr0mka.squig.link/headphones/data/ATH-AWKT%20R2.txt	Audio Technica ATH-AWKT	Audio-Technica ATH-AWKT	over-ear	KB501x + 711
https://kr0mka.squig.link/headphones/data/ATH-AWKT%20R3.txt	Audio Technica ATH-AWKT	Audio-Technica ATH-AWKT	over-ear	KB501x + 711
https://kr0mka.squig.link/data/DT200%20L.txt	Audiosense DT200 	Audiosense DT200	in-ear	711
https://kr0mka.squig.link/data/DT200%20R.txt	Audiosense DT200 	Audiosense DT200	in-ear	711
https://kr0mka.squig.link/data/AudioSense%20DT200%20L.txt		Audiosense DT200	in-ear	711
https://kr0mka.squig.link/data/AudioSense%20DT200%20R.txt		Audiosense DT200	in-ear	711
https://kr0mka.squig.link/data/DT200%20Spring%20L.txt	Audiosense DT200 Spring	Audiosense DT200 Spring	ignore	
https://kr0mka.squig.link/data/DT200%20Spring%20R.txt	Audiosense DT200 Spring	Audiosense DT200 Spring	ignore	
https://kr0mka.squig.link/data/DT200%20Spring%2023R%20OI%20L.txt	Audiosense DT200 Spring 23Ω OI	Audiosense DT200 Spring 23Ω OI	ignore	
https://kr0mka.squig.link/data/DT200%20Spring%2023R%20OI%20R.txt	Audiosense DT200 Spring 23Ω OI	Audiosense DT200 Spring 23Ω OI	ignore	
https://kr0mka.squig.link/data/SD251-BT%20L.txt	Behringer SD251-BT	Behringer SD251-BT	in-ear	711
https://kr0mka.squig.link/data/SD251-BT%20R.txt	Behringer SD251-BT	Behringer SD251-BT	in-ear	711
https://kr0mka.squig.link/data/CCA%20C16%20L.txt	CCA C16 	CCA C16	in-ear	711
https://kr0mka.squig.link/data/CCA%20C16%20R.txt	CCA C16 	CCA C16	in-ear	711
https://kr0mka.squig.link/data/CCA%20C16%2047R%20OI%20L.txt	CCA C16 47Ω OI	CCA C16 47Ω OI	ignore	
https://kr0mka.squig.link/data/CCA%20C16%2047R%20OI%20R.txt	CCA C16 47Ω OI	CCA C16 47Ω OI	ignore	
https://kr0mka.squig.link/data/CRA%20L.txt	CCA CRA 	CCA CRA	in-ear	711
https://kr0mka.squig.link/data/CRA%20R.txt	CCA CRA 	CCA CRA	in-ear	711
https://kr0mka.squig.link/data/CRA%20Spring%20R.txt	CCA CRA Spring tips	CCA CRA (JVC Spring eartips)	ignore	711
https://kr0mka.squig.link/data/campfire%20clara%20L.txt	Campfire Clara	Campfire Audio Clara	in-ear	711
https://kr0mka.squig.link/data/campfire%20clara%20R.txt	Campfire Clara	Campfire Audio Clara	in-ear	711
https://kr0mka.squig.link/data/canpur%20cp54E%20L.txt	Canpur CP54E	Canpur CP54E	in-ear	711
https://kr0mka.squig.link/data/canpur%20cp54E%20R.txt	Canpur CP54E	Canpur CP54E	in-ear	711
https://kr0mka.squig.link/data/canpur%20cp622B%20L.txt	Canpur CP622B	Canpur CP622B	in-ear	711
https://kr0mka.squig.link/data/canpur%20cp622B%20R.txt	Canpur CP622B	Canpur CP622B	in-ear	711
https://kr0mka.squig.link/headphones/data/CAL%20Port%20Open%20L1.txt	Creative Aurvana Live! Cable Holes Open, China OEM Pads	Creative Aurvana Live! Cable Holes Open, China OEM Pads	ignore	
https://kr0mka.squig.link/headphones/data/CAL%20Port%20Open%20L2.txt	Creative Aurvana Live! Cable Holes Open, China OEM Pads	Creative Aurvana Live! Cable Holes Open, China OEM Pads	ignore	
https://kr0mka.squig.link/headphones/data/CAL%20Port%20Open%20L3.txt	Creative Aurvana Live! Cable Holes Open, China OEM Pads	Creative Aurvana Live! Cable Holes Open, China OEM Pads	ignore	
https://kr0mka.squig.link/headphones/data/CAL%20Port%20Open%20R1.txt	Creative Aurvana Live! Cable Holes Open, China OEM Pads	Creative Aurvana Live! Cable Holes Open, China OEM Pads	ignore	
https://kr0mka.squig.link/headphones/data/CAL%20Port%20Open%20R2.txt	Creative Aurvana Live! Cable Holes Open, China OEM Pads	Creative Aurvana Live! Cable Holes Open, China OEM Pads	ignore	
https://kr0mka.squig.link/headphones/data/CAL%20Port%20Open%20R3.txt	Creative Aurvana Live! Cable Holes Open, China OEM Pads	Creative Aurvana Live! Cable Holes Open, China OEM Pads	ignore	
https://kr0mka.squig.link/headphones/data/CAL%20Port%20Closed%20L1.txt	Creative Aurvana Live! Cable Holes Sealed, China OEM Pads	Creative Aurvana Live! Cable Holes Sealed, China OEM Pads	ignore	
https://kr0mka.squig.link/headphones/data/CAL%20Port%20Closed%20L2.txt	Creative Aurvana Live! Cable Holes Sealed, China OEM Pads	Creative Aurvana Live! Cable Holes Sealed, China OEM Pads	ignore	
https://kr0mka.squig.link/headphones/data/CAL%20Port%20Closed%20L3.txt	Creative Aurvana Live! Cable Holes Sealed, China OEM Pads	Creative Aurvana Live! Cable Holes Sealed, China OEM Pads	ignore	
https://kr0mka.squig.link/headphones/data/CAL%20Port%20Closed%20R1.txt	Creative Aurvana Live! Cable Holes Sealed, China OEM Pads	Creative Aurvana Live! Cable Holes Sealed, China OEM Pads	ignore	
https://kr0mka.squig.link/headphones/data/CAL%20Port%20Closed%20R2.txt	Creative Aurvana Live! Cable Holes Sealed, China OEM Pads	Creative Aurvana Live! Cable Holes Sealed, China OEM Pads	ignore	
https://kr0mka.squig.link/headphones/data/CAL%20Port%20Closed%20R3.txt	Creative Aurvana Live! Cable Holes Sealed, China OEM Pads	Creative Aurvana Live! Cable Holes Sealed, China OEM Pads	ignore	
https://kr0mka.squig.link/data/braindance%20L.txt	Dunu DK3001BD	DUNU DK3001 BD	in-ear	711
https://kr0mka.squig.link/data/braindance%20R.txt	Dunu DK3001BD	DUNU DK3001BD	in-ear	711
https://kr0mka.squig.link/data/Dunu%20Titan%20S2%20L.txt	Dunu Titan S2	DUNU Titan S2	in-ear	711
https://kr0mka.squig.link/data/Dunu%20Titan%20S2%20R.txt	Dunu Titan S2	DUNU Titan S2	in-ear	711
https://kr0mka.squig.link/data/vulkan%202%20L.txt	Dunu Vulkan 2	DUNU Vulkan 2	in-ear	711
https://kr0mka.squig.link/data/vulkan%202%20R.txt	Dunu Vulkan 2	DUNU Vulkan 2	in-ear	711
https://kr0mka.squig.link/data/vulkan%202%20deep%20R.txt		DUNU Vulkan 2	in-ear	711
https://kr0mka.squig.link/headphones/data/dali%20io12%20L1.txt	DALI iO-12 HiFi ANC ON	Dali iO-12 (HiFi, ANC ON)	over-ear	KB501x + 711
https://kr0mka.squig.link/headphones/data/dali%20io12%20L2.txt	DALI iO-12 HiFi ANC ON	Dali iO-12 (HiFi, ANC ON)	over-ear	KB501x + 711
https://kr0mka.squig.link/headphones/data/dali%20io12%20L3.txt	DALI iO-12 HiFi ANC ON	Dali iO-12 (HiFi, ANC ON)	over-ear	KB501x + 711
https://kr0mka.squig.link/headphones/data/dali%20io12%20L4.txt	DALI iO-12 HiFi ANC ON	Dali iO-12 (HiFi, ANC ON)	over-ear	KB501x + 711
https://kr0mka.squig.link/headphones/data/dali%20io12%20L5.txt	DALI iO-12 HiFi ANC ON	Dali iO-12 (HiFi, ANC ON)	over-ear	KB501x + 711
https://kr0mka.squig.link/headphones/data/dali%20io12%20L6.txt	DALI iO-12 HiFi ANC ON	Dali iO-12 (HiFi, ANC ON)	over-ear	KB501x + 711
https://kr0mka.squig.link/headphones/data/dali%20io12%20R1.txt	DALI iO-12 HiFi ANC ON	Dali iO-12 (HiFi, ANC ON)	over-ear	KB501x + 711
https://kr0mka.squig.link/headphones/data/dali%20io12%20R2.txt	DALI iO-12 HiFi ANC ON	Dali iO-12 (HiFi, ANC ON)	over-ear	KB501x + 711
https://kr0mka.squig.link/headphones/data/dali%20io12%20R3.txt	DALI iO-12 HiFi ANC ON	Dali iO-12 (HiFi, ANC ON)	over-ear	KB501x + 711
https://kr0mka.squig.link/headphones/data/dali%20io12%20R4.txt	DALI iO-12 HiFi ANC ON	Dali iO-12 (HiFi, ANC ON)	over-ear	KB501x + 711
https://kr0mka.squig.link/headphones/data/dali%20io12%20R5.txt	DALI iO-12 HiFi ANC ON	Dali iO-12 (HiFi, ANC ON)	over-ear	KB501x + 711
https://kr0mka.squig.link/headphones/data/dali%20io12%20R6.txt	DALI iO-12 HiFi ANC ON	Dali iO-12 (HiFi, ANC ON)	over-ear	KB501x + 711
https://kr0mka.squig.link/headphones/data/dali%20io12%20bass%20L1.txt	DALI iO-12 Bass ANC ON	Dali iO-12 (bass, ANC ON)	over-ear	KB501x + 711
https://kr0mka.squig.link/headphones/data/dali%20io12%20bass%20L2.txt	DALI iO-12 Bass ANC ON	Dali iO-12 (bass, ANC ON)	over-ear	KB501x + 711
https://kr0mka.squig.link/headphones/data/dali%20io12%20bass%20L3.txt	DALI iO-12 Bass ANC ON	Dali iO-12 (bass, ANC ON)	over-ear	KB501x + 711
https://kr0mka.squig.link/headphones/data/dali%20io12%20bass%20L4.txt	DALI iO-12 Bass ANC ON	Dali iO-12 (bass, ANC ON)	over-ear	KB501x + 711
https://kr0mka.squig.link/headphones/data/dali%20io12%20bass%20L5.txt	DALI iO-12 Bass ANC ON	Dali iO-12 (bass, ANC ON)	over-ear	KB501x + 711
https://kr0mka.squig.link/headphones/data/dali%20io12%20bass%20L6.txt	DALI iO-12 Bass ANC ON	Dali iO-12 (bass, ANC ON)	over-ear	KB501x + 711
https://kr0mka.squig.link/headphones/data/dali%20io12%20bass%20R1.txt	DALI iO-12 Bass ANC ON	Dali iO-12 (bass, ANC ON)	over-ear	KB501x + 711
https://kr0mka.squig.link/headphones/data/dali%20io12%20bass%20R2.txt	DALI iO-12 Bass ANC ON	Dali iO-12 (bass, ANC ON)	over-ear	KB501x + 711
https://kr0mka.squig.link/headphones/data/dali%20io12%20bass%20R3.txt	DALI iO-12 Bass ANC ON	Dali iO-12 (bass, ANC ON)	over-ear	KB501x + 711
https://kr0mka.squig.link/headphones/data/dali%20io12%20bass%20R4.txt	DALI iO-12 Bass ANC ON	Dali iO-12 (bass, ANC ON)	over-ear	KB501x + 711
https://kr0mka.squig.link/headphones/data/dali%20io12%20bass%20R5.txt	DALI iO-12 Bass ANC ON	Dali iO-12 (bass, ANC ON)	over-ear	KB501x + 711
https://kr0mka.squig.link/headphones/data/dali%20io12%20bass%20R6.txt	DALI iO-12 Bass ANC ON	Dali iO-12 (bass, ANC ON)	over-ear	KB501x + 711
https://kr0mka.squig.link/headphones/data/dca%20e3%20L1.txt	Dan Clark Audio E3	Dan Clark Audio E3	over-ear	KB501x + 711
https://kr0mka.squig.link/headphones/data/dca%20e3%20L2.txt	Dan Clark Audio E3	Dan Clark Audio E3	over-ear	KB501x + 711
https://kr0mka.squig.link/headphones/data/dca%20e3%20L3.txt	Dan Clark Audio E3	Dan Clark Audio E3	over-ear	KB501x + 711
https://kr0mka.squig.link/headphones/data/dca%20e3%20L4.txt	Dan Clark Audio E3	Dan Clark Audio E3	over-ear	KB501x + 711
https://kr0mka.squig.link/headphones/data/dca%20e3%20R1.txt	Dan Clark Audio E3	Dan Clark Audio E3	over-ear	KB501x + 711
https://kr0mka.squig.link/headphones/data/dca%20e3%20R2.txt	Dan Clark Audio E3	Dan Clark Audio E3	over-ear	KB501x + 711
https://kr0mka.squig.link/headphones/data/dca%20e3%20R3.txt	Dan Clark Audio E3	Dan Clark Audio E3	over-ear	KB501x + 711
https://kr0mka.squig.link/headphones/data/dca%20e3%20R4.txt	Dan Clark Audio E3	Dan Clark Audio E3	over-ear	KB501x + 711
https://kr0mka.squig.link/headphones/data/noire%20XO%20L1.txt	Dan Clark Audio Noire XO 	Dan Clark Audio Noire XO	over-ear	KB501x + 711
https://kr0mka.squig.link/headphones/data/noire%20XO%20L2.txt	Dan Clark Audio Noire XO 	Dan Clark Audio Noire XO	over-ear	KB501x + 711
https://kr0mka.squig.link/headphones/data/noire%20XO%20L3.txt	Dan Clark Audio Noire XO 	Dan Clark Audio Noire XO	over-ear	KB501x + 711
https://kr0mka.squig.link/headphones/data/noire%20XO%20L4.txt	Dan Clark Audio Noire XO 	Dan Clark Audio Noire XO	over-ear	KB501x + 711
https://kr0mka.squig.link/headphones/data/noire%20XO%20L5.txt	Dan Clark Audio Noire XO 	Dan Clark Audio Noire XO	over-ear	KB501x + 711
https://kr0mka.squig.link/headphones/data/noire%20XO%20L6.txt	Dan Clark Audio Noire XO 	Dan Clark Audio Noire XO	over-ear	KB501x + 711
https://kr0mka.squig.link/headphones/data/noire%20XO%20R1.txt	Dan Clark Audio Noire XO 	Dan Clark Audio Noire XO	over-ear	KB501x + 711
https://kr0mka.squig.link/headphones/data/noire%20XO%20R2.txt	Dan Clark Audio Noire XO 	Dan Clark Audio Noire XO	over-ear	KB501x + 711
https://kr0mka.squig.link/headphones/data/noire%20XO%20R3.txt	Dan Clark Audio Noire XO 	Dan Clark Audio Noire XO	over-ear	KB501x + 711
https://kr0mka.squig.link/headphones/data/noire%20XO%20R4.txt	Dan Clark Audio Noire XO 	Dan Clark Audio Noire XO	over-ear	KB501x + 711
https://kr0mka.squig.link/headphones/data/noire%20XO%20R5.txt	Dan Clark Audio Noire XO 	Dan Clark Audio Noire XO	over-ear	KB501x + 711
https://kr0mka.squig.link/headphones/data/noire%20XO%20R6.txt	Dan Clark Audio Noire XO 	Dan Clark Audio Noire XO	over-ear	KB501x + 711
https://kr0mka.squig.link/headphones/data/noire%20XO%20positioning%20L1.txt	Dan Clark Audio Noire XO Positioning Extremes	Dan Clark Audio Noire XO Positioning Extremes	ignore	KB501x + 711
https://kr0mka.squig.link/headphones/data/noire%20XO%20positioning%20L2.txt	Dan Clark Audio Noire XO Positioning Extremes	Dan Clark Audio Noire XO Positioning Extremes	ignore	KB501x + 711
https://kr0mka.squig.link/headphones/data/noire%20XO%20positioning%20L3.txt	Dan Clark Audio Noire XO Positioning Extremes	Dan Clark Audio Noire XO Positioning Extremes	ignore	KB501x + 711
https://kr0mka.squig.link/headphones/data/noire%20XO%20positioning%20L4.txt	Dan Clark Audio Noire XO Positioning Extremes	Dan Clark Audio Noire XO Positioning Extremes	ignore	KB501x + 711
https://kr0mka.squig.link/headphones/data/noire%20XO%20positioning%20L5.txt	Dan Clark Audio Noire XO Positioning Extremes	Dan Clark Audio Noire XO Positioning Extremes	ignore	KB501x + 711
https://kr0mka.squig.link/headphones/data/noire%20XO%20positioning%20L6.txt	Dan Clark Audio Noire XO Positioning Extremes	Dan Clark Audio Noire XO Positioning Extremes	ignore	KB501x + 711
https://kr0mka.squig.link/headphones/data/noire%20XO%20positioning%20R1.txt	Dan Clark Audio Noire XO Positioning Extremes	Dan Clark Audio Noire XO Positioning Extremes	ignore	KB501x + 711
https://kr0mka.squig.link/headphones/data/noire%20XO%20positioning%20R2.txt	Dan Clark Audio Noire XO Positioning Extremes	Dan Clark Audio Noire XO Positioning Extremes	ignore	KB501x + 711
https://kr0mka.squig.link/headphones/data/noire%20XO%20positioning%20R3.txt	Dan Clark Audio Noire XO Positioning Extremes	Dan Clark Audio Noire XO Positioning Extremes	ignore	KB501x + 711
https://kr0mka.squig.link/headphones/data/noire%20XO%20positioning%20R4.txt	Dan Clark Audio Noire XO Positioning Extremes	Dan Clark Audio Noire XO Positioning Extremes	ignore	KB501x + 711
https://kr0mka.squig.link/headphones/data/noire%20XO%20positioning%20R5.txt	Dan Clark Audio Noire XO Positioning Extremes	Dan Clark Audio Noire XO Positioning Extremes	ignore	KB501x + 711
https://kr0mka.squig.link/headphones/data/noire%20XO%20positioning%20R6.txt	Dan Clark Audio Noire XO Positioning Extremes	Dan Clark Audio Noire XO Positioning Extremes	ignore	KB501x + 711
https://kr0mka.squig.link/headphones/data/noire%20XO%20positioning%20R7.txt	Dan Clark Audio Noire XO Positioning Extremes	Dan Clark Audio Noire XO Positioning Extremes	ignore	KB501x + 711
https://kr0mka.squig.link/headphones/data/dca%20stealth%20L1.txt	Dan Clark Audio Stealth	Dan Clark Audio Stealth	over-ear	KB501x + 711
https://kr0mka.squig.link/headphones/data/dca%20stealth%20L2.txt	Dan Clark Audio Stealth	Dan Clark Audio Stealth	over-ear	KB501x + 711
https://kr0mka.squig.link/headphones/data/dca%20stealth%20L3.txt	Dan Clark Audio Stealth	Dan Clark Audio Stealth	over-ear	KB501x + 711
https://kr0mka.squig.link/headphones/data/dca%20stealth%20L4.txt	Dan Clark Audio Stealth	Dan Clark Audio Stealth	over-ear	KB501x + 711
https://kr0mka.squig.link/headphones/data/dca%20stealth%20L5.txt	Dan Clark Audio Stealth	Dan Clark Audio Stealth	over-ear	KB501x + 711
https://kr0mka.squig.link/headphones/data/dca%20stealth%20L6.txt	Dan Clark Audio Stealth	Dan Clark Audio Stealth	over-ear	KB501x + 711
https://kr0mka.squig.link/headphones/data/dca%20stealth%20R1.txt	Dan Clark Audio Stealth	Dan Clark Audio Stealth	over-ear	KB501x + 711
https://kr0mka.squig.link/headphones/data/dca%20stealth%20R2.txt	Dan Clark Audio Stealth	Dan Clark Audio Stealth	over-ear	KB501x + 711
https://kr0mka.squig.link/headphones/data/dca%20stealth%20R3.txt	Dan Clark Audio Stealth	Dan Clark Audio Stealth	over-ear	KB501x + 711
https://kr0mka.squig.link/headphones/data/dca%20stealth%20R4.txt	Dan Clark Audio Stealth	Dan Clark Audio Stealth	over-ear	KB501x + 711
https://kr0mka.squig.link/headphones/data/dca%20stealth%20R5.txt	Dan Clark Audio Stealth	Dan Clark Audio Stealth	over-ear	KB501x + 711
https://kr0mka.squig.link/headphones/data/dca%20stealth%20R6.txt	Dan Clark Audio Stealth	Dan Clark Audio Stealth	over-ear	KB501x + 711
https://kr0mka.squig.link/headphones/data/FF3%20L1.txt	Earbuds Fiio FF3 HieGi Full Foams	Earbuds Fiio FF3 HieGi Full Foams	ignore	
https://kr0mka.squig.link/headphones/data/FF3%20L2.txt	Earbuds Fiio FF3 HieGi Full Foams	Earbuds Fiio FF3 HieGi Full Foams	ignore	
https://kr0mka.squig.link/headphones/data/FF3%20L3.txt	Earbuds Fiio FF3 HieGi Full Foams	Earbuds Fiio FF3 HieGi Full Foams	ignore	
https://kr0mka.squig.link/headphones/data/FF3%20L4.txt	Earbuds Fiio FF3 HieGi Full Foams	Earbuds Fiio FF3 HieGi Full Foams	ignore	
https://kr0mka.squig.link/headphones/data/FF3%20L5.txt	Earbuds Fiio FF3 HieGi Full Foams	Earbuds Fiio FF3 HieGi Full Foams	ignore	
https://kr0mka.squig.link/headphones/data/FF3%20R1.txt	Earbuds Fiio FF3 HieGi Full Foams	Earbuds Fiio FF3 HieGi Full Foams	ignore	
https://kr0mka.squig.link/headphones/data/FF3%20R2.txt	Earbuds Fiio FF3 HieGi Full Foams	Earbuds Fiio FF3 HieGi Full Foams	ignore	
https://kr0mka.squig.link/headphones/data/FF3%20R3.txt	Earbuds Fiio FF3 HieGi Full Foams	Earbuds Fiio FF3 HieGi Full Foams	ignore	
https://kr0mka.squig.link/headphones/data/FF3%20R4.txt	Earbuds Fiio FF3 HieGi Full Foams	Earbuds Fiio FF3 HieGi Full Foams	ignore	
https://kr0mka.squig.link/headphones/data/FF3%20R5.txt	Earbuds Fiio FF3 HieGi Full Foams	Earbuds Fiio FF3 HieGi Full Foams	ignore	
https://kr0mka.squig.link/headphones/data/PT15%20L1.txt	Earbuds Senfer PT15 HieGi Full Foams	Earbuds Senfer PT15 HieGi Full Foams	ignore	
https://kr0mka.squig.link/headphones/data/PT15%20L2.txt	Earbuds Senfer PT15 HieGi Full Foams	Earbuds Senfer PT15 HieGi Full Foams	ignore	
https://kr0mka.squig.link/headphones/data/PT15%20L3.txt	Earbuds Senfer PT15 HieGi Full Foams	Earbuds Senfer PT15 HieGi Full Foams	ignore	
https://kr0mka.squig.link/headphones/data/PT15%20L4.txt	Earbuds Senfer PT15 HieGi Full Foams	Earbuds Senfer PT15 HieGi Full Foams	ignore	
https://kr0mka.squig.link/headphones/data/PT15%20L5.txt	Earbuds Senfer PT15 HieGi Full Foams	Earbuds Senfer PT15 HieGi Full Foams	ignore	
https://kr0mka.squig.link/headphones/data/PT15%20R1.txt	Earbuds Senfer PT15 HieGi Full Foams	Earbuds Senfer PT15 HieGi Full Foams	ignore	
https://kr0mka.squig.link/headphones/data/PT15%20R2.txt	Earbuds Senfer PT15 HieGi Full Foams	Earbuds Senfer PT15 HieGi Full Foams	ignore	
https://kr0mka.squig.link/headphones/data/PT15%20R3.txt	Earbuds Senfer PT15 HieGi Full Foams	Earbuds Senfer PT15 HieGi Full Foams	ignore	
https://kr0mka.squig.link/headphones/data/PT15%20R4.txt	Earbuds Senfer PT15 HieGi Full Foams	Earbuds Senfer PT15 HieGi Full Foams	ignore	
https://kr0mka.squig.link/headphones/data/PT15%20R5.txt	Earbuds Senfer PT15 HieGi Full Foams	Earbuds Senfer PT15 HieGi Full Foams	ignore	
https://kr0mka.squig.link/headphones/data/dendro%20L1.txt	Earbuds Toneking Dendroaspis Viridis HieGi Full Foams	Earbuds Toneking Dendroaspis Viridis HieGi Full Foams	ignore	
https://kr0mka.squig.link/headphones/data/dendro%20L2.txt	Earbuds Toneking Dendroaspis Viridis HieGi Full Foams	Earbuds Toneking Dendroaspis Viridis HieGi Full Foams	ignore	
https://kr0mka.squig.link/headphones/data/dendro%20L3.txt	Earbuds Toneking Dendroaspis Viridis HieGi Full Foams	Earbuds Toneking Dendroaspis Viridis HieGi Full Foams	ignore	
https://kr0mka.squig.link/headphones/data/dendro%20L4.txt	Earbuds Toneking Dendroaspis Viridis HieGi Full Foams	Earbuds Toneking Dendroaspis Viridis HieGi Full Foams	ignore	
https://kr0mka.squig.link/headphones/data/dendro%20L5.txt	Earbuds Toneking Dendroaspis Viridis HieGi Full Foams	Earbuds Toneking Dendroaspis Viridis HieGi Full Foams	ignore	
https://kr0mka.squig.link/headphones/data/dendro%20R1.txt	Earbuds Toneking Dendroaspis Viridis HieGi Full Foams	Earbuds Toneking Dendroaspis Viridis HieGi Full Foams	ignore	
https://kr0mka.squig.link/headphones/data/dendro%20R2.txt	Earbuds Toneking Dendroaspis Viridis HieGi Full Foams	Earbuds Toneking Dendroaspis Viridis HieGi Full Foams	ignore	
https://kr0mka.squig.link/headphones/data/dendro%20R3.txt	Earbuds Toneking Dendroaspis Viridis HieGi Full Foams	Earbuds Toneking Dendroaspis Viridis HieGi Full Foams	ignore	
https://kr0mka.squig.link/headphones/data/dendro%20R4.txt	Earbuds Toneking Dendroaspis Viridis HieGi Full Foams	Earbuds Toneking Dendroaspis Viridis HieGi Full Foams	ignore	
https://kr0mka.squig.link/headphones/data/dendro%20R5.txt	Earbuds Toneking Dendroaspis Viridis HieGi Full Foams	Earbuds Toneking Dendroaspis Viridis HieGi Full Foams	ignore	
https://kr0mka.squig.link/headphones/data/Vido%20Black%20Matte%20L1.txt	Earbuds Vido Black Matte HieGi Full Foams	Earbuds Vido Black Matte HieGi Full Foams	ignore	
https://kr0mka.squig.link/headphones/data/Vido%20Black%20Matte%20L2.txt	Earbuds Vido Black Matte HieGi Full Foams	Earbuds Vido Black Matte HieGi Full Foams	ignore	
https://kr0mka.squig.link/headphones/data/Vido%20Black%20Matte%20L3.txt	Earbuds Vido Black Matte HieGi Full Foams	Earbuds Vido Black Matte HieGi Full Foams	ignore	
https://kr0mka.squig.link/headphones/data/Vido%20Black%20Matte%20L4.txt	Earbuds Vido Black Matte HieGi Full Foams	Earbuds Vido Black Matte HieGi Full Foams	ignore	
https://kr0mka.squig.link/headphones/data/Vido%20Black%20Matte%20L5.txt	Earbuds Vido Black Matte HieGi Full Foams	Earbuds Vido Black Matte HieGi Full Foams	ignore	
https://kr0mka.squig.link/headphones/data/Vido%20Black%20Matte%20R1.txt	Earbuds Vido Black Matte HieGi Full Foams	Earbuds Vido Black Matte HieGi Full Foams	ignore	
https://kr0mka.squig.link/headphones/data/Vido%20Black%20Matte%20R2.txt	Earbuds Vido Black Matte HieGi Full Foams	Earbuds Vido Black Matte HieGi Full Foams	ignore	
https://kr0mka.squig.link/headphones/data/Vido%20Black%20Matte%20R3.txt	Earbuds Vido Black Matte HieGi Full Foams	Earbuds Vido Black Matte HieGi Full Foams	ignore	
https://kr0mka.squig.link/headphones/data/Vido%20Black%20Matte%20R4.txt	Earbuds Vido Black Matte HieGi Full Foams	Earbuds Vido Black Matte HieGi Full Foams	ignore	
https://kr0mka.squig.link/headphones/data/Vido%20Black%20Matte%20R5.txt	Earbuds Vido Black Matte HieGi Full Foams	Earbuds Vido Black Matte HieGi Full Foams	ignore	
https://kr0mka.squig.link/headphones/data/S3%20Leather%20Stock%20L1.txt	Edifier Stax Spirit S3 Leather Pads	Edifier Stax Spirit S3 Leather Pads	ignore	
https://kr0mka.squig.link/headphones/data/S3%20Leather%20Stock%20L2.txt	Edifier Stax Spirit S3 Leather Pads	Edifier Stax Spirit S3 Leather Pads	ignore	
https://kr0mka.squig.link/headphones/data/S3%20Leather%20Stock%20L3.txt	Edifier Stax Spirit S3 Leather Pads	Edifier Stax Spirit S3 Leather Pads	ignore	
https://kr0mka.squig.link/headphones/data/S3%20Leather%20Stock%20R1.txt	Edifier Stax Spirit S3 Leather Pads	Edifier Stax Spirit S3 Leather Pads	ignore	
https://kr0mka.squig.link/headphones/data/S3%20Leather%20Stock%20R2.txt	Edifier Stax Spirit S3 Leather Pads	Edifier Stax Spirit S3 Leather Pads	ignore	
https://kr0mka.squig.link/headphones/data/S3%20Leather%20Stock%20R3.txt	Edifier Stax Spirit S3 Leather Pads	Edifier Stax Spirit S3 Leather Pads	ignore	
https://kr0mka.squig.link/headphones/data/w830nb%20L1.txt	Edifier W830NB ANC ON	Edifier W830NB (ANC on)	over-ear	KB501x + 711
https://kr0mka.squig.link/headphones/data/w830nb%20L2.txt	Edifier W830NB ANC ON	Edifier W830NB (ANC on)	over-ear	KB501x + 711
https://kr0mka.squig.link/headphones/data/w830nb%20L3.txt	Edifier W830NB ANC ON	Edifier W830NB (ANC on)	over-ear	KB501x + 711
https://kr0mka.squig.link/headphones/data/w830nb%20L4.txt	Edifier W830NB ANC ON	Edifier W830NB (ANC on)	over-ear	KB501x + 711
https://kr0mka.squig.link/headphones/data/w830nb%20L5.txt	Edifier W830NB ANC ON	Edifier W830NB (ANC on)	over-ear	KB501x + 711
https://kr0mka.squig.link/headphones/data/w830nb%20R1.txt	Edifier W830NB ANC ON	Edifier W830NB (ANC on)	over-ear	KB501x + 711
https://kr0mka.squig.link/headphones/data/w830nb%20R2.txt	Edifier W830NB ANC ON	Edifier W830NB (ANC on)	over-ear	KB501x + 711
https://kr0mka.squig.link/headphones/data/w830nb%20R3.txt	Edifier W830NB ANC ON	Edifier W830NB (ANC on)	over-ear	KB501x + 711
https://kr0mka.squig.link/headphones/data/w830nb%20R4.txt	Edifier W830NB ANC ON	Edifier W830NB (ANC on)	over-ear	KB501x + 711
https://kr0mka.squig.link/headphones/data/w830nb%20R5.txt	Edifier W830NB ANC ON	Edifier W830NB (ANC on)	over-ear	KB501x + 711
https://kr0mka.squig.link/data/pilgrim%20noir%20L.txt	Elysian Pilgrim Noir	Elysian Pilgrim Noir	in-ear	711
https://kr0mka.squig.link/data/pilgrim%20noir%20R.txt	Elysian Pilgrim Noir	Elysian Pilgrim Noir	in-ear	711
https://kr0mka.squig.link/headphones/data/rosemary%20bal%20L1.txt	Earbuds Faaeal Rosemary 2.5 HieGi Full Foams	Faaeal Rosemary 2.5 HieGi Full Foams	ignore	
https://kr0mka.squig.link/headphones/data/rosemary%20bal%20L2.txt	Earbuds Faaeal Rosemary 2.5 HieGi Full Foams	Faaeal Rosemary 2.5 HieGi Full Foams	ignore	
https://kr0mka.squig.link/headphones/data/rosemary%20bal%20L3.txt	Earbuds Faaeal Rosemary 2.5 HieGi Full Foams	Faaeal Rosemary 2.5 HieGi Full Foams	ignore	
https://kr0mka.squig.link/headphones/data/rosemary%20bal%20L4.txt	Earbuds Faaeal Rosemary 2.5 HieGi Full Foams	Faaeal Rosemary 2.5 HieGi Full Foams	ignore	
https://kr0mka.squig.link/headphones/data/rosemary%20bal%20L5.txt	Earbuds Faaeal Rosemary 2.5 HieGi Full Foams	Faaeal Rosemary 2.5 HieGi Full Foams	ignore	
https://kr0mka.squig.link/headphones/data/rosemary%20bal%20R1.txt	Earbuds Faaeal Rosemary 2.5 HieGi Full Foams	Faaeal Rosemary 2.5 HieGi Full Foams	ignore	
https://kr0mka.squig.link/headphones/data/rosemary%20bal%20R2.txt	Earbuds Faaeal Rosemary 2.5 HieGi Full Foams	Faaeal Rosemary 2.5 HieGi Full Foams	ignore	
https://kr0mka.squig.link/headphones/data/rosemary%20bal%20R3.txt	Earbuds Faaeal Rosemary 2.5 HieGi Full Foams	Faaeal Rosemary 2.5 HieGi Full Foams	ignore	
https://kr0mka.squig.link/headphones/data/rosemary%20bal%20R4.txt	Earbuds Faaeal Rosemary 2.5 HieGi Full Foams	Faaeal Rosemary 2.5 HieGi Full Foams	ignore	
https://kr0mka.squig.link/headphones/data/rosemary%20bal%20R5.txt	Earbuds Faaeal Rosemary 2.5 HieGi Full Foams	Faaeal Rosemary 2.5 HieGi Full Foams	ignore	
https://kr0mka.squig.link/data/scarlet%20mini%20L.txt	Fatfreq Scarlet Mini	Fatfreq Scarlet Mini	in-ear	711
https://kr0mka.squig.link/data/scarlet%20mini%20R.txt	Fatfreq Scarlet Mini	Fatfreq Scarlet Mini	in-ear	711
https://kr0mka.squig.link/data/fatfreq%20deuce%20L.txt	Fatfreq Deuce	Fatfreq x HBB Deuce	in-ear	711
https://kr0mka.squig.link/data/fatfreq%20deuce%20R.txt	Fatfreq Deuce	Fatfreq x HBB Deuce	in-ear	711
https://kr0mka.squig.link/headphones/data/FF1%20L1.txt	Earbuds Fiio FF1 Stock Bass Foams	FiiO FF1	earbud	KB501x + 711
https://kr0mka.squig.link/headphones/data/FF1%20L2.txt	Earbuds Fiio FF1 Stock Bass Foams	FiiO FF1	earbud	KB501x + 711
https://kr0mka.squig.link/headphones/data/FF1%20L3.txt	Earbuds Fiio FF1 Stock Bass Foams	FiiO FF1	earbud	KB501x + 711
https://kr0mka.squig.link/headphones/data/FF1%20L4.txt	Earbuds Fiio FF1 Stock Bass Foams	FiiO FF1	earbud	KB501x + 711
https://kr0mka.squig.link/headphones/data/FF1%20L5.txt	Earbuds Fiio FF1 Stock Bass Foams	FiiO FF1	earbud	KB501x + 711
https://kr0mka.squig.link/headphones/data/FF1%20R1.txt	Earbuds Fiio FF1 Stock Bass Foams	FiiO FF1	earbud	KB501x + 711
https://kr0mka.squig.link/headphones/data/FF1%20R2.txt	Earbuds Fiio FF1 Stock Bass Foams	FiiO FF1	earbud	KB501x + 711
https://kr0mka.squig.link/headphones/data/FF1%20R3.txt	Earbuds Fiio FF1 Stock Bass Foams	FiiO FF1	earbud	KB501x + 711
https://kr0mka.squig.link/headphones/data/FF1%20R4.txt	Earbuds Fiio FF1 Stock Bass Foams	FiiO FF1	earbud	KB501x + 711
https://kr0mka.squig.link/headphones/data/FF1%20R5.txt	Earbuds Fiio FF1 Stock Bass Foams	FiiO FF1	earbud	KB501x + 711
https://kr0mka.squig.link/headphones/data/ft1%20L1.txt	FiiO FT1	FiiO FT1	over-ear	KB501x + 711
https://kr0mka.squig.link/headphones/data/ft1%20L2.txt	FiiO FT1	FiiO FT1	over-ear	KB501x + 711
https://kr0mka.squig.link/headphones/data/ft1%20L3.txt	FiiO FT1	FiiO FT1	over-ear	KB501x + 711
https://kr0mka.squig.link/headphones/data/ft1%20L4.txt	FiiO FT1	FiiO FT1	over-ear	KB501x + 711
https://kr0mka.squig.link/headphones/data/ft1%20L5.txt	FiiO FT1	FiiO FT1	over-ear	KB501x + 711
https://kr0mka.squig.link/headphones/data/ft1%20R1.txt	FiiO FT1	FiiO FT1	over-ear	KB501x + 711
https://kr0mka.squig.link/headphones/data/ft1%20R2.txt	FiiO FT1	FiiO FT1	over-ear	KB501x + 711
https://kr0mka.squig.link/headphones/data/ft1%20R3.txt	FiiO FT1	FiiO FT1	over-ear	KB501x + 711
https://kr0mka.squig.link/headphones/data/ft1%20R4.txt	FiiO FT1	FiiO FT1	over-ear	KB501x + 711
https://kr0mka.squig.link/headphones/data/ft1%20R5.txt	FiiO FT1	FiiO FT1	over-ear	KB501x + 711
https://kr0mka.squig.link/headphones/data/ft1%20pro%20L1.txt	FiiO FT1 Pro	FiiO FT1 Pro	over-ear	KB501x + 711
https://kr0mka.squig.link/headphones/data/ft1%20pro%20L2.txt	FiiO FT1 Pro	FiiO FT1 Pro	over-ear	KB501x + 711
https://kr0mka.squig.link/headphones/data/ft1%20pro%20L3.txt	FiiO FT1 Pro	FiiO FT1 Pro	over-ear	KB501x + 711
https://kr0mka.squig.link/headphones/data/ft1%20pro%20L4.txt	FiiO FT1 Pro	FiiO FT1 Pro	over-ear	KB501x + 711
https://kr0mka.squig.link/headphones/data/ft1%20pro%20L5.txt	FiiO FT1 Pro	FiiO FT1 Pro	over-ear	KB501x + 711
https://kr0mka.squig.link/headphones/data/ft1%20pro%20L6.txt	FiiO FT1 Pro	FiiO FT1 Pro	over-ear	KB501x + 711
https://kr0mka.squig.link/headphones/data/ft1%20pro%20R1.txt	FiiO FT1 Pro	FiiO FT1 Pro	over-ear	KB501x + 711
https://kr0mka.squig.link/headphones/data/ft1%20pro%20R2.txt	FiiO FT1 Pro	FiiO FT1 Pro	over-ear	KB501x + 711
https://kr0mka.squig.link/headphones/data/ft1%20pro%20R3.txt	FiiO FT1 Pro	FiiO FT1 Pro	over-ear	KB501x + 711
https://kr0mka.squig.link/headphones/data/ft1%20pro%20R4.txt	FiiO FT1 Pro	FiiO FT1 Pro	over-ear	KB501x + 711
https://kr0mka.squig.link/headphones/data/fiio%20ft5%20pleather%20L1.txt	FiiO FT5 Pleather Pads	FiiO FT5 (pleather earpads)	over-ear	KB501x + 711
https://kr0mka.squig.link/headphones/data/fiio%20ft5%20pleather%20L2.txt	FiiO FT5 Pleather Pads	FiiO FT5 (pleather earpads)	over-ear	KB501x + 711
https://kr0mka.squig.link/headphones/data/fiio%20ft5%20pleather%20R1.txt	FiiO FT5 Pleather Pads	FiiO FT5 (pleather earpads)	over-ear	KB501x + 711
https://kr0mka.squig.link/headphones/data/fiio%20ft5%20pleather%20R2.txt	FiiO FT5 Pleather Pads	FiiO FT5 (pleather earpads)	over-ear	KB501x + 711
https://kr0mka.squig.link/headphones/data/fiio%20ft5%20pleather%20R3.txt	FiiO FT5 Pleather Pads	FiiO FT5 (pleather earpads)	over-ear	KB501x + 711
https://kr0mka.squig.link/headphones/data/fiio%20ft5%20suede%20L1.txt	FiiO FT5 Suede Pads	FiiO FT5 (suede earpads)	over-ear	KB501x + 711
https://kr0mka.squig.link/headphones/data/fiio%20ft5%20suede%20L2.txt	FiiO FT5 Suede Pads	FiiO FT5 (suede earpads)	over-ear	KB501x + 711
https://kr0mka.squig.link/headphones/data/fiio%20ft5%20suede%20L3.txt	FiiO FT5 Suede Pads	FiiO FT5 (suede earpads)	over-ear	KB501x + 711
https://kr0mka.squig.link/headphones/data/fiio%20ft5%20suede%20R1.txt	FiiO FT5 Suede Pads	FiiO FT5 (suede earpads)	over-ear	KB501x + 711
https://kr0mka.squig.link/headphones/data/fiio%20ft5%20suede%20R2.txt	FiiO FT5 Suede Pads	FiiO FT5 (suede earpads)	over-ear	KB501x + 711
https://kr0mka.squig.link/headphones/data/fiio%20ft5%20suede%20R3.txt	FiiO FT5 Suede Pads	FiiO FT5 (suede earpads)	over-ear	KB501x + 711
https://kr0mka.squig.link/headphones/data/fiio%20ft7%20L1.txt	FiiO FT7 	FiiO FT7	over-ear	KB501x + 711
https://kr0mka.squig.link/headphones/data/fiio%20ft7%20L2.txt	FiiO FT7 	FiiO FT7	over-ear	KB501x + 711
https://kr0mka.squig.link/headphones/data/fiio%20ft7%20L3.txt	FiiO FT7 	FiiO FT7	over-ear	KB501x + 711
https://kr0mka.squig.link/headphones/data/fiio%20ft7%20L4.txt	FiiO FT7 	FiiO FT7	over-ear	KB501x + 711
https://kr0mka.squig.link/headphones/data/fiio%20ft7%20L5.txt	FiiO FT7 	FiiO FT7	over-ear	KB501x + 711
https://kr0mka.squig.link/headphones/data/fiio%20ft7%20L6.txt	FiiO FT7 	FiiO FT7	over-ear	KB501x + 711
https://kr0mka.squig.link/headphones/data/fiio%20ft7%20R1.txt	FiiO FT7 	FiiO FT7	over-ear	KB501x + 711
https://kr0mka.squig.link/headphones/data/fiio%20ft7%20R2.txt	FiiO FT7 	FiiO FT7	over-ear	KB501x + 711
https://kr0mka.squig.link/headphones/data/fiio%20ft7%20R3.txt	FiiO FT7 	FiiO FT7	over-ear	KB501x + 711
https://kr0mka.squig.link/headphones/data/fiio%20ft7%20R4.txt	FiiO FT7 	FiiO FT7	over-ear	KB501x + 711
https://kr0mka.squig.link/headphones/data/fiio%20ft7%20R5.txt	FiiO FT7 	FiiO FT7	over-ear	KB501x + 711
https://kr0mka.squig.link/headphones/data/fiio%20ft7%20R6.txt	FiiO FT7 	FiiO FT7	over-ear	KB501x + 711
https://kr0mka.squig.link/headphones/data/fiio%20ft7%20positioning%20L1.txt	FiiO FT7 Positioning Extremes	FiiO FT7 Positioning Extremes	ignore	KB501x + 711
https://kr0mka.squig.link/headphones/data/fiio%20ft7%20positioning%20L2.txt	FiiO FT7 Positioning Extremes	FiiO FT7 Positioning Extremes	ignore	KB501x + 711
https://kr0mka.squig.link/headphones/data/fiio%20ft7%20positioning%20L3.txt	FiiO FT7 Positioning Extremes	FiiO FT7 Positioning Extremes	ignore	KB501x + 711
https://kr0mka.squig.link/headphones/data/fiio%20ft7%20positioning%20L4.txt	FiiO FT7 Positioning Extremes	FiiO FT7 Positioning Extremes	ignore	KB501x + 711
https://kr0mka.squig.link/headphones/data/fiio%20ft7%20positioning%20L5.txt	FiiO FT7 Positioning Extremes	FiiO FT7 Positioning Extremes	ignore	KB501x + 711
https://kr0mka.squig.link/headphones/data/fiio%20ft7%20positioning%20L6.txt	FiiO FT7 Positioning Extremes	FiiO FT7 Positioning Extremes	ignore	KB501x + 711
https://kr0mka.squig.link/headphones/data/fiio%20ft7%20positioning%20R1.txt	FiiO FT7 Positioning Extremes	FiiO FT7 Positioning Extremes	ignore	KB501x + 711
https://kr0mka.squig.link/headphones/data/fiio%20ft7%20positioning%20R2.txt	FiiO FT7 Positioning Extremes	FiiO FT7 Positioning Extremes	ignore	KB501x + 711
https://kr0mka.squig.link/headphones/data/fiio%20ft7%20positioning%20R3.txt	FiiO FT7 Positioning Extremes	FiiO FT7 Positioning Extremes	ignore	KB501x + 711
https://kr0mka.squig.link/headphones/data/fiio%20ft7%20positioning%20R4.txt	FiiO FT7 Positioning Extremes	FiiO FT7 Positioning Extremes	ignore	KB501x + 711
https://kr0mka.squig.link/headphones/data/fiio%20ft7%20positioning%20R5.txt	FiiO FT7 Positioning Extremes	FiiO FT7 Positioning Extremes	ignore	KB501x + 711
https://kr0mka.squig.link/headphones/data/fiio%20ft7%20positioning%20R6.txt	FiiO FT7 Positioning Extremes	FiiO FT7 Positioning Extremes	ignore	KB501x + 711
https://kr0mka.squig.link/headphones/data/jt1%20L1.txt	FiiO JT1	FiiO JT1	over-ear	KB501x + 711
https://kr0mka.squig.link/headphones/data/jt1%20L2.txt	FiiO JT1	FiiO JT1	over-ear	KB501x + 711
https://kr0mka.squig.link/headphones/data/jt1%20L3.txt	FiiO JT1	FiiO JT1	over-ear	KB501x + 711
https://kr0mka.squig.link/headphones/data/jt1%20L4.txt	FiiO JT1	FiiO JT1	over-ear	KB501x + 711
https://kr0mka.squig.link/headphones/data/jt1%20L5.txt	FiiO JT1	FiiO JT1	over-ear	KB501x + 711
https://kr0mka.squig.link/headphones/data/jt1%20L6.txt	FiiO JT1	FiiO JT1	over-ear	KB501x + 711
https://kr0mka.squig.link/headphones/data/jt1%20R1.txt	FiiO JT1	FiiO JT1	over-ear	KB501x + 711
https://kr0mka.squig.link/headphones/data/jt1%20R2.txt	FiiO JT1	FiiO JT1	over-ear	KB501x + 711
https://kr0mka.squig.link/headphones/data/jt1%20R3.txt	FiiO JT1	FiiO JT1	over-ear	KB501x + 711
https://kr0mka.squig.link/headphones/data/jt1%20R4.txt	FiiO JT1	FiiO JT1	over-ear	KB501x + 711
https://kr0mka.squig.link/headphones/data/jt1%20R5.txt	FiiO JT1	FiiO JT1	over-ear	KB501x + 711
https://kr0mka.squig.link/headphones/data/jt1%20R6.txt	FiiO JT1	FiiO JT1	over-ear	KB501x + 711
https://kr0mka.squig.link/headphones/data/final%20d7000%20L1.txt	Final Audio D7000	Final Audio D7000	over-ear	KB501x + 711
https://kr0mka.squig.link/headphones/data/final%20d7000%20L2.txt	Final Audio D7000	Final Audio D7000	over-ear	KB501x + 711
https://kr0mka.squig.link/headphones/data/final%20d7000%20L3.txt	Final Audio D7000	Final Audio D7000	over-ear	KB501x + 711
https://kr0mka.squig.link/headphones/data/final%20d7000%20L4.txt	Final Audio D7000	Final Audio D7000	over-ear	KB501x + 711
https://kr0mka.squig.link/headphones/data/final%20d7000%20R1.txt	Final Audio D7000	Final Audio D7000	over-ear	KB501x + 711
https://kr0mka.squig.link/headphones/data/final%20d7000%20R2.txt	Final Audio D7000	Final Audio D7000	over-ear	KB501x + 711
https://kr0mka.squig.link/headphones/data/final%20d7000%20R3.txt	Final Audio D7000	Final Audio D7000	over-ear	KB501x + 711
https://kr0mka.squig.link/headphones/data/final%20d7000%20R4.txt	Final Audio D7000	Final Audio D7000	over-ear	KB501x + 711
https://kr0mka.squig.link/data/e1000%20L.txt	Final Audio E1000	Final Audio E1000	in-ear	711
https://kr0mka.squig.link/data/e1000%20R.txt	Final Audio E1000	Final Audio E1000	in-ear	711
https://kr0mka.squig.link/headphones/data/utopia%2022%20L1.txt	Focal Utopia 2022	Focal Utopia 2022	over-ear	KB501x + 711
https://kr0mka.squig.link/headphones/data/utopia%2022%20L2.txt	Focal Utopia 2022	Focal Utopia 2022	over-ear	KB501x + 711
https://kr0mka.squig.link/headphones/data/utopia%2022%20L3.txt	Focal Utopia 2022	Focal Utopia 2022	over-ear	KB501x + 711
https://kr0mka.squig.link/headphones/data/utopia%2022%20R1.txt	Focal Utopia 2022	Focal Utopia 2022	over-ear	KB501x + 711
https://kr0mka.squig.link/headphones/data/utopia%2022%20R2.txt	Focal Utopia 2022	Focal Utopia 2022	over-ear	KB501x + 711
https://kr0mka.squig.link/headphones/data/utopia%2022%20R3.txt	Focal Utopia 2022	Focal Utopia 2022	over-ear	KB501x + 711
https://kr0mka.squig.link/data/X2%20pro%20L.txt	Fonge X2 Pro	Fonge X2 Pro	in-ear	711
https://kr0mka.squig.link/data/X2%20pro%20R.txt	Fonge X2 Pro	Fonge X2 Pro	in-ear	711
https://kr0mka.squig.link/headphones/data/t50rp%2050th%20anniv%20L1.txt	Fostex T50RP 50th Anniversary	Fostex T50RP 50th Anniversary	over-ear	KB501x + 711
https://kr0mka.squig.link/headphones/data/t50rp%2050th%20anniv%20L2.txt	Fostex T50RP 50th Anniversary	Fostex T50RP 50th Anniversary	over-ear	KB501x + 711
https://kr0mka.squig.link/headphones/data/t50rp%2050th%20anniv%20L3.txt	Fostex T50RP 50th Anniversary	Fostex T50RP 50th Anniversary	over-ear	KB501x + 711
https://kr0mka.squig.link/headphones/data/t50rp%2050th%20anniv%20L4.txt	Fostex T50RP 50th Anniversary	Fostex T50RP 50th Anniversary	over-ear	KB501x + 711
https://kr0mka.squig.link/headphones/data/t50rp%2050th%20anniv%20R1.txt	Fostex T50RP 50th Anniversary	Fostex T50RP 50th Anniversary	over-ear	KB501x + 711
https://kr0mka.squig.link/headphones/data/t50rp%2050th%20anniv%20R2.txt	Fostex T50RP 50th Anniversary	Fostex T50RP 50th Anniversary	over-ear	KB501x + 711
https://kr0mka.squig.link/headphones/data/t50rp%2050th%20anniv%20R3.txt	Fostex T50RP 50th Anniversary	Fostex T50RP 50th Anniversary	over-ear	KB501x + 711
https://kr0mka.squig.link/headphones/data/t50rp%2050th%20anniv%20R4.txt	Fostex T50RP 50th Anniversary	Fostex T50RP 50th Anniversary	over-ear	KB501x + 711
https://kr0mka.squig.link/headphones/data/TH-X00%20stock%20L1.txt	Fostex TH-X00 Stock Pads	Fostex TH-X00	over-ear	KB501x + 711
https://kr0mka.squig.link/headphones/data/TH-X00%20stock%20L2.txt	Fostex TH-X00 Stock Pads	Fostex TH-X00	over-ear	KB501x + 711
https://kr0mka.squig.link/headphones/data/TH-X00%20stock%20L3.txt	Fostex TH-X00 Stock Pads	Fostex TH-X00	over-ear	KB501x + 711
https://kr0mka.squig.link/headphones/data/TH-X00%20stock%20R1.txt	Fostex TH-X00 Stock Pads	Fostex TH-X00	over-ear	KB501x + 711
https://kr0mka.squig.link/headphones/data/TH-X00%20stock%20R2.txt	Fostex TH-X00 Stock Pads	Fostex TH-X00	over-ear	KB501x + 711
https://kr0mka.squig.link/headphones/data/TH-X00%20stock%20R3.txt	Fostex TH-X00 Stock Pads	Fostex TH-X00	over-ear	KB501x + 711
https://kr0mka.squig.link/headphones/data/TH-X00%20UL%20L1.txt	Fostex TH-X00 Universe Perf. Lambskin Pads	Fostex TH-X00 (ZMF Universe perforated lambskin earpads)	over-ear	KB501x + 711
https://kr0mka.squig.link/headphones/data/TH-X00%20UL%20L2.txt	Fostex TH-X00 Universe Perf. Lambskin Pads	Fostex TH-X00 (ZMF Universe perforated lambskin earpads)	over-ear	KB501x + 711
https://kr0mka.squig.link/headphones/data/TH-X00%20UL%20L3.txt	Fostex TH-X00 Universe Perf. Lambskin Pads	Fostex TH-X00 (ZMF Universe perforated lambskin earpads)	over-ear	KB501x + 711
https://kr0mka.squig.link/headphones/data/TH-X00%20UL%20R1.txt	Fostex TH-X00 Universe Perf. Lambskin Pads	Fostex TH-X00 (ZMF Universe perforated lambskin earpads)	over-ear	KB501x + 711
https://kr0mka.squig.link/headphones/data/TH-X00%20UL%20R2.txt	Fostex TH-X00 Universe Perf. Lambskin Pads	Fostex TH-X00 (ZMF Universe perforated lambskin earpads)	over-ear	KB501x + 711
https://kr0mka.squig.link/headphones/data/TH-X00%20UL%20R3.txt	Fostex TH-X00 Universe Perf. Lambskin Pads	Fostex TH-X00 (ZMF Universe perforated lambskin earpads)	over-ear	KB501x + 711
https://kr0mka.squig.link/headphones/data/TH-X00%20US%20L1.txt	Fostex TH-X00 Universe Perf. Suede Pads	Fostex TH-X00 (ZMF Universe perforated suede earpads)	over-ear	KB501x + 711
https://kr0mka.squig.link/headphones/data/TH-X00%20US%20L2.txt	Fostex TH-X00 Universe Perf. Suede Pads	Fostex TH-X00 (ZMF Universe perforated suede earpads)	over-ear	KB501x + 711
https://kr0mka.squig.link/headphones/data/TH-X00%20US%20L3.txt	Fostex TH-X00 Universe Perf. Suede Pads	Fostex TH-X00 (ZMF Universe perforated suede earpads)	over-ear	KB501x + 711
https://kr0mka.squig.link/headphones/data/TH-X00%20US%20R1.txt	Fostex TH-X00 Universe Perf. Suede Pads	Fostex TH-X00 (ZMF Universe perforated suede earpads)	over-ear	KB501x + 711
https://kr0mka.squig.link/headphones/data/TH-X00%20US%20R2.txt	Fostex TH-X00 Universe Perf. Suede Pads	Fostex TH-X00 (ZMF Universe perforated suede earpads)	over-ear	KB501x + 711
https://kr0mka.squig.link/headphones/data/TH-X00%20US%20R3.txt	Fostex TH-X00 Universe Perf. Suede Pads	Fostex TH-X00 (ZMF Universe perforated suede earpads)	over-ear	KB501x + 711
https://kr0mka.squig.link/headphones/data/TH-X00%20AuL%20L1.txt	Fostex TH-X00 Au Perf. Lambskin Pads	Fostex TH-X00 Au Perf. Lambskin Pads	ignore	
https://kr0mka.squig.link/headphones/data/TH-X00%20AuL%20L2.txt	Fostex TH-X00 Au Perf. Lambskin Pads	Fostex TH-X00 Au Perf. Lambskin Pads	ignore	
https://kr0mka.squig.link/headphones/data/TH-X00%20AuL%20L3.txt	Fostex TH-X00 Au Perf. Lambskin Pads	Fostex TH-X00 Au Perf. Lambskin Pads	ignore	
https://kr0mka.squig.link/headphones/data/TH-X00%20AuL%20R1.txt	Fostex TH-X00 Au Perf. Lambskin Pads	Fostex TH-X00 Au Perf. Lambskin Pads	ignore	
https://kr0mka.squig.link/headphones/data/TH-X00%20AuL%20R2.txt	Fostex TH-X00 Au Perf. Lambskin Pads	Fostex TH-X00 Au Perf. Lambskin Pads	ignore	
https://kr0mka.squig.link/headphones/data/TH-X00%20AuL%20R3.txt	Fostex TH-X00 Au Perf. Lambskin Pads	Fostex TH-X00 Au Perf. Lambskin Pads	ignore	
https://kr0mka.squig.link/headphones/data/TH-X00%20ES%20L1.txt	Fostex TH-X00 Eikon Perf. Suede Pads	Fostex TH-X00 Eikon Perf. Suede Pads	ignore	
https://kr0mka.squig.link/headphones/data/TH-X00%20ES%20L2.txt	Fostex TH-X00 Eikon Perf. Suede Pads	Fostex TH-X00 Eikon Perf. Suede Pads	ignore	
https://kr0mka.squig.link/headphones/data/TH-X00%20ES%20L3.txt	Fostex TH-X00 Eikon Perf. Suede Pads	Fostex TH-X00 Eikon Perf. Suede Pads	ignore	
https://kr0mka.squig.link/headphones/data/TH-X00%20ES%20R1.txt	Fostex TH-X00 Eikon Perf. Suede Pads	Fostex TH-X00 Eikon Perf. Suede Pads	ignore	
https://kr0mka.squig.link/headphones/data/TH-X00%20ES%20R2.txt	Fostex TH-X00 Eikon Perf. Suede Pads	Fostex TH-X00 Eikon Perf. Suede Pads	ignore	
https://kr0mka.squig.link/headphones/data/TH-X00%20ES%20R3.txt	Fostex TH-X00 Eikon Perf. Suede Pads	Fostex TH-X00 Eikon Perf. Suede Pads	ignore	
https://kr0mka.squig.link/headphones/data/TH616%20L1.txt	Fostex TH616	Fostex TH616	over-ear	KB501x + 711
https://kr0mka.squig.link/headphones/data/TH616%20L2.txt	Fostex TH616	Fostex TH616	over-ear	KB501x + 711
https://kr0mka.squig.link/headphones/data/TH616%20L3.txt	Fostex TH616	Fostex TH616	over-ear	KB501x + 711
https://kr0mka.squig.link/headphones/data/TH616%20R1.txt	Fostex TH616	Fostex TH616	over-ear	KB501x + 711
https://kr0mka.squig.link/headphones/data/TH616%20R2.txt	Fostex TH616	Fostex TH616	over-ear	KB501x + 711
https://kr0mka.squig.link/headphones/data/TH616%20R3.txt	Fostex TH616	Fostex TH616	over-ear	KB501x + 711
https://kr0mka.squig.link/headphones/data/th900%20mk2%20L1.txt	Fostex TH900 MK2	Fostex TH900mk2	over-ear	KB501x + 711
https://kr0mka.squig.link/headphones/data/th900%20mk2%20L2.txt	Fostex TH900 MK2	Fostex TH900mk2	over-ear	KB501x + 711
https://kr0mka.squig.link/headphones/data/th900%20mk2%20L3.txt	Fostex TH900 MK2	Fostex TH900mk2	over-ear	KB501x + 711
https://kr0mka.squig.link/headphones/data/th900%20mk2%20L4.txt	Fostex TH900 MK2	Fostex TH900mk2	over-ear	KB501x + 711
https://kr0mka.squig.link/headphones/data/th900%20mk2%20R1.txt	Fostex TH900 MK2	Fostex TH900mk2	over-ear	KB501x + 711
https://kr0mka.squig.link/headphones/data/th900%20mk2%20R2.txt	Fostex TH900 MK2	Fostex TH900mk2	over-ear	KB501x + 711
https://kr0mka.squig.link/headphones/data/th900%20mk2%20R3.txt	Fostex TH900 MK2	Fostex TH900mk2	over-ear	KB501x + 711
https://kr0mka.squig.link/headphones/data/th900%20mk2%20R4.txt	Fostex TH900 MK2	Fostex TH900mk2	over-ear	KB501x + 711
https://kr0mka.squig.link/data/G1%20L.txt	GK G1	GK G1	in-ear	711
https://kr0mka.squig.link/data/G1%20R.txt	GK G1	GK G1	in-ear	711
https://kr0mka.squig.link/headphones/data/Goldplana%20GL2000%20L1.txt	Goldplanar GL2000	Gold Planar GL2000	over-ear	KB501x + 711
https://kr0mka.squig.link/headphones/data/Goldplana%20GL2000%20L2.txt	Goldplanar GL2000	Gold Planar GL2000	over-ear	KB501x + 711
https://kr0mka.squig.link/headphones/data/Goldplana%20GL2000%20L3.txt	Goldplanar GL2000	Gold Planar GL2000	over-ear	KB501x + 711
https://kr0mka.squig.link/headphones/data/Goldplana%20GL2000%20R1.txt	Goldplanar GL2000	Gold Planar GL2000	over-ear	KB501x + 711
https://kr0mka.squig.link/headphones/data/Goldplana%20GL2000%20R2.txt	Goldplanar GL2000	Gold Planar GL2000	over-ear	KB501x + 711
https://kr0mka.squig.link/headphones/data/Goldplana%20GL2000%20R3.txt	Goldplanar GL2000	Gold Planar GL2000	over-ear	KB501x + 711
https://kr0mka.squig.link/headphones/data/sr325x%20L1.txt	Grado SR325x	Grado SR325x	over-ear	KB501x + 711
https://kr0mka.squig.link/headphones/data/sr325x%20L2.txt	Grado SR325x	Grado SR325x	over-ear	KB501x + 711
https://kr0mka.squig.link/headphones/data/sr325x%20L3.txt	Grado SR325x	Grado SR325x	over-ear	KB501x + 711
https://kr0mka.squig.link/headphones/data/sr325x%20L4.txt	Grado SR325x	Grado SR325x	over-ear	KB501x + 711
https://kr0mka.squig.link/headphones/data/sr325x%20R1.txt	Grado SR325x	Grado SR325x	over-ear	KB501x + 711
https://kr0mka.squig.link/headphones/data/sr325x%20R2.txt	Grado SR325x	Grado SR325x	over-ear	KB501x + 711
https://kr0mka.squig.link/headphones/data/sr325x%20R3.txt	Grado SR325x	Grado SR325x	over-ear	KB501x + 711
https://kr0mka.squig.link/headphones/data/sr325x%20R4.txt	Grado SR325x	Grado SR325x	over-ear	KB501x + 711
https://kr0mka.squig.link/headphones/data/hedd%20one%20L1.txt	HEDD Audio HEDDphone ONE	HEDD HEDDphone	over-ear	KB501x + 711
https://kr0mka.squig.link/headphones/data/hedd%20one%20L2.txt	HEDD Audio HEDDphone ONE	HEDD HEDDphone	over-ear	KB501x + 711
https://kr0mka.squig.link/headphones/data/hedd%20one%20L3.txt	HEDD Audio HEDDphone ONE	HEDD HEDDphone	over-ear	KB501x + 711
https://kr0mka.squig.link/headphones/data/hedd%20one%20L4.txt	HEDD Audio HEDDphone ONE	HEDD HEDDphone	over-ear	KB501x + 711
https://kr0mka.squig.link/headphones/data/hedd%20one%20R1.txt	HEDD Audio HEDDphone ONE	HEDD HEDDphone	over-ear	KB501x + 711
https://kr0mka.squig.link/headphones/data/hedd%20one%20R2.txt	HEDD Audio HEDDphone ONE	HEDD HEDDphone	over-ear	KB501x + 711
https://kr0mka.squig.link/headphones/data/hedd%20one%20R3.txt	HEDD Audio HEDDphone ONE	HEDD HEDDphone	over-ear	KB501x + 711
https://kr0mka.squig.link/headphones/data/hedd%20one%20R4.txt	HEDD Audio HEDDphone ONE	HEDD HEDDphone	over-ear	KB501x + 711
https://kr0mka.squig.link/headphones/data/hedd%20gt%20L1.txt	HEDD Audio HEDDphone TWO GT	HEDD HEDDphone TWO GT	over-ear	KB501x + 711
https://kr0mka.squig.link/headphones/data/hedd%20gt%20L2.txt	HEDD Audio HEDDphone TWO GT	HEDD HEDDphone TWO GT	over-ear	KB501x + 711
https://kr0mka.squig.link/headphones/data/hedd%20gt%20L3.txt	HEDD Audio HEDDphone TWO GT	HEDD HEDDphone TWO GT	over-ear	KB501x + 711
https://kr0mka.squig.link/headphones/data/hedd%202%20L1.txt	HEDD Audio HEDDphone TWO	HEDD Heddphone 2	over-ear	KB501x + 711
https://kr0mka.squig.link/headphones/data/hedd%202%20L2.txt	HEDD Audio HEDDphone TWO	HEDD Heddphone 2	over-ear	KB501x + 711
https://kr0mka.squig.link/headphones/data/hedd%202%20L3.txt	HEDD Audio HEDDphone TWO	HEDD Heddphone 2	over-ear	KB501x + 711
https://kr0mka.squig.link/headphones/data/hedd%202%20R1.txt	HEDD Audio HEDDphone TWO	HEDD Heddphone 2	over-ear	KB501x + 711
https://kr0mka.squig.link/headphones/data/hedd%202%20R2.txt	HEDD Audio HEDDphone TWO	HEDD Heddphone 2	over-ear	KB501x + 711
https://kr0mka.squig.link/headphones/data/hedd%202%20R3.txt	HEDD Audio HEDDphone TWO	HEDD Heddphone 2	over-ear	KB501x + 711
https://kr0mka.squig.link/headphones/data/Ananda%20v1%20L1.txt	Hifiman Ananda V1	HIFIMAN Ananda (V1)	over-ear	KB501x + 711
https://kr0mka.squig.link/headphones/data/Ananda%20v1%20L2.txt	Hifiman Ananda V1	HIFIMAN Ananda (V1)	over-ear	KB501x + 711
https://kr0mka.squig.link/headphones/data/Ananda%20v1%20L3.txt	Hifiman Ananda V1	HIFIMAN Ananda (V1)	over-ear	KB501x + 711
https://kr0mka.squig.link/headphones/data/Ananda%20v1%20R1.txt	Hifiman Ananda V1	HIFIMAN Ananda (V1)	over-ear	KB501x + 711
https://kr0mka.squig.link/headphones/data/Ananda%20v1%20R2.txt	Hifiman Ananda V1	HIFIMAN Ananda (V1)	over-ear	KB501x + 711
https://kr0mka.squig.link/headphones/data/Ananda%20v1%20R3.txt	Hifiman Ananda V1	HIFIMAN Ananda (V1)	over-ear	KB501x + 711
https://kr0mka.squig.link/headphones/data/ananda%20nano%20L1.txt	Hifiman Ananda Nano	HIFIMAN Ananda Nano	over-ear	KB501x + 711
https://kr0mka.squig.link/headphones/data/ananda%20nano%20L2.txt	Hifiman Ananda Nano	HIFIMAN Ananda Nano	over-ear	KB501x + 711
https://kr0mka.squig.link/headphones/data/ananda%20nano%20L3.txt	Hifiman Ananda Nano	HIFIMAN Ananda Nano	over-ear	KB501x + 711
https://kr0mka.squig.link/headphones/data/ananda%20nano%20L4.txt	Hifiman Ananda Nano	HIFIMAN Ananda Nano	over-ear	KB501x + 711
https://kr0mka.squig.link/headphones/data/ananda%20nano%20L5.txt	Hifiman Ananda Nano	HIFIMAN Ananda Nano	over-ear	KB501x + 711
https://kr0mka.squig.link/headphones/data/ananda%20nano%20L6.txt	Hifiman Ananda Nano	HIFIMAN Ananda Nano	over-ear	KB501x + 711
https://kr0mka.squig.link/headphones/data/ananda%20nano%20R1.txt	Hifiman Ananda Nano	HIFIMAN Ananda Nano	over-ear	KB501x + 711
https://kr0mka.squig.link/headphones/data/ananda%20nano%20R2.txt	Hifiman Ananda Nano	HIFIMAN Ananda Nano	over-ear	KB501x + 711
https://kr0mka.squig.link/headphones/data/ananda%20nano%20R3.txt	Hifiman Ananda Nano	HIFIMAN Ananda Nano	over-ear	KB501x + 711
https://kr0mka.squig.link/headphones/data/ananda%20nano%20R4.txt	Hifiman Ananda Nano	HIFIMAN Ananda Nano	over-ear	KB501x + 711
https://kr0mka.squig.link/headphones/data/ananda%20nano%20R5.txt	Hifiman Ananda Nano	HIFIMAN Ananda Nano	over-ear	KB501x + 711
https://kr0mka.squig.link/headphones/data/ananda%20nano%20R6.txt	Hifiman Ananda Nano	HIFIMAN Ananda Nano	over-ear	KB501x + 711
https://kr0mka.squig.link/headphones/data/ananda%20stealth%20v3%20L1.txt	Hifiman Ananda Stealth V3	HIFIMAN Ananda Stealth V3	over-ear	KB501x + 711
https://kr0mka.squig.link/headphones/data/ananda%20stealth%20v3%20L2.txt	Hifiman Ananda Stealth V3	HIFIMAN Ananda Stealth V3	over-ear	KB501x + 711
https://kr0mka.squig.link/headphones/data/ananda%20stealth%20v3%20L3.txt	Hifiman Ananda Stealth V3	HIFIMAN Ananda Stealth V3	over-ear	KB501x + 711
https://kr0mka.squig.link/headphones/data/ananda%20stealth%20v3%20L4.txt	Hifiman Ananda Stealth V3	HIFIMAN Ananda Stealth V3	over-ear	KB501x + 711
https://kr0mka.squig.link/headphones/data/ananda%20stealth%20v3%20L5.txt	Hifiman Ananda Stealth V3	HIFIMAN Ananda Stealth V3	over-ear	KB501x + 711
https://kr0mka.squig.link/headphones/data/ananda%20stealth%20v3%20L6.txt	Hifiman Ananda Stealth V3	HIFIMAN Ananda Stealth V3	over-ear	KB501x + 711
https://kr0mka.squig.link/headphones/data/ananda%20stealth%20v3%20R1.txt	Hifiman Ananda Stealth V3	HIFIMAN Ananda Stealth V3	over-ear	KB501x + 711
https://kr0mka.squig.link/headphones/data/ananda%20stealth%20v3%20R2.txt	Hifiman Ananda Stealth V3	HIFIMAN Ananda Stealth V3	over-ear	KB501x + 711
https://kr0mka.squig.link/headphones/data/ananda%20stealth%20v3%20R3.txt	Hifiman Ananda Stealth V3	HIFIMAN Ananda Stealth V3	over-ear	KB501x + 711
https://kr0mka.squig.link/headphones/data/ananda%20stealth%20v3%20R4.txt	Hifiman Ananda Stealth V3	HIFIMAN Ananda Stealth V3	over-ear	KB501x + 711
https://kr0mka.squig.link/headphones/data/ananda%20stealth%20v3%20R5.txt	Hifiman Ananda Stealth V3	HIFIMAN Ananda Stealth V3	over-ear	KB501x + 711
https://kr0mka.squig.link/headphones/data/ananda%20stealth%20v3%20R6.txt	Hifiman Ananda Stealth V3	HIFIMAN Ananda Stealth V3	over-ear	KB501x + 711
https://kr0mka.squig.link/headphones/data/Arya%20Organic%20L1.txt	Hifiman Arya Organic	HIFIMAN Arya Organic	over-ear	KB501x + 711
https://kr0mka.squig.link/headphones/data/Arya%20Organic%20L2.txt	Hifiman Arya Organic	HIFIMAN Arya Organic	over-ear	KB501x + 711
https://kr0mka.squig.link/headphones/data/Arya%20Organic%20L3.txt	Hifiman Arya Organic	HIFIMAN Arya Organic	over-ear	KB501x + 711
https://kr0mka.squig.link/headphones/data/Arya%20Organic%20R1.txt	Hifiman Arya Organic	HIFIMAN Arya Organic	over-ear	KB501x + 711
https://kr0mka.squig.link/headphones/data/Arya%20Organic%20R2.txt	Hifiman Arya Organic	HIFIMAN Arya Organic	over-ear	KB501x + 711
https://kr0mka.squig.link/headphones/data/Arya%20Organic%20R3.txt	Hifiman Arya Organic	HIFIMAN Arya Organic	over-ear	KB501x + 711
https://kr0mka.squig.link/headphones/data/hek%20unveiled%20L1.txt	Hifiman HE1000 Unveiled 	HIFIMAN HE1000 Unveiled	over-ear	KB501x + 711
https://kr0mka.squig.link/headphones/data/hek%20unveiled%20L2.txt	Hifiman HE1000 Unveiled 	HIFIMAN HE1000 Unveiled	over-ear	KB501x + 711
https://kr0mka.squig.link/headphones/data/hek%20unveiled%20L3.txt	Hifiman HE1000 Unveiled 	HIFIMAN HE1000 Unveiled	over-ear	KB501x + 711
https://kr0mka.squig.link/headphones/data/hek%20unveiled%20L4.txt	Hifiman HE1000 Unveiled 	HIFIMAN HE1000 Unveiled	over-ear	KB501x + 711
https://kr0mka.squig.link/headphones/data/hek%20unveiled%20L5.txt	Hifiman HE1000 Unveiled 	HIFIMAN HE1000 Unveiled	over-ear	KB501x + 711
https://kr0mka.squig.link/headphones/data/hek%20unveiled%20L6.txt	Hifiman HE1000 Unveiled 	HIFIMAN HE1000 Unveiled	over-ear	KB501x + 711
https://kr0mka.squig.link/headphones/data/hek%20unveiled%20R1.txt	Hifiman HE1000 Unveiled 	HIFIMAN HE1000 Unveiled	over-ear	KB501x + 711
https://kr0mka.squig.link/headphones/data/hek%20unveiled%20R2.txt	Hifiman HE1000 Unveiled 	HIFIMAN HE1000 Unveiled	over-ear	KB501x + 711
https://kr0mka.squig.link/headphones/data/hek%20unveiled%20R3.txt	Hifiman HE1000 Unveiled 	HIFIMAN HE1000 Unveiled	over-ear	KB501x + 711
https://kr0mka.squig.link/headphones/data/hek%20unveiled%20R4.txt	Hifiman HE1000 Unveiled 	HIFIMAN HE1000 Unveiled	over-ear	KB501x + 711
https://kr0mka.squig.link/headphones/data/hek%20unveiled%20R5.txt	Hifiman HE1000 Unveiled 	HIFIMAN HE1000 Unveiled	over-ear	KB501x + 711
https://kr0mka.squig.link/headphones/data/hek%20unveiled%20R6.txt	Hifiman HE1000 Unveiled 	HIFIMAN HE1000 Unveiled	over-ear	KB501x + 711
https://kr0mka.squig.link/headphones/data/hek%20unveiled%20cover%20on%20L1.txt	Hifiman HE1000 Unveiled Magnetic Covers On	HIFIMAN HE1000 Unveiled (magnetic covers on)	over-ear	KB501x + 711
https://kr0mka.squig.link/headphones/data/hek%20unveiled%20cover%20on%20L2.txt	Hifiman HE1000 Unveiled Magnetic Covers On	HIFIMAN HE1000 Unveiled (magnetic covers on)	over-ear	KB501x + 711
https://kr0mka.squig.link/headphones/data/hek%20unveiled%20cover%20on%20L3.txt	Hifiman HE1000 Unveiled Magnetic Covers On	HIFIMAN HE1000 Unveiled (magnetic covers on)	over-ear	KB501x + 711
https://kr0mka.squig.link/headphones/data/hek%20unveiled%20cover%20on%20L4.txt	Hifiman HE1000 Unveiled Magnetic Covers On	HIFIMAN HE1000 Unveiled (magnetic covers on)	over-ear	KB501x + 711
https://kr0mka.squig.link/headphones/data/hek%20unveiled%20cover%20on%20R1.txt	Hifiman HE1000 Unveiled Magnetic Covers On	HIFIMAN HE1000 Unveiled (magnetic covers on)	over-ear	KB501x + 711
https://kr0mka.squig.link/headphones/data/hek%20unveiled%20cover%20on%20R2.txt	Hifiman HE1000 Unveiled Magnetic Covers On	HIFIMAN HE1000 Unveiled (magnetic covers on)	over-ear	KB501x + 711
https://kr0mka.squig.link/headphones/data/hek%20unveiled%20cover%20on%20R3.txt	Hifiman HE1000 Unveiled Magnetic Covers On	HIFIMAN HE1000 Unveiled (magnetic covers on)	over-ear	KB501x + 711
https://kr0mka.squig.link/headphones/data/hek%20unveiled%20cover%20on%20R4.txt	Hifiman HE1000 Unveiled Magnetic Covers On	HIFIMAN HE1000 Unveiled (magnetic covers on)	over-ear	KB501x + 711
https://kr0mka.squig.link/headphones/data/HEKse%20Dekoni%20FenSheep%20L1.txt	Hifiman HE1000se Dekoni Fenestrated Sheepskin Pads	HIFIMAN HE1000se (Dekoni fenestrated sheepskin earpads)	over-ear	KB501x + 711
https://kr0mka.squig.link/headphones/data/HEKse%20Dekoni%20FenSheep%20L2.txt	Hifiman HE1000se Dekoni Fenestrated Sheepskin Pads	HIFIMAN HE1000se (Dekoni fenestrated sheepskin earpads)	over-ear	KB501x + 711
https://kr0mka.squig.link/headphones/data/HEKse%20Dekoni%20FenSheep%20L3.txt	Hifiman HE1000se Dekoni Fenestrated Sheepskin Pads	HIFIMAN HE1000se (Dekoni fenestrated sheepskin earpads)	over-ear	KB501x + 711
https://kr0mka.squig.link/headphones/data/HEKse%20Dekoni%20FenSheep%20R1.txt	Hifiman HE1000se Dekoni Fenestrated Sheepskin Pads	HIFIMAN HE1000se (Dekoni fenestrated sheepskin earpads)	over-ear	KB501x + 711
https://kr0mka.squig.link/headphones/data/HEKse%20Dekoni%20FenSheep%20R2.txt	Hifiman HE1000se Dekoni Fenestrated Sheepskin Pads	HIFIMAN HE1000se (Dekoni fenestrated sheepskin earpads)	over-ear	KB501x + 711
https://kr0mka.squig.link/headphones/data/HEKse%20Dekoni%20FenSheep%20R3.txt	Hifiman HE1000se Dekoni Fenestrated Sheepskin Pads	HIFIMAN HE1000se (Dekoni fenestrated sheepskin earpads)	over-ear	KB501x + 711
https://kr0mka.squig.link/headphones/data/susvara%20veiled%20L1.txt	Hifiman Susvara	HIFIMAN Susvara	over-ear	KB501x + 711
https://kr0mka.squig.link/headphones/data/susvara%20veiled%20L2.txt	Hifiman Susvara	HIFIMAN Susvara	over-ear	KB501x + 711
https://kr0mka.squig.link/headphones/data/susvara%20veiled%20L3.txt	Hifiman Susvara	HIFIMAN Susvara	over-ear	KB501x + 711
https://kr0mka.squig.link/headphones/data/susvara%20veiled%20L4.txt	Hifiman Susvara	HIFIMAN Susvara	over-ear	KB501x + 711
https://kr0mka.squig.link/headphones/data/susvara%20veiled%20L5.txt	Hifiman Susvara	HIFIMAN Susvara	over-ear	KB501x + 711
https://kr0mka.squig.link/headphones/data/susvara%20veiled%20L6.txt	Hifiman Susvara	HIFIMAN Susvara	over-ear	KB501x + 711
https://kr0mka.squig.link/headphones/data/susvara%20veiled%20R1.txt	Hifiman Susvara	HIFIMAN Susvara	over-ear	KB501x + 711
https://kr0mka.squig.link/headphones/data/susvara%20veiled%20R2.txt	Hifiman Susvara	HIFIMAN Susvara	over-ear	KB501x + 711
https://kr0mka.squig.link/headphones/data/susvara%20veiled%20R3.txt	Hifiman Susvara	HIFIMAN Susvara	over-ear	KB501x + 711
https://kr0mka.squig.link/headphones/data/susvara%20veiled%20R4.txt	Hifiman Susvara	HIFIMAN Susvara	over-ear	KB501x + 711
https://kr0mka.squig.link/headphones/data/susvara%20veiled%20R5.txt	Hifiman Susvara	HIFIMAN Susvara	over-ear	KB501x + 711
https://kr0mka.squig.link/headphones/data/susvara%20veiled%20R6.txt	Hifiman Susvara	HIFIMAN Susvara	over-ear	KB501x + 711
https://kr0mka.squig.link/data/hisenior%20cristales%20L.txt	Hisenior Cano Cristales	Hisenior Cano Cristales	in-ear	711
https://kr0mka.squig.link/data/hisenior%20cristales%20R.txt	Hisenior Cano Cristales	Hisenior Cano Cristales	in-ear	711
https://kr0mka.squig.link/data/mega5est%20L.txt	Hisenior Mega5EST	Hisenior Mega 5 EST	in-ear	711
https://kr0mka.squig.link/data/mega5est%20R.txt	Hisenior Mega5EST	Hisenior Mega 5 EST	in-ear	711
https://kr0mka.squig.link/data/mega5est%20bass+%20L.txt	Hisenior Mega5EST Bass+	Hisenior Mega 5 EST Bass+	in-ear	711
https://kr0mka.squig.link/data/mega5est%20bass+%20R.txt	Hisenior Mega5EST Bass+	Hisenior Mega 5 EST Bass+	in-ear	711
https://kr0mka.squig.link/data/5i%20L.txt	Huawei Freebuds 5i 	Huawei Freebuds 5i (ANC off)	in-ear	711
https://kr0mka.squig.link/data/5i%20R.txt	Huawei Freebuds 5i 	Huawei Freebuds 5i (ANC off)	in-ear	711
https://kr0mka.squig.link/data/5i%20Transparency%20L.txt	Huawei Freebuds 5i Awareness	Huawei Freebuds 5i (ANC off, awareness)	in-ear	711
https://kr0mka.squig.link/data/5i%20Transparency%20R.txt	Huawei Freebuds 5i Awareness	Huawei Freebuds 5i (ANC off, awareness)	in-ear	711
https://kr0mka.squig.link/data/5i%20BASS%20L.txt	Huawei Freebuds 5i Bass boost	Huawei Freebuds 5i (ANC off, bass boost)	in-ear	711
https://kr0mka.squig.link/data/5i%20BASS%20R.txt	Huawei Freebuds 5i Bass boost	Huawei Freebuds 5i (ANC off, bass boost)	in-ear	711
https://kr0mka.squig.link/data/5i%20TREBLE%20L.txt	Huawei Freebuds 5i Treble boost	Huawei Freebuds 5i (ANC off, treble boost)	in-ear	711
https://kr0mka.squig.link/data/5i%20TREBLE%20R.txt	Huawei Freebuds 5i Treble boost	Huawei Freebuds 5i (ANC off, treble boost)	in-ear	711
https://kr0mka.squig.link/data/5i%20ANC%20L.txt	Huawei Freebuds 5i ANC	Huawei Freebuds 5i (ANC on)	in-ear	711
https://kr0mka.squig.link/data/5i%20ANC%20R.txt	Huawei Freebuds 5i ANC	Huawei Freebuds 5i (ANC on)	in-ear	711
https://kr0mka.squig.link/data/5i%20ANC%20BASS%20L.txt	Huawei Freebuds 5i ANC + Bass boost	Huawei Freebuds 5i (ANC on, bass boost)	in-ear	711
https://kr0mka.squig.link/data/5i%20ANC%20BASS%20R.txt	Huawei Freebuds 5i ANC + Bass boost	Huawei Freebuds 5i (ANC on, bass boost)	in-ear	711
https://kr0mka.squig.link/data/5i%20ANC%20TREBLE%20L.txt	Huawei Freebuds 5i ANC + Treble boost	Huawei Freebuds 5i (ANC on, treble boost)	in-ear	711
https://kr0mka.squig.link/data/5i%20ANC%20TREBLE%20R.txt	Huawei Freebuds 5i ANC + Treble boost	Huawei Freebuds 5i (ANC on, treble boost)	in-ear	711
https://kr0mka.squig.link/data/inearz%20nirvana%20L.txt	Inearz Nirvana	Inearz Nirvana	in-ear	711
https://kr0mka.squig.link/data/inearz%20nirvana%20R.txt	Inearz Nirvana	Inearz Nirvana	in-ear	711
https://kr0mka.squig.link/data/live%20beam%203%20anc%20disabled%20R.txt	JBL Live Beam 3 ANC OFF	JBL Live Beam 3 (ANC Off)	in-ear	711
https://kr0mka.squig.link/data/live%20beam%203%20anc%20L.txt	JBL Live Beam 3 ANC ON	JBL Live Beam 3 (ANC on)	in-ear	711
https://kr0mka.squig.link/data/live%20beam%203%20anc%20R.txt	JBL Live Beam 3 ANC ON	JBL Live Beam 3 (ANC on)	in-ear	711
https://kr0mka.squig.link/data/Tune%20110%20L.txt	JBL Tune 110	JBL Tune 110	in-ear	711
https://kr0mka.squig.link/data/Tune%20110%20R.txt	JBL Tune 110	JBL Tune 110	in-ear	711
https://kr0mka.squig.link/headphones/data/720bt%20L1.txt	JBL Tune 720BT 	JBL Tune 720BT	over-ear	KB501x + 711
https://kr0mka.squig.link/headphones/data/720bt%20L2.txt	JBL Tune 720BT 	JBL Tune 720BT	over-ear	KB501x + 711
https://kr0mka.squig.link/headphones/data/720bt%20L3.txt	JBL Tune 720BT 	JBL Tune 720BT	over-ear	KB501x + 711
https://kr0mka.squig.link/headphones/data/720bt%20L4.txt	JBL Tune 720BT 	JBL Tune 720BT	over-ear	KB501x + 711
https://kr0mka.squig.link/headphones/data/720bt%20R1.txt	JBL Tune 720BT 	JBL Tune 720BT	over-ear	KB501x + 711
https://kr0mka.squig.link/headphones/data/720bt%20R2.txt	JBL Tune 720BT 	JBL Tune 720BT	over-ear	KB501x + 711
https://kr0mka.squig.link/headphones/data/720bt%20R3.txt	JBL Tune 720BT 	JBL Tune 720BT	over-ear	KB501x + 711
https://kr0mka.squig.link/headphones/data/720bt%20R4.txt	JBL Tune 720BT 	JBL Tune 720BT	over-ear	KB501x + 711
https://kr0mka.squig.link/headphones/data/720bt%20passive%20L1.txt	JBL Tune 720BT Passive	JBL Tune 720BT (passive)	over-ear	KB501x + 711
https://kr0mka.squig.link/headphones/data/720bt%20passive%20L2.txt	JBL Tune 720BT Passive	JBL Tune 720BT (passive)	over-ear	KB501x + 711
https://kr0mka.squig.link/headphones/data/720bt%20passive%20L3.txt	JBL Tune 720BT Passive	JBL Tune 720BT (passive)	over-ear	KB501x + 711
https://kr0mka.squig.link/headphones/data/720bt%20passive%20L4.txt	JBL Tune 720BT Passive	JBL Tune 720BT (passive)	over-ear	KB501x + 711
https://kr0mka.squig.link/headphones/data/720bt%20passive%20R1.txt	JBL Tune 720BT Passive	JBL Tune 720BT (passive)	over-ear	KB501x + 711
https://kr0mka.squig.link/headphones/data/720bt%20passive%20R2.txt	JBL Tune 720BT Passive	JBL Tune 720BT (passive)	over-ear	KB501x + 711
https://kr0mka.squig.link/headphones/data/720bt%20passive%20R3.txt	JBL Tune 720BT Passive	JBL Tune 720BT (passive)	over-ear	KB501x + 711
https://kr0mka.squig.link/headphones/data/720bt%20passive%20R4.txt	JBL Tune 720BT Passive	JBL Tune 720BT (passive)	over-ear	KB501x + 711
https://kr0mka.squig.link/data/tune%20beam%202%20anc%20off%20L.txt	JBL Tune Beam 2 ANC OFF	JBL Tune Beam 2 (ANC off)	in-ear	711
https://kr0mka.squig.link/data/tune%20beam%202%20anc%20off%20R.txt	JBL Tune Beam 2 ANC OFF	JBL Tune Beam 2 (ANC off)	in-ear	711
https://kr0mka.squig.link/data/tune%20beam%202%20anc%20L.txt	JBL Tune Beam 2 ANC ON	JBL Tune Beam 2 (ANC on)	in-ear	711
https://kr0mka.squig.link/data/tune%20beam%202%20anc%20R.txt	JBL Tune Beam 2 ANC ON	JBL Tune Beam 2 (ANC on)	in-ear	711
https://kr0mka.squig.link/data/AT1%20L.txt	Jcally AT1	JCally AT1	in-ear	711
https://kr0mka.squig.link/data/AT1%20R.txt	Jcally AT1	JCally AT1	in-ear	711
https://kr0mka.squig.link/data/HA-FR15-H%20L.txt	JVC HA-FR15	JVC HA-FR15	in-ear	711
https://kr0mka.squig.link/data/HA-FR15-H%20R.txt	JVC HA-FR15	JVC HA-FR15	in-ear	711
https://kr0mka.squig.link/headphones/data/JF11%20L1.txt	Earbuds Jade Audio JF11 Stock Foams	Jade Audio JF11	earbud	KB501x + 711
https://kr0mka.squig.link/headphones/data/JF11%20L2.txt	Earbuds Jade Audio JF11 Stock Foams	Jade Audio JF11	earbud	KB501x + 711
https://kr0mka.squig.link/headphones/data/JF11%20L3.txt	Earbuds Jade Audio JF11 Stock Foams	Jade Audio JF11	earbud	KB501x + 711
https://kr0mka.squig.link/headphones/data/JF11%20L4.txt	Earbuds Jade Audio JF11 Stock Foams	Jade Audio JF11	earbud	KB501x + 711
https://kr0mka.squig.link/headphones/data/JF11%20L5.txt	Earbuds Jade Audio JF11 Stock Foams	Jade Audio JF11	earbud	KB501x + 711
https://kr0mka.squig.link/headphones/data/JF11%20L6.txt	Earbuds Jade Audio JF11 Stock Foams	Jade Audio JF11	earbud	KB501x + 711
https://kr0mka.squig.link/headphones/data/JF11%20R1.txt	Earbuds Jade Audio JF11 Stock Foams	Jade Audio JF11	earbud	KB501x + 711
https://kr0mka.squig.link/headphones/data/JF11%20R2.txt	Earbuds Jade Audio JF11 Stock Foams	Jade Audio JF11	earbud	KB501x + 711
https://kr0mka.squig.link/headphones/data/JF11%20R3.txt	Earbuds Jade Audio JF11 Stock Foams	Jade Audio JF11	earbud	KB501x + 711
https://kr0mka.squig.link/headphones/data/JF11%20R4.txt	Earbuds Jade Audio JF11 Stock Foams	Jade Audio JF11	earbud	KB501x + 711
https://kr0mka.squig.link/headphones/data/JF11%20R5.txt	Earbuds Jade Audio JF11 Stock Foams	Jade Audio JF11	earbud	KB501x + 711
https://kr0mka.squig.link/headphones/data/JF11%20R6.txt	Earbuds Jade Audio JF11 Stock Foams	Jade Audio JF11	earbud	KB501x + 711
https://kr0mka.squig.link/data/ZS10%20L.txt	KZ ZS10	KZ ZS10	in-ear	711
https://kr0mka.squig.link/data/ZS10%20R.txt	KZ ZS10	KZ ZS10	in-ear	711
https://kr0mka.squig.link/data/ZS10%20Pro%20L.txt	KZ ZS10 Pro	KZ ZS10 Pro	in-ear	711
https://kr0mka.squig.link/data/ZS10%20Pro%20R.txt	KZ ZS10 Pro	KZ ZS10 Pro	in-ear	711
https://kr0mka.squig.link/data/ZS5v1%20L.txt	KZ ZS5v1 	KZ ZS5v1	in-ear	711
https://kr0mka.squig.link/data/ZS5v1%20R.txt	KZ ZS5v1 	KZ ZS5v1	in-ear	711
https://kr0mka.squig.link/data/ZS5v1%2047R%20OI%20L.txt	KZ ZS5v1 47Ω OI	KZ ZS5v1 47Ω OI	ignore	
https://kr0mka.squig.link/data/ZS5v1%2047R%20OI%20R.txt	KZ ZS5v1 47Ω OI	KZ ZS5v1 47Ω OI	ignore	
https://kr0mka.squig.link/data/ZEX%20Pro%20L.txt	KZ CRN (ZEX Pro)	KZ x Crinacle CRN	in-ear	711
https://kr0mka.squig.link/data/ZEX%20Pro%20R.txt	KZ CRN (ZEX Pro)	KZ x Crinacle CRN	in-ear	711
https://kr0mka.squig.link/data/celest%20wyvern%20abyss%20L.txt	Kinera Celest Wyvern Abyss	Kinera Celest Wyvern Abyss	in-ear	711
https://kr0mka.squig.link/data/celest%20wyvern%20abyss%20R.txt	Kinera Celest Wyvern Abyss	Kinera Celest Wyvern Abyss	in-ear	711
https://kr0mka.squig.link/data/forteza%20L.txt	Kiwi Ears Forteza 	Kiwi Ears Forteza	in-ear	711
https://kr0mka.squig.link/data/forteza%20R.txt	Kiwi Ears Forteza 	Kiwi Ears Forteza	in-ear	711
https://kr0mka.squig.link/data/forteza%20100zout%20L.txt	Kiwi Ears Forteza 100Ω Zout/Adapter	Kiwi Ears Forteza 100Ω Zout/Adapter	ignore	711
https://kr0mka.squig.link/data/forteza%20100zout%20R.txt	Kiwi Ears Forteza 100Ω Zout/Adapter	Kiwi Ears Forteza 100Ω Zout/Adapter	ignore	711
https://kr0mka.squig.link/data/forteza%2010zout%20L.txt	Kiwi Ears Forteza 10Ω Zout/Adapter	Kiwi Ears Forteza 10Ω Zout/Adapter	ignore	711
https://kr0mka.squig.link/data/forteza%2010zout%20R.txt	Kiwi Ears Forteza 10Ω Zout/Adapter	Kiwi Ears Forteza 10Ω Zout/Adapter	ignore	711
https://kr0mka.squig.link/data/forteza%20200zout%20L.txt	Kiwi Ears Forteza 200Ω Zout/Adapter	Kiwi Ears Forteza 200Ω Zout/Adapter	ignore	711
https://kr0mka.squig.link/data/forteza%20200zout%20R.txt	Kiwi Ears Forteza 200Ω Zout/Adapter	Kiwi Ears Forteza 200Ω Zout/Adapter	ignore	711
https://kr0mka.squig.link/data/forteza%2020zout%20L.txt	Kiwi Ears Forteza 20Ω Zout/Adapter	Kiwi Ears Forteza 20Ω Zout/Adapter	ignore	711
https://kr0mka.squig.link/data/forteza%2020zout%20R.txt	Kiwi Ears Forteza 20Ω Zout/Adapter	Kiwi Ears Forteza 20Ω Zout/Adapter	ignore	711
https://kr0mka.squig.link/data/forteza%2050zout%20L.txt	Kiwi Ears Forteza 50Ω Zout/Adapter	Kiwi Ears Forteza 50Ω Zout/Adapter	ignore	711
https://kr0mka.squig.link/data/forteza%2050zout%20R.txt	Kiwi Ears Forteza 50Ω Zout/Adapter	Kiwi Ears Forteza 50Ω Zout/Adapter	ignore	711
https://kr0mka.squig.link/data/forteza%205zout%20L.txt	Kiwi Ears Forteza 5Ω Zout/Adapter	Kiwi Ears Forteza 5Ω Zout/Adapter	ignore	711
https://kr0mka.squig.link/data/forteza%205zout%20R.txt	Kiwi Ears Forteza 5Ω Zout/Adapter	Kiwi Ears Forteza 5Ω Zout/Adapter	ignore	711
https://kr0mka.squig.link/data/forteza%20y2%2010zout%20L.txt	Kiwi Ears Forteza Y2 + 10Ω Zout/Adapter	Kiwi Ears Forteza Y2 + 10Ω Zout/Adapter	ignore	711
https://kr0mka.squig.link/data/forteza%20y2%2010zout%20R.txt	Kiwi Ears Forteza Y2 + 10Ω Zout/Adapter	Kiwi Ears Forteza Y2 + 10Ω Zout/Adapter	ignore	711
https://kr0mka.squig.link/data/forteza%20y2%2020zout%20L.txt	Kiwi Ears Forteza Y2 + 20Ω Zout/Adapter	Kiwi Ears Forteza Y2 + 20Ω Zout/Adapter	ignore	711
https://kr0mka.squig.link/data/forteza%20y2%2020zout%20R.txt	Kiwi Ears Forteza Y2 + 20Ω Zout/Adapter	Kiwi Ears Forteza Y2 + 20Ω Zout/Adapter	ignore	711
https://kr0mka.squig.link/data/forteza%20y2%20L.txt	Kiwi Ears Forteza Y2 filter on BA	Kiwi Ears Forteza Y2 filter on BA	ignore	711
https://kr0mka.squig.link/data/forteza%20y2%20R.txt	Kiwi Ears Forteza Y2 filter on BA	Kiwi Ears Forteza Y2 filter on BA	ignore	711
https://kr0mka.squig.link/data/singolo%20L.txt	Kiwi Ears Singolo 	Kiwi Ears Singolo	in-ear	711
https://kr0mka.squig.link/data/singolo%20R.txt	Kiwi Ears Singolo 	Kiwi Ears Singolo	in-ear	711
https://kr0mka.squig.link/data/singolo%20vent%20blocked%20L.txt	Kiwi Ears Singolo Blocked Vent	Kiwi Ears Singolo Blocked Vent	ignore	711
https://kr0mka.squig.link/data/singolo%20vent%20blocked%20R.txt	Kiwi Ears Singolo Blocked Vent	Kiwi Ears Singolo Blocked Vent	ignore	711
https://kr0mka.squig.link/headphones/data/KPH30I%20L1.txt	Koss KPH30i 	Koss KPH30i	over-ear	KB501x + 711
https://kr0mka.squig.link/headphones/data/KPH30I%20L2.txt	Koss KPH30i 	Koss KPH30i	over-ear	KB501x + 711
https://kr0mka.squig.link/headphones/data/KPH30I%20L3.txt	Koss KPH30i 	Koss KPH30i	over-ear	KB501x + 711
https://kr0mka.squig.link/headphones/data/KPH30I%20L4.txt	Koss KPH30i 	Koss KPH30i	over-ear	KB501x + 711
https://kr0mka.squig.link/headphones/data/KPH30I%20R1.txt	Koss KPH30i 	Koss KPH30i	over-ear	KB501x + 711
https://kr0mka.squig.link/headphones/data/KPH30I%20R2.txt	Koss KPH30i 	Koss KPH30i	over-ear	KB501x + 711
https://kr0mka.squig.link/headphones/data/KPH30I%20R3.txt	Koss KPH30i 	Koss KPH30i	over-ear	KB501x + 711
https://kr0mka.squig.link/headphones/data/KPH30I%20R4.txt	Koss KPH30i 	Koss KPH30i	over-ear	KB501x + 711
https://kr0mka.squig.link/headphones/data/KPH30I%20g%20cush%20L1.txt	Koss KPH30i G Cushions	Koss KPH30i (Grado G Cushion earpads)	over-ear	KB501x + 711
https://kr0mka.squig.link/headphones/data/KPH30I%20g%20cush%20L2.txt	Koss KPH30i G Cushions	Koss KPH30i (Grado G Cushion earpads)	over-ear	KB501x + 711
https://kr0mka.squig.link/headphones/data/KPH30I%20g%20cush%20L3.txt	Koss KPH30i G Cushions	Koss KPH30i (Grado G Cushion earpads)	over-ear	KB501x + 711
https://kr0mka.squig.link/headphones/data/KPH30I%20g%20cush%20L4.txt	Koss KPH30i G Cushions	Koss KPH30i (Grado G Cushion earpads)	over-ear	KB501x + 711
https://kr0mka.squig.link/headphones/data/KPH30I%20g%20cush%20R1.txt	Koss KPH30i G Cushions	Koss KPH30i (Grado G Cushion earpads)	over-ear	KB501x + 711
https://kr0mka.squig.link/headphones/data/KPH30I%20g%20cush%20R2.txt	Koss KPH30i G Cushions	Koss KPH30i (Grado G Cushion earpads)	over-ear	KB501x + 711
https://kr0mka.squig.link/headphones/data/KPH30I%20g%20cush%20R3.txt	Koss KPH30i G Cushions	Koss KPH30i (Grado G Cushion earpads)	over-ear	KB501x + 711
https://kr0mka.squig.link/headphones/data/KPH30I%20g%20cush%20R4.txt	Koss KPH30i G Cushions	Koss KPH30i (Grado G Cushion earpads)	over-ear	KB501x + 711
https://kr0mka.squig.link/headphones/data/ksc75%20L1.txt	Koss KSC75 	Koss KSC75	over-ear	KB501x + 711
https://kr0mka.squig.link/headphones/data/ksc75%20L2.txt	Koss KSC75 	Koss KSC75	over-ear	KB501x + 711
https://kr0mka.squig.link/headphones/data/ksc75%20L3.txt	Koss KSC75 	Koss KSC75	over-ear	KB501x + 711
https://kr0mka.squig.link/headphones/data/ksc75%20L4.txt	Koss KSC75 	Koss KSC75	over-ear	KB501x + 711
https://kr0mka.squig.link/headphones/data/ksc75%20L5.txt	Koss KSC75 	Koss KSC75	over-ear	KB501x + 711
https://kr0mka.squig.link/headphones/data/ksc75%20R1.txt	Koss KSC75 	Koss KSC75	over-ear	KB501x + 711
https://kr0mka.squig.link/headphones/data/ksc75%20R2.txt	Koss KSC75 	Koss KSC75	over-ear	KB501x + 711
https://kr0mka.squig.link/headphones/data/ksc75%20R3.txt	Koss KSC75 	Koss KSC75	over-ear	KB501x + 711
https://kr0mka.squig.link/headphones/data/ksc75%20R4.txt	Koss KSC75 	Koss KSC75	over-ear	KB501x + 711
https://kr0mka.squig.link/headphones/data/ksc75%20R5.txt	Koss KSC75 	Koss KSC75	over-ear	KB501x + 711
https://kr0mka.squig.link/headphones/data/ksc75%20pads%20L1.txt	Koss KSC75 Aftermarket headband + 63mm 6 hole earpads	Koss KSC75 Aftermarket headband + 63mm 6 hole earpads	ignore	KB501x + 711
https://kr0mka.squig.link/headphones/data/ksc75%20pads%20L2.txt	Koss KSC75 Aftermarket headband + 63mm 6 hole earpads	Koss KSC75 Aftermarket headband + 63mm 6 hole earpads	ignore	KB501x + 711
https://kr0mka.squig.link/headphones/data/ksc75%20pads%20L3.txt	Koss KSC75 Aftermarket headband + 63mm 6 hole earpads	Koss KSC75 Aftermarket headband + 63mm 6 hole earpads	ignore	KB501x + 711
https://kr0mka.squig.link/headphones/data/ksc75%20pads%20L4.txt	Koss KSC75 Aftermarket headband + 63mm 6 hole earpads	Koss KSC75 Aftermarket headband + 63mm 6 hole earpads	ignore	KB501x + 711
https://kr0mka.squig.link/headphones/data/ksc75%20pads%20L5.txt	Koss KSC75 Aftermarket headband + 63mm 6 hole earpads	Koss KSC75 Aftermarket headband + 63mm 6 hole earpads	ignore	KB501x + 711
https://kr0mka.squig.link/headphones/data/ksc75%20pads%20R1.txt	Koss KSC75 Aftermarket headband + 63mm 6 hole earpads	Koss KSC75 Aftermarket headband + 63mm 6 hole earpads	ignore	KB501x + 711
https://kr0mka.squig.link/headphones/data/ksc75%20pads%20R2.txt	Koss KSC75 Aftermarket headband + 63mm 6 hole earpads	Koss KSC75 Aftermarket headband + 63mm 6 hole earpads	ignore	KB501x + 711
https://kr0mka.squig.link/headphones/data/ksc75%20pads%20R3.txt	Koss KSC75 Aftermarket headband + 63mm 6 hole earpads	Koss KSC75 Aftermarket headband + 63mm 6 hole earpads	ignore	KB501x + 711
https://kr0mka.squig.link/headphones/data/ksc75%20pads%20R4.txt	Koss KSC75 Aftermarket headband + 63mm 6 hole earpads	Koss KSC75 Aftermarket headband + 63mm 6 hole earpads	ignore	KB501x + 711
https://kr0mka.squig.link/headphones/data/ksc75%20pads%20R5.txt	Koss KSC75 Aftermarket headband + 63mm 6 hole earpads	Koss KSC75 Aftermarket headband + 63mm 6 hole earpads	ignore	KB501x + 711
https://kr0mka.squig.link/data/e20%20wide%2010%20ohm%20L.txt	Letshuoer Aoshida E20 Wide Bore 10Ω OI/Adapter	Letshuoer Aoshida E20 Wide Bore 10Ω OI/Adapter	ignore	
https://kr0mka.squig.link/data/e20%20wide%2010%20ohm%20R.txt	Letshuoer Aoshida E20 Wide Bore 10Ω OI/Adapter	Letshuoer Aoshida E20 Wide Bore 10Ω OI/Adapter	ignore	
https://kr0mka.squig.link/headphones/data/Marshall%20Major%203%20BT%20L1.txt	Marshall Major 3 BT (On-ear)	Marshall Major III	over-ear	KB501x + 711
https://kr0mka.squig.link/headphones/data/Marshall%20Major%203%20BT%20L2.txt	Marshall Major 3 BT (On-ear)	Marshall Major III	over-ear	KB501x + 711
https://kr0mka.squig.link/headphones/data/Marshall%20Major%203%20BT%20L3.txt	Marshall Major 3 BT (On-ear)	Marshall Major III	over-ear	KB501x + 711
https://kr0mka.squig.link/headphones/data/Marshall%20Major%203%20BT%20L4.txt	Marshall Major 3 BT (On-ear)	Marshall Major III	over-ear	KB501x + 711
https://kr0mka.squig.link/headphones/data/Marshall%20Major%203%20BT%20L5.txt	Marshall Major 3 BT (On-ear)	Marshall Major III	over-ear	KB501x + 711
https://kr0mka.squig.link/headphones/data/Marshall%20Major%203%20BT%20R1.txt	Marshall Major 3 BT (On-ear)	Marshall Major III	over-ear	KB501x + 711
https://kr0mka.squig.link/headphones/data/Marshall%20Major%203%20BT%20R2.txt	Marshall Major 3 BT (On-ear)	Marshall Major III	over-ear	KB501x + 711
https://kr0mka.squig.link/headphones/data/Marshall%20Major%203%20BT%20R3.txt	Marshall Major 3 BT (On-ear)	Marshall Major III	over-ear	KB501x + 711
https://kr0mka.squig.link/headphones/data/Marshall%20Major%203%20BT%20R4.txt	Marshall Major 3 BT (On-ear)	Marshall Major III	over-ear	KB501x + 711
https://kr0mka.squig.link/headphones/data/Marshall%20Major%203%20BT%20R5.txt	Marshall Major 3 BT (On-ear)	Marshall Major III	over-ear	KB501x + 711
https://kr0mka.squig.link/headphones/data/Empyrean%20Alcantara%20L1.txt	Meze Empyrean Alcantara Pads	Meze Empyrean (alcantara earpads)	over-ear	KB501x + 711
https://kr0mka.squig.link/headphones/data/Empyrean%20Alcantara%20L2.txt	Meze Empyrean Alcantara Pads	Meze Empyrean (alcantara earpads)	over-ear	KB501x + 711
https://kr0mka.squig.link/headphones/data/Empyrean%20Alcantara%20L3.txt	Meze Empyrean Alcantara Pads	Meze Empyrean (alcantara earpads)	over-ear	KB501x + 711
https://kr0mka.squig.link/headphones/data/Empyrean%20Alcantara%20R1.txt	Meze Empyrean Alcantara Pads	Meze Empyrean (alcantara earpads)	over-ear	KB501x + 711
https://kr0mka.squig.link/headphones/data/Empyrean%20Alcantara%20R2.txt	Meze Empyrean Alcantara Pads	Meze Empyrean (alcantara earpads)	over-ear	KB501x + 711
https://kr0mka.squig.link/headphones/data/Empyrean%20Alcantara%20R3.txt	Meze Empyrean Alcantara Pads	Meze Empyrean (alcantara earpads)	over-ear	KB501x + 711
https://kr0mka.squig.link/headphones/data/empyrean%202%20L1.txt	Meze Empyrean 2	Meze Empyrean 2	over-ear	KB501x + 711
https://kr0mka.squig.link/headphones/data/empyrean%202%20L2.txt	Meze Empyrean 2	Meze Empyrean 2	over-ear	KB501x + 711
https://kr0mka.squig.link/headphones/data/empyrean%202%20L3.txt	Meze Empyrean 2	Meze Empyrean 2	over-ear	KB501x + 711
https://kr0mka.squig.link/headphones/data/empyrean%202%20L4.txt	Meze Empyrean 2	Meze Empyrean 2	over-ear	KB501x + 711
https://kr0mka.squig.link/headphones/data/empyrean%202%20R1.txt	Meze Empyrean 2	Meze Empyrean 2	over-ear	KB501x + 711
https://kr0mka.squig.link/headphones/data/empyrean%202%20R2.txt	Meze Empyrean 2	Meze Empyrean 2	over-ear	KB501x + 711
https://kr0mka.squig.link/headphones/data/empyrean%202%20R3.txt	Meze Empyrean 2	Meze Empyrean 2	over-ear	KB501x + 711
https://kr0mka.squig.link/headphones/data/empyrean%202%20R4.txt	Meze Empyrean 2	Meze Empyrean 2	over-ear	KB501x + 711
https://kr0mka.squig.link/headphones/data/XBWH%20L1.txt	Microsoft Xbox Wireless Headset	Microsoft Xbox Wireless Headset	over-ear	KB501x + 711
https://kr0mka.squig.link/headphones/data/XBWH%20L2.txt	Microsoft Xbox Wireless Headset	Microsoft Xbox Wireless Headset	over-ear	KB501x + 711
https://kr0mka.squig.link/headphones/data/XBWH%20L3.txt	Microsoft Xbox Wireless Headset	Microsoft Xbox Wireless Headset	over-ear	KB501x + 711
https://kr0mka.squig.link/headphones/data/XBWH%20R1.txt	Microsoft Xbox Wireless Headset	Microsoft Xbox Wireless Headset	over-ear	KB501x + 711
https://kr0mka.squig.link/headphones/data/XBWH%20R2.txt	Microsoft Xbox Wireless Headset	Microsoft Xbox Wireless Headset	over-ear	KB501x + 711
https://kr0mka.squig.link/headphones/data/XBWH%20R3.txt	Microsoft Xbox Wireless Headset	Microsoft Xbox Wireless Headset	over-ear	KB501x + 711
https://kr0mka.squig.link/headphones/data/monoprice%201570%20L1.txt	Monoprice M1570	Monoprice M1570	over-ear	KB501x + 711
https://kr0mka.squig.link/headphones/data/monoprice%201570%20L2.txt	Monoprice M1570	Monoprice M1570	over-ear	KB501x + 711
https://kr0mka.squig.link/headphones/data/monoprice%201570%20L3.txt	Monoprice M1570	Monoprice M1570	over-ear	KB501x + 711
https://kr0mka.squig.link/headphones/data/monoprice%201570%20L4.txt	Monoprice M1570	Monoprice M1570	over-ear	KB501x + 711
https://kr0mka.squig.link/headphones/data/monoprice%201570%20R1.txt	Monoprice M1570	Monoprice M1570	over-ear	KB501x + 711
https://kr0mka.squig.link/headphones/data/monoprice%201570%20R2.txt	Monoprice M1570	Monoprice M1570	over-ear	KB501x + 711
https://kr0mka.squig.link/headphones/data/monoprice%201570%20R3.txt	Monoprice M1570	Monoprice M1570	over-ear	KB501x + 711
https://kr0mka.squig.link/headphones/data/monoprice%201570%20R4.txt	Monoprice M1570	Monoprice M1570	over-ear	KB501x + 711
https://kr0mka.squig.link/data/Aria%20L.txt	Moondrop Aria	Moondrop Aria	in-ear	711
https://kr0mka.squig.link/data/Aria%20R.txt	Moondrop Aria	Moondrop Aria	in-ear	711
https://kr0mka.squig.link/data/Chu%20L.txt	Moondrop Chu	Moondrop Chu	in-ear	711
https://kr0mka.squig.link/data/Chu%20R.txt	Moondrop Chu	Moondrop Chu	in-ear	711
https://kr0mka.squig.link/data/ga%20basshead%20L.txt	Moondrop Golden Ages Basshead	Moondrop Golden Ages (basshead)	in-ear	711
https://kr0mka.squig.link/data/ga%20basshead%20R.txt	Moondrop Golden Ages Basshead	Moondrop Golden Ages (basshead)	in-ear	711
https://kr0mka.squig.link/data/golden%20ages%20mon%208k%20L.txt	Moondrop Golden Ages Monitor	Moondrop Golden Ages (monitor eq)	in-ear	711
https://kr0mka.squig.link/data/golden%20ages%20mon%208k%20R.txt	Moondrop Golden Ages Monitor	Moondrop Golden Ages (monitor eq)	in-ear	711
https://kr0mka.squig.link/data/golden%20ages%20mon%20501x%20L.txt	Moondrop Golden Ages Monitor (KB501x)	Moondrop Golden Ages (monitor eq)	in-ear	711
https://kr0mka.squig.link/data/golden%20ages%20mon%20501x%20R.txt	Moondrop Golden Ages Monitor (KB501x)	Moondrop Golden Ages (monitor eq)	in-ear	711
https://kr0mka.squig.link/data/ga%20monitor%20L.txt	Moondrop Golden Ages Monitor	Moondrop Golden Ages (monitor)	in-ear	711
https://kr0mka.squig.link/data/ga%20monitor%20R.txt	Moondrop Golden Ages Monitor	Moondrop Golden Ages (monitor)	in-ear	711
https://kr0mka.squig.link/data/ga%20reference%20L.txt	Moondrop Golden Ages Reference	Moondrop Golden Ages (reference)	in-ear	711
https://kr0mka.squig.link/data/ga%20reference%20R.txt	Moondrop Golden Ages Reference	Moondrop Golden Ages (reference)	in-ear	711
https://kr0mka.squig.link/data/ga%20secret%20target%20L.txt	Moondrop Golden Ages Secret	Moondrop Golden Ages (secret)	in-ear	711
https://kr0mka.squig.link/data/ga%20secret%20target%20R.txt	Moondrop Golden Ages Secret	Moondrop Golden Ages (secret)	in-ear	711
https://kr0mka.squig.link/data/ga%205128%20target%20L.txt	Moondrop Golden Ages 5128 Target	Moondrop Golden Ages 5128 Target	ignore	711
https://kr0mka.squig.link/data/ga%205128%20target%20R.txt	Moondrop Golden Ages 5128 Target	Moondrop Golden Ages 5128 Target	ignore	711
https://kr0mka.squig.link/data/golden%20ages%20bass%208k%20L.txt	Moondrop Golden Ages Basshead	Moondrop Golden Ages Basshead	ignore	711
https://kr0mka.squig.link/data/golden%20ages%20bass%208k%20R.txt	Moondrop Golden Ages Basshead	Moondrop Golden Ages Basshead	ignore	711
https://kr0mka.squig.link/data/golden%20ages%20bass%20501x%20L.txt	Moondrop Golden Ages Basshead (KB501x)	Moondrop Golden Ages Basshead (KB501x)	ignore	711
https://kr0mka.squig.link/data/golden%20ages%20bass%20501x%20R.txt	Moondrop Golden Ages Basshead (KB501x)	Moondrop Golden Ages Basshead (KB501x)	ignore	711
https://kr0mka.squig.link/data/golden%20ages%20ref%208k%20L.txt	Moondrop Golden Ages Reference	Moondrop Golden Ages Reference	ignore	711
https://kr0mka.squig.link/data/golden%20ages%20ref%208k%20R.txt	Moondrop Golden Ages Reference	Moondrop Golden Ages Reference	ignore	711
https://kr0mka.squig.link/data/golden%20ages%20ref%20501x%20L.txt	Moondrop Golden Ages Reference (KB501x)	Moondrop Golden Ages Reference (KB501x)	ignore	711
https://kr0mka.squig.link/data/golden%20ages%20ref%20501x%20R.txt	Moondrop Golden Ages Reference (KB501x)	Moondrop Golden Ages Reference (KB501x)	ignore	711
https://kr0mka.squig.link/data/KXXS%20L.txt	Moondrop KXXS 	Moondrop KXXS	in-ear	711
https://kr0mka.squig.link/data/KXXS%20R.txt	Moondrop KXXS 	Moondrop KXXS	in-ear	711
https://kr0mka.squig.link/data/KXXS%20(BGVP%20W01)%20L.txt	Moondrop KXXS BGVP W01	Moondrop KXXS (BGVP W01 eartips)	ignore	711
https://kr0mka.squig.link/data/KXXS%20(BGVP%20W01)%20R.txt	Moondrop KXXS BGVP W01	Moondrop KXXS (BGVP W01 eartips)	ignore	711
https://kr0mka.squig.link/data/KXXS%20spring%20L.txt	Moondrop KXXS Spring	Moondrop KXXS (Moondrop Spring eartips)	ignore	711
https://kr0mka.squig.link/data/KXXS%20spring%20R.txt	Moondrop KXXS Spring	Moondrop KXXS (Moondrop Spring eartips)	ignore	711
https://kr0mka.squig.link/data/KXXS%20(EP-EX11)%20L.txt	Moondrop KXXS EP-EX11	Moondrop KXXS (Sony EP-EX11 eartips)	ignore	711
https://kr0mka.squig.link/data/KXXS%20(EX15)%20L.txt	Moondrop KXXS EX15	Moondrop KXXS (Sony MDR-EX15 eartips)	ignore	711
https://kr0mka.squig.link/data/KXXS%20(EX15)%20R.txt	Moondrop KXXS EX15	Moondrop KXXS (Sony MDR-EX15 eartips)	ignore	711
https://kr0mka.squig.link/data/KXXS%20(CP%20100)%20L.txt	Moondrop KXXS CP100	Moondrop KXXS (SpinFit CP100 eartips)	ignore	711
https://kr0mka.squig.link/data/KXXS%20(CP%20100)%20R.txt	Moondrop KXXS CP100	Moondrop KXXS (SpinFit CP100 eartips)	ignore	711
https://kr0mka.squig.link/data/KXXS%20(Symbio%20W%20Peel)%20L.txt	Moondrop KXXS Symbio W Peel	Moondrop KXXS Symbio W Peel	ignore	
https://kr0mka.squig.link/data/KXXS%20(Symbio%20W%20Peel)%20R.txt	Moondrop KXXS Symbio W Peel	Moondrop KXXS Symbio W Peel	ignore	
https://kr0mka.squig.link/data/LAN%20L.txt	Moondrop LAN	Moondrop LAN	in-ear	711
https://kr0mka.squig.link/data/LAN%20R.txt	Moondrop LAN	Moondrop LAN	in-ear	711
https://kr0mka.squig.link/data/may%203.5%20L.txt	Moondrop May 3.5mm	Moondrop May (3.5 mm)	in-ear	711
https://kr0mka.squig.link/data/may%203.5%20R.txt	Moondrop May 3.5mm	Moondrop May (3.5 mm)	in-ear	711
https://kr0mka.squig.link/data/may%20harman%20style%20L.txt	Moondrop May Harman style DSP	Moondrop May (Harman style DSP)	in-ear	711
https://kr0mka.squig.link/data/may%20harman%20style%20R.txt	Moondrop May Harman style DSP	Moondrop May (Harman style DSP)	in-ear	711
https://kr0mka.squig.link/data/may%20basshead%20L.txt	Moondrop May Basshead DSP	Moondrop May (basshead DSP)	in-ear	711
https://kr0mka.squig.link/data/may%20basshead%20R.txt	Moondrop May Basshead DSP	Moondrop May (basshead DSP)	in-ear	711
https://kr0mka.squig.link/data/may%20no%20bass%20L.txt	Moondrop May No bass DSP	Moondrop May (no bass DSP)	in-ear	711
https://kr0mka.squig.link/data/may%20no%20bass%20R.txt	Moondrop May No bass DSP	Moondrop May (no bass DSP)	in-ear	711
https://kr0mka.squig.link/data/may%20reference%20L.txt	Moondrop May Reference DSP	Moondrop May (reference DSP)	in-ear	711
https://kr0mka.squig.link/data/may%20reference%20R.txt	Moondrop May Reference DSP	Moondrop May (reference DSP)	in-ear	711
https://kr0mka.squig.link/data/may%20standard%20L.txt	Moondrop May Standard DSP	Moondrop May (standard DSP)	in-ear	711
https://kr0mka.squig.link/data/may%20standard%20R.txt	Moondrop May Standard DSP	Moondrop May (standard DSP)	in-ear	711
https://kr0mka.squig.link/headphones/data/md%20of%20L1.txt	Moondrop Old Fashioned	Moondrop Old Fashioned	over-ear	KB501x + 711
https://kr0mka.squig.link/headphones/data/md%20of%20L2.txt	Moondrop Old Fashioned	Moondrop Old Fashioned	over-ear	KB501x + 711
https://kr0mka.squig.link/headphones/data/md%20of%20L3.txt	Moondrop Old Fashioned	Moondrop Old Fashioned	over-ear	KB501x + 711
https://kr0mka.squig.link/headphones/data/md%20of%20L4.txt	Moondrop Old Fashioned	Moondrop Old Fashioned	over-ear	KB501x + 711
https://kr0mka.squig.link/headphones/data/md%20of%20L5.txt	Moondrop Old Fashioned	Moondrop Old Fashioned	over-ear	KB501x + 711
https://kr0mka.squig.link/headphones/data/md%20of%20L6.txt	Moondrop Old Fashioned	Moondrop Old Fashioned	over-ear	KB501x + 711
https://kr0mka.squig.link/headphones/data/md%20of%20R1.txt	Moondrop Old Fashioned	Moondrop Old Fashioned	over-ear	KB501x + 711
https://kr0mka.squig.link/headphones/data/md%20of%20R2.txt	Moondrop Old Fashioned	Moondrop Old Fashioned	over-ear	KB501x + 711
https://kr0mka.squig.link/headphones/data/md%20of%20R3.txt	Moondrop Old Fashioned	Moondrop Old Fashioned	over-ear	KB501x + 711
https://kr0mka.squig.link/headphones/data/md%20of%20R4.txt	Moondrop Old Fashioned	Moondrop Old Fashioned	over-ear	KB501x + 711
https://kr0mka.squig.link/headphones/data/md%20of%20R5.txt	Moondrop Old Fashioned	Moondrop Old Fashioned	over-ear	KB501x + 711
https://kr0mka.squig.link/headphones/data/md%20of%20R6.txt	Moondrop Old Fashioned	Moondrop Old Fashioned	over-ear	KB501x + 711
https://kr0mka.squig.link/headphones/data/para%20auteur%20perf%20leather%20L1.txt	Moondrop Para Auteur Perf. Lambskin Pads (ZMF)	Moondrop Para (ZMF Auteur perforated lambskin earpads)	over-ear	KB501x + 711
https://kr0mka.squig.link/headphones/data/para%20auteur%20perf%20leather%20L2.txt	Moondrop Para Auteur Perf. Lambskin Pads (ZMF)	Moondrop Para (ZMF Auteur perforated lambskin earpads)	over-ear	KB501x + 711
https://kr0mka.squig.link/headphones/data/para%20auteur%20perf%20leather%20L3.txt	Moondrop Para Auteur Perf. Lambskin Pads (ZMF)	Moondrop Para (ZMF Auteur perforated lambskin earpads)	over-ear	KB501x + 711
https://kr0mka.squig.link/headphones/data/para%20auteur%20perf%20leather%20R1.txt	Moondrop Para Auteur Perf. Lambskin Pads (ZMF)	Moondrop Para (ZMF Auteur perforated lambskin earpads)	over-ear	KB501x + 711
https://kr0mka.squig.link/headphones/data/para%20auteur%20perf%20leather%20R2.txt	Moondrop Para Auteur Perf. Lambskin Pads (ZMF)	Moondrop Para (ZMF Auteur perforated lambskin earpads)	over-ear	KB501x + 711
https://kr0mka.squig.link/headphones/data/para%20auteur%20perf%20leather%20R3.txt	Moondrop Para Auteur Perf. Lambskin Pads (ZMF)	Moondrop Para (ZMF Auteur perforated lambskin earpads)	over-ear	KB501x + 711
https://kr0mka.squig.link/headphones/data/para%20eikon%20suede%20perf%20L1.txt	Moondrop Para Eikon Perf. Suede Pads (ZMF)	Moondrop Para (ZMF Eikon perforated suede earpads)	over-ear	KB501x + 711
https://kr0mka.squig.link/headphones/data/para%20eikon%20suede%20perf%20L2.txt	Moondrop Para Eikon Perf. Suede Pads (ZMF)	Moondrop Para (ZMF Eikon perforated suede earpads)	over-ear	KB501x + 711
https://kr0mka.squig.link/headphones/data/para%20eikon%20suede%20perf%20L3.txt	Moondrop Para Eikon Perf. Suede Pads (ZMF)	Moondrop Para (ZMF Eikon perforated suede earpads)	over-ear	KB501x + 711
https://kr0mka.squig.link/headphones/data/para%20eikon%20suede%20perf%20R1.txt	Moondrop Para Eikon Perf. Suede Pads (ZMF)	Moondrop Para (ZMF Eikon perforated suede earpads)	over-ear	KB501x + 711
https://kr0mka.squig.link/headphones/data/para%20eikon%20suede%20perf%20R2.txt	Moondrop Para Eikon Perf. Suede Pads (ZMF)	Moondrop Para (ZMF Eikon perforated suede earpads)	over-ear	KB501x + 711
https://kr0mka.squig.link/headphones/data/para%20eikon%20suede%20perf%20R3.txt	Moondrop Para Eikon Perf. Suede Pads (ZMF)	Moondrop Para (ZMF Eikon perforated suede earpads)	over-ear	KB501x + 711
https://kr0mka.squig.link/headphones/data/para%20uni%20perf%20suede%20L1.txt	Moondrop Para Universe Perf. Suede Pads (ZMF)	Moondrop Para (ZMF Universeperforated suede earpads)	over-ear	KB501x + 711
https://kr0mka.squig.link/headphones/data/para%20uni%20perf%20suede%20L2.txt	Moondrop Para Universe Perf. Suede Pads (ZMF)	Moondrop Para (ZMF Universeperforated suede earpads)	over-ear	KB501x + 711
https://kr0mka.squig.link/headphones/data/para%20uni%20perf%20suede%20L3.txt	Moondrop Para Universe Perf. Suede Pads (ZMF)	Moondrop Para (ZMF Universeperforated suede earpads)	over-ear	KB501x + 711
https://kr0mka.squig.link/headphones/data/para%20uni%20perf%20suede%20R1.txt	Moondrop Para Universe Perf. Suede Pads (ZMF)	Moondrop Para (ZMF Universeperforated suede earpads)	over-ear	KB501x + 711
https://kr0mka.squig.link/headphones/data/para%20uni%20perf%20suede%20R2.txt	Moondrop Para Universe Perf. Suede Pads (ZMF)	Moondrop Para (ZMF Universeperforated suede earpads)	over-ear	KB501x + 711
https://kr0mka.squig.link/headphones/data/para%20uni%20perf%20suede%20R3.txt	Moondrop Para Universe Perf. Suede Pads (ZMF)	Moondrop Para (ZMF Universeperforated suede earpads)	over-ear	KB501x + 711
https://kr0mka.squig.link/headphones/data/para%20stock%20perf%20pu%20L1.txt	Moondrop Para Stock Perf. Leatherette	Moondrop Para (fenestrated PU earpads)	over-ear	KB501x + 711
https://kr0mka.squig.link/headphones/data/para%20stock%20perf%20pu%20L2.txt	Moondrop Para Stock Perf. Leatherette	Moondrop Para (fenestrated PU earpads)	over-ear	KB501x + 711
https://kr0mka.squig.link/headphones/data/para%20stock%20perf%20pu%20L3.txt	Moondrop Para Stock Perf. Leatherette	Moondrop Para (fenestrated PU earpads)	over-ear	KB501x + 711
https://kr0mka.squig.link/headphones/data/para%20stock%20perf%20pu%20R1.txt	Moondrop Para Stock Perf. Leatherette	Moondrop Para (fenestrated PU earpads)	over-ear	KB501x + 711
https://kr0mka.squig.link/headphones/data/para%20stock%20perf%20pu%20R2.txt	Moondrop Para Stock Perf. Leatherette	Moondrop Para (fenestrated PU earpads)	over-ear	KB501x + 711
https://kr0mka.squig.link/headphones/data/para%20stock%20perf%20pu%20R3.txt	Moondrop Para Stock Perf. Leatherette	Moondrop Para (fenestrated PU earpads)	over-ear	KB501x + 711
https://kr0mka.squig.link/headphones/data/para%20stock%20hybrid%20pads%20L1.txt	Moondrop Para Stock Hybrid Pads	Moondrop Para (hybrid earpads)	over-ear	KB501x + 711
https://kr0mka.squig.link/headphones/data/para%20stock%20hybrid%20pads%20L2.txt	Moondrop Para Stock Hybrid Pads	Moondrop Para (hybrid earpads)	over-ear	KB501x + 711
https://kr0mka.squig.link/headphones/data/para%20stock%20hybrid%20pads%20L3.txt	Moondrop Para Stock Hybrid Pads	Moondrop Para (hybrid earpads)	over-ear	KB501x + 711
https://kr0mka.squig.link/headphones/data/para%20stock%20hybrid%20pads%20R1.txt	Moondrop Para Stock Hybrid Pads	Moondrop Para (hybrid earpads)	over-ear	KB501x + 711
https://kr0mka.squig.link/headphones/data/para%20stock%20hybrid%20pads%20R2.txt	Moondrop Para Stock Hybrid Pads	Moondrop Para (hybrid earpads)	over-ear	KB501x + 711
https://kr0mka.squig.link/headphones/data/para%20stock%20hybrid%20pads%20R3.txt	Moondrop Para Stock Hybrid Pads	Moondrop Para (hybrid earpads)	over-ear	KB501x + 711
https://kr0mka.squig.link/headphones/data/para%20protein%20rect%20L1.txt	Moondrop Para Leatherette Rectangle Opening Pads (OEM)	Moondrop Para Leatherette Rectangle Opening Pads (OEM)	ignore	KB501x + 711
https://kr0mka.squig.link/headphones/data/para%20protein%20rect%20L2.txt	Moondrop Para Leatherette Rectangle Opening Pads (OEM)	Moondrop Para Leatherette Rectangle Opening Pads (OEM)	ignore	KB501x + 711
https://kr0mka.squig.link/headphones/data/para%20protein%20rect%20L3.txt	Moondrop Para Leatherette Rectangle Opening Pads (OEM)	Moondrop Para Leatherette Rectangle Opening Pads (OEM)	ignore	KB501x + 711
https://kr0mka.squig.link/headphones/data/para%20protein%20rect%20L4.txt	Moondrop Para Leatherette Rectangle Opening Pads (OEM)	Moondrop Para Leatherette Rectangle Opening Pads (OEM)	ignore	KB501x + 711
https://kr0mka.squig.link/headphones/data/para%20protein%20rect%20R1.txt	Moondrop Para Leatherette Rectangle Opening Pads (OEM)	Moondrop Para Leatherette Rectangle Opening Pads (OEM)	ignore	KB501x + 711
https://kr0mka.squig.link/headphones/data/para%20protein%20rect%20R2.txt	Moondrop Para Leatherette Rectangle Opening Pads (OEM)	Moondrop Para Leatherette Rectangle Opening Pads (OEM)	ignore	KB501x + 711
https://kr0mka.squig.link/headphones/data/para%20protein%20rect%20R3.txt	Moondrop Para Leatherette Rectangle Opening Pads (OEM)	Moondrop Para Leatherette Rectangle Opening Pads (OEM)	ignore	KB501x + 711
https://kr0mka.squig.link/headphones/data/para%20protein%20rect%20R4.txt	Moondrop Para Leatherette Rectangle Opening Pads (OEM)	Moondrop Para Leatherette Rectangle Opening Pads (OEM)	ignore	KB501x + 711
https://kr0mka.squig.link/headphones/data/para%20mod%20V1%20L1.txt	Moondrop Para Micropore + Paper Filter + Rectangle Opening Pads Mod	Moondrop Para Micropore + Paper Filter + Rectangle Opening Pads Mod	ignore	KB501x + 711
https://kr0mka.squig.link/headphones/data/para%20mod%20V1%20L2.txt	Moondrop Para Micropore + Paper Filter + Rectangle Opening Pads Mod	Moondrop Para Micropore + Paper Filter + Rectangle Opening Pads Mod	ignore	KB501x + 711
https://kr0mka.squig.link/headphones/data/para%20mod%20V1%20L3.txt	Moondrop Para Micropore + Paper Filter + Rectangle Opening Pads Mod	Moondrop Para Micropore + Paper Filter + Rectangle Opening Pads Mod	ignore	KB501x + 711
https://kr0mka.squig.link/headphones/data/para%20mod%20V1%20L4.txt	Moondrop Para Micropore + Paper Filter + Rectangle Opening Pads Mod	Moondrop Para Micropore + Paper Filter + Rectangle Opening Pads Mod	ignore	KB501x + 711
https://kr0mka.squig.link/headphones/data/para%20mod%20V1%20L5.txt	Moondrop Para Micropore + Paper Filter + Rectangle Opening Pads Mod	Moondrop Para Micropore + Paper Filter + Rectangle Opening Pads Mod	ignore	KB501x + 711
https://kr0mka.squig.link/headphones/data/para%20SW%20Velvet%20L1.txt	Moondrop Para Velvet Thin Pads (OEM)	Moondrop Para Velvet Thin Pads (OEM)	ignore	KB501x + 711
https://kr0mka.squig.link/headphones/data/para%20SW%20Velvet%20L2.txt	Moondrop Para Velvet Thin Pads (OEM)	Moondrop Para Velvet Thin Pads (OEM)	ignore	KB501x + 711
https://kr0mka.squig.link/headphones/data/para%20SW%20Velvet%20L3.txt	Moondrop Para Velvet Thin Pads (OEM)	Moondrop Para Velvet Thin Pads (OEM)	ignore	KB501x + 711
https://kr0mka.squig.link/headphones/data/para%20SW%20Velvet%20R1.txt	Moondrop Para Velvet Thin Pads (OEM)	Moondrop Para Velvet Thin Pads (OEM)	ignore	KB501x + 711
https://kr0mka.squig.link/headphones/data/para%20SW%20Velvet%20R2.txt	Moondrop Para Velvet Thin Pads (OEM)	Moondrop Para Velvet Thin Pads (OEM)	ignore	KB501x + 711
https://kr0mka.squig.link/headphones/data/para%20SW%20Velvet%20R3.txt	Moondrop Para Velvet Thin Pads (OEM)	Moondrop Para Velvet Thin Pads (OEM)	ignore	KB501x + 711
https://kr0mka.squig.link/data/space%20travel%20basshead%20L.txt		Moondrop Space Travel (basshead mode)	in-ear	
https://kr0mka.squig.link/data/space%20travel%20basshead%20R.txt		Moondrop Space Travel (basshead mode)	in-ear	
https://kr0mka.squig.link/data/space%20travel%20monitor%20L.txt		Moondrop Space Travel (monitor mode)	in-ear	
https://kr0mka.squig.link/data/space%20travel%20monitor%20R.txt		Moondrop Space Travel (monitor mode)	in-ear	
https://kr0mka.squig.link/data/space%20travel%20reference%20L.txt		Moondrop Space Travel (reference mode)	in-ear	
https://kr0mka.squig.link/data/space%20travel%20reference%20R.txt		Moondrop Space Travel (reference mode)	in-ear	
https://kr0mka.squig.link/data/spacetravel%20s2%20L.txt	Moondrop Space Travel Reference S2 1.0.0	Moondrop Space Travel Reference S2 1.0.0	ignore	711
https://kr0mka.squig.link/data/spacetravel%20s2%20R.txt	Moondrop Space Travel Reference S2 1.0.0	Moondrop Space Travel Reference S2 1.0.0	ignore	711
https://kr0mka.squig.link/data/Sparks%20Balanced%201.2.1%20L.txt	Moondrop Sparks Balanced 1.2.1	Moondrop Sparks Balanced 1.2.1	ignore	
https://kr0mka.squig.link/data/Sparks%20Balanced%201.2.1%20R.txt	Moondrop Sparks Balanced 1.2.1	Moondrop Sparks Balanced 1.2.1	ignore	
https://kr0mka.squig.link/data/Sparks%20Basshead%201.2.1%20L.txt	Moondrop Sparks Basshead 1.2.1	Moondrop Sparks Basshead 1.2.1	ignore	
https://kr0mka.squig.link/data/Sparks%20David%20Xu%201.2.1%20L.txt	Moondrop Sparks David Xu 1.2.1	Moondrop Sparks David Xu 1.2.1	ignore	
https://kr0mka.squig.link/data/Sparks%20No%20bass%201.2.1%20L.txt	Moondrop Sparks No bass 1.2.1	Moondrop Sparks No bass 1.2.1	ignore	
https://kr0mka.squig.link/data/Sparks%20Studio%201.2.1%20L.txt	Moondrop Sparks Studio 1.2.1	Moondrop Sparks Studio 1.2.1	ignore	
https://kr0mka.squig.link/data/Sparks%20Wennebostel%201.2.1%20L.txt	Moondrop Sparks Wennebostel 1.2.1	Moondrop Sparks Wennebostel 1.2.1	ignore	
https://kr0mka.squig.link/headphones/data/u2%20stock%20foams%20L1.txt	Earbuds Moondrop U-2 Stock Foams	Moondrop U-2	earbud	KB501x + 711
https://kr0mka.squig.link/headphones/data/u2%20stock%20foams%20L2.txt	Earbuds Moondrop U-2 Stock Foams	Moondrop U-2	earbud	KB501x + 711
https://kr0mka.squig.link/headphones/data/u2%20stock%20foams%20L3.txt	Earbuds Moondrop U-2 Stock Foams	Moondrop U-2	earbud	KB501x + 711
https://kr0mka.squig.link/headphones/data/u2%20stock%20foams%20L4.txt	Earbuds Moondrop U-2 Stock Foams	Moondrop U-2	earbud	KB501x + 711
https://kr0mka.squig.link/headphones/data/u2%20stock%20foams%20L5.txt	Earbuds Moondrop U-2 Stock Foams	Moondrop U-2	earbud	KB501x + 711
https://kr0mka.squig.link/headphones/data/u2%20stock%20foams%20R1.txt	Earbuds Moondrop U-2 Stock Foams	Moondrop U-2	earbud	KB501x + 711
https://kr0mka.squig.link/headphones/data/u2%20stock%20foams%20R2.txt	Earbuds Moondrop U-2 Stock Foams	Moondrop U-2	earbud	KB501x + 711
https://kr0mka.squig.link/headphones/data/u2%20stock%20foams%20R3.txt	Earbuds Moondrop U-2 Stock Foams	Moondrop U-2	earbud	KB501x + 711
https://kr0mka.squig.link/headphones/data/u2%20stock%20foams%20R4.txt	Earbuds Moondrop U-2 Stock Foams	Moondrop U-2	earbud	KB501x + 711
https://kr0mka.squig.link/headphones/data/u2%20stock%20foams%20R5.txt	Earbuds Moondrop U-2 Stock Foams	Moondrop U-2	earbud	KB501x + 711
https://kr0mka.squig.link/headphones/data/Moondrop%20Venus%20L1.txt	Moondrop Venus	Moondrop Venus	over-ear	KB501x + 711
https://kr0mka.squig.link/headphones/data/Moondrop%20Venus%20L2.txt	Moondrop Venus	Moondrop Venus	over-ear	KB501x + 711
https://kr0mka.squig.link/headphones/data/Moondrop%20Venus%20L3.txt	Moondrop Venus	Moondrop Venus	over-ear	KB501x + 711
https://kr0mka.squig.link/headphones/data/Moondrop%20Venus%20R1.txt	Moondrop Venus	Moondrop Venus	over-ear	KB501x + 711
https://kr0mka.squig.link/headphones/data/Moondrop%20Venus%20R2.txt	Moondrop Venus	Moondrop Venus	over-ear	KB501x + 711
https://kr0mka.squig.link/headphones/data/Moondrop%20Venus%20R3.txt	Moondrop Venus	Moondrop Venus	over-ear	KB501x + 711
https://kr0mka.squig.link/headphones/data/Void%20Stock%20L1.txt	Moondrop Void Stock Pads	Moondrop Void	over-ear	KB501x + 711
https://kr0mka.squig.link/headphones/data/Void%20Stock%20L2.txt	Moondrop Void Stock Pads	Moondrop Void	over-ear	KB501x + 711
https://kr0mka.squig.link/headphones/data/Void%20Stock%20L3.txt	Moondrop Void Stock Pads	Moondrop Void	over-ear	KB501x + 711
https://kr0mka.squig.link/headphones/data/Void%20Stock%20R1.txt	Moondrop Void Stock Pads	Moondrop Void	over-ear	KB501x + 711
https://kr0mka.squig.link/headphones/data/Void%20Stock%20R2.txt	Moondrop Void Stock Pads	Moondrop Void	over-ear	KB501x + 711
https://kr0mka.squig.link/headphones/data/Void%20Stock%20R3.txt	Moondrop Void Stock Pads	Moondrop Void	over-ear	KB501x + 711
https://kr0mka.squig.link/headphones/data/Void%20Poyatu%20Fabric%20Perf.%20L1.txt	Moondrop Void Poyatu Hybrid Perf. Fabric Pads	Moondrop Void (Poyatu hybrid perforated fabric earpads)	over-ear	KB501x + 711
https://kr0mka.squig.link/headphones/data/Void%20Poyatu%20Fabric%20Perf.%20L2.txt	Moondrop Void Poyatu Hybrid Perf. Fabric Pads	Moondrop Void (Poyatu hybrid perforated fabric earpads)	over-ear	KB501x + 711
https://kr0mka.squig.link/headphones/data/Void%20Poyatu%20Fabric%20Perf.%20L3.txt	Moondrop Void Poyatu Hybrid Perf. Fabric Pads	Moondrop Void (Poyatu hybrid perforated fabric earpads)	over-ear	KB501x + 711
https://kr0mka.squig.link/headphones/data/Void%20Poyatu%20Fabric%20Perf.%20R1.txt	Moondrop Void Poyatu Hybrid Perf. Fabric Pads	Moondrop Void (Poyatu hybrid perforated fabric earpads)	over-ear	KB501x + 711
https://kr0mka.squig.link/headphones/data/Void%20Poyatu%20Fabric%20Perf.%20R2.txt	Moondrop Void Poyatu Hybrid Perf. Fabric Pads	Moondrop Void (Poyatu hybrid perforated fabric earpads)	over-ear	KB501x + 711
https://kr0mka.squig.link/headphones/data/Void%20Poyatu%20Fabric%20Perf.%20R3.txt	Moondrop Void Poyatu Hybrid Perf. Fabric Pads	Moondrop Void (Poyatu hybrid perforated fabric earpads)	over-ear	KB501x + 711
https://kr0mka.squig.link/data/Dusk%20L.txt	Moondrop Blessing 2: Dusk	Moondrop x Crinacle Blessing2 Dusk	in-ear	711
https://kr0mka.squig.link/data/Dusk%20R.txt	Moondrop Blessing 2: Dusk	Moondrop x Crinacle Blessing2 Dusk	in-ear	711
https://kr0mka.squig.link/headphones/data/Mpow%20HC6%20L1.txt	Mpow HC6 (On-ear)	Mpow HC6	over-ear	KB501x + 711
https://kr0mka.squig.link/headphones/data/Mpow%20HC6%20L2.txt	Mpow HC6 (On-ear)	Mpow HC6	over-ear	KB501x + 711
https://kr0mka.squig.link/headphones/data/Mpow%20HC6%20L3.txt	Mpow HC6 (On-ear)	Mpow HC6	over-ear	KB501x + 711
https://kr0mka.squig.link/headphones/data/Mpow%20HC6%20L4.txt	Mpow HC6 (On-ear)	Mpow HC6	over-ear	KB501x + 711
https://kr0mka.squig.link/headphones/data/Mpow%20HC6%20L5.txt	Mpow HC6 (On-ear)	Mpow HC6	over-ear	KB501x + 711
https://kr0mka.squig.link/headphones/data/Mpow%20HC6%20R1.txt	Mpow HC6 (On-ear)	Mpow HC6	over-ear	KB501x + 711
https://kr0mka.squig.link/headphones/data/Mpow%20HC6%20R2.txt	Mpow HC6 (On-ear)	Mpow HC6	over-ear	KB501x + 711
https://kr0mka.squig.link/headphones/data/Mpow%20HC6%20R3.txt	Mpow HC6 (On-ear)	Mpow HC6	over-ear	KB501x + 711
https://kr0mka.squig.link/headphones/data/Mpow%20HC6%20R4.txt	Mpow HC6 (On-ear)	Mpow HC6	over-ear	KB501x + 711
https://kr0mka.squig.link/headphones/data/Mpow%20HC6%20R5.txt	Mpow HC6 (On-ear)	Mpow HC6	over-ear	KB501x + 711
https://kr0mka.squig.link/headphones/data/nur%20audio%20tube%20mode%20positioning%20L1.txt	NUR Harmonia Closed Felt Filter Positioning Extremes	NUR Harmonia Closed Felt Filter Positioning Extremes	ignore	KB501x + 711
https://kr0mka.squig.link/headphones/data/nur%20audio%20tube%20mode%20positioning%20L2.txt	NUR Harmonia Closed Felt Filter Positioning Extremes	NUR Harmonia Closed Felt Filter Positioning Extremes	ignore	KB501x + 711
https://kr0mka.squig.link/headphones/data/nur%20audio%20tube%20mode%20positioning%20L3.txt	NUR Harmonia Closed Felt Filter Positioning Extremes	NUR Harmonia Closed Felt Filter Positioning Extremes	ignore	KB501x + 711
https://kr0mka.squig.link/headphones/data/nur%20audio%20tube%20mode%20positioning%20L4.txt	NUR Harmonia Closed Felt Filter Positioning Extremes	NUR Harmonia Closed Felt Filter Positioning Extremes	ignore	KB501x + 711
https://kr0mka.squig.link/headphones/data/nur%20audio%20tube%20mode%20positioning%20L5.txt	NUR Harmonia Closed Felt Filter Positioning Extremes	NUR Harmonia Closed Felt Filter Positioning Extremes	ignore	KB501x + 711
https://kr0mka.squig.link/headphones/data/nur%20audio%20tube%20mode%20positioning%20L6.txt	NUR Harmonia Closed Felt Filter Positioning Extremes	NUR Harmonia Closed Felt Filter Positioning Extremes	ignore	KB501x + 711
https://kr0mka.squig.link/headphones/data/nur%20audio%20tube%20mode%20positioning%20R1.txt	NUR Harmonia Closed Felt Filter Positioning Extremes	NUR Harmonia Closed Felt Filter Positioning Extremes	ignore	KB501x + 711
https://kr0mka.squig.link/headphones/data/nur%20audio%20tube%20mode%20positioning%20R2.txt	NUR Harmonia Closed Felt Filter Positioning Extremes	NUR Harmonia Closed Felt Filter Positioning Extremes	ignore	KB501x + 711
https://kr0mka.squig.link/headphones/data/nur%20audio%20tube%20mode%20positioning%20R3.txt	NUR Harmonia Closed Felt Filter Positioning Extremes	NUR Harmonia Closed Felt Filter Positioning Extremes	ignore	KB501x + 711
https://kr0mka.squig.link/headphones/data/nur%20audio%20tube%20mode%20positioning%20R4.txt	NUR Harmonia Closed Felt Filter Positioning Extremes	NUR Harmonia Closed Felt Filter Positioning Extremes	ignore	KB501x + 711
https://kr0mka.squig.link/headphones/data/nur%20audio%20tube%20mode%20positioning%20R5.txt	NUR Harmonia Closed Felt Filter Positioning Extremes	NUR Harmonia Closed Felt Filter Positioning Extremes	ignore	KB501x + 711
https://kr0mka.squig.link/headphones/data/nur%20audio%20tube%20mode%20positioning%20R6.txt	NUR Harmonia Closed Felt Filter Positioning Extremes	NUR Harmonia Closed Felt Filter Positioning Extremes	ignore	KB501x + 711
https://kr0mka.squig.link/headphones/data/b80%20L1.txt	Earbuds NiceHCK B80 Stock Foams	NiceHCK B80	earbud	KB501x + 711
https://kr0mka.squig.link/headphones/data/b80%20L2.txt	Earbuds NiceHCK B80 Stock Foams	NiceHCK B80	earbud	KB501x + 711
https://kr0mka.squig.link/headphones/data/b80%20L3.txt	Earbuds NiceHCK B80 Stock Foams	NiceHCK B80	earbud	KB501x + 711
https://kr0mka.squig.link/headphones/data/b80%20L4.txt	Earbuds NiceHCK B80 Stock Foams	NiceHCK B80	earbud	KB501x + 711
https://kr0mka.squig.link/headphones/data/b80%20L5.txt	Earbuds NiceHCK B80 Stock Foams	NiceHCK B80	earbud	KB501x + 711
https://kr0mka.squig.link/headphones/data/b80%20L6.txt	Earbuds NiceHCK B80 Stock Foams	NiceHCK B80	earbud	KB501x + 711
https://kr0mka.squig.link/headphones/data/b80%20R1.txt	Earbuds NiceHCK B80 Stock Foams	NiceHCK B80	earbud	KB501x + 711
https://kr0mka.squig.link/headphones/data/b80%20R2.txt	Earbuds NiceHCK B80 Stock Foams	NiceHCK B80	earbud	KB501x + 711
https://kr0mka.squig.link/headphones/data/b80%20R3.txt	Earbuds NiceHCK B80 Stock Foams	NiceHCK B80	earbud	KB501x + 711
https://kr0mka.squig.link/headphones/data/b80%20R4.txt	Earbuds NiceHCK B80 Stock Foams	NiceHCK B80	earbud	KB501x + 711
https://kr0mka.squig.link/headphones/data/b80%20R5.txt	Earbuds NiceHCK B80 Stock Foams	NiceHCK B80	earbud	KB501x + 711
https://kr0mka.squig.link/headphones/data/b80%20R6.txt	Earbuds NiceHCK B80 Stock Foams	NiceHCK B80	earbud	KB501x + 711
https://kr0mka.squig.link/data/butastur%2000%20L.txt	Night Oblivion Butastur 00	Night Oblivion Butastur (off-off)	in-ear	711
https://kr0mka.squig.link/data/butastur%2000%20R.txt	Night Oblivion Butastur 00	Night Oblivion Butastur (off-off)	in-ear	711
https://kr0mka.squig.link/data/butastur%2001%20R.txt	Night Oblivion Butastur 01	Night Oblivion Butastur (off-on)	in-ear	711
https://kr0mka.squig.link/data/butastur%2010%20R.txt	Night Oblivion Butastur 10	Night Oblivion Butastur (on-off)	in-ear	711
https://kr0mka.squig.link/data/butastur%2011%20R.txt	Night Oblivion Butastur 11	Night Oblivion Butastur (on-on)	in-ear	711
https://kr0mka.squig.link/data/nostalgia%20audio%20durandal%20L.txt	Nostalgia Audio Durandal	Nostalgia Audio Durandal	in-ear	711
https://kr0mka.squig.link/data/nostalgia%20audio%20durandal%20R.txt	Nostalgia Audio Durandal	Nostalgia Audio Durandal	in-ear	711
https://kr0mka.squig.link/data/EDC3%20L.txt	Massdrop x NuForce EDC3	NuForce EDC3	in-ear	711
https://kr0mka.squig.link/data/EDC3%20R.txt	Massdrop x NuForce EDC3	NuForce EDC3	in-ear	711
https://kr0mka.squig.link/headphones/data/nur%20audio%20tube%20mode%20L1.txt	NUR Harmonia Closed Felt Filter	Nur Harmonia (closed felt filter)	over-ear	KB501x + 711
https://kr0mka.squig.link/headphones/data/nur%20audio%20tube%20mode%20L2.txt	NUR Harmonia Closed Felt Filter	Nur Harmonia (closed felt filter)	over-ear	KB501x + 711
https://kr0mka.squig.link/headphones/data/nur%20audio%20tube%20mode%20L3.txt	NUR Harmonia Closed Felt Filter	Nur Harmonia (closed felt filter)	over-ear	KB501x + 711
https://kr0mka.squig.link/headphones/data/nur%20audio%20tube%20mode%20L4.txt	NUR Harmonia Closed Felt Filter	Nur Harmonia (closed felt filter)	over-ear	KB501x + 711
https://kr0mka.squig.link/headphones/data/nur%20audio%20tube%20mode%20L5.txt	NUR Harmonia Closed Felt Filter	Nur Harmonia (closed felt filter)	over-ear	KB501x + 711
https://kr0mka.squig.link/headphones/data/nur%20audio%20tube%20mode%20L6.txt	NUR Harmonia Closed Felt Filter	Nur Harmonia (closed felt filter)	over-ear	KB501x + 711
https://kr0mka.squig.link/headphones/data/nur%20audio%20tube%20mode%20R1.txt	NUR Harmonia Closed Felt Filter	Nur Harmonia (closed felt filter)	over-ear	KB501x + 711
https://kr0mka.squig.link/headphones/data/nur%20audio%20tube%20mode%20R2.txt	NUR Harmonia Closed Felt Filter	Nur Harmonia (closed felt filter)	over-ear	KB501x + 711
https://kr0mka.squig.link/headphones/data/nur%20audio%20tube%20mode%20R3.txt	NUR Harmonia Closed Felt Filter	Nur Harmonia (closed felt filter)	over-ear	KB501x + 711
https://kr0mka.squig.link/headphones/data/nur%20audio%20tube%20mode%20R4.txt	NUR Harmonia Closed Felt Filter	Nur Harmonia (closed felt filter)	over-ear	KB501x + 711
https://kr0mka.squig.link/headphones/data/nur%20audio%20tube%20mode%20R5.txt	NUR Harmonia Closed Felt Filter	Nur Harmonia (closed felt filter)	over-ear	KB501x + 711
https://kr0mka.squig.link/headphones/data/nur%20audio%20tube%20mode%20R6.txt	NUR Harmonia Closed Felt Filter	Nur Harmonia (closed felt filter)	over-ear	KB501x + 711
https://kr0mka.squig.link/headphones/data/nur%20audio%20full%20bass%20L1.txt	NUR Harmonia Fully Open Felt Filter	Nur Harmonia (fully open felt filter)	over-ear	KB501x + 711
https://kr0mka.squig.link/headphones/data/nur%20audio%20full%20bass%20L2.txt	NUR Harmonia Fully Open Felt Filter	Nur Harmonia (fully open felt filter)	over-ear	KB501x + 711
https://kr0mka.squig.link/headphones/data/nur%20audio%20full%20bass%20L3.txt	NUR Harmonia Fully Open Felt Filter	Nur Harmonia (fully open felt filter)	over-ear	KB501x + 711
https://kr0mka.squig.link/headphones/data/nur%20audio%20full%20bass%20L4.txt	NUR Harmonia Fully Open Felt Filter	Nur Harmonia (fully open felt filter)	over-ear	KB501x + 711
https://kr0mka.squig.link/headphones/data/nur%20audio%20full%20bass%20L5.txt	NUR Harmonia Fully Open Felt Filter	Nur Harmonia (fully open felt filter)	over-ear	KB501x + 711
https://kr0mka.squig.link/headphones/data/nur%20audio%20full%20bass%20L6.txt	NUR Harmonia Fully Open Felt Filter	Nur Harmonia (fully open felt filter)	over-ear	KB501x + 711
https://kr0mka.squig.link/headphones/data/nur%20audio%20full%20bass%20R1.txt	NUR Harmonia Fully Open Felt Filter	Nur Harmonia (fully open felt filter)	over-ear	KB501x + 711
https://kr0mka.squig.link/headphones/data/nur%20audio%20full%20bass%20R2.txt	NUR Harmonia Fully Open Felt Filter	Nur Harmonia (fully open felt filter)	over-ear	KB501x + 711
https://kr0mka.squig.link/headphones/data/nur%20audio%20full%20bass%20R3.txt	NUR Harmonia Fully Open Felt Filter	Nur Harmonia (fully open felt filter)	over-ear	KB501x + 711
https://kr0mka.squig.link/headphones/data/nur%20audio%20full%20bass%20R4.txt	NUR Harmonia Fully Open Felt Filter	Nur Harmonia (fully open felt filter)	over-ear	KB501x + 711
https://kr0mka.squig.link/headphones/data/nur%20audio%20full%20bass%20R5.txt	NUR Harmonia Fully Open Felt Filter	Nur Harmonia (fully open felt filter)	over-ear	KB501x + 711
https://kr0mka.squig.link/headphones/data/nur%20audio%20full%20bass%20R6.txt	NUR Harmonia Fully Open Felt Filter	Nur Harmonia (fully open felt filter)	over-ear	KB501x + 711
https://kr0mka.squig.link/data/Oriolus%20Szalayi%20L.txt	Oriolus Szalayi	Oriolus Szalayi	in-ear	711
https://kr0mka.squig.link/data/Oriolus%20Szalayi%20R.txt	Oriolus Szalayi	Oriolus Szalayi	in-ear	711
https://kr0mka.squig.link/data/unicrom%20L.txt	Pula Unicrom	PULA Unicrom	in-ear	711
https://kr0mka.squig.link/data/unicrom%20R.txt	Pula Unicrom	PULA Unicrom	in-ear	711
https://kr0mka.squig.link/headphones/data/palma%20DHS1%20closed%20L1.txt	Palma DHS-1 Closed	Palma DHS-1 (closed)	over-ear	KB501x + 711
https://kr0mka.squig.link/headphones/data/palma%20DHS1%20closed%20L2.txt	Palma DHS-1 Closed	Palma DHS-1 (closed)	over-ear	KB501x + 711
https://kr0mka.squig.link/headphones/data/palma%20DHS1%20closed%20L3.txt	Palma DHS-1 Closed	Palma DHS-1 (closed)	over-ear	KB501x + 711
https://kr0mka.squig.link/headphones/data/palma%20DHS1%20closed%20L4.txt	Palma DHS-1 Closed	Palma DHS-1 (closed)	over-ear	KB501x + 711
https://kr0mka.squig.link/headphones/data/palma%20DHS1%20closed%20L5.txt	Palma DHS-1 Closed	Palma DHS-1 (closed)	over-ear	KB501x + 711
https://kr0mka.squig.link/headphones/data/palma%20DHS1%20closed%20L6.txt	Palma DHS-1 Closed	Palma DHS-1 (closed)	over-ear	KB501x + 711
https://kr0mka.squig.link/headphones/data/palma%20DHS1%20closed%20R1.txt	Palma DHS-1 Closed	Palma DHS-1 (closed)	over-ear	KB501x + 711
https://kr0mka.squig.link/headphones/data/palma%20DHS1%20closed%20R2.txt	Palma DHS-1 Closed	Palma DHS-1 (closed)	over-ear	KB501x + 711
https://kr0mka.squig.link/headphones/data/palma%20DHS1%20closed%20R3.txt	Palma DHS-1 Closed	Palma DHS-1 (closed)	over-ear	KB501x + 711
https://kr0mka.squig.link/headphones/data/palma%20DHS1%20closed%20R4.txt	Palma DHS-1 Closed	Palma DHS-1 (closed)	over-ear	KB501x + 711
https://kr0mka.squig.link/headphones/data/palma%20DHS1%20closed%20R5.txt	Palma DHS-1 Closed	Palma DHS-1 (closed)	over-ear	KB501x + 711
https://kr0mka.squig.link/headphones/data/palma%20DHS1%20closed%20R6.txt	Palma DHS-1 Closed	Palma DHS-1 (closed)	over-ear	KB501x + 711
https://kr0mka.squig.link/headphones/data/palma%20DHS1%20open%20L1.txt	Palma DHS-1 Open	Palma DHS-1 (open)	over-ear	KB501x + 711
https://kr0mka.squig.link/headphones/data/palma%20DHS1%20open%20L2.txt	Palma DHS-1 Open	Palma DHS-1 (open)	over-ear	KB501x + 711
https://kr0mka.squig.link/headphones/data/palma%20DHS1%20open%20L3.txt	Palma DHS-1 Open	Palma DHS-1 (open)	over-ear	KB501x + 711
https://kr0mka.squig.link/headphones/data/palma%20DHS1%20open%20L4.txt	Palma DHS-1 Open	Palma DHS-1 (open)	over-ear	KB501x + 711
https://kr0mka.squig.link/headphones/data/palma%20DHS1%20open%20L5.txt	Palma DHS-1 Open	Palma DHS-1 (open)	over-ear	KB501x + 711
https://kr0mka.squig.link/headphones/data/palma%20DHS1%20open%20L6.txt	Palma DHS-1 Open	Palma DHS-1 (open)	over-ear	KB501x + 711
https://kr0mka.squig.link/headphones/data/palma%20DHS1%20open%20R1.txt	Palma DHS-1 Open	Palma DHS-1 (open)	over-ear	KB501x + 711
https://kr0mka.squig.link/headphones/data/palma%20DHS1%20open%20R2.txt	Palma DHS-1 Open	Palma DHS-1 (open)	over-ear	KB501x + 711
https://kr0mka.squig.link/headphones/data/palma%20DHS1%20open%20R3.txt	Palma DHS-1 Open	Palma DHS-1 (open)	over-ear	KB501x + 711
https://kr0mka.squig.link/headphones/data/palma%20DHS1%20open%20R4.txt	Palma DHS-1 Open	Palma DHS-1 (open)	over-ear	KB501x + 711
https://kr0mka.squig.link/headphones/data/palma%20DHS1%20open%20R5.txt	Palma DHS-1 Open	Palma DHS-1 (open)	over-ear	KB501x + 711
https://kr0mka.squig.link/headphones/data/palma%20DHS1%20open%20R6.txt	Palma DHS-1 Open	Palma DHS-1 (open)	over-ear	KB501x + 711
https://kr0mka.squig.link/headphones/data/palma%20DHS1%20closed%20positioning%20L1.txt	Palma DHS-1 Closed Positioning Extremes	Palma DHS-1 Closed Positioning Extremes	ignore	KB501x + 711
https://kr0mka.squig.link/headphones/data/palma%20DHS1%20closed%20positioning%20L2.txt	Palma DHS-1 Closed Positioning Extremes	Palma DHS-1 Closed Positioning Extremes	ignore	KB501x + 711
https://kr0mka.squig.link/headphones/data/palma%20DHS1%20closed%20positioning%20L3.txt	Palma DHS-1 Closed Positioning Extremes	Palma DHS-1 Closed Positioning Extremes	ignore	KB501x + 711
https://kr0mka.squig.link/headphones/data/palma%20DHS1%20closed%20positioning%20L4.txt	Palma DHS-1 Closed Positioning Extremes	Palma DHS-1 Closed Positioning Extremes	ignore	KB501x + 711
https://kr0mka.squig.link/headphones/data/palma%20DHS1%20closed%20positioning%20L5.txt	Palma DHS-1 Closed Positioning Extremes	Palma DHS-1 Closed Positioning Extremes	ignore	KB501x + 711
https://kr0mka.squig.link/headphones/data/palma%20DHS1%20closed%20positioning%20L6.txt	Palma DHS-1 Closed Positioning Extremes	Palma DHS-1 Closed Positioning Extremes	ignore	KB501x + 711
https://kr0mka.squig.link/headphones/data/palma%20DHS1%20closed%20positioning%20R1.txt	Palma DHS-1 Closed Positioning Extremes	Palma DHS-1 Closed Positioning Extremes	ignore	KB501x + 711
https://kr0mka.squig.link/headphones/data/palma%20DHS1%20closed%20positioning%20R2.txt	Palma DHS-1 Closed Positioning Extremes	Palma DHS-1 Closed Positioning Extremes	ignore	KB501x + 711
https://kr0mka.squig.link/headphones/data/palma%20DHS1%20closed%20positioning%20R3.txt	Palma DHS-1 Closed Positioning Extremes	Palma DHS-1 Closed Positioning Extremes	ignore	KB501x + 711
https://kr0mka.squig.link/headphones/data/palma%20DHS1%20closed%20positioning%20R4.txt	Palma DHS-1 Closed Positioning Extremes	Palma DHS-1 Closed Positioning Extremes	ignore	KB501x + 711
https://kr0mka.squig.link/headphones/data/palma%20DHS1%20closed%20positioning%20R5.txt	Palma DHS-1 Closed Positioning Extremes	Palma DHS-1 Closed Positioning Extremes	ignore	KB501x + 711
https://kr0mka.squig.link/headphones/data/palma%20DHS1%20closed%20positioning%20R6.txt	Palma DHS-1 Closed Positioning Extremes	Palma DHS-1 Closed Positioning Extremes	ignore	KB501x + 711
https://kr0mka.squig.link/headphones/data/palma%20DHS1%20open%20positioning%20L1.txt	Palma DHS-1 Open Positioning Extremes	Palma DHS-1 Open Positioning Extremes	ignore	KB501x + 711
https://kr0mka.squig.link/headphones/data/palma%20DHS1%20open%20positioning%20L2.txt	Palma DHS-1 Open Positioning Extremes	Palma DHS-1 Open Positioning Extremes	ignore	KB501x + 711
https://kr0mka.squig.link/headphones/data/palma%20DHS1%20open%20positioning%20L3.txt	Palma DHS-1 Open Positioning Extremes	Palma DHS-1 Open Positioning Extremes	ignore	KB501x + 711
https://kr0mka.squig.link/headphones/data/palma%20DHS1%20open%20positioning%20L4.txt	Palma DHS-1 Open Positioning Extremes	Palma DHS-1 Open Positioning Extremes	ignore	KB501x + 711
https://kr0mka.squig.link/headphones/data/palma%20DHS1%20open%20positioning%20L5.txt	Palma DHS-1 Open Positioning Extremes	Palma DHS-1 Open Positioning Extremes	ignore	KB501x + 711
https://kr0mka.squig.link/headphones/data/palma%20DHS1%20open%20positioning%20L6.txt	Palma DHS-1 Open Positioning Extremes	Palma DHS-1 Open Positioning Extremes	ignore	KB501x + 711
https://kr0mka.squig.link/headphones/data/palma%20DHS1%20open%20positioning%20R1.txt	Palma DHS-1 Open Positioning Extremes	Palma DHS-1 Open Positioning Extremes	ignore	KB501x + 711
https://kr0mka.squig.link/headphones/data/palma%20DHS1%20open%20positioning%20R2.txt	Palma DHS-1 Open Positioning Extremes	Palma DHS-1 Open Positioning Extremes	ignore	KB501x + 711
https://kr0mka.squig.link/headphones/data/palma%20DHS1%20open%20positioning%20R3.txt	Palma DHS-1 Open Positioning Extremes	Palma DHS-1 Open Positioning Extremes	ignore	KB501x + 711
https://kr0mka.squig.link/headphones/data/palma%20DHS1%20open%20positioning%20R4.txt	Palma DHS-1 Open Positioning Extremes	Palma DHS-1 Open Positioning Extremes	ignore	KB501x + 711
https://kr0mka.squig.link/headphones/data/palma%20DHS1%20open%20positioning%20R5.txt	Palma DHS-1 Open Positioning Extremes	Palma DHS-1 Open Positioning Extremes	ignore	KB501x + 711
https://kr0mka.squig.link/headphones/data/palma%20DHS1%20open%20positioning%20R6.txt	Palma DHS-1 Open Positioning Extremes	Palma DHS-1 Open Positioning Extremes	ignore	KB501x + 711
https://kr0mka.squig.link/headphones/data/palma%20DHS1%20open%20positioning%20R7.txt	Palma DHS-1 Open Positioning Extremes	Palma DHS-1 Open Positioning Extremes	ignore	KB501x + 711
https://kr0mka.squig.link/data/RP-HJE125E-K%20L.txt	Panasonic RP-HJE125E	Panasonic RP-HJE125E	in-ear	711
https://kr0mka.squig.link/data/RP-HJE125E-K%20R.txt	Panasonic RP-HJE125E	Panasonic RP-HJE125E	in-ear	711
https://kr0mka.squig.link/data/RP-HJE270E%20L.txt	Panasonic RP-HJE270E	Panasonic RP-HJE270E	in-ear	711
https://kr0mka.squig.link/data/RP-HJE270E%20R.txt	Panasonic RP-HJE270E	Panasonic RP-HJE270E	in-ear	711
https://kr0mka.squig.link/data/TAE1105%20L.txt	Philips TAE1105	Philips TAE1105	in-ear	711
https://kr0mka.squig.link/data/TAE1105%20R.txt	Philips TAE1105	Philips TAE1105	in-ear	711
https://kr0mka.squig.link/headphones/data/qian39%20L1.txt	Earbuds QianYun Qian39 Stock Foams	QianYun Qian39	earbud	KB501x + 711
https://kr0mka.squig.link/headphones/data/qian39%20L2.txt	Earbuds QianYun Qian39 Stock Foams	QianYun Qian39	earbud	KB501x + 711
https://kr0mka.squig.link/headphones/data/qian39%20L3.txt	Earbuds QianYun Qian39 Stock Foams	QianYun Qian39	earbud	KB501x + 711
https://kr0mka.squig.link/headphones/data/qian39%20L4.txt	Earbuds QianYun Qian39 Stock Foams	QianYun Qian39	earbud	KB501x + 711
https://kr0mka.squig.link/headphones/data/qian39%20L5.txt	Earbuds QianYun Qian39 Stock Foams	QianYun Qian39	earbud	KB501x + 711
https://kr0mka.squig.link/headphones/data/qian39%20R1.txt	Earbuds QianYun Qian39 Stock Foams	QianYun Qian39	earbud	KB501x + 711
https://kr0mka.squig.link/headphones/data/qian39%20R2.txt	Earbuds QianYun Qian39 Stock Foams	QianYun Qian39	earbud	KB501x + 711
https://kr0mka.squig.link/headphones/data/qian39%20R3.txt	Earbuds QianYun Qian39 Stock Foams	QianYun Qian39	earbud	KB501x + 711
https://kr0mka.squig.link/headphones/data/qian39%20R4.txt	Earbuds QianYun Qian39 Stock Foams	QianYun Qian39	earbud	KB501x + 711
https://kr0mka.squig.link/headphones/data/qian39%20R5.txt	Earbuds QianYun Qian39 Stock Foams	QianYun Qian39	earbud	KB501x + 711
https://kr0mka.squig.link/headphones/data/ca1a%20open%20pads%20L1.txt	RAAL Requisite CA-1a Open Pads	RAAL CA1a (open earpads)	over-ear	KB501x + 711
https://kr0mka.squig.link/headphones/data/ca1a%20open%20pads%20L2.txt	RAAL Requisite CA-1a Open Pads	RAAL CA1a (open earpads)	over-ear	KB501x + 711
https://kr0mka.squig.link/headphones/data/ca1a%20open%20pads%20L3.txt	RAAL Requisite CA-1a Open Pads	RAAL CA1a (open earpads)	over-ear	KB501x + 711
https://kr0mka.squig.link/headphones/data/ca1a%20open%20pads%20L4.txt	RAAL Requisite CA-1a Open Pads	RAAL CA1a (open earpads)	over-ear	KB501x + 711
https://kr0mka.squig.link/headphones/data/ca1a%20open%20pads%20L5.txt	RAAL Requisite CA-1a Open Pads	RAAL CA1a (open earpads)	over-ear	KB501x + 711
https://kr0mka.squig.link/headphones/data/ca1a%20open%20pads%20L6.txt	RAAL Requisite CA-1a Open Pads	RAAL CA1a (open earpads)	over-ear	KB501x + 711
https://kr0mka.squig.link/headphones/data/ca1a%20open%20pads%20R1.txt	RAAL Requisite CA-1a Open Pads	RAAL CA1a (open earpads)	over-ear	KB501x + 711
https://kr0mka.squig.link/headphones/data/ca1a%20open%20pads%20R2.txt	RAAL Requisite CA-1a Open Pads	RAAL CA1a (open earpads)	over-ear	KB501x + 711
https://kr0mka.squig.link/headphones/data/ca1a%20open%20pads%20R3.txt	RAAL Requisite CA-1a Open Pads	RAAL CA1a (open earpads)	over-ear	KB501x + 711
https://kr0mka.squig.link/headphones/data/ca1a%20open%20pads%20R4.txt	RAAL Requisite CA-1a Open Pads	RAAL CA1a (open earpads)	over-ear	KB501x + 711
https://kr0mka.squig.link/headphones/data/ca1a%20open%20pads%20R5.txt	RAAL Requisite CA-1a Open Pads	RAAL CA1a (open earpads)	over-ear	KB501x + 711
https://kr0mka.squig.link/headphones/data/ca1a%20open%20pads%20R6.txt	RAAL Requisite CA-1a Open Pads	RAAL CA1a (open earpads)	over-ear	KB501x + 711
https://kr0mka.squig.link/headphones/data/ca1a%20closed%20pads%20corr%20L1.txt	RAAL Requisite CA-1a Closed Pads	RAAL Requisite CA1a (closed earpads)	over-ear	KB501x + 711
https://kr0mka.squig.link/headphones/data/ca1a%20closed%20pads%20corr%20L2.txt	RAAL Requisite CA-1a Closed Pads	RAAL Requisite CA1a (closed earpads)	over-ear	KB501x + 711
https://kr0mka.squig.link/headphones/data/ca1a%20closed%20pads%20corr%20L3.txt	RAAL Requisite CA-1a Closed Pads	RAAL Requisite CA1a (closed earpads)	over-ear	KB501x + 711
https://kr0mka.squig.link/headphones/data/ca1a%20closed%20pads%20corr%20L4.txt	RAAL Requisite CA-1a Closed Pads	RAAL Requisite CA1a (closed earpads)	over-ear	KB501x + 711
https://kr0mka.squig.link/headphones/data/ca1a%20closed%20pads%20corr%20L5.txt	RAAL Requisite CA-1a Closed Pads	RAAL Requisite CA1a (closed earpads)	over-ear	KB501x + 711
https://kr0mka.squig.link/headphones/data/ca1a%20closed%20pads%20corr%20L6.txt	RAAL Requisite CA-1a Closed Pads	RAAL Requisite CA1a (closed earpads)	over-ear	KB501x + 711
https://kr0mka.squig.link/headphones/data/ca1a%20closed%20pads%20corr%20R1.txt	RAAL Requisite CA-1a Closed Pads	RAAL Requisite CA1a (closed earpads)	over-ear	KB501x + 711
https://kr0mka.squig.link/headphones/data/ca1a%20closed%20pads%20corr%20R2.txt	RAAL Requisite CA-1a Closed Pads	RAAL Requisite CA1a (closed earpads)	over-ear	KB501x + 711
https://kr0mka.squig.link/headphones/data/ca1a%20closed%20pads%20corr%20R3.txt	RAAL Requisite CA-1a Closed Pads	RAAL Requisite CA1a (closed earpads)	over-ear	KB501x + 711
https://kr0mka.squig.link/headphones/data/ca1a%20closed%20pads%20corr%20R4.txt	RAAL Requisite CA-1a Closed Pads	RAAL Requisite CA1a (closed earpads)	over-ear	KB501x + 711
https://kr0mka.squig.link/headphones/data/ca1a%20closed%20pads%20corr%20R5.txt	RAAL Requisite CA-1a Closed Pads	RAAL Requisite CA1a (closed earpads)	over-ear	KB501x + 711
https://kr0mka.squig.link/headphones/data/ca1a%20closed%20pads%20corr%20R6.txt	RAAL Requisite CA-1a Closed Pads	RAAL Requisite CA1a (closed earpads)	over-ear	KB501x + 711
https://kr0mka.squig.link/headphones/data/raal%20immanis%20L1.txt	RAAL Requisite Immanis	RAAL Requisite Immanis	over-ear	KB501x + 711
https://kr0mka.squig.link/headphones/data/raal%20immanis%20L2.txt	RAAL Requisite Immanis	RAAL Requisite Immanis	over-ear	KB501x + 711
https://kr0mka.squig.link/headphones/data/raal%20immanis%20L3.txt	RAAL Requisite Immanis	RAAL Requisite Immanis	over-ear	KB501x + 711
https://kr0mka.squig.link/headphones/data/raal%20immanis%20L4.txt	RAAL Requisite Immanis	RAAL Requisite Immanis	over-ear	KB501x + 711
https://kr0mka.squig.link/headphones/data/raal%20immanis%20L5.txt	RAAL Requisite Immanis	RAAL Requisite Immanis	over-ear	KB501x + 711
https://kr0mka.squig.link/headphones/data/raal%20immanis%20L6.txt	RAAL Requisite Immanis	RAAL Requisite Immanis	over-ear	KB501x + 711
https://kr0mka.squig.link/headphones/data/raal%20immanis%20R1.txt	RAAL Requisite Immanis	RAAL Requisite Immanis	over-ear	KB501x + 711
https://kr0mka.squig.link/headphones/data/raal%20immanis%20R2.txt	RAAL Requisite Immanis	RAAL Requisite Immanis	over-ear	KB501x + 711
https://kr0mka.squig.link/headphones/data/raal%20immanis%20R3.txt	RAAL Requisite Immanis	RAAL Requisite Immanis	over-ear	KB501x + 711
https://kr0mka.squig.link/headphones/data/raal%20immanis%20R4.txt	RAAL Requisite Immanis	RAAL Requisite Immanis	over-ear	KB501x + 711
https://kr0mka.squig.link/headphones/data/raal%20immanis%20R5.txt	RAAL Requisite Immanis	RAAL Requisite Immanis	over-ear	KB501x + 711
https://kr0mka.squig.link/headphones/data/raal%20immanis%20R6.txt	RAAL Requisite Immanis	RAAL Requisite Immanis	over-ear	KB501x + 711
https://kr0mka.squig.link/data/SJ01%20L.txt	Reecho (Yusicon) Summer 2022 (SJ01)	Reecho Summer	in-ear	711
https://kr0mka.squig.link/data/SJ01%20R.txt	Reecho (Yusicon) Summer 2022 (SJ01)	Reecho Summer	in-ear	711
https://kr0mka.squig.link/data/EO-IC100%20L.txt	Samsung EO-IC100	Samsung EO-IC100 Type-C	in-ear	711
https://kr0mka.squig.link/data/EO-IC100%20R.txt	Samsung EO-IC100	Samsung EO-IC100 Type-C	in-ear	711
https://kr0mka.squig.link/data/EO-IG955%20Fake%20L.txt	Samsung Fake EO-IG955	Samsung Fake EO-IG955	ignore	
https://kr0mka.squig.link/data/EO-IG955%20Fake%20R.txt	Samsung Fake EO-IG955	Samsung Fake EO-IG955	ignore	
https://kr0mka.squig.link/data/Gbuds%20pro%20L.txt	Samsung Galaxy Buds Pro	Samsung Galaxy Buds Pro	in-ear	711
https://kr0mka.squig.link/data/Gbuds%20pro%20R.txt	Samsung Galaxy Buds Pro	Samsung Galaxy Buds Pro	in-ear	711
https://kr0mka.squig.link/headphones/data/HD201%20L1.txt	Sennheiser HD201	Sennheiser HD 201	over-ear	KB501x + 711
https://kr0mka.squig.link/headphones/data/HD201%20L2.txt	Sennheiser HD201	Sennheiser HD 201	over-ear	KB501x + 711
https://kr0mka.squig.link/headphones/data/HD201%20L3.txt	Sennheiser HD201	Sennheiser HD 201	over-ear	KB501x + 711
https://kr0mka.squig.link/headphones/data/HD201%20L4.txt	Sennheiser HD201	Sennheiser HD 201	over-ear	KB501x + 711
https://kr0mka.squig.link/headphones/data/HD201%20R1.txt	Sennheiser HD201	Sennheiser HD 201	over-ear	KB501x + 711
https://kr0mka.squig.link/headphones/data/HD201%20R2.txt	Sennheiser HD201	Sennheiser HD 201	over-ear	KB501x + 711
https://kr0mka.squig.link/headphones/data/HD201%20R3.txt	Sennheiser HD201	Sennheiser HD 201	over-ear	KB501x + 711
https://kr0mka.squig.link/headphones/data/HD201%20R4.txt	Sennheiser HD201	Sennheiser HD 201	over-ear	KB501x + 711
https://kr0mka.squig.link/headphones/data/580%20Precision%20BS%20L1.txt	Sennheiser HD580 Precision BS, OG Pads	Sennheiser HD 580 precision	over-ear	KB501x + 711
https://kr0mka.squig.link/headphones/data/580%20Precision%20BS%20L2.txt	Sennheiser HD580 Precision BS, OG Pads	Sennheiser HD 580 precision	over-ear	KB501x + 711
https://kr0mka.squig.link/headphones/data/580%20Precision%20BS%20L3.txt	Sennheiser HD580 Precision BS, OG Pads	Sennheiser HD 580 precision	over-ear	KB501x + 711
https://kr0mka.squig.link/headphones/data/580%20Precision%20BS%20R1.txt	Sennheiser HD580 Precision BS, OG Pads	Sennheiser HD 580 precision	over-ear	KB501x + 711
https://kr0mka.squig.link/headphones/data/580%20Precision%20BS%20R2.txt	Sennheiser HD580 Precision BS, OG Pads	Sennheiser HD 580 precision	over-ear	KB501x + 711
https://kr0mka.squig.link/headphones/data/580%20Precision%20BS%20R3.txt	Sennheiser HD580 Precision BS, OG Pads	Sennheiser HD 580 precision	over-ear	KB501x + 711
https://kr0mka.squig.link/headphones/data/HD800S%20L1.txt	Sennheiser HD800S	Sennheiser HD 800 S	over-ear	KB501x + 711
https://kr0mka.squig.link/headphones/data/HD800S%20L2.txt	Sennheiser HD800S	Sennheiser HD 800 S	over-ear	KB501x + 711
https://kr0mka.squig.link/headphones/data/HD800S%20L3.txt	Sennheiser HD800S	Sennheiser HD 800 S	over-ear	KB501x + 711
https://kr0mka.squig.link/headphones/data/HD800S%20R1.txt	Sennheiser HD800S	Sennheiser HD 800 S	over-ear	KB501x + 711
https://kr0mka.squig.link/headphones/data/HD800S%20R2.txt	Sennheiser HD800S	Sennheiser HD 800 S	over-ear	KB501x + 711
https://kr0mka.squig.link/headphones/data/HD800S%20R3.txt	Sennheiser HD800S	Sennheiser HD 800 S	over-ear	KB501x + 711
https://kr0mka.squig.link/headphones/data/424%20L1.txt	Sennheiser HD424 2000 Ohm	Sennheiser HD424 2000 Ohm	ignore	KB501x + 711
https://kr0mka.squig.link/headphones/data/424%20L2.txt	Sennheiser HD424 2000 Ohm	Sennheiser HD424 2000 Ohm	ignore	KB501x + 711
https://kr0mka.squig.link/headphones/data/424%20L3.txt	Sennheiser HD424 2000 Ohm	Sennheiser HD424 2000 Ohm	ignore	KB501x + 711
https://kr0mka.squig.link/headphones/data/424%20L4.txt	Sennheiser HD424 2000 Ohm	Sennheiser HD424 2000 Ohm	ignore	KB501x + 711
https://kr0mka.squig.link/headphones/data/424%20L5.txt	Sennheiser HD424 2000 Ohm	Sennheiser HD424 2000 Ohm	ignore	KB501x + 711
https://kr0mka.squig.link/headphones/data/424%20R1.txt	Sennheiser HD424 2000 Ohm	Sennheiser HD424 2000 Ohm	ignore	KB501x + 711
https://kr0mka.squig.link/headphones/data/424%20R2.txt	Sennheiser HD424 2000 Ohm	Sennheiser HD424 2000 Ohm	ignore	KB501x + 711
https://kr0mka.squig.link/headphones/data/424%20R3.txt	Sennheiser HD424 2000 Ohm	Sennheiser HD424 2000 Ohm	ignore	KB501x + 711
https://kr0mka.squig.link/headphones/data/424%20R4.txt	Sennheiser HD424 2000 Ohm	Sennheiser HD424 2000 Ohm	ignore	KB501x + 711
https://kr0mka.squig.link/headphones/data/424%20R5.txt	Sennheiser HD424 2000 Ohm	Sennheiser HD424 2000 Ohm	ignore	KB501x + 711
https://kr0mka.squig.link/headphones/data/490pro%20mixing%20L1.txt	Sennheiser HD490 Pro Mixing Pads	Sennheiser HD490 Pro (mixing earpads)	over-ear	KB501x + 711
https://kr0mka.squig.link/headphones/data/490pro%20mixing%20L2.txt	Sennheiser HD490 Pro Mixing Pads	Sennheiser HD490 Pro (mixing earpads)	over-ear	KB501x + 711
https://kr0mka.squig.link/headphones/data/490pro%20mixing%20L3.txt	Sennheiser HD490 Pro Mixing Pads	Sennheiser HD490 Pro (mixing earpads)	over-ear	KB501x + 711
https://kr0mka.squig.link/headphones/data/490pro%20mixing%20R1.txt	Sennheiser HD490 Pro Mixing Pads	Sennheiser HD490 Pro (mixing earpads)	over-ear	KB501x + 711
https://kr0mka.squig.link/headphones/data/490pro%20mixing%20R2.txt	Sennheiser HD490 Pro Mixing Pads	Sennheiser HD490 Pro (mixing earpads)	over-ear	KB501x + 711
https://kr0mka.squig.link/headphones/data/490pro%20mixing%20R3.txt	Sennheiser HD490 Pro Mixing Pads	Sennheiser HD490 Pro (mixing earpads)	over-ear	KB501x + 711
https://kr0mka.squig.link/headphones/data/490pro%20producer%20L1.txt	Sennheiser HD490 Pro Producer Pads	Sennheiser HD490 Pro (producing earpads)	over-ear	KB501x + 711
https://kr0mka.squig.link/headphones/data/490pro%20producer%20L2.txt	Sennheiser HD490 Pro Producer Pads	Sennheiser HD490 Pro (producing earpads)	over-ear	KB501x + 711
https://kr0mka.squig.link/headphones/data/490pro%20producer%20L3.txt	Sennheiser HD490 Pro Producer Pads	Sennheiser HD490 Pro (producing earpads)	over-ear	KB501x + 711
https://kr0mka.squig.link/headphones/data/490pro%20producer%20L4.txt	Sennheiser HD490 Pro Producer Pads	Sennheiser HD490 Pro (producing earpads)	over-ear	KB501x + 711
https://kr0mka.squig.link/headphones/data/490pro%20producer%20R1.txt	Sennheiser HD490 Pro Producer Pads	Sennheiser HD490 Pro (producing earpads)	over-ear	KB501x + 711
https://kr0mka.squig.link/headphones/data/490pro%20producer%20R2.txt	Sennheiser HD490 Pro Producer Pads	Sennheiser HD490 Pro (producing earpads)	over-ear	KB501x + 711
https://kr0mka.squig.link/headphones/data/490pro%20producer%20R3.txt	Sennheiser HD490 Pro Producer Pads	Sennheiser HD490 Pro (producing earpads)	over-ear	KB501x + 711
https://kr0mka.squig.link/headphones/data/490pro%20producer%20R4.txt	Sennheiser HD490 Pro Producer Pads	Sennheiser HD490 Pro (producing earpads)	over-ear	KB501x + 711
https://kr0mka.squig.link/headphones/data/hd%20535%20L1.txt	Sennheiser HD535 BP, China OEM Pads	Sennheiser HD535 BP, China OEM Pads	ignore	KB501x + 711
https://kr0mka.squig.link/headphones/data/hd%20535%20L2.txt	Sennheiser HD535 BP, China OEM Pads	Sennheiser HD535 BP, China OEM Pads	ignore	KB501x + 711
https://kr0mka.squig.link/headphones/data/hd%20535%20L3.txt	Sennheiser HD535 BP, China OEM Pads	Sennheiser HD535 BP, China OEM Pads	ignore	KB501x + 711
https://kr0mka.squig.link/headphones/data/hd%20535%20R1.txt	Sennheiser HD535 BP, China OEM Pads	Sennheiser HD535 BP, China OEM Pads	ignore	KB501x + 711
https://kr0mka.squig.link/headphones/data/hd%20535%20R2.txt	Sennheiser HD535 BP, China OEM Pads	Sennheiser HD535 BP, China OEM Pads	ignore	KB501x + 711
https://kr0mka.squig.link/headphones/data/hd%20535%20R3.txt	Sennheiser HD535 BP, China OEM Pads	Sennheiser HD535 BP, China OEM Pads	ignore	KB501x + 711
https://kr0mka.squig.link/headphones/data/580%20Jubilee%20BP%20L1.txt	Sennheiser HD580 Jubilee BP, China OEM Pads	Sennheiser HD580 Jubilee BP, China OEM Pads	ignore	
https://kr0mka.squig.link/headphones/data/580%20Jubilee%20BP%20L2.txt	Sennheiser HD580 Jubilee BP, China OEM Pads	Sennheiser HD580 Jubilee BP, China OEM Pads	ignore	
https://kr0mka.squig.link/headphones/data/580%20Jubilee%20BP%20L3.txt	Sennheiser HD580 Jubilee BP, China OEM Pads	Sennheiser HD580 Jubilee BP, China OEM Pads	ignore	
https://kr0mka.squig.link/headphones/data/580%20Jubilee%20BP%20R1.txt	Sennheiser HD580 Jubilee BP, China OEM Pads	Sennheiser HD580 Jubilee BP, China OEM Pads	ignore	
https://kr0mka.squig.link/headphones/data/580%20Jubilee%20BP%20R2.txt	Sennheiser HD580 Jubilee BP, China OEM Pads	Sennheiser HD580 Jubilee BP, China OEM Pads	ignore	
https://kr0mka.squig.link/headphones/data/580%20Jubilee%20BP%20R3.txt	Sennheiser HD580 Jubilee BP, China OEM Pads	Sennheiser HD580 Jubilee BP, China OEM Pads	ignore	
https://kr0mka.squig.link/headphones/data/hd600%20silver%20L1.txt	Sennheiser HD600 Silver Mesh, China OEM Pads	Sennheiser HD600 Silver Mesh, China OEM Pads	ignore	
https://kr0mka.squig.link/headphones/data/hd600%20silver%20L2.txt	Sennheiser HD600 Silver Mesh, China OEM Pads	Sennheiser HD600 Silver Mesh, China OEM Pads	ignore	
https://kr0mka.squig.link/headphones/data/hd600%20silver%20L3.txt	Sennheiser HD600 Silver Mesh, China OEM Pads	Sennheiser HD600 Silver Mesh, China OEM Pads	ignore	
https://kr0mka.squig.link/headphones/data/hd600%20silver%20R1.txt	Sennheiser HD600 Silver Mesh, China OEM Pads	Sennheiser HD600 Silver Mesh, China OEM Pads	ignore	
https://kr0mka.squig.link/headphones/data/hd600%20silver%20R2.txt	Sennheiser HD600 Silver Mesh, China OEM Pads	Sennheiser HD600 Silver Mesh, China OEM Pads	ignore	
https://kr0mka.squig.link/headphones/data/hdb630%20L1.txt	Sennheiser HDB630 ANC ON	Sennheiser HDB630 ANC ON	over-ear	KB501x + 711
https://kr0mka.squig.link/headphones/data/hdb630%20L2.txt	Sennheiser HDB630 ANC ON	Sennheiser HDB630 ANC ON	over-ear	KB501x + 711
https://kr0mka.squig.link/headphones/data/hdb630%20L3.txt	Sennheiser HDB630 ANC ON	Sennheiser HDB630 ANC ON	over-ear	KB501x + 711
https://kr0mka.squig.link/headphones/data/hdb630%20L4.txt	Sennheiser HDB630 ANC ON	Sennheiser HDB630 ANC ON	over-ear	KB501x + 711
https://kr0mka.squig.link/headphones/data/hdb630%20L5.txt	Sennheiser HDB630 ANC ON	Sennheiser HDB630 ANC ON	over-ear	KB501x + 711
https://kr0mka.squig.link/headphones/data/hdb630%20L6.txt	Sennheiser HDB630 ANC ON	Sennheiser HDB630 ANC ON	over-ear	KB501x + 711
https://kr0mka.squig.link/headphones/data/hdb630%20R1.txt	Sennheiser HDB630 ANC ON	Sennheiser HDB630 ANC ON	over-ear	KB501x + 711
https://kr0mka.squig.link/headphones/data/hdb630%20R2.txt	Sennheiser HDB630 ANC ON	Sennheiser HDB630 ANC ON	over-ear	KB501x + 711
https://kr0mka.squig.link/headphones/data/hdb630%20R3.txt	Sennheiser HDB630 ANC ON	Sennheiser HDB630 ANC ON	over-ear	KB501x + 711
https://kr0mka.squig.link/headphones/data/hdb630%20R4.txt	Sennheiser HDB630 ANC ON	Sennheiser HDB630 ANC ON	over-ear	KB501x + 711
https://kr0mka.squig.link/headphones/data/hdb630%20R5.txt	Sennheiser HDB630 ANC ON	Sennheiser HDB630 ANC ON	over-ear	KB501x + 711
https://kr0mka.squig.link/headphones/data/hdb630%20R6.txt	Sennheiser HDB630 ANC ON	Sennheiser HDB630 ANC ON	over-ear	KB501x + 711
https://kr0mka.squig.link/headphones/data/hdb630%20pos%20var%20L1.txt	Sennheiser HDB630 ANC ON Positioning Extremes	Sennheiser HDB630 ANC ON Positioning Extremes	over-ear	KB501x + 711
https://kr0mka.squig.link/headphones/data/hdb630%20pos%20var%20L2.txt	Sennheiser HDB630 ANC ON Positioning Extremes	Sennheiser HDB630 ANC ON Positioning Extremes	over-ear	KB501x + 711
https://kr0mka.squig.link/headphones/data/hdb630%20pos%20var%20L3.txt	Sennheiser HDB630 ANC ON Positioning Extremes	Sennheiser HDB630 ANC ON Positioning Extremes	over-ear	KB501x + 711
https://kr0mka.squig.link/headphones/data/hdb630%20pos%20var%20L4.txt	Sennheiser HDB630 ANC ON Positioning Extremes	Sennheiser HDB630 ANC ON Positioning Extremes	over-ear	KB501x + 711
https://kr0mka.squig.link/headphones/data/hdb630%20pos%20var%20L5.txt	Sennheiser HDB630 ANC ON Positioning Extremes	Sennheiser HDB630 ANC ON Positioning Extremes	over-ear	KB501x + 711
https://kr0mka.squig.link/headphones/data/hdb630%20pos%20var%20L6.txt	Sennheiser HDB630 ANC ON Positioning Extremes	Sennheiser HDB630 ANC ON Positioning Extremes	over-ear	KB501x + 711
https://kr0mka.squig.link/headphones/data/hdb630%20pos%20var%20R1.txt	Sennheiser HDB630 ANC ON Positioning Extremes	Sennheiser HDB630 ANC ON Positioning Extremes	over-ear	KB501x + 711
https://kr0mka.squig.link/headphones/data/hdb630%20pos%20var%20R2.txt	Sennheiser HDB630 ANC ON Positioning Extremes	Sennheiser HDB630 ANC ON Positioning Extremes	over-ear	KB501x + 711
https://kr0mka.squig.link/headphones/data/hdb630%20pos%20var%20R3.txt	Sennheiser HDB630 ANC ON Positioning Extremes	Sennheiser HDB630 ANC ON Positioning Extremes	over-ear	KB501x + 711
https://kr0mka.squig.link/headphones/data/hdb630%20pos%20var%20R4.txt	Sennheiser HDB630 ANC ON Positioning Extremes	Sennheiser HDB630 ANC ON Positioning Extremes	over-ear	KB501x + 711
https://kr0mka.squig.link/headphones/data/hdb630%20pos%20var%20R5.txt	Sennheiser HDB630 ANC ON Positioning Extremes	Sennheiser HDB630 ANC ON Positioning Extremes	over-ear	KB501x + 711
https://kr0mka.squig.link/headphones/data/hdb630%20pos%20var%20R6.txt	Sennheiser HDB630 ANC ON Positioning Extremes	Sennheiser HDB630 ANC ON Positioning Extremes	over-ear	KB501x + 711
https://kr0mka.squig.link/headphones/data/HW600%20L1.txt	Shanling HW600	Shanling HW600	over-ear	KB501x + 711
https://kr0mka.squig.link/headphones/data/HW600%20L2.txt	Shanling HW600	Shanling HW600	over-ear	KB501x + 711
https://kr0mka.squig.link/headphones/data/HW600%20L3.txt	Shanling HW600	Shanling HW600	over-ear	KB501x + 711
https://kr0mka.squig.link/headphones/data/HW600%20L4.txt	Shanling HW600	Shanling HW600	over-ear	KB501x + 711
https://kr0mka.squig.link/headphones/data/HW600%20L5.txt	Shanling HW600	Shanling HW600	over-ear	KB501x + 711
https://kr0mka.squig.link/headphones/data/HW600%20R1.txt	Shanling HW600	Shanling HW600	over-ear	KB501x + 711
https://kr0mka.squig.link/headphones/data/HW600%20R2.txt	Shanling HW600	Shanling HW600	over-ear	KB501x + 711
https://kr0mka.squig.link/headphones/data/HW600%20R3.txt	Shanling HW600	Shanling HW600	over-ear	KB501x + 711
https://kr0mka.squig.link/headphones/data/HW600%20R4.txt	Shanling HW600	Shanling HW600	over-ear	KB501x + 711
https://kr0mka.squig.link/headphones/data/HW600%20R5.txt	Shanling HW600	Shanling HW600	over-ear	KB501x + 711
https://kr0mka.squig.link/data/e20%20narrow%20L.txt	Letshuoer Aoshida E20 Narrow Bore	Shuoer Aoshida E20 (narrow bore eartips)	in-ear	711
https://kr0mka.squig.link/data/e20%20narrow%20R.txt	Letshuoer Aoshida E20 Narrow Bore	Shuoer Aoshida E20 (narrow bore eartips)	in-ear	711
https://kr0mka.squig.link/data/e20%20wide%20L.txt	Letshuoer Aoshida E20 Wide Bore	Shuoer Aoshida E20 (wide bore eartips)	in-ear	711
https://kr0mka.squig.link/data/e20%20wide%20R.txt	Letshuoer Aoshida E20 Wide Bore	Shuoer Aoshida E20 (wide bore eartips)	in-ear	711
https://kr0mka.squig.link/data/cadenza%2012%20L.txt	Letshuoer Cadenza 12	Shuoer Cadenza 12	in-ear	711
https://kr0mka.squig.link/data/cadenza%2012%20R.txt	Letshuoer Cadenza 12	Shuoer Cadenza 12	in-ear	711
https://kr0mka.squig.link/data/EJ07M%20L.txt	Letshuoer EJ07M U	Shuoer EJ07M	in-ear	711
https://kr0mka.squig.link/data/EJ07M%20R.txt	Letshuoer EJ07M U	Shuoer EJ07M	in-ear	711
https://kr0mka.squig.link/data/ej07m%20ciem%20L.txt	Letshuoer EJ07M CIEM	Shuoer EJ07M (CIEM)	in-ear	711
https://kr0mka.squig.link/data/ej07m%20ciem%20R.txt	Letshuoer EJ07M CIEM	Shuoer EJ07M (CIEM)	in-ear	711
https://kr0mka.squig.link/headphones/data/fld100%20L1.txt	Earbuds Simgot FLD100 	Simgot Audio FLD100	earbud	KB501x + 711
https://kr0mka.squig.link/headphones/data/fld100%20L2.txt	Earbuds Simgot FLD100 	Simgot Audio FLD100	earbud	KB501x + 711
https://kr0mka.squig.link/headphones/data/fld100%20L3.txt	Earbuds Simgot FLD100 	Simgot Audio FLD100	earbud	KB501x + 711
https://kr0mka.squig.link/headphones/data/fld100%20L4.txt	Earbuds Simgot FLD100 	Simgot Audio FLD100	earbud	KB501x + 711
https://kr0mka.squig.link/headphones/data/fld100%20L5.txt	Earbuds Simgot FLD100 	Simgot Audio FLD100	earbud	KB501x + 711
https://kr0mka.squig.link/headphones/data/fld100%20R1.txt	Earbuds Simgot FLD100 	Simgot Audio FLD100	earbud	KB501x + 711
https://kr0mka.squig.link/headphones/data/fld100%20R2.txt	Earbuds Simgot FLD100 	Simgot Audio FLD100	earbud	KB501x + 711
https://kr0mka.squig.link/headphones/data/fld100%20R3.txt	Earbuds Simgot FLD100 	Simgot Audio FLD100	earbud	KB501x + 711
https://kr0mka.squig.link/headphones/data/fld100%20R4.txt	Earbuds Simgot FLD100 	Simgot Audio FLD100	earbud	KB501x + 711
https://kr0mka.squig.link/headphones/data/fld100%20R5.txt	Earbuds Simgot FLD100 	Simgot Audio FLD100	earbud	KB501x + 711
https://kr0mka.squig.link/data/Inkd%202.0%20L.txt	Skullcandy Inkd 2.0	Skullcandy Inkd 2.0	in-ear	711
https://kr0mka.squig.link/data/Inkd%202.0%20R.txt	Skullcandy Inkd 2.0	Skullcandy Inkd 2.0	in-ear	711
https://kr0mka.squig.link/data/MH755%20Fake%20L.txt	Sony Fake MH755	Sony Fake MH755	ignore	
https://kr0mka.squig.link/data/MH755%20Fake%20R.txt	Sony Fake MH755	Sony Fake MH755	ignore	
https://kr0mka.squig.link/data/MDR-EX15%20(Symbio%20W%20Peel)%20L.txt	Sony MDR-EX15AP Symbio W Peel	Sony MDR-EX15AP Symbio W Peel	ignore	
https://kr0mka.squig.link/data/MDR-EX15%20(Symbio%20W%20Peel)%20R.txt	Sony MDR-EX15AP Symbio W Peel	Sony MDR-EX15AP Symbio W Peel	ignore	
https://kr0mka.squig.link/data/MDR-EX15AP%20L.txt	Sony MDR-EX15AP 	Sony MDR-EX15LP	in-ear	711
https://kr0mka.squig.link/data/MDR-EX15AP%20R.txt	Sony MDR-EX15AP 	Sony MDR-EX15LP	in-ear	711
https://kr0mka.squig.link/data/MDR-EX15%20(BGVP%20W01)%20L.txt	Sony MDR-EX15AP BGVP W01	Sony MDR-EX15LP (BGVP W01 eartips)	in-ear	711
https://kr0mka.squig.link/data/MDR-EX15%20(BGVP%20W01)%20R.txt	Sony MDR-EX15AP BGVP W01	Sony MDR-EX15LP (BGVP W01 eartips)	in-ear	711
https://kr0mka.squig.link/data/MDR-EX15%20(KXXS)%20L.txt	Sony MDR-EX15AP KXXS	Sony MDR-EX15LP (Moondrop KXXS)	in-ear	711
https://kr0mka.squig.link/data/MDR-EX15%20(KXXS)%20R.txt	Sony MDR-EX15AP KXXS	Sony MDR-EX15LP (Moondrop KXXS)	in-ear	711
https://kr0mka.squig.link/data/MDR-EX15%20CP100%20L.txt	Sony MDR-EX15AP CP100	Sony MDR-EX15LP (SpinFit CP100 eartips)	in-ear	711
https://kr0mka.squig.link/data/MDR-EX15%20CP100%20R.txt	Sony MDR-EX15AP CP100	Sony MDR-EX15LP (SpinFit CP100 eartips)	in-ear	711
https://kr0mka.squig.link/data/MDR-XB55AP%20L.txt	Sony MDR-XB55AP	Sony MDR-XB55AP	in-ear	711
https://kr0mka.squig.link/data/MDR-XB55AP%20R.txt	Sony MDR-XB55AP	Sony MDR-XB55AP	in-ear	711
https://kr0mka.squig.link/data/sound%20rhyme%20sr5%20L.txt	Sound Rhyme SR5	Sound Rhyme SR5	in-ear	711
https://kr0mka.squig.link/data/sound%20rhyme%20sr5%20R.txt	Sound Rhyme SR5	Sound Rhyme SR5	in-ear	711
https://kr0mka.squig.link/data/Mini%20Pro%20HS%20anc%20off%20L.txt	Soundpeats Mini Pro HS 	SoundPeats Mini Pro HS (ANC off)	in-ear	711
https://kr0mka.squig.link/data/Mini%20Pro%20HS%20anc%20off%20R.txt	Soundpeats Mini Pro HS 	SoundPeats Mini Pro HS (ANC off)	in-ear	711
https://kr0mka.squig.link/data/Mini%20Pro%20HS%20anc%20on%20L.txt	Soundpeats Mini Pro HS ANC	SoundPeats Mini Pro HS (ANC on)	in-ear	711
https://kr0mka.squig.link/data/Mini%20Pro%20HS%20anc%20on%20R.txt	Soundpeats Mini Pro HS ANC	SoundPeats Mini Pro HS (ANC on)	in-ear	711
https://kr0mka.squig.link/headphones/data/spirit%20torino%20centauri%20L1.txt	Spirit Torino Centauri	Spirit Torino Centauri	over-ear	KB501x + 711
https://kr0mka.squig.link/headphones/data/spirit%20torino%20centauri%20L2.txt	Spirit Torino Centauri	Spirit Torino Centauri	over-ear	KB501x + 711
https://kr0mka.squig.link/headphones/data/spirit%20torino%20centauri%20L3.txt	Spirit Torino Centauri	Spirit Torino Centauri	over-ear	KB501x + 711
https://kr0mka.squig.link/headphones/data/spirit%20torino%20centauri%20R1.txt	Spirit Torino Centauri	Spirit Torino Centauri	over-ear	KB501x + 711
https://kr0mka.squig.link/headphones/data/spirit%20torino%20centauri%20R2.txt	Spirit Torino Centauri	Spirit Torino Centauri	over-ear	KB501x + 711
https://kr0mka.squig.link/headphones/data/spirit%20torino%20pulsar%20L1.txt	Spirit Torino Pulsar	Spirit Torino Pulsar	over-ear	KB501x + 711
https://kr0mka.squig.link/headphones/data/spirit%20torino%20pulsar%20L2.txt	Spirit Torino Pulsar	Spirit Torino Pulsar	over-ear	KB501x + 711
https://kr0mka.squig.link/headphones/data/spirit%20torino%20pulsar%20L3.txt	Spirit Torino Pulsar	Spirit Torino Pulsar	over-ear	KB501x + 711
https://kr0mka.squig.link/headphones/data/spirit%20torino%20pulsar%20R1.txt	Spirit Torino Pulsar	Spirit Torino Pulsar	over-ear	KB501x + 711
https://kr0mka.squig.link/headphones/data/spirit%20torino%20pulsar%20R2.txt	Spirit Torino Pulsar	Spirit Torino Pulsar	over-ear	KB501x + 711
https://kr0mka.squig.link/headphones/data/spirit%20torino%20pulsar%20R3.txt	Spirit Torino Pulsar	Spirit Torino Pulsar	over-ear	KB501x + 711
https://kr0mka.squig.link/headphones/data/Spirit%20Superleggera%20L1.txt	Spirit Torino Superleggera	Spirit Torino Superleggera	over-ear	KB501x + 711
https://kr0mka.squig.link/headphones/data/Spirit%20Superleggera%20L2.txt	Spirit Torino Superleggera	Spirit Torino Superleggera	over-ear	KB501x + 711
https://kr0mka.squig.link/headphones/data/Spirit%20Superleggera%20L3.txt	Spirit Torino Superleggera	Spirit Torino Superleggera	over-ear	KB501x + 711
https://kr0mka.squig.link/headphones/data/Spirit%20Superleggera%20R1.txt	Spirit Torino Superleggera	Spirit Torino Superleggera	over-ear	KB501x + 711
https://kr0mka.squig.link/headphones/data/Spirit%20Superleggera%20R2.txt	Spirit Torino Superleggera	Spirit Torino Superleggera	over-ear	KB501x + 711
https://kr0mka.squig.link/headphones/data/Spirit%20Superleggera%20R3.txt	Spirit Torino Superleggera	Spirit Torino Superleggera	over-ear	KB501x + 711
https://kr0mka.squig.link/data/SOCL300%20L.txt	TCL SOCL300	TCL SOCL300	in-ear	711
https://kr0mka.squig.link/data/SOCL300%20R.txt	TCL SOCL300	TCL SOCL300	in-ear	711
https://kr0mka.squig.link/data/TE0%20Narrow%20L.txt		TE0 Narrow	ignore	
https://kr0mka.squig.link/data/TE0%20Narrow%20R.txt		TE0 Narrow	ignore	
https://kr0mka.squig.link/data/V20%20L.txt	TRN V20	TRN V20	in-ear	711
https://kr0mka.squig.link/data/V20%20R.txt	TRN V20	TRN V20	in-ear	711
https://kr0mka.squig.link/data/Ola%20L.txt	Tanchjim Ola	Tanchjim Ola	in-ear	711
https://kr0mka.squig.link/data/Ola%20R.txt	Tanchjim Ola	Tanchjim Ola	in-ear	711
https://kr0mka.squig.link/data/One%20DSP%20Default%20L.txt	Tanchjim One DSP Default Preset	Tanchjim One DSP	in-ear	711
https://kr0mka.squig.link/data/One%20DSP%20Default%20R.txt	Tanchjim One DSP Default Preset	Tanchjim One DSP	in-ear	711
https://kr0mka.squig.link/data/One%20DSP%20PEQ%20OFF%20L.txt	Tanchjim One DSP 5 Band PEQ Off	Tanchjim One DSP 5 Band PEQ Off	ignore	
https://kr0mka.squig.link/data/One%20DSP%20PEQ%20OFF%20R.txt	Tanchjim One DSP 5 Band PEQ Off	Tanchjim One DSP 5 Band PEQ Off	ignore	
https://kr0mka.squig.link/data/One%20DSP%20Balanced%20L.txt	Tanchjim One DSP Balanced Preset	Tanchjim One DSP Balanced Preset	ignore	
https://kr0mka.squig.link/data/One%20DSP%20Balanced%20R.txt	Tanchjim One DSP Balanced Preset	Tanchjim One DSP Balanced Preset	ignore	
https://kr0mka.squig.link/data/One%20DSP%20Instrumental%20L.txt	Tanchjim One DSP Instrumental Preset	Tanchjim One DSP Instrumental Preset	ignore	
https://kr0mka.squig.link/data/One%20DSP%20Instrumental%20R.txt	Tanchjim One DSP Instrumental Preset	Tanchjim One DSP Instrumental Preset	ignore	
https://kr0mka.squig.link/data/One%20DSP%20Natural%20L.txt	Tanchjim One DSP Natural Preset	Tanchjim One DSP Natural Preset	ignore	
https://kr0mka.squig.link/data/One%20DSP%20Natural%20R.txt	Tanchjim One DSP Natural Preset	Tanchjim One DSP Natural Preset	ignore	
https://kr0mka.squig.link/data/One%20DSP%20Popular%20L.txt	Tanchjim One DSP Popular Preset	Tanchjim One DSP Popular Preset	ignore	
https://kr0mka.squig.link/data/One%20DSP%20Popular%20R.txt	Tanchjim One DSP Popular Preset	Tanchjim One DSP Popular Preset	ignore	
https://kr0mka.squig.link/data/Tanya%20DSP%20L.txt	Tanchjim Tanya DSP	Tanchjim Tanya DSP	in-ear	711
https://kr0mka.squig.link/data/Tanya%20DSP%20R.txt	Tanchjim Tanya DSP	Tanchjim Tanya DSP	in-ear	711
https://kr0mka.squig.link/data/hype%204%20L.txt	Thieaudio Hype 4	ThieAudio Hype 4	in-ear	711
https://kr0mka.squig.link/data/hype%204%20R.txt	Thieaudio Hype 4	ThieAudio Hype 4	in-ear	711
https://kr0mka.squig.link/data/Apollo%20Bold%20default%20anc%20off%20L.txt	Tronsmart Apollo Bold 	Tronsmart Apollo Bold (ANC off)	in-ear	711
https://kr0mka.squig.link/data/Apollo%20Bold%20classical%20anc%20off%20L.txt	Tronsmart Apollo Bold Classical	Tronsmart Apollo Bold (ANC off, classic)	in-ear	711
https://kr0mka.squig.link/data/Apollo%20Bold%20jazz%20anc%20off%20L.txt	Tronsmart Apollo Bold Jazz	Tronsmart Apollo Bold (ANC off, jazz)	in-ear	711
https://kr0mka.squig.link/data/Apollo%20Bold%20pop%20anc%20off%20L.txt	Tronsmart Apollo Bold Pop	Tronsmart Apollo Bold (ANC off, pop)	in-ear	711
https://kr0mka.squig.link/data/Apollo%20Bold%20rock%20anc%20off%20L.txt	Tronsmart Apollo Bold Rock	Tronsmart Apollo Bold (ANC off, rock)	in-ear	711
https://kr0mka.squig.link/data/Apollo%20Bold%20default%20anc%20on%20L.txt	Tronsmart Apollo Bold ANC	Tronsmart Apollo Bold (ANC on)	in-ear	711
https://kr0mka.squig.link/data/Apollo%20Bold%20classical%20anc%20on%20L.txt	Tronsmart Apollo Bold Classical ANC	Tronsmart Apollo Bold (ANC on, classic)	in-ear	711
https://kr0mka.squig.link/data/Apollo%20Bold%20jazz%20anc%20on%20L.txt	Tronsmart Apollo Bold Jazz ANC	Tronsmart Apollo Bold (ANC on, jazz)	in-ear	711
https://kr0mka.squig.link/data/Apollo%20Bold%20pop%20anc%20on%20L.txt	Tronsmart Apollo Bold Pop ANC	Tronsmart Apollo Bold (ANC on, pop)	in-ear	711
https://kr0mka.squig.link/data/Apollo%20Bold%20rock%20anc%20on%20L.txt	Tronsmart Apollo Bold Rock ANC	Tronsmart Apollo Bold (ANC on, rock)	in-ear	711
https://kr0mka.squig.link/data/Onyx%20Free%20L.txt	Tronsmart Onyx Free	Tronsmart Onyx Free	in-ear	711
https://kr0mka.squig.link/data/Onyx%20Free%20R.txt	Tronsmart Onyx Free	Tronsmart Onyx Free	in-ear	711
https://kr0mka.squig.link/data/Onyx%20Neo%20L.txt	Tronsmart Onyx Neo	Tronsmart Onyx Neo	in-ear	711
https://kr0mka.squig.link/data/Onyx%20Neo%20R.txt	Tronsmart Onyx Neo	Tronsmart Onyx Neo	in-ear	711
https://kr0mka.squig.link/data/gate%20L.txt	Truthear Gate	Truthear Gate	in-ear	711
https://kr0mka.squig.link/data/gate%20R.txt	Truthear Gate	Truthear Gate	in-ear	711
https://kr0mka.squig.link/data/Hexa%20L.txt	Truthear Hexa	Truthear Hexa	in-ear	711
https://kr0mka.squig.link/data/Hexa%20R.txt	Truthear Hexa	Truthear Hexa	in-ear	711
https://kr0mka.squig.link/data/Hola%20S1%20L.txt	Truthear Hola S1	Truthear Hola	in-ear	711
https://kr0mka.squig.link/data/Hola%20S1%20R.txt	Truthear Hola S1	Truthear Hola	in-ear	711
https://kr0mka.squig.link/data/Hola%20S2%20L.txt	Truthear Hola S2	Truthear Hola	in-ear	711
https://kr0mka.squig.link/data/Hola%20S2%20R.txt	Truthear Hola S2	Truthear Hola	in-ear	711
https://kr0mka.squig.link/data/nova%20white%20100zout%20L.txt	Truthear Nova 100Ω Zout/Adapter	Truthear Nova 100Ω Zout/Adapter	ignore	711
https://kr0mka.squig.link/data/nova%20white%20100zout%20R.txt	Truthear Nova 100Ω Zout/Adapter	Truthear Nova 100Ω Zout/Adapter	ignore	711
https://kr0mka.squig.link/data/nova%20white%2010zout%20L.txt	Truthear Nova 10Ω Zout/Adapter	Truthear Nova 10Ω Zout/Adapter	ignore	711
https://kr0mka.squig.link/data/nova%20white%2010zout%20R.txt	Truthear Nova 10Ω Zout/Adapter	Truthear Nova 10Ω Zout/Adapter	ignore	711
https://kr0mka.squig.link/data/nova%20white%20200zout%20L.txt	Truthear Nova 200Ω Zout/Adapter	Truthear Nova 200Ω Zout/Adapter	ignore	711
https://kr0mka.squig.link/data/nova%20white%20200zout%20R.txt	Truthear Nova 200Ω Zout/Adapter	Truthear Nova 200Ω Zout/Adapter	ignore	711
https://kr0mka.squig.link/data/nova%20white%2020zout%20L.txt	Truthear Nova 20Ω Zout/Adapter	Truthear Nova 20Ω Zout/Adapter	ignore	711
https://kr0mka.squig.link/data/nova%20white%2020zout%20R.txt	Truthear Nova 20Ω Zout/Adapter	Truthear Nova 20Ω Zout/Adapter	ignore	711
https://kr0mka.squig.link/data/nova%20white%2050zout%20L.txt	Truthear Nova 50Ω Zout/Adapter	Truthear Nova 50Ω Zout/Adapter	ignore	711
https://kr0mka.squig.link/data/nova%20white%2050zout%20R.txt	Truthear Nova 50Ω Zout/Adapter	Truthear Nova 50Ω Zout/Adapter	ignore	711
https://kr0mka.squig.link/data/nova%20white%205zout%20L.txt	Truthear Nova 5Ω Zout/Adapter	Truthear Nova 5Ω Zout/Adapter	ignore	711
https://kr0mka.squig.link/data/nova%20white%205zout%20R.txt	Truthear Nova 5Ω Zout/Adapter	Truthear Nova 5Ω Zout/Adapter	ignore	711
https://kr0mka.squig.link/data/nova%20brown%20L.txt	Truthear Nova BF-1860 Brown	Truthear Nova BF-1860 Brown	ignore	711
https://kr0mka.squig.link/data/nova%20brown%20R.txt	Truthear Nova BF-1860 Brown	Truthear Nova BF-1860 Brown	ignore	711
https://kr0mka.squig.link/data/nova%20green%20L.txt	Truthear Nova BF-1861 Green	Truthear Nova BF-1861 Green	ignore	711
https://kr0mka.squig.link/data/nova%20green%20R.txt	Truthear Nova BF-1861 Green	Truthear Nova BF-1861 Green	ignore	711
https://kr0mka.squig.link/data/nova%20green%20y2%20velvet%20L.txt	Truthear Nova BF-1861 Green (Mids) + Y2 Paper (Treble) (Velvet tips)	Truthear Nova BF-1861 Green (Mids) + Y2 Paper (Treble) (Velvet tips)	ignore	711
https://kr0mka.squig.link/data/nova%20green%20y2%20velvet%20R.txt	Truthear Nova BF-1861 Green (Mids) + Y2 Paper (Treble) (Velvet tips)	Truthear Nova BF-1861 Green (Mids) + Y2 Paper (Treble) (Velvet tips)	ignore	711
https://kr0mka.squig.link/data/nova%20red%20L.txt	Truthear Nova BF-1921 Red	Truthear Nova BF-1921 Red	ignore	711
https://kr0mka.squig.link/data/nova%20red%20R.txt	Truthear Nova BF-1921 Red	Truthear Nova BF-1921 Red	ignore	711
https://kr0mka.squig.link/data/nova%20no%20damper%20L.txt	Truthear Nova No Damper	Truthear Nova No Damper	ignore	711
https://kr0mka.squig.link/data/nova%20no%20damper%20R.txt	Truthear Nova No Damper	Truthear Nova No Damper	ignore	711
https://kr0mka.squig.link/data/nova%20white%20L.txt	Truthear Nova Stock (BF-1859 White)	Truthear Nova Stock (BF-1859 White)	ignore	711
https://kr0mka.squig.link/data/nova%20white%20R.txt	Truthear Nova Stock (BF-1859 White)	Truthear Nova Stock (BF-1859 White)	ignore	711
https://kr0mka.squig.link/data/pure%20narrow%20L.txt	Truthear Pure (Stock narrow bore tips)	Truthear Pure (narrow bore eartips)	in-ear	711
https://kr0mka.squig.link/data/pure%20narrow%20R.txt	Truthear Pure (Stock narrow bore tips)	Truthear Pure (narrow bore eartips)	in-ear	711
https://kr0mka.squig.link/data/pure%20wide%20L.txt	Truthear Pure (Stock wide bore tips)	Truthear Pure (wide bore eartips)	in-ear	711
https://kr0mka.squig.link/data/pure%20wide%20R.txt	Truthear Pure (Stock wide bore tips)	Truthear Pure (wide bore eartips)	in-ear	711
https://kr0mka.squig.link/data/pure%20narrow%20100ohm%20L.txt	Truthear Pure 100Ω Zout/Adapter (narrow bore tips)	Truthear Pure 100Ω ZoutAdapter (narrow bore tips)	ignore	711
https://kr0mka.squig.link/data/pure%20narrow%20100ohm%20R.txt	Truthear Pure 100Ω Zout/Adapter (narrow bore tips)	Truthear Pure 100Ω ZoutAdapter (narrow bore tips)	ignore	711
https://kr0mka.squig.link/data/pure%20narrow%2010ohm%20L.txt	Truthear Pure 10Ω Zout/Adapter (narrow bore tips)	Truthear Pure 10Ω ZoutAdapter (narrow bore tips)	ignore	711
https://kr0mka.squig.link/data/pure%20narrow%2010ohm%20R.txt	Truthear Pure 10Ω Zout/Adapter (narrow bore tips)	Truthear Pure 10Ω ZoutAdapter (narrow bore tips)	ignore	711
https://kr0mka.squig.link/data/pure%20narrow%20200ohm%20L.txt	Truthear Pure 200Ω Zout/Adapter (narrow bore tips)	Truthear Pure 200Ω ZoutAdapter (narrow bore tips)	ignore	711
https://kr0mka.squig.link/data/pure%20narrow%20200ohm%20R.txt	Truthear Pure 200Ω Zout/Adapter (narrow bore tips)	Truthear Pure 200Ω ZoutAdapter (narrow bore tips)	ignore	711
https://kr0mka.squig.link/data/pure%20narrow%2020ohm%20L.txt	Truthear Pure 20Ω Zout/Adapter (narrow bore tips)	Truthear Pure 20Ω ZoutAdapter (narrow bore tips)	ignore	711
https://kr0mka.squig.link/data/pure%20narrow%2020ohm%20R.txt	Truthear Pure 20Ω Zout/Adapter (narrow bore tips)	Truthear Pure 20Ω ZoutAdapter (narrow bore tips)	ignore	711
https://kr0mka.squig.link/data/pure%20narrow%2050ohm%20L.txt	Truthear Pure 50Ω Zout/Adapter (narrow bore tips)	Truthear Pure 50Ω ZoutAdapter (narrow bore tips)	ignore	711
https://kr0mka.squig.link/data/pure%20narrow%2050ohm%20R.txt	Truthear Pure 50Ω Zout/Adapter (narrow bore tips)	Truthear Pure 50Ω ZoutAdapter (narrow bore tips)	ignore	711
https://kr0mka.squig.link/data/pure%20narrow%205ohm%20L.txt	Truthear Pure 5Ω Zout/Adapter (narrow bore tips)	Truthear Pure 5Ω ZoutAdapter (narrow bore tips)	ignore	711
https://kr0mka.squig.link/data/pure%20narrow%205ohm%20R.txt	Truthear Pure 5Ω Zout/Adapter (narrow bore tips)	Truthear Pure 5Ω ZoutAdapter (narrow bore tips)	ignore	711
https://kr0mka.squig.link/data/TE0%20Wide%2047%20OI%20L.txt	Truthear Zero 47Ω OI	Truthear Zero 47Ω OI	ignore	
https://kr0mka.squig.link/data/TE0%20Wide%2047%20OI%20R.txt	Truthear Zero 47Ω OI	Truthear Zero 47Ω OI	ignore	
https://kr0mka.squig.link/data/red%20tanch%20narrow%20L.txt	Truthear Zero Red (Tanchjim narrow bore tips)	Truthear Zero Red (Tanchjim narrow bore tips)	ignore	711
https://kr0mka.squig.link/data/red%20tanch%20narrow%20R.txt	Truthear Zero Red (Tanchjim narrow bore tips)	Truthear Zero Red (Tanchjim narrow bore tips)	ignore	711
https://kr0mka.squig.link/data/red%20tanch%20narrow%20100zout%20L.txt	Truthear Zero Red 100Ω Zout/Adapter	Truthear Zero Red 100Ω Zout/Adapter	ignore	711
https://kr0mka.squig.link/data/red%20tanch%20narrow%20100zout%20R.txt	Truthear Zero Red 100Ω Zout/Adapter	Truthear Zero Red 100Ω Zout/Adapter	ignore	711
https://kr0mka.squig.link/data/red%20tanch%20narrow%2010zout%20L.txt	Truthear Zero Red 10Ω Zout/Adapter	Truthear Zero Red 10Ω Zout/Adapter	ignore	711
https://kr0mka.squig.link/data/red%20tanch%20narrow%2010zout%20R.txt	Truthear Zero Red 10Ω Zout/Adapter	Truthear Zero Red 10Ω Zout/Adapter	ignore	711
https://kr0mka.squig.link/data/red%20tanch%20narrow%20200zout%20L.txt	Truthear Zero Red 200Ω Zout/Adapter	Truthear Zero Red 200Ω Zout/Adapter	ignore	711
https://kr0mka.squig.link/data/red%20tanch%20narrow%20200zout%20R.txt	Truthear Zero Red 200Ω Zout/Adapter	Truthear Zero Red 200Ω Zout/Adapter	ignore	711
https://kr0mka.squig.link/data/red%20tanch%20narrow%2020zout%20L.txt	Truthear Zero Red 20Ω Zout/Adapter	Truthear Zero Red 20Ω Zout/Adapter	ignore	711
https://kr0mka.squig.link/data/red%20tanch%20narrow%2020zout%20R.txt	Truthear Zero Red 20Ω Zout/Adapter	Truthear Zero Red 20Ω Zout/Adapter	ignore	711
https://kr0mka.squig.link/data/red%20tanch%20narrow%2050zout%20L.txt	Truthear Zero Red 50Ω Zout/Adapter	Truthear Zero Red 50Ω Zout/Adapter	ignore	711
https://kr0mka.squig.link/data/red%20tanch%20narrow%2050zout%20R.txt	Truthear Zero Red 50Ω Zout/Adapter	Truthear Zero Red 50Ω Zout/Adapter	ignore	711
https://kr0mka.squig.link/data/red%20tanch%20narrow%205zout%20L.txt	Truthear Zero Red 5Ω Zout/Adapter	Truthear Zero Red 5Ω Zout/Adapter	ignore	711
https://kr0mka.squig.link/data/red%20tanch%20narrow%205zout%20R.txt	Truthear Zero Red 5Ω Zout/Adapter	Truthear Zero Red 5Ω Zout/Adapter	ignore	711
https://kr0mka.squig.link/data/TE0%20Wide%20L.txt	Truthear Zero 	Truthear x Crinacle Zero	in-ear	711
https://kr0mka.squig.link/data/TE0%20Wide%20R.txt	Truthear Zero 	Truthear x Crinacle Zero	in-ear	711
https://kr0mka.squig.link/headphones/data/ultrasone%20sig%20pure%20L1.txt	Ultrasone Signature Pure	Ultrasone Signature Pure	over-ear	KB501x + 711
https://kr0mka.squig.link/headphones/data/ultrasone%20sig%20pure%20L2.txt	Ultrasone Signature Pure	Ultrasone Signature Pure	over-ear	KB501x + 711
https://kr0mka.squig.link/headphones/data/ultrasone%20sig%20pure%20L3.txt	Ultrasone Signature Pure	Ultrasone Signature Pure	over-ear	KB501x + 711
https://kr0mka.squig.link/headphones/data/ultrasone%20sig%20pure%20R1.txt	Ultrasone Signature Pure	Ultrasone Signature Pure	over-ear	KB501x + 711
https://kr0mka.squig.link/headphones/data/ultrasone%20sig%20pure%20R2.txt	Ultrasone Signature Pure	Ultrasone Signature Pure	over-ear	KB501x + 711
https://kr0mka.squig.link/headphones/data/ultrasone%20sig%20pure%20R3.txt	Ultrasone Signature Pure	Ultrasone Signature Pure	over-ear	KB501x + 711
https://kr0mka.squig.link/headphones/data/Ultrasone%20Tribute%207%20L1.txt	Ultrasone Tribute 7	Ultrasone Tribute 7	over-ear	KB501x + 711
https://kr0mka.squig.link/headphones/data/Ultrasone%20Tribute%207%20L2.txt	Ultrasone Tribute 7	Ultrasone Tribute 7	over-ear	KB501x + 711
https://kr0mka.squig.link/headphones/data/Ultrasone%20Tribute%207%20L3.txt	Ultrasone Tribute 7	Ultrasone Tribute 7	over-ear	KB501x + 711
https://kr0mka.squig.link/headphones/data/Ultrasone%20Tribute%207%20R1.txt	Ultrasone Tribute 7	Ultrasone Tribute 7	over-ear	KB501x + 711
https://kr0mka.squig.link/headphones/data/Ultrasone%20Tribute%207%20R2.txt	Ultrasone Tribute 7	Ultrasone Tribute 7	over-ear	KB501x + 711
https://kr0mka.squig.link/headphones/data/Ultrasone%20Tribute%207%20R3.txt	Ultrasone Tribute 7	Ultrasone Tribute 7	over-ear	KB501x + 711
https://kr0mka.squig.link/headphones/data/xsl%20t08%20L1.txt	XSL T08R	XSL T08R	over-ear	KB501x + 711
https://kr0mka.squig.link/headphones/data/xsl%20t08%20L2.txt	XSL T08R	XSL T08R	over-ear	KB501x + 711
https://kr0mka.squig.link/headphones/data/xsl%20t08%20L3.txt	XSL T08R	XSL T08R	over-ear	KB501x + 711
https://kr0mka.squig.link/headphones/data/xsl%20t08%20L4.txt	XSL T08R	XSL T08R	over-ear	KB501x + 711
https://kr0mka.squig.link/headphones/data/xsl%20t08%20L5.txt	XSL T08R	XSL T08R	over-ear	KB501x + 711
https://kr0mka.squig.link/headphones/data/xsl%20t08%20L6.txt	XSL T08R	XSL T08R	over-ear	KB501x + 711
https://kr0mka.squig.link/headphones/data/xsl%20t08%20R1.txt	XSL T08R	XSL T08R	over-ear	KB501x + 711
https://kr0mka.squig.link/headphones/data/xsl%20t08%20R2.txt	XSL T08R	XSL T08R	over-ear	KB501x + 711
https://kr0mka.squig.link/headphones/data/xsl%20t08%20R3.txt	XSL T08R	XSL T08R	over-ear	KB501x + 711
https://kr0mka.squig.link/headphones/data/xsl%20t08%20R4.txt	XSL T08R	XSL T08R	over-ear	KB501x + 711
https://kr0mka.squig.link/headphones/data/xsl%20t08%20R5.txt	XSL T08R	XSL T08R	over-ear	KB501x + 711
https://kr0mka.squig.link/headphones/data/xsl%20t08%20R6.txt	XSL T08R	XSL T08R	over-ear	KB501x + 711
https://kr0mka.squig.link/data/556%20L.txt	YU9 Audio 556	YU9 Audio U-556	in-ear	711
https://kr0mka.squig.link/data/556%20R.txt	YU9 Audio 556	YU9 Audio U-556	in-ear	711
https://kr0mka.squig.link/headphones/data/yincrow%20x6%20L1.txt	Earbuds Yincrow X6 Stock Foams	Yincrow X6	earbud	KB501x + 711
https://kr0mka.squig.link/headphones/data/yincrow%20x6%20L2.txt	Earbuds Yincrow X6 Stock Foams	Yincrow X6	earbud	KB501x + 711
https://kr0mka.squig.link/headphones/data/yincrow%20x6%20L3.txt	Earbuds Yincrow X6 Stock Foams	Yincrow X6	earbud	KB501x + 711
https://kr0mka.squig.link/headphones/data/yincrow%20x6%20L4.txt	Earbuds Yincrow X6 Stock Foams	Yincrow X6	earbud	KB501x + 711
https://kr0mka.squig.link/headphones/data/yincrow%20x6%20L5.txt	Earbuds Yincrow X6 Stock Foams	Yincrow X6	earbud	KB501x + 711
https://kr0mka.squig.link/headphones/data/yincrow%20x6%20R1.txt	Earbuds Yincrow X6 Stock Foams	Yincrow X6	earbud	KB501x + 711
https://kr0mka.squig.link/headphones/data/yincrow%20x6%20R2.txt	Earbuds Yincrow X6 Stock Foams	Yincrow X6	earbud	KB501x + 711
https://kr0mka.squig.link/headphones/data/yincrow%20x6%20R3.txt	Earbuds Yincrow X6 Stock Foams	Yincrow X6	earbud	KB501x + 711
https://kr0mka.squig.link/headphones/data/yincrow%20x6%20R4.txt	Earbuds Yincrow X6 Stock Foams	Yincrow X6	earbud	KB501x + 711
https://kr0mka.squig.link/headphones/data/yincrow%20x6%20R5.txt	Earbuds Yincrow X6 Stock Foams	Yincrow X6	earbud	KB501x + 711
https://kr0mka.squig.link/data/yinyoo%20st7%20L.txt	Yinyoo ST7	Yinyoo ST7	in-ear	711
https://kr0mka.squig.link/data/yinyoo%20st7%20R.txt	Yinyoo ST7	Yinyoo ST7	in-ear	711
https://kr0mka.squig.link/headphones/data/Atrium%20Closed%20Caldera%20L1.txt	ZMF Atrium Closed Caldera Lambskin Thin Pads (Stock)	ZMF Atrium Closed (ZMF Caldera thin lambskin earpads)	over-ear	KB501x + 711
https://kr0mka.squig.link/headphones/data/Atrium%20Closed%20Caldera%20L2.txt	ZMF Atrium Closed Caldera Lambskin Thin Pads (Stock)	ZMF Atrium Closed (ZMF Caldera thin lambskin earpads)	over-ear	KB501x + 711
https://kr0mka.squig.link/headphones/data/Atrium%20Closed%20Caldera%20L3.txt	ZMF Atrium Closed Caldera Lambskin Thin Pads (Stock)	ZMF Atrium Closed (ZMF Caldera thin lambskin earpads)	over-ear	KB501x + 711
https://kr0mka.squig.link/headphones/data/Atrium%20Closed%20Caldera%20R1.txt	ZMF Atrium Closed Caldera Lambskin Thin Pads (Stock)	ZMF Atrium Closed (ZMF Caldera thin lambskin earpads)	over-ear	KB501x + 711
https://kr0mka.squig.link/headphones/data/Atrium%20Closed%20Caldera%20R2.txt	ZMF Atrium Closed Caldera Lambskin Thin Pads (Stock)	ZMF Atrium Closed (ZMF Caldera thin lambskin earpads)	over-ear	KB501x + 711
https://kr0mka.squig.link/headphones/data/Atrium%20Closed%20Caldera%20R3.txt	ZMF Atrium Closed Caldera Lambskin Thin Pads (Stock)	ZMF Atrium Closed (ZMF Caldera thin lambskin earpads)	over-ear	KB501x + 711
https://kr0mka.squig.link/headphones/data/Auteur%20Classic%20AuL%20L1.txt	ZMF Auteur Classic Au Perf. Lambskin Pads	ZMF Auteur Classic (ZMF Auteur perforated lambskin earpads)	over-ear	KB501x + 711
https://kr0mka.squig.link/headphones/data/Auteur%20Classic%20AuL%20L2.txt	ZMF Auteur Classic Au Perf. Lambskin Pads	ZMF Auteur Classic (ZMF Auteur perforated lambskin earpads)	over-ear	KB501x + 711
https://kr0mka.squig.link/headphones/data/Auteur%20Classic%20AuL%20L3.txt	ZMF Auteur Classic Au Perf. Lambskin Pads	ZMF Auteur Classic (ZMF Auteur perforated lambskin earpads)	over-ear	KB501x + 711
https://kr0mka.squig.link/headphones/data/Auteur%20Classic%20AuL%20R1.txt	ZMF Auteur Classic Au Perf. Lambskin Pads	ZMF Auteur Classic (ZMF Auteur perforated lambskin earpads)	over-ear	KB501x + 711
https://kr0mka.squig.link/headphones/data/Auteur%20Classic%20AuL%20R2.txt	ZMF Auteur Classic Au Perf. Lambskin Pads	ZMF Auteur Classic (ZMF Auteur perforated lambskin earpads)	over-ear	KB501x + 711
https://kr0mka.squig.link/headphones/data/Auteur%20Classic%20AuL%20R3.txt	ZMF Auteur Classic Au Perf. Lambskin Pads	ZMF Auteur Classic (ZMF Auteur perforated lambskin earpads)	over-ear	KB501x + 711
https://kr0mka.squig.link/headphones/data/Auteur%20Classic%20ES%20L1.txt	ZMF Auteur Classic Eikon Perf. Suede Pads	ZMF Auteur Classic (ZMF Eikon perforated suede earpads)	over-ear	KB501x + 711
https://kr0mka.squig.link/headphones/data/Auteur%20Classic%20ES%20L2.txt	ZMF Auteur Classic Eikon Perf. Suede Pads	ZMF Auteur Classic (ZMF Eikon perforated suede earpads)	over-ear	KB501x + 711
https://kr0mka.squig.link/headphones/data/Auteur%20Classic%20ES%20L3.txt	ZMF Auteur Classic Eikon Perf. Suede Pads	ZMF Auteur Classic (ZMF Eikon perforated suede earpads)	over-ear	KB501x + 711
https://kr0mka.squig.link/headphones/data/Auteur%20Classic%20ES%20R1.txt	ZMF Auteur Classic Eikon Perf. Suede Pads	ZMF Auteur Classic (ZMF Eikon perforated suede earpads)	over-ear	KB501x + 711
https://kr0mka.squig.link/headphones/data/Auteur%20Classic%20ES%20R2.txt	ZMF Auteur Classic Eikon Perf. Suede Pads	ZMF Auteur Classic (ZMF Eikon perforated suede earpads)	over-ear	KB501x + 711
https://kr0mka.squig.link/headphones/data/Auteur%20Classic%20ES%20R3.txt	ZMF Auteur Classic Eikon Perf. Suede Pads	ZMF Auteur Classic (ZMF Eikon perforated suede earpads)	over-ear	KB501x + 711
https://kr0mka.squig.link/headphones/data/Auteur%20Classic%20UL%20L1.txt	ZMF Auteur Classic Universe Perf. Lambskin Pads	ZMF Auteur Classic (ZMF Universe perforated lambskin earpads)	over-ear	KB501x + 711
https://kr0mka.squig.link/headphones/data/Auteur%20Classic%20UL%20L2.txt	ZMF Auteur Classic Universe Perf. Lambskin Pads	ZMF Auteur Classic (ZMF Universe perforated lambskin earpads)	over-ear	KB501x + 711
https://kr0mka.squig.link/headphones/data/Auteur%20Classic%20UL%20L3.txt	ZMF Auteur Classic Universe Perf. Lambskin Pads	ZMF Auteur Classic (ZMF Universe perforated lambskin earpads)	over-ear	KB501x + 711
https://kr0mka.squig.link/headphones/data/Auteur%20Classic%20UL%20R1.txt	ZMF Auteur Classic Universe Perf. Lambskin Pads	ZMF Auteur Classic (ZMF Universe perforated lambskin earpads)	over-ear	KB501x + 711
https://kr0mka.squig.link/headphones/data/Auteur%20Classic%20UL%20R2.txt	ZMF Auteur Classic Universe Perf. Lambskin Pads	ZMF Auteur Classic (ZMF Universe perforated lambskin earpads)	over-ear	KB501x + 711
https://kr0mka.squig.link/headphones/data/Auteur%20Classic%20UL%20R3.txt	ZMF Auteur Classic Universe Perf. Lambskin Pads	ZMF Auteur Classic (ZMF Universe perforated lambskin earpads)	over-ear	KB501x + 711
https://kr0mka.squig.link/headphones/data/Auteur%20Classic%20US%20L1.txt	ZMF Auteur Classic Universe Perf. Suede Pads	ZMF Auteur Classic (ZMF Universe perforated suede earpads)	over-ear	KB501x + 711
https://kr0mka.squig.link/headphones/data/Auteur%20Classic%20US%20L2.txt	ZMF Auteur Classic Universe Perf. Suede Pads	ZMF Auteur Classic (ZMF Universe perforated suede earpads)	over-ear	KB501x + 711
https://kr0mka.squig.link/headphones/data/Auteur%20Classic%20US%20L3.txt	ZMF Auteur Classic Universe Perf. Suede Pads	ZMF Auteur Classic (ZMF Universe perforated suede earpads)	over-ear	KB501x + 711
https://kr0mka.squig.link/headphones/data/Auteur%20Classic%20US%20R1.txt	ZMF Auteur Classic Universe Perf. Suede Pads	ZMF Auteur Classic (ZMF Universe perforated suede earpads)	over-ear	KB501x + 711
https://kr0mka.squig.link/headphones/data/Auteur%20Classic%20US%20R2.txt	ZMF Auteur Classic Universe Perf. Suede Pads	ZMF Auteur Classic (ZMF Universe perforated suede earpads)	over-ear	KB501x + 711
https://kr0mka.squig.link/headphones/data/Auteur%20Classic%20US%20R3.txt	ZMF Auteur Classic Universe Perf. Suede Pads	ZMF Auteur Classic (ZMF Universe perforated suede earpads)	over-ear	KB501x + 711
https://kr0mka.squig.link/headphones/data/Bokeh%20Pre-Retail%20Pads%20L1.txt	ZMF Bokeh Stock Pre-Retail Pads	ZMF Bokeh	over-ear	KB501x + 711
https://kr0mka.squig.link/headphones/data/Bokeh%20Pre-Retail%20Pads%20L2.txt	ZMF Bokeh Stock Pre-Retail Pads	ZMF Bokeh	over-ear	KB501x + 711
https://kr0mka.squig.link/headphones/data/Bokeh%20Pre-Retail%20Pads%20L3.txt	ZMF Bokeh Stock Pre-Retail Pads	ZMF Bokeh	over-ear	KB501x + 711
https://kr0mka.squig.link/headphones/data/Bokeh%20Pre-Retail%20Pads%20R1.txt	ZMF Bokeh Stock Pre-Retail Pads	ZMF Bokeh	over-ear	KB501x + 711
https://kr0mka.squig.link/headphones/data/Bokeh%20Pre-Retail%20Pads%20R2.txt	ZMF Bokeh Stock Pre-Retail Pads	ZMF Bokeh	over-ear	KB501x + 711
https://kr0mka.squig.link/headphones/data/Bokeh%20Pre-Retail%20Pads%20R3.txt	ZMF Bokeh Stock Pre-Retail Pads	ZMF Bokeh	over-ear	KB501x + 711
https://kr0mka.squig.link/headphones/data/bokeh%20suede%20L1.txt	ZMF Bokeh S2 Suede Pads	ZMF Bokeh S2 (suede earpads)	over-ear	KB501x + 711
https://kr0mka.squig.link/headphones/data/bokeh%20suede%20L2.txt	ZMF Bokeh S2 Suede Pads	ZMF Bokeh S2 (suede earpads)	over-ear	KB501x + 711
https://kr0mka.squig.link/headphones/data/bokeh%20suede%20R1.txt	ZMF Bokeh S2 Suede Pads	ZMF Bokeh S2 (suede earpads)	over-ear	KB501x + 711
https://kr0mka.squig.link/headphones/data/bokeh%20suede%20R2.txt	ZMF Bokeh S2 Suede Pads	ZMF Bokeh S2 (suede earpads)	over-ear	KB501x + 711
https://kr0mka.squig.link/headphones/data/bokeh%20suede%20R3.txt	ZMF Bokeh S2 Suede Pads	ZMF Bokeh S2 (suede earpads)	over-ear	KB501x + 711
https://kr0mka.squig.link/headphones/data/bokeh%20hybrid%20L1.txt	ZMF Bokeh S2 Hybrid Thin Pads	ZMF Bokeh S2 (thin hybrid earpads)	over-ear	KB501x + 711
https://kr0mka.squig.link/headphones/data/bokeh%20hybrid%20L2.txt	ZMF Bokeh S2 Hybrid Thin Pads	ZMF Bokeh S2 (thin hybrid earpads)	over-ear	KB501x + 711
https://kr0mka.squig.link/headphones/data/bokeh%20hybrid%20L3.txt	ZMF Bokeh S2 Hybrid Thin Pads	ZMF Bokeh S2 (thin hybrid earpads)	over-ear	KB501x + 711
https://kr0mka.squig.link/headphones/data/bokeh%20hybrid%20R1.txt	ZMF Bokeh S2 Hybrid Thin Pads	ZMF Bokeh S2 (thin hybrid earpads)	over-ear	KB501x + 711
https://kr0mka.squig.link/headphones/data/bokeh%20hybrid%20R2.txt	ZMF Bokeh S2 Hybrid Thin Pads	ZMF Bokeh S2 (thin hybrid earpads)	over-ear	KB501x + 711
https://kr0mka.squig.link/headphones/data/bokeh%20hybrid%20R3.txt	ZMF Bokeh S2 Hybrid Thin Pads	ZMF Bokeh S2 (thin hybrid earpads)	over-ear	KB501x + 711
https://kr0mka.squig.link/headphones/data/bokeh%20pleather%20L1.txt	ZMF Bokeh S2 Protein Thin Pads	ZMF Bokeh S2 (thin protein earpads)	over-ear	KB501x + 711
https://kr0mka.squig.link/headphones/data/bokeh%20pleather%20L2.txt	ZMF Bokeh S2 Protein Thin Pads	ZMF Bokeh S2 (thin protein earpads)	over-ear	KB501x + 711
https://kr0mka.squig.link/headphones/data/bokeh%20pleather%20L3.txt	ZMF Bokeh S2 Protein Thin Pads	ZMF Bokeh S2 (thin protein earpads)	over-ear	KB501x + 711
https://kr0mka.squig.link/headphones/data/bokeh%20pleather%20R1.txt	ZMF Bokeh S2 Protein Thin Pads	ZMF Bokeh S2 (thin protein earpads)	over-ear	KB501x + 711
https://kr0mka.squig.link/headphones/data/bokeh%20pleather%20R2.txt	ZMF Bokeh S2 Protein Thin Pads	ZMF Bokeh S2 (thin protein earpads)	over-ear	KB501x + 711
https://kr0mka.squig.link/headphones/data/bokeh%20pleather%20R3.txt	ZMF Bokeh S2 Protein Thin Pads	ZMF Bokeh S2 (thin protein earpads)	over-ear	KB501x + 711
https://kr0mka.squig.link/headphones/data/Caldera%20Lambskin%20L1.txt	ZMF Caldera Lambskin Thin Pads	ZMF Caldera (thin lambskin earpads)	over-ear	KB501x + 711
https://kr0mka.squig.link/headphones/data/Caldera%20Lambskin%20L2.txt	ZMF Caldera Lambskin Thin Pads	ZMF Caldera (thin lambskin earpads)	over-ear	KB501x + 711
https://kr0mka.squig.link/headphones/data/Caldera%20Lambskin%20L3.txt	ZMF Caldera Lambskin Thin Pads	ZMF Caldera (thin lambskin earpads)	over-ear	KB501x + 711
https://kr0mka.squig.link/headphones/data/Caldera%20Lambskin%20R1.txt	ZMF Caldera Lambskin Thin Pads	ZMF Caldera (thin lambskin earpads)	over-ear	KB501x + 711
https://kr0mka.squig.link/headphones/data/Caldera%20Lambskin%20R2.txt	ZMF Caldera Lambskin Thin Pads	ZMF Caldera (thin lambskin earpads)	over-ear	KB501x + 711
https://kr0mka.squig.link/headphones/data/Caldera%20Lambskin%20R3.txt	ZMF Caldera Lambskin Thin Pads	ZMF Caldera (thin lambskin earpads)	over-ear	KB501x + 711
https://kr0mka.squig.link/headphones/data/lyro_df%20L1.txt	Zaylli Lyro / Lyrö (DF Mode)	Zaylli Lyro Lyrö (DF Mode)	over-ear	KB501x + 711
https://kr0mka.squig.link/headphones/data/lyro_df%20L2.txt	Zaylli Lyro / Lyrö (DF Mode)	Zaylli Lyro Lyrö (DF Mode)	over-ear	KB501x + 711
https://kr0mka.squig.link/headphones/data/lyro_df%20L3.txt	Zaylli Lyro / Lyrö (DF Mode)	Zaylli Lyro Lyrö (DF Mode)	over-ear	KB501x + 711
https://kr0mka.squig.link/headphones/data/lyro_df%20L4.txt	Zaylli Lyro / Lyrö (DF Mode)	Zaylli Lyro Lyrö (DF Mode)	over-ear	KB501x + 711
https://kr0mka.squig.link/headphones/data/lyro_df%20L5.txt	Zaylli Lyro / Lyrö (DF Mode)	Zaylli Lyro Lyrö (DF Mode)	over-ear	KB501x + 711
https://kr0mka.squig.link/headphones/data/lyro_df%20L6.txt	Zaylli Lyro / Lyrö (DF Mode)	Zaylli Lyro Lyrö (DF Mode)	over-ear	KB501x + 711
https://kr0mka.squig.link/headphones/data/lyro_df%20R1.txt	Zaylli Lyro / Lyrö (DF Mode)	Zaylli Lyro Lyrö (DF Mode)	over-ear	KB501x + 711
https://kr0mka.squig.link/headphones/data/lyro_df%20R2.txt	Zaylli Lyro / Lyrö (DF Mode)	Zaylli Lyro Lyrö (DF Mode)	over-ear	KB501x + 711
https://kr0mka.squig.link/headphones/data/lyro_df%20R3.txt	Zaylli Lyro / Lyrö (DF Mode)	Zaylli Lyro Lyrö (DF Mode)	over-ear	KB501x + 711
https://kr0mka.squig.link/headphones/data/lyro_df%20R4.txt	Zaylli Lyro / Lyrö (DF Mode)	Zaylli Lyro Lyrö (DF Mode)	over-ear	KB501x + 711
https://kr0mka.squig.link/headphones/data/lyro_df%20R5.txt	Zaylli Lyro / Lyrö (DF Mode)	Zaylli Lyro Lyrö (DF Mode)	over-ear	KB501x + 711
https://kr0mka.squig.link/headphones/data/lyro_df%20R6.txt	Zaylli Lyro / Lyrö (DF Mode)	Zaylli Lyro Lyrö (DF Mode)	over-ear	KB501x + 711
https://kr0mka.squig.link/headphones/data/lyro_on_ear_mode%20L1.txt	Zaylli Lyro / Lyrö (On-Ear Mode)	Zaylli Lyro Lyrö (On-Ear Mode)	over-ear	KB501x + 711
https://kr0mka.squig.link/headphones/data/lyro_on_ear_mode%20L2.txt	Zaylli Lyro / Lyrö (On-Ear Mode)	Zaylli Lyro Lyrö (On-Ear Mode)	over-ear	KB501x + 711
https://kr0mka.squig.link/headphones/data/lyro_on_ear_mode%20L3.txt	Zaylli Lyro / Lyrö (On-Ear Mode)	Zaylli Lyro Lyrö (On-Ear Mode)	over-ear	KB501x + 711
https://kr0mka.squig.link/headphones/data/lyro_on_ear_mode%20L4.txt	Zaylli Lyro / Lyrö (On-Ear Mode)	Zaylli Lyro Lyrö (On-Ear Mode)	over-ear	KB501x + 711
https://kr0mka.squig.link/headphones/data/lyro_on_ear_mode%20L5.txt	Zaylli Lyro / Lyrö (On-Ear Mode)	Zaylli Lyro Lyrö (On-Ear Mode)	over-ear	KB501x + 711
https://kr0mka.squig.link/headphones/data/lyro_on_ear_mode%20L6.txt	Zaylli Lyro / Lyrö (On-Ear Mode)	Zaylli Lyro Lyrö (On-Ear Mode)	over-ear	KB501x + 711
https://kr0mka.squig.link/headphones/data/lyro_on_ear_mode%20R1.txt	Zaylli Lyro / Lyrö (On-Ear Mode)	Zaylli Lyro Lyrö (On-Ear Mode)	over-ear	KB501x + 711
https://kr0mka.squig.link/headphones/data/lyro_on_ear_mode%20R2.txt	Zaylli Lyro / Lyrö (On-Ear Mode)	Zaylli Lyro Lyrö (On-Ear Mode)	over-ear	KB501x + 711
https://kr0mka.squig.link/headphones/data/lyro_on_ear_mode%20R3.txt	Zaylli Lyro / Lyrö (On-Ear Mode)	Zaylli Lyro Lyrö (On-Ear Mode)	over-ear	KB501x + 711
https://kr0mka.squig.link/headphones/data/lyro_on_ear_mode%20R4.txt	Zaylli Lyro / Lyrö (On-Ear Mode)	Zaylli Lyro Lyrö (On-Ear Mode)	over-ear	KB501x + 711
https://kr0mka.squig.link/headphones/data/lyro_on_ear_mode%20R5.txt	Zaylli Lyro / Lyrö (On-Ear Mode)	Zaylli Lyro Lyrö (On-Ear Mode)	over-ear	KB501x + 711
https://kr0mka.squig.link/headphones/data/lyro_on_ear_mode%20R6.txt	Zaylli Lyro / Lyrö (On-Ear Mode)	Zaylli Lyro Lyrö (On-Ear Mode)	over-ear	KB501x + 711
https://kr0mka.squig.link/headphones/data/lyro_mx_max_dial_high_angle%20L1.txt	Zaylli Lyro MX / Lyrö MX (Angled Out)	Zaylli Lyro MX Lyrö MX (Angled Out)	over-ear	KB501x + 711
https://kr0mka.squig.link/headphones/data/lyro_mx_max_dial_high_angle%20L2.txt	Zaylli Lyro MX / Lyrö MX (Angled Out)	Zaylli Lyro MX Lyrö MX (Angled Out)	over-ear	KB501x + 711
https://kr0mka.squig.link/headphones/data/lyro_mx_max_dial_high_angle%20L3.txt	Zaylli Lyro MX / Lyrö MX (Angled Out)	Zaylli Lyro MX Lyrö MX (Angled Out)	over-ear	KB501x + 711
https://kr0mka.squig.link/headphones/data/lyro_mx_max_dial_high_angle%20L4.txt	Zaylli Lyro MX / Lyrö MX (Angled Out)	Zaylli Lyro MX Lyrö MX (Angled Out)	over-ear	KB501x + 711
https://kr0mka.squig.link/headphones/data/lyro_mx_max_dial_high_angle%20L5.txt	Zaylli Lyro MX / Lyrö MX (Angled Out)	Zaylli Lyro MX Lyrö MX (Angled Out)	over-ear	KB501x + 711
https://kr0mka.squig.link/headphones/data/lyro_mx_max_dial_high_angle%20L6.txt	Zaylli Lyro MX / Lyrö MX (Angled Out)	Zaylli Lyro MX Lyrö MX (Angled Out)	over-ear	KB501x + 711
https://kr0mka.squig.link/headphones/data/lyro_mx_max_dial_high_angle%20R1.txt	Zaylli Lyro MX / Lyrö MX (Angled Out)	Zaylli Lyro MX Lyrö MX (Angled Out)	over-ear	KB501x + 711
https://kr0mka.squig.link/headphones/data/lyro_mx_max_dial_high_angle%20R2.txt	Zaylli Lyro MX / Lyrö MX (Angled Out)	Zaylli Lyro MX Lyrö MX (Angled Out)	over-ear	KB501x + 711
https://kr0mka.squig.link/headphones/data/lyro_mx_max_dial_high_angle%20R3.txt	Zaylli Lyro MX / Lyrö MX (Angled Out)	Zaylli Lyro MX Lyrö MX (Angled Out)	over-ear	KB501x + 711
https://kr0mka.squig.link/headphones/data/lyro_mx_max_dial_high_angle%20R4.txt	Zaylli Lyro MX / Lyrö MX (Angled Out)	Zaylli Lyro MX Lyrö MX (Angled Out)	over-ear	KB501x + 711
https://kr0mka.squig.link/headphones/data/lyro_mx_max_dial_high_angle%20R5.txt	Zaylli Lyro MX / Lyrö MX (Angled Out)	Zaylli Lyro MX Lyrö MX (Angled Out)	over-ear	KB501x + 711
https://kr0mka.squig.link/headphones/data/lyro_mx_max_dial_high_angle%20R6.txt	Zaylli Lyro MX / Lyrö MX (Angled Out)	Zaylli Lyro MX Lyrö MX (Angled Out)	over-ear	KB501x + 711
https://kr0mka.squig.link/headphones/data/lyro_mx_max_dial_low_angle%20L1.txt	Zaylli Lyro MX / Lyrö MX (Close to Ear)	Zaylli Lyro MX Lyrö MX (Close to Ear)	over-ear	KB501x + 711
https://kr0mka.squig.link/headphones/data/lyro_mx_max_dial_low_angle%20L2.txt	Zaylli Lyro MX / Lyrö MX (Close to Ear)	Zaylli Lyro MX Lyrö MX (Close to Ear)	over-ear	KB501x + 711
https://kr0mka.squig.link/headphones/data/lyro_mx_max_dial_low_angle%20L3.txt	Zaylli Lyro MX / Lyrö MX (Close to Ear)	Zaylli Lyro MX Lyrö MX (Close to Ear)	over-ear	KB501x + 711
https://kr0mka.squig.link/headphones/data/lyro_mx_max_dial_low_angle%20L4.txt	Zaylli Lyro MX / Lyrö MX (Close to Ear)	Zaylli Lyro MX Lyrö MX (Close to Ear)	over-ear	KB501x + 711
https://kr0mka.squig.link/headphones/data/lyro_mx_max_dial_low_angle%20L5.txt	Zaylli Lyro MX / Lyrö MX (Close to Ear)	Zaylli Lyro MX Lyrö MX (Close to Ear)	over-ear	KB501x + 711
https://kr0mka.squig.link/headphones/data/lyro_mx_max_dial_low_angle%20L6.txt	Zaylli Lyro MX / Lyrö MX (Close to Ear)	Zaylli Lyro MX Lyrö MX (Close to Ear)	over-ear	KB501x + 711
https://kr0mka.squig.link/headphones/data/lyro_mx_max_dial_low_angle%20R1.txt	Zaylli Lyro MX / Lyrö MX (Close to Ear)	Zaylli Lyro MX Lyrö MX (Close to Ear)	over-ear	KB501x + 711
https://kr0mka.squig.link/headphones/data/lyro_mx_max_dial_low_angle%20R2.txt	Zaylli Lyro MX / Lyrö MX (Close to Ear)	Zaylli Lyro MX Lyrö MX (Close to Ear)	over-ear	KB501x + 711
https://kr0mka.squig.link/headphones/data/lyro_mx_max_dial_low_angle%20R3.txt	Zaylli Lyro MX / Lyrö MX (Close to Ear)	Zaylli Lyro MX Lyrö MX (Close to Ear)	over-ear	KB501x + 711
https://kr0mka.squig.link/headphones/data/lyro_mx_max_dial_low_angle%20R4.txt	Zaylli Lyro MX / Lyrö MX (Close to Ear)	Zaylli Lyro MX Lyrö MX (Close to Ear)	over-ear	KB501x + 711
https://kr0mka.squig.link/headphones/data/lyro_mx_max_dial_low_angle%20R5.txt	Zaylli Lyro MX / Lyrö MX (Close to Ear)	Zaylli Lyro MX Lyrö MX (Close to Ear)	over-ear	KB501x + 711
https://kr0mka.squig.link/headphones/data/lyro_mx_max_dial_low_angle%20R6.txt	Zaylli Lyro MX / Lyrö MX (Close to Ear)	Zaylli Lyro MX Lyrö MX (Close to Ear)	over-ear	KB501x + 711
https://kr0mka.squig.link/data/ziigat%20arcanis%20L.txt	ZiiGaat Arcanis	ZiiGaat Arcanis	in-ear	711
https://kr0mka.squig.link/data/ziigat%20arcanis%20R.txt	ZiiGaat Arcanis	ZiiGaat Arcanis	in-ear	711
https://kr0mka.squig.link/data/forteza%20y2%2010%20L.txt		forteza y2 10	ignore	711
https://kr0mka.squig.link/headphones/data/nur%20audio%20felt%20filter%20removed%20L1.txt		nur audio felt filter removed	ignore	KB501x + 711
https://kr0mka.squig.link/headphones/data/nur%20audio%20felt%20filter%20removed%20L2.txt		nur audio felt filter removed	ignore	KB501x + 711
https://kr0mka.squig.link/headphones/data/nur%20audio%20felt%20filter%20removed%20L3.txt		nur audio felt filter removed	ignore	KB501x + 711
https://kr0mka.squig.link/headphones/data/nur%20audio%20felt%20filter%20removed%20L4.txt		nur audio felt filter removed	ignore	KB501x + 711
https://kr0mka.squig.link/headphones/data/nur%20audio%20felt%20filter%20removed%20L5.txt		nur audio felt filter removed	ignore	KB501x + 711
https://kr0mka.squig.link/headphones/data/nur%20audio%20felt%20filter%20removed%20L6.txt		nur audio felt filter removed	ignore	KB501x + 711
https://kr0mka.squig.link/data/vulkan%202%20deep%20L.txt		vulkan 2 deep	ignore	711
https://kr0mka.squig.link/data/vulkan%202%20shallow%20R.txt		vulkan 2 shallow	ignore	711
