url	source_name	name	form	rig
https://jaytiss.squig.link/data/Evaairlines%20L.txt	(Airline Ear Earbuds) Eva Air	(Airline Ear Earbuds) Eva Air	ignore	711
https://jaytiss.squig.link/data/Evaairlines%20R.txt	(Airline Ear Earbuds) Eva Air	(Airline Ear Earbuds) Eva Air	ignore	711
https://jaytiss.squig.link/data/Krisworld%20L.txt	(Airline Ear Earbuds) Krisworld	(Airline Ear Earbuds) Krisworld	ignore	711
https://jaytiss.squig.link/data/Krisworld%20R.txt	(Airline Ear Earbuds) Krisworld	(Airline Ear Earbuds) Krisworld	ignore	711
https://jaytiss.squig.link/data/United%20L.txt	(Airline Ear Earbuds) United	(Airline Ear Earbuds) United	ignore	711
https://jaytiss.squig.link/data/United%20R.txt	(Airline Ear Earbuds) United	(Airline Ear Earbuds) United	ignore	711
https://jaytiss.squig.link/data/64Solo%20L.txt	64 AUDIO Solo	64 Audio Solo	in-ear	711
https://jaytiss.squig.link/data/64Solo%20R.txt	64 AUDIO Solo	64 Audio Solo	in-ear	711
https://jaytiss.squig.link/data/64%20AUDIO%20U4S%20M12%20L.txt	64 AUDIO U4s m12	64 Audio U4S (m12 Apex module)	in-ear	711
https://jaytiss.squig.link/data/64%20AUDIO%20U4S%20M12%20R.txt	64 AUDIO U4s m12	64 Audio U4S (m12 Apex module)	in-ear	711
https://jaytiss.squig.link/data/u6tm15%20L.txt	64 AUDIO u6t m15	64 Audio U6t (m15 Apex module)	in-ear	711
https://jaytiss.squig.link/data/u6tm15%20R.txt	64 AUDIO u6t m15	64 Audio U6t (m15 Apex module)	in-ear	711
https://jaytiss.squig.link/data/Volur%20empty%20L.txt	64 AUDIO Volur Empty	64 Audio Volur	in-ear	711
https://jaytiss.squig.link/data/Volur%20empty%20R.txt	64 AUDIO Volur Empty	64 Audio Volur	in-ear	711
https://jaytiss.squig.link/data/Volur%20m12%20L.txt	64 AUDIO Volur m12	64 Audio Volur (m12 Apex module)	in-ear	711
https://jaytiss.squig.link/data/Volur%20m12%20R.txt	64 AUDIO Volur m12	64 Audio Volur (m12 Apex module)	in-ear	711
https://jaytiss.squig.link/data/Volur%20m15%20L.txt	64 AUDIO Volur m15	64 Audio Volur (m15 Apex module)	in-ear	711
https://jaytiss.squig.link/data/Volur%20m15%20R.txt	64 AUDIO Volur m15	64 Audio Volur (m15 Apex module)	in-ear	711
https://jaytiss.squig.link/data/Volur%20m20%20L.txt	64 AUDIO Volur m20	64 Audio Volur (m20 Apex module)	in-ear	711
https://jaytiss.squig.link/data/Volur%20m20%20R.txt	64 AUDIO Volur m20	64 Audio Volur (m20 Apex module)	in-ear	711
https://jaytiss.squig.link/data/Volur%20MX%20L.txt	64 AUDIO Volur MX	64 Audio Volur (mX Apex module)	in-ear	711
https://jaytiss.squig.link/data/Volur%20MX%20R.txt	64 AUDIO Volur MX	64 Audio Volur (mX Apex module)	in-ear	711
https://jaytiss.squig.link/data/Aurora%20L.txt	7hz Aurora	7Hz Aurora	in-ear	711
https://jaytiss.squig.link/data/Aurora%20R.txt	7hz Aurora	7Hz Aurora	in-ear	711
https://jaytiss.squig.link/data/EluaUltra%20L.txt	7Hz Elua Ultra	7Hz Elua Ultra	in-ear	711
https://jaytiss.squig.link/data/EluaUltra%20R.txt	7Hz Elua Ultra	7Hz Elua Ultra	in-ear	711
https://jaytiss.squig.link/data/7hz%20Five%20L.txt	7hz Five	7Hz Five	in-ear	711
https://jaytiss.squig.link/data/7hz%20Five%20R.txt	7hz Five	7Hz Five	in-ear	711
https://jaytiss.squig.link/data/G1%20L.txt	7hz G1	7Hz G1	in-ear	711
https://jaytiss.squig.link/data/G1%20R.txt	7hz G1	7Hz G1	in-ear	711
https://jaytiss.squig.link/data/Dioko%20L.txt	7hz Dioko	7Hz Salnotes Dioko	in-ear	711
https://jaytiss.squig.link/data/Dioko%20R.txt	7hz Dioko	7Hz Salnotes Dioko	in-ear	711
https://jaytiss.squig.link/data/Salnotes%20Zero%20L.txt	7hz Salnotes Zero	7Hz Salnotes Zero	in-ear	711
https://jaytiss.squig.link/data/Salnotes%20Zero%20R.txt	7hz Salnotes Zero	7Hz Salnotes Zero	in-ear	711
https://jaytiss.squig.link/data/Sonus%20L.txt	7hz Sonus	7Hz Sonus	in-ear	711
https://jaytiss.squig.link/data/Sonus%20R.txt	7hz Sonus	7Hz Sonus	in-ear	711
https://jaytiss.squig.link/data/Timeless2%20L.txt	7hz Timeless 2  	7Hz Timeless II	in-ear	711
https://jaytiss.squig.link/data/Timeless2%20R.txt	7hz Timeless 2  	7Hz Timeless II	in-ear	711
https://jaytiss.squig.link/data/Timless2%20L.txt		7Hz Timless II	in-ear	711
https://jaytiss.squig.link/data/Timless2%20R.txt		7Hz Timless II	in-ear	711
https://jaytiss.squig.link/data/7Diablo%20L.txt	7Hz x Crinacle Diablo	7Hz x Crinacle Diablo	in-ear	711
https://jaytiss.squig.link/data/7Diablo%20R.txt	7Hz x Crinacle Diablo	7Hz x Crinacle Diablo	in-ear	711
https://jaytiss.squig.link/data/7Divine%20L.txt	7Hz x Crinacle Divine	7Hz x Crinacle Divine	in-ear	711
https://jaytiss.squig.link/data/7Divine%20R.txt	7Hz x Crinacle Divine	7Hz x Crinacle Divine	in-ear	711
https://jaytiss.squig.link/data/Zero2%20L.txt	7hz x Crinacle Zero:2	7Hz x Crinacle Zero 2	in-ear	711
https://jaytiss.squig.link/data/Zero2%20R.txt	7hz x Crinacle Zero:2	7Hz x Crinacle Zero 2	in-ear	711
https://jaytiss.squig.link/data/Elua%20L.txt	7hz x HBB Elua	7Hz x HBB Elua	in-ear	711
https://jaytiss.squig.link/data/Elua%20R.txt	7hz x HBB Elua	7Hz x HBB Elua	in-ear	711
https://jaytiss.squig.link/data/7a%20asteria%20L.txt		7a asteria	ignore	711
https://jaytiss.squig.link/data/7a%20asteria%20R.txt		7a asteria	ignore	711
https://jaytiss.squig.link/data/Timeless2%2030%20L.txt	7hz Timeless 2 30 ohm	7hz Timeless 2 30 ohm	ignore	711
https://jaytiss.squig.link/data/Timeless2%2030%20R.txt	7hz Timeless 2 30 ohm	7hz Timeless 2 30 ohm	ignore	711
https://jaytiss.squig.link/data/Stargazer%20L.txt	7th Acoustics Stargazer	7th Acoustics Stargazer	in-ear	711
https://jaytiss.squig.link/data/Stargazer%20R.txt	7th Acoustics Stargazer	7th Acoustics Stargazer	in-ear	711
https://jaytiss.squig.link/data/Supernova%20L.txt	7th Acoustics Supernova	7th Acoustics Supernova	in-ear	711
https://jaytiss.squig.link/data/Supernova%20R.txt	7th Acoustics Supernova	7th Acoustics Supernova	in-ear	711
https://jaytiss.squig.link/data/Cantor%20L.txt	Aful Cantor 	AFUL Cantor	in-ear	711
https://jaytiss.squig.link/data/Cantor%20R.txt	Aful Cantor 	AFUL Cantor	in-ear	711
https://jaytiss.squig.link/data/Afuldawnx%20L.txt	AFUL DAWN-X	AFUL DAWN-X	in-ear	711
https://jaytiss.squig.link/data/Afuldawnx%20R.txt	AFUL DAWN-X	AFUL DAWN-X	in-ear	711
https://jaytiss.squig.link/data/Explorer%20L.txt	Aful Explorer	AFUL Explorer	in-ear	711
https://jaytiss.squig.link/data/Explorer%20R.txt	Aful Explorer	AFUL Explorer	in-ear	711
https://jaytiss.squig.link/data/Magic%201%20L.txt	Aful MagicOne with Divinus Velvet L	AFUL MagicOne (Divinus Velvet L eartips)	ignore	711
https://jaytiss.squig.link/data/Magic%201%20R.txt	Aful MagicOne with Divinus Velvet L	AFUL MagicOne (Divinus Velvet L eartips)	ignore	711
https://jaytiss.squig.link/data/MagicFoam%20L.txt	Aful MagicOne with Foams	AFUL MagicOne (foam eartips)	in-ear	711
https://jaytiss.squig.link/data/MagicFoam%20R.txt	Aful MagicOne with Foams	AFUL MagicOne (foam eartips)	in-ear	711
https://jaytiss.squig.link/data/Performer%205%20L.txt	Aful Performer 5	AFUL Performer 5	in-ear	711
https://jaytiss.squig.link/data/Performer%205%20R.txt	Aful Performer 5	AFUL Performer 5	in-ear	711
https://jaytiss.squig.link/data/Aful%20P7%20L.txt	Aful P7 	AFUL Performer 7	in-ear	711
https://jaytiss.squig.link/data/Aful%20P7%20R.txt	Aful P7 	AFUL Performer 7	in-ear	711
https://jaytiss.squig.link/data/Performer%208%20L.txt	Aful Performer 8	AFUL Performer 8	in-ear	711
https://jaytiss.squig.link/data/Performer%208%20R.txt	Aful Performer 8	AFUL Performer 8	in-ear	711
https://jaytiss.squig.link/data/Aful%20P8%20L.txt	Aful Performer 8	AFUL Performer 8	in-ear	711
https://jaytiss.squig.link/data/Aful%20P8%20R.txt	Aful Performer 8	AFUL Performer 8	in-ear	711
https://jaytiss.squig.link/data/AfulP8S%20L.txt	AFUL Performer 8S	AFUL Performer 8S	in-ear	711
https://jaytiss.squig.link/data/AfulP8S%20R.txt	AFUL Performer 8S	AFUL Performer 8S	in-ear	711
https://jaytiss.squig.link/data/AMEAura%20L.txt	AME Aura	AME Aura	in-ear	711
https://jaytiss.squig.link/data/AMEAura%20R.txt	AME Aura	AME Aura	in-ear	711
https://jaytiss.squig.link/data/AMEGaia%20L.txt	AME Gaia	AME Gaia	in-ear	711
https://jaytiss.squig.link/data/AMEGaia%20R.txt	AME Gaia	AME Gaia	in-ear	711
https://jaytiss.squig.link/data/Mousa%20L.txt	AME Mousa	AME Mousa	in-ear	711
https://jaytiss.squig.link/data/Mousa%20R.txt	AME Mousa	AME Mousa	in-ear	711
https://jaytiss.squig.link/data/AMERadioso%20L.txt	AME Radioso	AME Radioso	in-ear	711
https://jaytiss.squig.link/data/AMERadioso%20R.txt	AME Radioso	AME Radioso	in-ear	711
https://jaytiss.squig.link/data/Raven%20L.txt	AME Raven KR version	AME Raven KR version	in-ear	711
https://jaytiss.squig.link/data/Raven%20R.txt	AME Raven KR version	AME Raven KR version	in-ear	711
https://jaytiss.squig.link/data/R1%20L.txt	ARTTI R1	ARTTI R1	in-ear	711
https://jaytiss.squig.link/data/R1%20R.txt	ARTTI R1	ARTTI R1	in-ear	711
https://jaytiss.squig.link/data/T10Pro%20L.txt	ARTTI T10 Pro	ARTTI T10 Pro	in-ear	711
https://jaytiss.squig.link/data/T10Pro%20R.txt	ARTTI T10 Pro	ARTTI T10 Pro	in-ear	711
https://jaytiss.squig.link/data/AcoustuneRSONE%20L.txt	Acoustune Monitor RS ONE	Acoustune Monitor RS ONE	in-ear	711
https://jaytiss.squig.link/data/AcoustuneRSONE%20R.txt	Acoustune Monitor RS ONE	Acoustune Monitor RS ONE	in-ear	711
https://jaytiss.squig.link/data/Aful%205.txt		Aful 5	ignore	
https://jaytiss.squig.link/data/Cantordeep%20L.txt	Aful Cantor Deep	Aful Cantor Deep	ignore	711
https://jaytiss.squig.link/data/Cantordeep%20R.txt	Aful Cantor Deep	Aful Cantor Deep	ignore	711
https://jaytiss.squig.link/data/Aful%20P7%20v3%20R.txt		Aful P7 v3	ignore	711
https://jaytiss.squig.link/data/Aful%20P710%20L.txt	Aful P7 with 10 ohm adapter	Aful P7 with 10 ohm adapter	ignore	711
https://jaytiss.squig.link/data/Aful%20P710%20R.txt	Aful P7 with 10 ohm adapter	Aful P7 with 10 ohm adapter	ignore	711
https://jaytiss.squig.link/data/Aful%20v2%20P7%20R.txt		Aful v2 P7	ignore	711
https://jaytiss.squig.link/data/Aful%20v3%20P7%20L.txt		Aful v3 P7	ignore	711
https://jaytiss.squig.link/data/Alambic%20EarsRincon%20L.txt	Alambic Ears Rincon	Alambic Ears Rincon	in-ear	711
https://jaytiss.squig.link/data/Alambic%20EarsRincon%20R.txt	Alambic Ears Rincon	Alambic Ears Rincon	in-ear	711
https://jaytiss.squig.link/data/ApevoixNebula%20L.txt	Apevoix Nebula	Apevoix Nebula	in-ear	711
https://jaytiss.squig.link/data/ApevoixNebula%20R.txt	Apevoix Nebula	Apevoix Nebula	in-ear	711
https://jaytiss.squig.link/data/AposRockLobster%20L.txt	Apos x Community Rock Lobster	Apos Audio x Community Rock Lobster	in-ear	711
https://jaytiss.squig.link/data/AposRockLobster%20R.txt	Apos x Community Rock Lobster	Apos Audio x Community Rock Lobster	in-ear	711
https://jaytiss.squig.link/data/ArisynBaiyong%20L.txt	Arisyn BAI YONG	Arisyn BAI YONG	in-ear	711
https://jaytiss.squig.link/data/ArisynBaiyong%20R.txt	Arisyn BAI YONG	Arisyn BAI YONG	in-ear	711
https://jaytiss.squig.link/data/HUO%20SHU%20CU%20L.txt	Arisyn HUO SHU CU	Arisyn HUO SHU CU	in-ear	711
https://jaytiss.squig.link/data/HUO%20SHU%20CU%20R.txt	Arisyn HUO SHU CU	Arisyn HUO SHU CU	in-ear	711
https://jaytiss.squig.link/data/Arisynhuoshu%20L.txt	Arisyn Huo Shu	Arisyn Huo Shu	in-ear	711
https://jaytiss.squig.link/data/Arisynhuoshu%20R.txt	Arisyn Huo Shu	Arisyn Huo Shu	in-ear	711
https://jaytiss.squig.link/data/ArisynYunxui%20L.txt	Arisyn Yun Xui	Arisyn Yun Xui	in-ear	711
https://jaytiss.squig.link/data/ArisynYunxui%20R.txt	Arisyn Yun Xui	Arisyn Yun Xui	in-ear	711
https://jaytiss.squig.link/data/Fei%20Wan%20L.txt	Aroma Audio Fei Wan	Aroma Audio Fei Wan	in-ear	711
https://jaytiss.squig.link/data/Fei%20Wan%20R.txt	Aroma Audio Fei Wan	Aroma Audio Fei Wan	in-ear	711
https://jaytiss.squig.link/data/Asg%202.5%201%202%20Open%20L.txt		Asg 2.5 1 2 Open	ignore	711
https://jaytiss.squig.link/data/Asg%202.5%201%202%20Open%20R.txt		Asg 2.5 1 2 Open	ignore	711
https://jaytiss.squig.link/data/Asg%202.5%201_4%20Open%20L.txt		Asg 2.5 1_4 Open	ignore	711
https://jaytiss.squig.link/data/Asg%202.5%201_4%20Open%20R.txt		Asg 2.5 1_4 Open	ignore	711
https://jaytiss.squig.link/data/Asg%202.5%20UP%20L.txt		Asg 2.5 UP	ignore	711
https://jaytiss.squig.link/data/Asg%202.5%20UP%20R.txt		Asg 2.5 UP	ignore	711
https://jaytiss.squig.link/data/Asg%202.5%20UP%20Aug%2028.txt		Asg 2.5 UP Aug 28	ignore	711
https://jaytiss.squig.link/data/DT%20200%20L.txt	Audiosense DT 200	Audiosense DT200	in-ear	711
https://jaytiss.squig.link/data/DT%20200%20R.txt	Audiosense DT 200	Audiosense DT200	in-ear	711
https://jaytiss.squig.link/data/Asg%201.5%20L.txt	Aurisonics Asg 1.5	Aurisonics Asg 1.5	ignore	711
https://jaytiss.squig.link/data/Asg%201.5%20R.txt	Aurisonics Asg 1.5	Aurisonics Asg 1.5	ignore	711
https://jaytiss.squig.link/data/asg%202.5%20Closed%20L.txt	Aurisonics Asg 2.5 1/2 Open	Aurisonics Asg 2.5 12 Open	ignore	711
https://jaytiss.squig.link/data/asg%202.5%20Closed%20R.txt	Aurisonics Asg 2.5 1/2 Open	Aurisonics Asg 2.5 12 Open	ignore	711
https://jaytiss.squig.link/data/Asg%202.5%201%204%20Open%20L.txt	Aurisonics Asg 2.5 2.5 3/4 Closed	Aurisonics Asg 2.5 2.5 34 Closed	ignore	711
https://jaytiss.squig.link/data/Asg%202.5%201%204%20Open%20R.txt	Aurisonics Asg 2.5 2.5 3/4 Closed	Aurisonics Asg 2.5 2.5 34 Closed	ignore	711
https://jaytiss.squig.link/data/Aure%20L.txt	AüR Audio Aure	AüR Audio Aure	in-ear	711
https://jaytiss.squig.link/data/Aure%20R.txt	AüR Audio Aure	AüR Audio Aure	in-ear	711
https://jaytiss.squig.link/data/MTPro%20L.txt	BASN MTPro	BASN MTPro	in-ear	711
https://jaytiss.squig.link/data/MTPro%20R.txt	BASN MTPro	BASN MTPro	in-ear	711
https://jaytiss.squig.link/data/Metalen%20L.txt	BASN Metalen	BASN Metalen	in-ear	711
https://jaytiss.squig.link/data/Metalen%20R.txt	BASN Metalen	BASN Metalen	in-ear	711
https://jaytiss.squig.link/data/MixPD%20L.txt	BASN Mix-PD	BASN Mix-PD	in-ear	711
https://jaytiss.squig.link/data/MixPD%20R.txt	BASN Mix-PD	BASN Mix-PD	in-ear	711
https://jaytiss.squig.link/data/BGVPASTRUM%20L.txt	BGVP Astrum	BGVP Astrum	in-ear	711
https://jaytiss.squig.link/data/BGVPASTRUM%20R.txt	BGVP Astrum	BGVP Astrum	in-ear	711
https://jaytiss.squig.link/data/Bl03%20L.txt	Blon BL03	BLON BL-03	in-ear	711
https://jaytiss.squig.link/data/Bl03%20R.txt	Blon BL03	BLON BL-03	in-ear	711
https://jaytiss.squig.link/data/BQEYZNI%20L.txt	BQEYZ Ni	BQEYZ Ni	in-ear	711
https://jaytiss.squig.link/data/BQEYZNI%20R.txt	BQEYZ Ni	BQEYZ Ni	in-ear	711
https://jaytiss.squig.link/data/BeepAudioAzure%20L.txt	Beep Audio Azure	Beep Audio Azure	in-ear	711
https://jaytiss.squig.link/data/BeepAudioAzure%20R.txt	Beep Audio Azure	Beep Audio Azure	in-ear	711
https://jaytiss.squig.link/data/Binary1900%20L.txt	Binary 1900	Binary Acoustics 1900	in-ear	711
https://jaytiss.squig.link/data/Binary1900%20R.txt	Binary 1900	Binary Acoustics 1900	in-ear	711
https://jaytiss.squig.link/data/Dynaquattro%20L.txt	Binary Dynaquattro	Binary Acoustics Dynaquattro	in-ear	711
https://jaytiss.squig.link/data/Dynaquattro%20R.txt	Binary Dynaquattro	Binary Acoustics Dynaquattro	in-ear	711
https://jaytiss.squig.link/data/BinaryEP321%20L.txt	Binary EP321	Binary Acoustics EP321	in-ear	711
https://jaytiss.squig.link/data/BinaryEP321%20R.txt	Binary EP321	Binary Acoustics EP321	in-ear	711
https://jaytiss.squig.link/data/Gizaudio%20%c3%97%20Binary%20Chopin%20L.txt	Binary x Gizaudio Chopin	Binary Acoustics x Gizaudio Chopin	in-ear	711
https://jaytiss.squig.link/data/Gizaudio%20%c3%97%20Binary%20Chopin%20R.txt	Binary x Gizaudio Chopin	Binary Acoustics x Gizaudio Chopin	in-ear	711
https://jaytiss.squig.link/data/CRAPRP%2035%20L.txt	CCA CRA PRO 	CCA CRA PRO	in-ear	711
https://jaytiss.squig.link/data/CRAPRP%2035%20R.txt	CCA CRA PRO 	CCA CRA PRO	in-ear	711
https://jaytiss.squig.link/data/CRAPRP%20Blue%20L.txt	CCA CRA PRO Bass/blue	CCA CRA PRO Bassblue	ignore	711
https://jaytiss.squig.link/data/CRAPRP%20Blue%20R.txt	CCA CRA PRO Bass/blue	CCA CRA PRO Bassblue	ignore	711
https://jaytiss.squig.link/data/CRAPRP%20Green%20L.txt	CCA CRA PRO High Rez/Green	CCA CRA PRO High RezGreen	ignore	711
https://jaytiss.squig.link/data/CRAPRP%20Green%20R.txt	CCA CRA PRO High Rez/Green	CCA CRA PRO High RezGreen	ignore	711
https://jaytiss.squig.link/data/CRAPRP%20Purple%20L.txt	CCA CRA PRO Normal/purple	CCA CRA PRO Normalpurple	ignore	711
https://jaytiss.squig.link/data/CRAPRP%20Purple%20R.txt	CCA CRA PRO Normal/purple	CCA CRA PRO Normalpurple	ignore	711
https://jaytiss.squig.link/data/ccaFalcon%20L.txt	CCA Falcon	CCA Falcon	in-ear	711
https://jaytiss.squig.link/data/ccaFalcon%20R.txt	CCA Falcon	CCA Falcon	in-ear	711
https://jaytiss.squig.link/data/Hydro%20L.txt	CCA Hydro 1100	CCA Hydro (on-on-off-off)	in-ear	711
https://jaytiss.squig.link/data/Hydro%20R.txt	CCA Hydro 1100	CCA Hydro (on-on-off-off)	in-ear	711
https://jaytiss.squig.link/data/ccaPhoenix%20L.txt	CCA Phoenix	CCA Phoenix	in-ear	711
https://jaytiss.squig.link/data/ccaPhoenix%20R.txt	CCA Phoenix	CCA Phoenix	in-ear	711
https://jaytiss.squig.link/data/Polaris%20L.txt	CCA Polaris UUUU	CCA Polaris (on-on-on-on)	in-ear	711
https://jaytiss.squig.link/data/Polaris%20R.txt	CCA Polaris UUUU	CCA Polaris (on-on-on-on)	in-ear	711
https://jaytiss.squig.link/data/Rhap%20DDDD%20L.txt		CCA Rhapsody (off-off-off-off)	in-ear	711
https://jaytiss.squig.link/data/Rhap%20DDDD%20R.txt		CCA Rhapsody (off-off-off-off)	in-ear	711
https://jaytiss.squig.link/data/Rhap%20DDDU%20L.txt		CCA Rhapsody (off-off-off-on)	in-ear	711
https://jaytiss.squig.link/data/Rhap%20DDDU%20R.txt		CCA Rhapsody (off-off-off-on)	in-ear	711
https://jaytiss.squig.link/data/Rhap%20DDUU%20L.txt		CCA Rhapsody (off-off-on-on)	in-ear	711
https://jaytiss.squig.link/data/Rhap%20DDUU%20R.txt		CCA Rhapsody (off-off-on-on)	in-ear	711
https://jaytiss.squig.link/data/Rhap%20DUUU%20L.txt		CCA Rhapsody (off-on-on-on)	in-ear	711
https://jaytiss.squig.link/data/Rhap%20DUUU%20R.txt		CCA Rhapsody (off-on-on-on)	in-ear	711
https://jaytiss.squig.link/data/Rhap%20UUUU%20L.txt	CCA Rhapsody UUUU	CCA Rhapsody (on-on-on-on)	in-ear	711
https://jaytiss.squig.link/data/Rhap%20UUUU%20R.txt	CCA Rhapsody UUUU	CCA Rhapsody (on-on-on-on)	in-ear	711
https://jaytiss.squig.link/data/Trio%20L.txt	CCA Trio	CCA Trio	in-ear	711
https://jaytiss.squig.link/data/Trio%20R.txt	CCA Trio	CCA Trio	in-ear	711
https://jaytiss.squig.link/data/ccaXyrra%20L.txt	CCA Xyrra	CCA Xyrra	in-ear	711
https://jaytiss.squig.link/data/ccaXyrra%20R.txt	CCA Xyrra	CCA Xyrra	in-ear	711
https://jaytiss.squig.link/data/TianGongCZ10%20L.txt	CCZ TianGong CZ10	CCZ TianGong CZ10	in-ear	711
https://jaytiss.squig.link/data/TianGongCZ10%20R.txt	CCZ TianGong CZ10	CCZ TianGong CZ10	in-ear	711
https://jaytiss.squig.link/data/1DD4BA%20L.txt	CKLVX 1DD+4BA	CKLVX 1DD+4BA	in-ear	711
https://jaytiss.squig.link/data/1DD4BA%20R.txt	CKLVX 1DD+4BA	CKLVX 1DD+4BA	in-ear	711
https://jaytiss.squig.link/data/CvjAria%20L.txt	CVJ Aria  	CVJ Aria	in-ear	711
https://jaytiss.squig.link/data/CvjAria%20R.txt	CVJ Aria  	CVJ Aria	in-ear	711
https://jaytiss.squig.link/data/CvjAria%2030%20L.txt	CVJ Aria 30 ohm	CVJ Aria 30 ohm	ignore	711
https://jaytiss.squig.link/data/CvjAria%2030%20R.txt	CVJ Aria 30 ohm	CVJ Aria 30 ohm	ignore	711
https://jaytiss.squig.link/data/CvjShadowblade%20black%20L.txt	CVJ Shadowblade Black	CVJ ShadowBlade (black nozzle)	in-ear	711
https://jaytiss.squig.link/data/CvjShadowblade%20black%20R.txt	CVJ Shadowblade Black	CVJ ShadowBlade (black nozzle)	in-ear	711
https://jaytiss.squig.link/data/CvjShadowblade%20Gold%20L.txt	CVJ Shadowblade Gold	CVJ ShadowBlade (gold nozzle)	in-ear	711
https://jaytiss.squig.link/data/CvjShadowblade%20Gold%20R.txt	CVJ Shadowblade Gold	CVJ ShadowBlade (gold nozzle)	in-ear	711
https://jaytiss.squig.link/data/CvjShadowblade%20Silver%20L.txt	CVJ Shadowblade  	CVJ Shadowblade	in-ear	711
https://jaytiss.squig.link/data/CvjShadowblade%20Silver%20R.txt	CVJ Shadowblade  	CVJ Shadowblade	in-ear	711
https://jaytiss.squig.link/data/AlienBrain%20L.txt	Campfire Alien Brain	Campfire Audio Alien Brain	in-ear	711
https://jaytiss.squig.link/data/AlienBrain%20R.txt	Campfire Alien Brain	Campfire Audio Alien Brain	in-ear	711
https://jaytiss.squig.link/data/Andromeda10%20L.txt	Campfire Andromeda 10	Campfire Audio Andromeda 10	in-ear	711
https://jaytiss.squig.link/data/Andromeda10%20R.txt	Campfire Andromeda 10	Campfire Audio Andromeda 10	in-ear	711
https://jaytiss.squig.link/data/Astrolith%20L.txt	Campfire Astrolith	Campfire Audio Astrolith	in-ear	711
https://jaytiss.squig.link/data/Astrolith%20R.txt	Campfire Astrolith	Campfire Audio Astrolith	in-ear	711
https://jaytiss.squig.link/data/Axiom2%20L.txt	Campfire Axion v2	Campfire Audio Axion v2	in-ear	711
https://jaytiss.squig.link/data/Axiom2%20R.txt	Campfire Axion v2	Campfire Audio Axion v2	in-ear	711
https://jaytiss.squig.link/data/Bonneville%20L.txt	Campfire Bonneville	Campfire Audio Bonneville	in-ear	711
https://jaytiss.squig.link/data/Bonneville%20R.txt	Campfire Bonneville	Campfire Audio Bonneville	in-ear	711
https://jaytiss.squig.link/data/Moonrover%20L.txt	Campfire Moon Rover	Campfire Audio Moon Rover	in-ear	711
https://jaytiss.squig.link/data/Moonrover%20R.txt	Campfire Moon Rover	Campfire Audio Moon Rover	in-ear	711
https://jaytiss.squig.link/data/Trifecta%20L.txt	Campfire Trifecta	Campfire Audio Trifecta	in-ear	711
https://jaytiss.squig.link/data/Trifecta%20R.txt	Campfire Trifecta	Campfire Audio Trifecta	in-ear	711
https://jaytiss.squig.link/data/622B%20L.txt	Canpur 622B	Canpur CP622B	in-ear	711
https://jaytiss.squig.link/data/622B%20R.txt	Canpur 622B	Canpur CP622B	in-ear	711
https://jaytiss.squig.link/data/Silver%20FlashCanpur%20L.txt	Canpur Silver Flash CX3-02	Canpur Silver Flash CX3-02	in-ear	711
https://jaytiss.squig.link/data/Silver%20FlashCanpur%20R.txt	Canpur Silver Flash CX3-02	Canpur Silver Flash CX3-02	in-ear	711
https://jaytiss.squig.link/data/COZOYD1%20L.txt	COZOY D1	Cozoy D1	in-ear	711
https://jaytiss.squig.link/data/COZOYD1%20R.txt	COZOY D1	Cozoy D1	in-ear	711
https://jaytiss.squig.link/data/COZOYD2%20L.txt	COZOY D2	Cozoy D2	in-ear	711
https://jaytiss.squig.link/data/COZOYD2%20R.txt	COZOY D2	Cozoy D2	in-ear	711
https://jaytiss.squig.link/data/Omnium%20L.txt	Craft Ears Omnium	Craft Ears Omnium	in-ear	711
https://jaytiss.squig.link/data/Omnium%20R.txt	Craft Ears Omnium	Craft Ears Omnium	in-ear	711
https://jaytiss.squig.link/data/OmniumTI%20L.txt	Craft Ears Omnium TI  	Craft Ears Omnium TI	in-ear	711
https://jaytiss.squig.link/data/OmniumTI%20R.txt	Craft Ears Omnium TI  	Craft Ears Omnium TI	in-ear	711
https://jaytiss.squig.link/data/OmniumTIwIMPAD%20L.txt	Craft Ears Omnium TI with impedance adapter	Craft Ears Omnium TI with impedance adapter	in-ear	711
https://jaytiss.squig.link/data/OmniumTIwIMPAD%20R.txt	Craft Ears Omnium TI with impedance adapter	Craft Ears Omnium TI with impedance adapter	in-ear	711
https://jaytiss.squig.link/data/Crinears%20Daybreak%20L.txt	Crinear Daybreak	CrinEar Daybreak	in-ear	711
https://jaytiss.squig.link/data/Crinears%20Daybreak%20R.txt	Crinear Daybreak	CrinEar Daybreak	in-ear	711
https://jaytiss.squig.link/data/CrinearsMeta%20L.txt	Crinears Meta	CrinEar Meta	in-ear	711
https://jaytiss.squig.link/data/CrinearsMeta%20R.txt	Crinears Meta	CrinEar Meta	in-ear	711
https://jaytiss.squig.link/data/Crinears%20Monolith%20L.txt	Crinear Monolith	CrinEar Monolith	in-ear	711
https://jaytiss.squig.link/data/Crinears%20Monolith%20R.txt	Crinear Monolith	CrinEar Monolith	in-ear	711
https://jaytiss.squig.link/data/Crinears%20Reference%20L.txt	Crinear Reference	CrinEar Reference	in-ear	711
https://jaytiss.squig.link/data/Crinears%20Reference%20R.txt	Crinear Reference	CrinEar Reference	in-ear	711
https://jaytiss.squig.link/data/Fibae%205%20L.txt	Custom Art Fibae 5	Custom Art Fibae 5	in-ear	711
https://jaytiss.squig.link/data/Fibae%205%20R.txt	Custom Art Fibae 5	Custom Art Fibae 5	in-ear	711
https://jaytiss.squig.link/data/Dunu142%20L.txt	DUNU 142	DUNU 142	in-ear	711
https://jaytiss.squig.link/data/Dunu142%20R.txt	DUNU 142	DUNU 142	in-ear	711
https://jaytiss.squig.link/data/Dunu242%20L.txt	DUNU 242	DUNU 242	in-ear	711
https://jaytiss.squig.link/data/Dunu242%20R.txt	DUNU 242	DUNU 242	in-ear	711
https://jaytiss.squig.link/data/DK3001%20L.txt	DUNU DK3001 BD 	DUNU DK3001 BD	in-ear	711
https://jaytiss.squig.link/data/DK3001%20R.txt	DUNU DK3001 BD 	DUNU DK3001 BD	in-ear	711
https://jaytiss.squig.link/data/DK3001%20220%20L.txt	DUNU DK3001 BD 220 ohms	DUNU DK3001 BD 220 ohms	ignore	711
https://jaytiss.squig.link/data/DK3001%20220%20R.txt	DUNU DK3001 BD 220 ohms	DUNU DK3001 BD 220 ohms	ignore	711
https://jaytiss.squig.link/data/DK3001%20Wayne%20L.txt	DUNU DK3001 BD 300 ohms	DUNU DK3001 BD 300 ohms	ignore	711
https://jaytiss.squig.link/data/DK3001%20Wayne%20R.txt	DUNU DK3001 BD 300 ohms	DUNU DK3001 BD 300 ohms	ignore	711
https://jaytiss.squig.link/data/DK3001%2080%20L.txt	DUNU DK3001 BD 80 ohms	DUNU DK3001 BD 80 ohms	ignore	711
https://jaytiss.squig.link/data/DK3001%2080%20R.txt	DUNU DK3001 BD 80 ohms	DUNU DK3001 BD 80 ohms	ignore	711
https://jaytiss.squig.link/data/EST%20112%20L.txt	DUNU EST 112	DUNU EST 112	in-ear	711
https://jaytiss.squig.link/data/EST%20112%20R.txt	DUNU EST 112	DUNU EST 112	in-ear	711
https://jaytiss.squig.link/data/Falcon%20Ultra%20L.txt	DUNU Falcon Ultra	DUNU Falcon Ultra	in-ear	711
https://jaytiss.squig.link/data/Falcon%20Ultra%20R.txt	DUNU Falcon Ultra	DUNU Falcon Ultra	in-ear	711
https://jaytiss.squig.link/data/Glacier%20L.txt	DUNU Glacier	DUNU Glacier	in-ear	711
https://jaytiss.squig.link/data/Glacier%20R.txt	DUNU Glacier	DUNU Glacier	in-ear	711
https://jaytiss.squig.link/data/Kima%202%20L.txt	DUNU Kima 2	DUNU Kima 2	in-ear	711
https://jaytiss.squig.link/data/Kima%202%20R.txt	DUNU Kima 2	DUNU Kima 2	in-ear	711
https://jaytiss.squig.link/data/Mirai%20L.txt	DUNU Mirai	DUNU Mirai	in-ear	711
https://jaytiss.squig.link/data/Mirai%20R.txt	DUNU Mirai	DUNU Mirai	in-ear	711
https://jaytiss.squig.link/data/Dunu%20SA6%20MKII%20L.txt	Dunu SA6 MKII 	DUNU SA6 MK2	in-ear	711
https://jaytiss.squig.link/data/Dunu%20SA6%20MKII%20R.txt	Dunu SA6 MKII 	DUNU SA6 MK2	in-ear	711
https://jaytiss.squig.link/data/DUNUSA6MK2Down%20L.txt	DUNU SA6 MKII Down	DUNU SA6 MKII Down	in-ear	711
https://jaytiss.squig.link/data/DUNUSA6MK2Down%20R.txt	DUNU SA6 MKII Down	DUNU SA6 MKII Down	in-ear	711
https://jaytiss.squig.link/data/DUNUSA6MK2UP%20L.txt	DUNU SA6 MKII Up	DUNU SA6 MKII Up	in-ear	711
https://jaytiss.squig.link/data/DUNUSA6MK2UP%20R.txt	DUNU SA6 MKII Up	DUNU SA6 MKII Up	in-ear	711
https://jaytiss.squig.link/data/Talos%20L.txt	DUNU Talos	DUNU Talos	in-ear	711
https://jaytiss.squig.link/data/Talos%20R.txt	DUNU Talos	DUNU Talos	in-ear	711
https://jaytiss.squig.link/data/Titan%20S2%20L.txt	DUNU Titan S2	DUNU Titan S2	in-ear	711
https://jaytiss.squig.link/data/Titan%20S2%20R.txt	DUNU Titan S2	DUNU Titan S2	in-ear	711
https://jaytiss.squig.link/data/DunuTitanX%20L.txt	DUNU Titan X	DUNU Titan X	in-ear	711
https://jaytiss.squig.link/data/DunuTitanX%20R.txt	DUNU Titan X	DUNU Titan X	in-ear	711
https://jaytiss.squig.link/data/Vulkan%20L.txt	DUNU Vulkan	DUNU Vulkan	in-ear	711
https://jaytiss.squig.link/data/Vulkan%20R.txt	DUNU Vulkan	DUNU Vulkan	in-ear	711
https://jaytiss.squig.link/data/Vulcan%20L.txt		DUNU Vulkan	in-ear	711
https://jaytiss.squig.link/data/Vulcan%20R.txt		DUNU Vulkan	in-ear	711
https://jaytiss.squig.link/data/Vulkan2%20L.txt	DUNU Vulkan 2 	DUNU Vulkan 2	in-ear	711
https://jaytiss.squig.link/data/Vulkan2%20R.txt	DUNU Vulkan 2 	DUNU Vulkan 2	in-ear	711
https://jaytiss.squig.link/data/Vulkan2adapter%20L.txt	DUNU Vulkan 2 80 ohms	DUNU Vulkan 2 80 ohms	ignore	711
https://jaytiss.squig.link/data/Vulkan2adapter%20R.txt	DUNU Vulkan 2 80 ohms	DUNU Vulkan 2 80 ohms	ignore	711
https://jaytiss.squig.link/data/DaVinci%20L.txt	DUNU x Gizaudio DaVinci	DUNU x Gizaudio DaVinci	in-ear	711
https://jaytiss.squig.link/data/DaVinci%20R.txt	DUNU x Gizaudio DaVinci	DUNU x Gizaudio DaVinci	in-ear	711
https://jaytiss.squig.link/data/Dunuxkoto%20L.txt	DUNU x KOTO ITO	DUNU x KOTO ITO	in-ear	711
https://jaytiss.squig.link/data/Dunuxkoto%20R.txt	DUNU x KOTO ITO	DUNU x KOTO ITO	in-ear	711
https://jaytiss.squig.link/data/Deifo%20Glaze%20L.txt	Deifo Glaze	Deifo Glaze	in-ear	711
https://jaytiss.squig.link/data/Deifo%20Glaze%20R.txt	Deifo Glaze	Deifo Glaze	in-ear	711
https://jaytiss.squig.link/data/Delta%20L.txt	Delta Airlines Studio Billboard Earbuds	Delta Airlines Studio Billboard Earbuds	ignore	711
https://jaytiss.squig.link/data/Delta%20R.txt	Delta Airlines Studio Billboard Earbuds	Delta Airlines Studio Billboard Earbuds	ignore	711
https://jaytiss.squig.link/data/Dream%20L.txt	Dita Dream XLS	Dita Audio Dream XLS	in-ear	711
https://jaytiss.squig.link/data/Dream%20R.txt	Dita Dream XLS	Dita Audio Dream XLS	in-ear	711
https://jaytiss.squig.link/data/Mecha%20L.txt	Dita Mecha	Dita Audio Mecha	in-ear	711
https://jaytiss.squig.link/data/Mecha%20R.txt	Dita Mecha	Dita Audio Mecha	in-ear	711
https://jaytiss.squig.link/data/Ditaprelude%20L.txt	Dita Prelude	Dita Audio Prelude	in-ear	711
https://jaytiss.squig.link/data/Ditaprelude%20R.txt	Dita Prelude	Dita Audio Prelude	in-ear	711
https://jaytiss.squig.link/data/ProjectM%20L.txt	Dita Project M	Dita Audio Project M	in-ear	711
https://jaytiss.squig.link/data/ProjectM%20R.txt	Dita Project M	Dita Audio Project M	in-ear	711
https://jaytiss.squig.link/data/Ditaprojectm2%20L.txt	Dita Project M2	Dita Audio Project M2	in-ear	711
https://jaytiss.squig.link/data/Ditaprojectm2%20R.txt	Dita Project M2	Dita Audio Project M2	in-ear	711
https://jaytiss.squig.link/data/Diva%20Whiite%20R.txt		Diva Whiite	ignore	711
https://jaytiss.squig.link/data/Darkphoenix%20L.txt		ELISE AUDIO x Kinera Dark Phoenix	in-ear	711
https://jaytiss.squig.link/data/Darkphoenix%20R.txt		ELISE AUDIO x Kinera Dark Phoenix	in-ear	711
https://jaytiss.squig.link/data/Darkphn%20L.txt	Kinera Celest x ELISE Dark Phoenix	ELISE AUDIO x Kinera Dark Phoenix	in-ear	711
https://jaytiss.squig.link/data/Darkphn%20R.txt	Kinera Celest x ELISE Dark Phoenix	ELISE AUDIO x Kinera Dark Phoenix	in-ear	711
https://jaytiss.squig.link/data/530%20L.txt	EPZ 530	EPZ 530	in-ear	711
https://jaytiss.squig.link/data/530%20R.txt	EPZ 530	EPZ 530	in-ear	711
https://jaytiss.squig.link/data/EPZ550%20L.txt	EPZ 550	EPZ 550	in-ear	711
https://jaytiss.squig.link/data/EPZ550%20R.txt	EPZ 550	EPZ 550	in-ear	711
https://jaytiss.squig.link/data/EPZk9%20L.txt	EPZ K9	EPZ K9	in-ear	711
https://jaytiss.squig.link/data/EPZk9%20R.txt	EPZ K9	EPZ K9	in-ear	711
https://jaytiss.squig.link/data/epzp40%20L.txt	EPZ P40	EPZ P40	in-ear	711
https://jaytiss.squig.link/data/epzp40%20R.txt	EPZ P40	EPZ P40	in-ear	711
https://jaytiss.squig.link/data/EPZP50%20L.txt	EPZ P50	EPZ P50	in-ear	711
https://jaytiss.squig.link/data/EPZP50%20R.txt	EPZ P50	EPZ P50	in-ear	711
https://jaytiss.squig.link/data/EPZP50C%20L.txt	EPZ P50 Custom	EPZ P50 Custom	in-ear	711
https://jaytiss.squig.link/data/EPZP50C%20R.txt	EPZ P50 Custom	EPZ P50 Custom	in-ear	711
https://jaytiss.squig.link/data/q1pro%20L.txt	EPZ Q1 Pro	EPZ Q1 Pro	in-ear	711
https://jaytiss.squig.link/data/q1pro%20R.txt	EPZ Q1 Pro	EPZ Q1 Pro	in-ear	711
https://jaytiss.squig.link/data/Q5%20L.txt	EPZ Q5	EPZ Q5	in-ear	711
https://jaytiss.squig.link/data/Q5%20R.txt	EPZ Q5	EPZ Q5	in-ear	711
https://jaytiss.squig.link/data/Q5v2%20L.txt	EPZ Q5 v2	EPZ Q5 v2	in-ear	711
https://jaytiss.squig.link/data/Q5v2%20R.txt	EPZ Q5 v2	EPZ Q5 v2	in-ear	711
https://jaytiss.squig.link/data/Tipsy%20L.txt	EPZ EPZ x Tipsy Star One	EPZ x Tipsy Star & One	in-ear	711
https://jaytiss.squig.link/data/Tipsy%20R.txt	EPZ EPZ x Tipsy Star One	EPZ x Tipsy Star & One	in-ear	711
https://jaytiss.squig.link/data/xZkaaaiGaming%20L.txt	EarAcoustic Audio Cipher Gaming	EarAcoustic Audio Cipher Gaming	in-ear	711
https://jaytiss.squig.link/data/xZkaaaiGaming%20R.txt	EarAcoustic Audio Cipher Gaming	EarAcoustic Audio Cipher Gaming	in-ear	711
https://jaytiss.squig.link/data/EarGenesis%20L.txt	EarAcoustic Audio Genesis 318s	EarAcoustic Audio Genesis 318s	in-ear	711
https://jaytiss.squig.link/data/EarGenesis%20R.txt	EarAcoustic Audio Genesis 318s	EarAcoustic Audio Genesis 318s	in-ear	711
https://jaytiss.squig.link/data/EarAcousticOshun%20L.txt	EarAcoustic Audio Oshun	EarAcoustic Audio Oshun	in-ear	711
https://jaytiss.squig.link/data/EarAcousticOshun%20R.txt	EarAcoustic Audio Oshun	EarAcoustic Audio Oshun	in-ear	711
https://jaytiss.squig.link/data/HiendMax%20L.txt	EarAcoustic Audio Hiend Max	EarAcoustic Audio SPA Hi-End Max	in-ear	711
https://jaytiss.squig.link/data/HiendMax%20R.txt	EarAcoustic Audio Hiend Max	EarAcoustic Audio SPA Hi-End Max	in-ear	711
https://jaytiss.squig.link/data/STA-K%20L.txt	EarAcoustic Audio STA-K	EarAcoustic Audio STA-K	in-ear	711
https://jaytiss.squig.link/data/STA-K%20R.txt	EarAcoustic Audio STA-K	EarAcoustic Audio STA-K	in-ear	711
https://jaytiss.squig.link/data/VSAMAX%20L.txt	EarAcoustic Audio VSA-MAX	EarAcoustic Audio VSA-MAX	in-ear	711
https://jaytiss.squig.link/data/VSAMAX%20R.txt	EarAcoustic Audio VSA-MAX	EarAcoustic Audio VSA-MAX	in-ear	711
https://jaytiss.squig.link/data/xZkaaai%20L.txt	EarAcoustic Audio x Zkaaai Cipher	EarAcoustic Audio x Zkaaai Cipher	in-ear	711
https://jaytiss.squig.link/data/xZkaaai%20R.txt	EarAcoustic Audio x Zkaaai Cipher	EarAcoustic Audio x Zkaaai Cipher	in-ear	711
https://jaytiss.squig.link/data/Noir2%20L.txt		Effect Audio	ignore	711
https://jaytiss.squig.link/data/Noir2%20R.txt		Effect Audio	ignore	711
https://jaytiss.squig.link/data/Noir%20L.txt	Effect Audio X Elysian Acoustic Labs Pilgrim:Noir	Effect Audio X Elysian Pilgrim Noir	in-ear	711
https://jaytiss.squig.link/data/Noir%20R.txt	Effect Audio X Elysian Acoustic Labs Pilgrim:Noir	Effect Audio X Elysian Pilgrim Noir	in-ear	711
https://jaytiss.squig.link/data/Anni%202023%20no%20ear%20tips.txt	Elysian  Annihilator 2023 no tips	Elysian  Annihilator 2023 no tips	ignore	711
https://jaytiss.squig.link/data/Anni%202023%20no%20ear%20tips%20L.txt	Elysian  Annihilator 2023 no tips	Elysian  Annihilator 2023 no tips	ignore	711
https://jaytiss.squig.link/data/Anni%202023%20no%20ear%20tips%20R.txt	Elysian  Annihilator 2023 no tips	Elysian  Annihilator 2023 no tips	ignore	711
https://jaytiss.squig.link/data/APOSTLE80%20L.txt	Elysian Acoustic Labs Apostle 80ohm adapter	Elysian Acoustic Labs Apostle 80ohm adapter	ignore	711
https://jaytiss.squig.link/data/APOSTLE80%20R.txt	Elysian Acoustic Labs Apostle 80ohm adapter	Elysian Acoustic Labs Apostle 80ohm adapter	ignore	711
https://jaytiss.squig.link/data/APOSTLE%20L.txt	Elysian Acoustic Labs Apostle DEEP	Elysian Acoustic Labs Apostle DEEP	ignore	711
https://jaytiss.squig.link/data/APOSTLE%20R.txt	Elysian Acoustic Labs Apostle DEEP	Elysian Acoustic Labs Apostle DEEP	ignore	711
https://jaytiss.squig.link/data/Anny%20L.txt	Elysian  Annihilator 2023	Elysian Annihilator (2023)	in-ear	711
https://jaytiss.squig.link/data/Anny%20R.txt	Elysian  Annihilator 2023	Elysian Annihilator (2023)	in-ear	711
https://jaytiss.squig.link/data/Anny2026%20L.txt	Elysian Acoustic Labs Annihilator 2026	Elysian Annihilator 2026	in-ear	711
https://jaytiss.squig.link/data/Anny2026%20R.txt	Elysian Acoustic Labs Annihilator 2026	Elysian Annihilator 2026	in-ear	711
https://jaytiss.squig.link/data/APOSTLEShallow%20L.txt	Elysian Acoustic Labs Apostle Shallow	Elysian Apostle	in-ear	711
https://jaytiss.squig.link/data/APOSTLEShallow%20R.txt	Elysian Acoustic Labs Apostle Shallow	Elysian Apostle	in-ear	711
https://jaytiss.squig.link/data/Apostle2026%20L.txt	Elysian Acoustic Labs Apostle 2026	Elysian Apostle 2026	in-ear	711
https://jaytiss.squig.link/data/Apostle2026%20R.txt	Elysian Acoustic Labs Apostle 2026	Elysian Apostle 2026	in-ear	711
https://jaytiss.squig.link/data/Diva%20Blue%20L.txt	Elysian Acoustic Labs Diva 2023 Blue	Elysian Diva 2023 (blue switch)	in-ear	711
https://jaytiss.squig.link/data/Diva%20Blue%20R.txt	Elysian Acoustic Labs Diva 2023 Blue	Elysian Diva 2023 (blue switch)	in-ear	711
https://jaytiss.squig.link/data/Diva%20Red%20L.txt	Elysian Acoustic Labs Diva 2023 Red	Elysian Diva 2023 (red switch)	in-ear	711
https://jaytiss.squig.link/data/Diva%20Red%20R.txt	Elysian Acoustic Labs Diva 2023 Red	Elysian Diva 2023 (red switch)	in-ear	711
https://jaytiss.squig.link/data/Diva%20White%20L.txt	Elysian Acoustic Labs Diva 2023 White	Elysian Diva 2023 (white switch)	in-ear	711
https://jaytiss.squig.link/data/Pilgrim%20L.txt	Elysian Acoustic Labs Pilgrim	Elysian Pilgrim	in-ear	711
https://jaytiss.squig.link/data/Pilgrim%20R.txt	Elysian Acoustic Labs Pilgrim	Elysian Pilgrim	in-ear	711
https://jaytiss.squig.link/data/EERuby%20L.txt	Eminent Ears Ruby	Eminent Ears Ruby	in-ear	711
https://jaytiss.squig.link/data/EERuby%20R.txt	Eminent Ears Ruby	Eminent Ears Ruby	in-ear	711
https://jaytiss.squig.link/data/Triton%20L.txt	Empire Ears Triton  	Empire Ears Triton	in-ear	711
https://jaytiss.squig.link/data/Triton%20R.txt	Empire Ears Triton  	Empire Ears Triton	in-ear	711
https://jaytiss.squig.link/data/Triton%2030%20L.txt	Empire Ears Triton 30 ohm	Empire Ears Triton 30 ohm	ignore	711
https://jaytiss.squig.link/data/Triton%2030%20R.txt	Empire Ears Triton 30 ohm	Empire Ears Triton 30 ohm	ignore	711
https://jaytiss.squig.link/data/ErandResonce5%20L.txt	Erand Resonance 5	Erand Resonance 5	in-ear	711
https://jaytiss.squig.link/data/ErandResonce5%20R.txt	Erand Resonance 5	Erand Resonance 5	in-ear	711
https://jaytiss.squig.link/data/Er2se%20L.txt	Etymotic Er2SE	Etymotic ER2SE	in-ear	711
https://jaytiss.squig.link/data/Er2se%20R.txt	Etymotic Er2SE	Etymotic ER2SE	in-ear	711
https://jaytiss.squig.link/data/FaaealTulip%20L.txt	FAAEAL Tulip	FAAEAL Tulip	in-ear	711
https://jaytiss.squig.link/data/FaaealTulip%20R.txt	FAAEAL Tulip	FAAEAL Tulip	in-ear	711
https://jaytiss.squig.link/data/Deuce10%20L.txt	FAtFreq x HBB Deuce with 10 ohm adapter	FAtFreq x HBB Deuce with 10 ohm adapter	ignore	711
https://jaytiss.squig.link/data/Deuce10%20R.txt	FAtFreq x HBB Deuce with 10 ohm adapter	FAtFreq x HBB Deuce with 10 ohm adapter	ignore	711
https://jaytiss.squig.link/data/Grand%20MaestroBlack%202%20L.txt	Fat Freq Grand Maestro Black Down	Fatfreq Grand Maestro (black module, down)	in-ear	711
https://jaytiss.squig.link/data/Grand%20MaestroBlack%202%20R.txt	Fat Freq Grand Maestro Black Down	Fatfreq Grand Maestro (black module, down)	in-ear	711
https://jaytiss.squig.link/data/Grand%20MaestroBlack%201%20L.txt	Fat Freq Grand Maestro Black Up	Fatfreq Grand Maestro (black module, up)	in-ear	711
https://jaytiss.squig.link/data/Grand%20MaestroBlack%201%20R.txt	Fat Freq Grand Maestro Black Up	Fatfreq Grand Maestro (black module, up)	in-ear	711
https://jaytiss.squig.link/data/Grand%20Maestroblue1%20L.txt	Fat Freq Grand Maestro Blue up	Fatfreq Grand Maestro (blue module, up)	in-ear	711
https://jaytiss.squig.link/data/Grand%20Maestroblue1%20R.txt	Fat Freq Grand Maestro Blue up	Fatfreq Grand Maestro (blue module, up)	in-ear	711
https://jaytiss.squig.link/data/Grand%20Maestroblue2%20L.txt	Fat Freq Grand Maestro Blue Down	Fatfreq Grand Maestro (bluemodule, down)	in-ear	711
https://jaytiss.squig.link/data/Grand%20Maestroblue2%20R.txt	Fat Freq Grand Maestro Blue Down	Fatfreq Grand Maestro (bluemodule, down)	in-ear	711
https://jaytiss.squig.link/data/MAESTRO%20MINI%20L.txt	FAtFreq MAESTRO MINI	Fatfreq Maestro Mini	in-ear	711
https://jaytiss.squig.link/data/MAESTRO%20MINI%20R.txt	FAtFreq MAESTRO MINI	Fatfreq Maestro Mini	in-ear	711
https://jaytiss.squig.link/data/MAESTRO%20SE%20L.txt	FAtFreq MAESTRO SE	Fatfreq Maestro SE	in-ear	711
https://jaytiss.squig.link/data/MAESTRO%20SE%20R.txt	FAtFreq MAESTRO SE	Fatfreq Maestro SE	in-ear	711
https://jaytiss.squig.link/data/Scarlet%20mini%20L.txt	Fat Freq Scarlet mini	Fatfreq Scarlet Mini	in-ear	711
https://jaytiss.squig.link/data/Scarlet%20mini%20R.txt	Fat Freq Scarlet mini	Fatfreq Scarlet Mini	in-ear	711
https://jaytiss.squig.link/data/Quantum%20L.txt	FAtFreq x Effect Audio: Quantum	Fatfreq x Effect Audio Quantum	in-ear	711
https://jaytiss.squig.link/data/Quantum%20R.txt	FAtFreq x Effect Audio: Quantum	Fatfreq x Effect Audio Quantum	in-ear	711
https://jaytiss.squig.link/data/Deuce%20L.txt	FAtFreq x HBB Deuce stock	Fatfreq x HBB Deuce	in-ear	711
https://jaytiss.squig.link/data/Deuce%20R.txt	FAtFreq x HBB Deuce stock	Fatfreq x HBB Deuce	in-ear	711
https://jaytiss.squig.link/data/FA19%20L.txt	Fiio FA19 switch off	FiiO FA19 switch off	in-ear	711
https://jaytiss.squig.link/data/FA19%20R.txt	Fiio FA19 switch off	FiiO FA19 switch off	in-ear	711
https://jaytiss.squig.link/data/FD15%20L.txt	Fiio FD15	FiiO FD15	in-ear	711
https://jaytiss.squig.link/data/FD15%20R.txt	Fiio FD15	FiiO FD15	in-ear	711
https://jaytiss.squig.link/data/FiioFD5%20L.txt	Fiio FD5	FiiO FD5	in-ear	711
https://jaytiss.squig.link/data/FiioFD5%20R.txt	Fiio FD5	FiiO FD5	in-ear	711
https://jaytiss.squig.link/data/FH19%20L.txt	Fiio FH19	FiiO FH19	in-ear	711
https://jaytiss.squig.link/data/FH19%20R.txt	Fiio FH19	FiiO FH19	in-ear	711
https://jaytiss.squig.link/data/FiioFH3%20L.txt	Fiio FH3	FiiO FH3	in-ear	711
https://jaytiss.squig.link/data/FiioFH3%20R.txt	Fiio FH3	FiiO FH3	in-ear	711
https://jaytiss.squig.link/data/FiioFHG5s%20L.txt	Fiio FH5s	FiiO FH5s	in-ear	711
https://jaytiss.squig.link/data/FiioFHG5s%20R.txt	Fiio FH5s	FiiO FH5s	in-ear	711
https://jaytiss.squig.link/data/FiioFH7S%20L.txt	Fiio FH7S	FiiO FH7S	in-ear	711
https://jaytiss.squig.link/data/FiioFH7S%20R.txt	Fiio FH7S	FiiO FH7S	in-ear	711
https://jaytiss.squig.link/data/FiioFH9%20L.txt	Fiio FH9	FiiO FH9	in-ear	711
https://jaytiss.squig.link/data/FiioFH9%20R.txt	Fiio FH9	FiiO FH9	in-ear	711
https://jaytiss.squig.link/data/FiioCrin%20L.txt	Fiio FHE: Eclipse	FiiO FHE Eclipse	in-ear	711
https://jaytiss.squig.link/data/FiioCrin%20R.txt	Fiio FHE: Eclipse	FiiO FHE Eclipse	in-ear	711
https://jaytiss.squig.link/data/FP3%20L.txt	Fiio FP3	FiiO FP3	in-ear	711
https://jaytiss.squig.link/data/FP3%20R.txt	Fiio FP3	FiiO FP3	in-ear	711
https://jaytiss.squig.link/data/FX15%20L.txt	Fiio FX15	FiiO FX15	in-ear	711
https://jaytiss.squig.link/data/FX15%20R.txt	Fiio FX15	FiiO FX15	in-ear	711
https://jaytiss.squig.link/data/FiioFx17%20L.txt	Fiio Fx17	FiiO Fx17	in-ear	711
https://jaytiss.squig.link/data/FiioFx17%20R.txt	Fiio Fx17	FiiO Fx17	in-ear	711
https://jaytiss.squig.link/data/FiioJD1%20L.txt	Fiio JD1	FiiO JD1	in-ear	711
https://jaytiss.squig.link/data/FiioJD1%20R.txt	Fiio JD1	FiiO JD1	in-ear	711
https://jaytiss.squig.link/data/JD10%20L.txt	Fiio JD10	FiiO JD10	in-ear	711
https://jaytiss.squig.link/data/JD10%20R.txt	Fiio JD10	FiiO JD10	in-ear	711
https://jaytiss.squig.link/data/Finalb3%20L.txt	Final B3	Final Audio B3	in-ear	711
https://jaytiss.squig.link/data/Finalb3%20R.txt	Final B3	Final Audio B3	in-ear	711
https://jaytiss.squig.link/data/FinalAudioVR300recable%20L.txt	Final VR3000 Recable	Final Audio VR3000 Recable	in-ear	711
https://jaytiss.squig.link/data/FinalAudioVR300recable%20R.txt	Final VR3000 Recable	Final Audio VR3000 Recable	in-ear	711
https://jaytiss.squig.link/data/RN6%20Black%20L.txt	FIR AUDIO RN6 Black	Fir Audio Radon 6 (black module)	in-ear	711
https://jaytiss.squig.link/data/RN6%20Black%20R.txt	FIR AUDIO RN6 Black	Fir Audio Radon 6 (black module)	in-ear	711
https://jaytiss.squig.link/data/RN6%20Gold%20L.txt	FIR AUDIO RN6 Gold	Fir Audio Radon 6 (gold module)	in-ear	711
https://jaytiss.squig.link/data/RN6%20Gold%20R.txt	FIR AUDIO RN6 Gold	Fir Audio Radon 6 (gold module)	in-ear	711
https://jaytiss.squig.link/data/RN6%20Red%20L.txt	FIR AUDIO RN6 Red	Fir Audio Radon 6 (red module)	in-ear	711
https://jaytiss.squig.link/data/RN6%20Red%20R.txt	FIR AUDIO RN6 Red	Fir Audio Radon 6 (red module)	in-ear	711
https://jaytiss.squig.link/data/RN6%20Silver%20L.txt	FIR AUDIO RN6 Silver	Fir Audio Radon 6 (silver module)	in-ear	711
https://jaytiss.squig.link/data/RN6%20Silver%20R.txt	FIR AUDIO RN6 Silver	Fir Audio Radon 6 (silver module)	in-ear	711
https://jaytiss.squig.link/data/E10%20L.txt	FIR AUDIO E10	Fir Audio e10	in-ear	711
https://jaytiss.squig.link/data/E10%20R.txt	FIR AUDIO E10	Fir Audio e10	in-ear	711
https://jaytiss.squig.link/data/e12%20L.txt	FIR AUDIO E12	Fir Audio e12	in-ear	711
https://jaytiss.squig.link/data/e12%20R.txt	FIR AUDIO E12	Fir Audio e12	in-ear	711
https://jaytiss.squig.link/data/Aegis%20L.txt	FlipEars Aegis	FlipEars Aegis	in-ear	711
https://jaytiss.squig.link/data/Aegis%20R.txt	FlipEars Aegis	FlipEars Aegis	in-ear	711
https://jaytiss.squig.link/data/Legion%20L.txt	FlipEars Legion	FlipEars Legion	in-ear	711
https://jaytiss.squig.link/data/Legion%20R.txt	FlipEars Legion	FlipEars Legion	in-ear	711
https://jaytiss.squig.link/data/FosiaudioC12%20L.txt	Fosi Audio Carbon 12	Fosi Audio Carbon 12	in-ear	711
https://jaytiss.squig.link/data/FosiaudioC12%20R.txt	Fosi Audio Carbon 12	Fosi Audio Carbon 12	in-ear	711
https://jaytiss.squig.link/data/FosiaudioIM4%20L.txt	Fosi Audio IM4	Fosi Audio IM4	in-ear	711
https://jaytiss.squig.link/data/FosiaudioIM4%20R.txt	Fosi Audio IM4	Fosi Audio IM4	in-ear	711
https://jaytiss.squig.link/data/GKKunten%20L.txt	GK Kunten	GK Kunten	in-ear	711
https://jaytiss.squig.link/data/GKKunten%20R.txt	GK Kunten	GK Kunten	in-ear	711
https://jaytiss.squig.link/data/GKSteak%20L.txt	GK Streak	GK Streak	in-ear	711
https://jaytiss.squig.link/data/GKSteak%20R.txt	GK Streak	GK Streak	in-ear	711
https://jaytiss.squig.link/data/Life%20for%20Hifi%20L.txt	Geek Wold Gk12 	Geek Wold Gk12	in-ear	711
https://jaytiss.squig.link/data/Life%20for%20Hifi%20R.txt	Geek Wold Gk12 	Geek Wold Gk12	in-ear	711
https://jaytiss.squig.link/data/Gyziisinie%20L.txt	Gyziisinie Single DD	Gyziisinie Single DD	in-ear	711
https://jaytiss.squig.link/data/Gyziisinie%20R.txt	Gyziisinie Single DD	Gyziisinie Single DD	in-ear	711
https://jaytiss.squig.link/data/White%20WTF%20iem%20L.txt	HeartField Blanc	HeartField Blanc	in-ear	711
https://jaytiss.squig.link/data/White%20WTF%20iem%20R.txt	HeartField Blanc	HeartField Blanc	in-ear	711
https://jaytiss.squig.link/data/HeartFieldCU8%20L.txt	HeartField CU8	HeartField CU8	in-ear	711
https://jaytiss.squig.link/data/HeartFieldCU8%20R.txt	HeartField CU8	HeartField CU8	in-ear	711
https://jaytiss.squig.link/data/HANoah%20L.txt	Hercules Audio Noah	Hercules Audio Noah	in-ear	711
https://jaytiss.squig.link/data/HANoah%20R.txt	Hercules Audio Noah	Hercules Audio Noah	in-ear	711
https://jaytiss.squig.link/data/HidizsducblokeM12%20L.txt	HIDIZS MK12 x DucBloke	Hidizs MK12 x DucBloke	in-ear	711
https://jaytiss.squig.link/data/HidizsducblokeM12%20R.txt	HIDIZS MK12 x DucBloke	Hidizs MK12 x DucBloke	in-ear	711
https://jaytiss.squig.link/data/Hidiz%20MP145%20L.txt	Hidizs MP 145	Hidizs MP 145	ignore	
https://jaytiss.squig.link/data/Hidiz%20MP145%20R.txt	Hidizs MP 145	Hidizs MP 145	ignore	
https://jaytiss.squig.link/data/MP145Gold%20L.txt	HIDIZS MP 145 Pro Gold	Hidizs MP 145 Pro Gold	in-ear	711
https://jaytiss.squig.link/data/MP145Gold%20R.txt	HIDIZS MP 145 Pro Gold	Hidizs MP 145 Pro Gold	in-ear	711
https://jaytiss.squig.link/data/MP145Red%20L.txt	HIDIZS MP 145 Pro Red	Hidizs MP 145 Pro Red	in-ear	711
https://jaytiss.squig.link/data/MP145Red%20R.txt	HIDIZS MP 145 Pro Red	Hidizs MP 145 Pro Red	in-ear	711
https://jaytiss.squig.link/data/MP145Silver%20L.txt	HIDIZS MP 145 Pro Silver	Hidizs MP 145 Pro Silver	in-ear	711
https://jaytiss.squig.link/data/MP145Silver%20R.txt	HIDIZS MP 145 Pro Silver	Hidizs MP 145 Pro Silver	in-ear	711
https://jaytiss.squig.link/data/mp143%20L.txt	HIDIZS mp143 Gold	Hidizs MP143 (gold nozzle)	in-ear	711
https://jaytiss.squig.link/data/mp143%20R.txt	HIDIZS mp143 Gold	Hidizs MP143 (gold nozzle)	in-ear	711
https://jaytiss.squig.link/data/MS3%20L.txt	Hidizs MS3	Hidizs MS3	in-ear	711
https://jaytiss.squig.link/data/MS3%20R.txt	Hidizs MS3	Hidizs MS3	in-ear	711
https://jaytiss.squig.link/data/My%20Linblack%20L.txt	HIDIZS My LIN Black	Hidizs My LIN Black	in-ear	711
https://jaytiss.squig.link/data/My%20Linblack%20R.txt	HIDIZS My LIN Black	Hidizs My LIN Black	in-ear	711
https://jaytiss.squig.link/data/My%20LinRed%20L.txt	HIDIZS My LIN Red	Hidizs My LIN Red	in-ear	711
https://jaytiss.squig.link/data/My%20LinRed%20R.txt	HIDIZS My LIN Red	Hidizs My LIN Red	in-ear	711
https://jaytiss.squig.link/data/My%20LinWhite%20L.txt	HIDIZS My LIN White	Hidizs My LIN White	in-ear	711
https://jaytiss.squig.link/data/My%20LinWhite%20R.txt	HIDIZS My LIN White	Hidizs My LIN White	in-ear	711
https://jaytiss.squig.link/data/Nebula%20L.txt	HIDIZS ST2 Nebula	Hidizs ST2 Nebula	in-ear	711
https://jaytiss.squig.link/data/Nebula%20R.txt	HIDIZS ST2 Nebula	Hidizs ST2 Nebula	in-ear	711
https://jaytiss.squig.link/data/CanoCristales%20L.txt	Hisenior Cano Cristales	Hisenior Cano Cristales	in-ear	711
https://jaytiss.squig.link/data/CanoCristales%20R.txt	Hisenior Cano Cristales	Hisenior Cano Cristales	in-ear	711
https://jaytiss.squig.link/data/MEGA5BASS%20L.txt	Hisenior MEGA5EST -Jaytiss custom tuned	Hisenior MEGA5EST -Jaytiss custom tuned	ignore	711
https://jaytiss.squig.link/data/MEGA5BASS%20R.txt	Hisenior MEGA5EST -Jaytiss custom tuned	Hisenior MEGA5EST -Jaytiss custom tuned	ignore	711
https://jaytiss.squig.link/data/MEGA5BASSPlus%20L.txt	Hisenior MEGA5EST BASS+	Hisenior MEGA5EST BASS+	ignore	711
https://jaytiss.squig.link/data/MEGA5BASSPlus%20R.txt	Hisenior MEGA5EST BASS+	Hisenior MEGA5EST BASS+	ignore	711
https://jaytiss.squig.link/data/5est%20L.txt	Hisenior Mega5ESt	Hisenior Mega 5 EST	in-ear	711
https://jaytiss.squig.link/data/5est%20R.txt	Hisenior Mega5ESt	Hisenior Mega 5 EST	in-ear	711
https://jaytiss.squig.link/data/hiMega5p%20L.txt	Hisenior Mega 5p	Hisenior Mega 5p	in-ear	711
https://jaytiss.squig.link/data/hiMega5p%20R.txt	Hisenior Mega 5p	Hisenior Mega 5p	in-ear	711
https://jaytiss.squig.link/data/hiMega7%20L.txt	Hisenior Mega7	Hisenior Mega7	in-ear	711
https://jaytiss.squig.link/data/hiMega7%20R.txt	Hisenior Mega7	Hisenior Mega7	in-ear	711
https://jaytiss.squig.link/data/IEF%20Comp%20Target		IEF Comp Target	ignore	711
https://jaytiss.squig.link/data/IntuauraBalance%20L.txt	INTUAURA Balance	INTUAURA Balance	in-ear	711
https://jaytiss.squig.link/data/IntuauraBalance%20R.txt	INTUAURA Balance	INTUAURA Balance	in-ear	711
https://jaytiss.squig.link/data/SplendorII%20L.txt	INTUAURA SplendorII	INTUAURA SplendorII	in-ear	711
https://jaytiss.squig.link/data/SplendorII%20R.txt	INTUAURA SplendorII	INTUAURA SplendorII	in-ear	711
https://jaytiss.squig.link/data/Volare%20L.txt	I/O Volare	IO Audio Volare	in-ear	711
https://jaytiss.squig.link/data/Volare%20R.txt	I/O Volare	IO Audio Volare	in-ear	711
https://jaytiss.squig.link/data/EBC80%20L.txt	ISN Audio EBC80	ISN AUDIO EBC80	in-ear	711
https://jaytiss.squig.link/data/EBC80%20R.txt	ISN Audio EBC80	ISN AUDIO EBC80	in-ear	711
https://jaytiss.squig.link/data/xEffectAudioSORA%20L.txt	ISN Audio x Effect Audio SORA	ISN AUDIO x Effect Audio SORA	in-ear	711
https://jaytiss.squig.link/data/xEffectAudioSORA%20R.txt	ISN Audio x Effect Audio SORA	ISN AUDIO x Effect Audio SORA	in-ear	711
https://jaytiss.squig.link/data/Prismatica%20L.txt	Ice Labs Prismatica	Ice Lab Prismatica	in-ear	711
https://jaytiss.squig.link/data/Prismatica%20R.txt	Ice Labs Prismatica	Ice Lab Prismatica	in-ear	711
https://jaytiss.squig.link/data/IcelabsSpectrumica%20L.txt	Ice Labs Spectrumica	Ice Lab Spectrumica	in-ear	711
https://jaytiss.squig.link/data/IcelabsSpectrumica%20R.txt	Ice Labs Spectrumica	Ice Lab Spectrumica	in-ear	711
https://jaytiss.squig.link/data/OH10%20L.txt	Ikko OH10 Modified	Ikko OH10 Modified	ignore	711
https://jaytiss.squig.link/data/OH10%20R.txt	Ikko OH10 Modified	Ikko OH10 Modified	ignore	711
https://jaytiss.squig.link/data/Dawn%20Mistwood%20L.txt	Inawaken Dawn Mistwood	InAwaken Dawn Mistwood	in-ear	711
https://jaytiss.squig.link/data/Dawn%20Mistwood%20R.txt	Inawaken Dawn Mistwood	InAwaken Dawn Mistwood	in-ear	711
https://jaytiss.squig.link/data/DawnMS%20L.txt	Inawaken Dawn Ms	InAwaken Dawn Ms	in-ear	711
https://jaytiss.squig.link/data/DawnMS%20R.txt	Inawaken Dawn Ms	InAwaken Dawn Ms	in-ear	711
https://jaytiss.squig.link/data/SoraLight%20L.txt	Intime Sora Light (2019 Edition)	Intime Sora Light (2019 Edition)	in-ear	711
https://jaytiss.squig.link/data/SoraLight%20R.txt	Intime Sora Light (2019 Edition)	Intime Sora Light (2019 Edition)	in-ear	711
https://jaytiss.squig.link/data/Jaytiss%20target.txt		Jaytiss target	ignore	711
https://jaytiss.squig.link/data/Nautilus%20L.txt	Jomo Nautilus	Jomo Audio Nautilus	in-ear	711
https://jaytiss.squig.link/data/Nautilus%20R.txt	Jomo Nautilus	Jomo Audio Nautilus	in-ear	711
https://jaytiss.squig.link/data/Juzear%2041t%20L.txt	Juzear 41t	Juzear 41T	in-ear	711
https://jaytiss.squig.link/data/Juzear%2041t%20R.txt	Juzear 41t	Juzear 41T	in-ear	711
https://jaytiss.squig.link/data/61T%20L.txt	Juzear 61t	Juzear 61T	in-ear	711
https://jaytiss.squig.link/data/61T%20R.txt	Juzear 61t	Juzear 61T	in-ear	711
https://jaytiss.squig.link/data/81T%20L.txt	Juzear 81t	Juzear 81T	in-ear	711
https://jaytiss.squig.link/data/81T%20R.txt	Juzear 81t	Juzear 81T	in-ear	711
https://jaytiss.squig.link/data/Juzear%20Clear%20L.txt	Juzear Clear	Juzear Clear	in-ear	711
https://jaytiss.squig.link/data/Juzear%20Clear%20R.txt	Juzear Clear	Juzear Clear	in-ear	711
https://jaytiss.squig.link/data/Harrier%20L.txt	Juzear Harrier	Juzear Harrier	in-ear	711
https://jaytiss.squig.link/data/Harrier%20R.txt	Juzear Harrier	Juzear Harrier	in-ear	711
https://jaytiss.squig.link/data/Light%20Shuttle%20L.txt	Juzear Light Shuttle	Juzear Light Shuttle	in-ear	711
https://jaytiss.squig.link/data/Light%20Shuttle%20R.txt	Juzear Light Shuttle	Juzear Light Shuttle	in-ear	711
https://jaytiss.squig.link/data/JuzearNimbus%20Black%20L.txt	Juzear Nimbus Black	Juzear Nimbus Black	in-ear	711
https://jaytiss.squig.link/data/JuzearNimbus%20Black%20R.txt	Juzear Nimbus Black	Juzear Nimbus Black	in-ear	711
https://jaytiss.squig.link/data/JuzearNimbus%20Red%20L.txt	Juzear Nimbus Red	Juzear Nimbus Red	in-ear	711
https://jaytiss.squig.link/data/JuzearNimbus%20Red%20R.txt	Juzear Nimbus Red	Juzear Nimbus Red	in-ear	711
https://jaytiss.squig.link/data/JuzearNimbus%20L.txt	Juzear Nimbus White/stock	Juzear Nimbus Whitestock	in-ear	711
https://jaytiss.squig.link/data/JuzearNimbus%20R.txt	Juzear Nimbus White/stock	Juzear Nimbus Whitestock	in-ear	711
https://jaytiss.squig.link/data/JuzearNebula%20L.txt	Juzear x Koto Nebula	Juzear x Koto Nebula	in-ear	711
https://jaytiss.squig.link/data/JuzearNebula%20R.txt	Juzear x Koto Nebula	Juzear x Koto Nebula	in-ear	711
https://jaytiss.squig.link/data/VivirFiesta%20L.txt	Juzear x Vivir Digital FIESTA	Juzear x Vivir Digital FIESTA	in-ear	711
https://jaytiss.squig.link/data/VivirFiesta%20R.txt	Juzear x Vivir Digital FIESTA	Juzear x Vivir Digital FIESTA	in-ear	711
https://jaytiss.squig.link/data/x%20Z%20Reviews%20Defiant%20L.txt	Juzear x Z Reviews Defiant	Juzear x Z Reviews Defiant	in-ear	711
https://jaytiss.squig.link/data/x%20Z%20Reviews%20Defiant%20R.txt	Juzear x Z Reviews Defiant	Juzear x Z Reviews Defiant	in-ear	711
https://jaytiss.squig.link/data/KB02%20L.txt	KBEAR KB02	KBEAR KB02	in-ear	711
https://jaytiss.squig.link/data/KB02%20R.txt	KBEAR KB02	KBEAR KB02	in-ear	711
https://jaytiss.squig.link/data/KB03%20L.txt	KBEAR KB03	KBEAR KB03	in-ear	711
https://jaytiss.squig.link/data/KB03%20R.txt	KBEAR KB03	KBEAR KB03	in-ear	711
https://jaytiss.squig.link/data/KB08Mirage%20L.txt	KBEAR KB08 Mirage	KBEAR KB08 Mirage	in-ear	711
https://jaytiss.squig.link/data/KB08Mirage%20R.txt	KBEAR KB08 Mirage	KBEAR KB08 Mirage	in-ear	711
https://jaytiss.squig.link/data/KB16Cepheus%20L.txt	KBEAR KB16 Cepheus 	KBEAR KB16 Cepheus	in-ear	711
https://jaytiss.squig.link/data/KB16Cepheus%20R.txt	KBEAR KB16 Cepheus 	KBEAR KB16 Cepheus	in-ear	711
https://jaytiss.squig.link/data/Tourbillon%20L.txt	KBEAR Tourbillon-Pro TB-Pro	KBEAR Tourbillon-Pro TB-Pro	in-ear	711
https://jaytiss.squig.link/data/Tourbillon%20R.txt	KBEAR Tourbillon-Pro TB-Pro	KBEAR Tourbillon-Pro TB-Pro	in-ear	711
https://jaytiss.squig.link/data/KbearVoyage%20L.txt	KBEAR Voyages SR-8	KBEAR Voyages SR-8	in-ear	711
https://jaytiss.squig.link/data/KbearVoyage%20R.txt	KBEAR Voyages SR-8	KBEAR Voyages SR-8	in-ear	711
https://jaytiss.squig.link/data/Arnar%20SVBlack%20L.txt	Kefine Arnar (Black Nozzle Filter)	KEFINE Arnar (Black Nozzle Filter)	in-ear	711
https://jaytiss.squig.link/data/Arnar%20SVBlack%20R.txt	Kefine Arnar (Black Nozzle Filter)	KEFINE Arnar (Black Nozzle Filter)	in-ear	711
https://jaytiss.squig.link/data/Arnar%20SVGold%20L.txt	Kefine Arnar (Gold Nozzle Filter)	KEFINE Arnar (Gold Nozzle Filter)	in-ear	711
https://jaytiss.squig.link/data/Arnar%20SVGold%20R.txt	Kefine Arnar (Gold Nozzle Filter)	KEFINE Arnar (Gold Nozzle Filter)	in-ear	711
https://jaytiss.squig.link/data/Arnar%20SVSilver%20L.txt	Kefine Arnar (Silver Nozzle Filter)	KEFINE Arnar (Silver Nozzle Filter)	in-ear	711
https://jaytiss.squig.link/data/Arnar%20SVSilver%20R.txt	Kefine Arnar (Silver Nozzle Filter)	KEFINE Arnar (Silver Nozzle Filter)	in-ear	711
https://jaytiss.squig.link/data/Delci%20L.txt	Kefine Delci	KEFINE Delci	in-ear	711
https://jaytiss.squig.link/data/Delci%20R.txt	Kefine Delci	KEFINE Delci	in-ear	711
https://jaytiss.squig.link/data/KLEAN%20L.txt	Kefine Klean	KEFINE Klean	in-ear	711
https://jaytiss.squig.link/data/KLEAN%20R.txt	Kefine Klean	KEFINE Klean	in-ear	711
https://jaytiss.squig.link/data/Klean%20SVBlack%20L.txt	Kefine Klean SV (Black Nozzle Filter)	KEFINE Klean SV (Black Nozzle Filter)	in-ear	711
https://jaytiss.squig.link/data/Klean%20SVBlack%20R.txt	Kefine Klean SV (Black Nozzle Filter)	KEFINE Klean SV (Black Nozzle Filter)	in-ear	711
https://jaytiss.squig.link/data/Klean%20SVGold%20L.txt	Kefine Klean SV (Gold Nozzle Filter)	KEFINE Klean SV (Gold Nozzle Filter)	in-ear	711
https://jaytiss.squig.link/data/Klean%20SVGold%20R.txt	Kefine Klean SV (Gold Nozzle Filter)	KEFINE Klean SV (Gold Nozzle Filter)	in-ear	711
https://jaytiss.squig.link/data/Klean%20SVSilver%20L.txt	Kefine Klean SV (Silver Nozzle Filter)	KEFINE Klean SV (Silver Nozzle Filter)	in-ear	711
https://jaytiss.squig.link/data/Klean%20SVSilver%20R.txt	Kefine Klean SV (Silver Nozzle Filter)	KEFINE Klean SV (Silver Nozzle Filter)	in-ear	711
https://jaytiss.squig.link/data/KefineLoric%20L.txt	Kefine Loric	KEFINE Loric	in-ear	711
https://jaytiss.squig.link/data/KefineLoric%20R.txt	Kefine Loric	KEFINE Loric	in-ear	711
https://jaytiss.squig.link/data/QuatioBlack%20L.txt	Kefine Quatio Black	KEFINE Quatio (black nozzle)	in-ear	711
https://jaytiss.squig.link/data/QuatioBlack%20R.txt	Kefine Quatio Black	KEFINE Quatio (black nozzle)	in-ear	711
https://jaytiss.squig.link/data/QuatioGold%20L.txt	Kefine Quatio Gold	KEFINE Quatio (gold nozzle)	in-ear	711
https://jaytiss.squig.link/data/QuatioGold%20R.txt	Kefine Quatio Gold	KEFINE Quatio (gold nozzle)	in-ear	711
https://jaytiss.squig.link/data/QuatioSilver%20L.txt	Kefine Quatio 	KEFINE Quatio (silver nozzle)	in-ear	711
https://jaytiss.squig.link/data/QuatioSilver%20R.txt	Kefine Quatio 	KEFINE Quatio (silver nozzle)	in-ear	711
https://jaytiss.squig.link/data/KZDuet%20L.txt	KZ Duet	KZ Duet	in-ear	711
https://jaytiss.squig.link/data/KZDuet%20R.txt	KZ Duet	KZ Duet	in-ear	711
https://jaytiss.squig.link/data/KZDuonic%200000%20L.txt	KZ Duonic 0000	KZ Duonic 0000	in-ear	711
https://jaytiss.squig.link/data/KZDuonic%200000%20R.txt	KZ Duonic 0000	KZ Duonic 0000	in-ear	711
https://jaytiss.squig.link/data/KZDuonic%200011%20L.txt	KZ Duonic 0011	KZ Duonic 0011	in-ear	711
https://jaytiss.squig.link/data/KZDuonic%200011%20R.txt	KZ Duonic 0011	KZ Duonic 0011	in-ear	711
https://jaytiss.squig.link/data/KZDuonic%201100%20L.txt	KZ Duonic 1100	KZ Duonic 1100	in-ear	711
https://jaytiss.squig.link/data/KZDuonic%201100%20R.txt	KZ Duonic 1100	KZ Duonic 1100	in-ear	711
https://jaytiss.squig.link/data/KZDuonic%201111%20L.txt	KZ Duonic 1111	KZ Duonic 1111	in-ear	711
https://jaytiss.squig.link/data/KZDuonic%201111%20R.txt	KZ Duonic 1111	KZ Duonic 1111	in-ear	711
https://jaytiss.squig.link/data/EDC%20Pro%20L.txt	KZ EDC Pro	KZ EDC Pro	in-ear	711
https://jaytiss.squig.link/data/EDC%20Pro%20R.txt	KZ EDC Pro	KZ EDC Pro	in-ear	711
https://jaytiss.squig.link/data/KZGale%20L.txt	KZ Gale	KZ Gale	in-ear	711
https://jaytiss.squig.link/data/KZGale%20R.txt	KZ Gale	KZ Gale	in-ear	711
https://jaytiss.squig.link/data/Krilla%20L.txt	KZ Krilla	KZ Krila	in-ear	711
https://jaytiss.squig.link/data/Krilla%20R.txt	KZ Krilla	KZ Krila	in-ear	711
https://jaytiss.squig.link/data/KZPR3%20L.txt	KZ PR3 	KZ PR3	in-ear	711
https://jaytiss.squig.link/data/KZPR3%20R.txt	KZ PR3 	KZ PR3	in-ear	711
https://jaytiss.squig.link/data/PRX%20L.txt	KZ PRX	KZ PRX	in-ear	711
https://jaytiss.squig.link/data/PRX%20R.txt	KZ PRX	KZ PRX	in-ear	711
https://jaytiss.squig.link/data/Phantom%200000%20L.txt	KZ Phantom 0000	KZ Phantom 0000	in-ear	711
https://jaytiss.squig.link/data/Phantom%200000%20R.txt	KZ Phantom 0000	KZ Phantom 0000	in-ear	711
https://jaytiss.squig.link/data/Phantom%200000.txt	KZ Phantom 0000	KZ Phantom 0000	in-ear	711
https://jaytiss.squig.link/data/Phantom%201000%20R.txt	KZ Phantom 1000	KZ Phantom 1000	in-ear	711
https://jaytiss.squig.link/data/Phantom%201000.txt	KZ Phantom 1000	KZ Phantom 1000	in-ear	711
https://jaytiss.squig.link/data/Phantom%201100%20L.txt	KZ Phantom 1100	KZ Phantom 1100	in-ear	711
https://jaytiss.squig.link/data/Phantom%201100%20R.txt	KZ Phantom 1100	KZ Phantom 1100	in-ear	711
https://jaytiss.squig.link/data/Phantom%201100.txt	KZ Phantom 1100	KZ Phantom 1100	in-ear	711
https://jaytiss.squig.link/data/Phantom%201110%20L.txt	KZ Phantom 1110	KZ Phantom 1110	in-ear	711
https://jaytiss.squig.link/data/Phantom%201110%20R.txt	KZ Phantom 1110	KZ Phantom 1110	in-ear	711
https://jaytiss.squig.link/data/Phantom%201110.txt	KZ Phantom 1110	KZ Phantom 1110	in-ear	711
https://jaytiss.squig.link/data/Phantom%201111%20L.txt	KZ Phantom 1111	KZ Phantom 1111	in-ear	711
https://jaytiss.squig.link/data/Phantom%201111%20R.txt	KZ Phantom 1111	KZ Phantom 1111	in-ear	711
https://jaytiss.squig.link/data/Sonata%200000%20L.txt	KZ Sonata 0000	KZ Sonata (off-off-off-off)	in-ear	711
https://jaytiss.squig.link/data/Sonata%200000%20R.txt	KZ Sonata 0000	KZ Sonata (off-off-off-off)	in-ear	711
https://jaytiss.squig.link/data/Sonata%200011%20L.txt	KZ Sonata 0011	KZ Sonata (off-off-on-on)	in-ear	711
https://jaytiss.squig.link/data/Sonata%200011%20R.txt	KZ Sonata 0011	KZ Sonata (off-off-on-on)	in-ear	711
https://jaytiss.squig.link/data/Sonata%201100%20L.txt	KZ Sonata 1100	KZ Sonata (on-on-off-off)	in-ear	711
https://jaytiss.squig.link/data/Sonata%201100%20R.txt	KZ Sonata 1100	KZ Sonata (on-on-off-off)	in-ear	711
https://jaytiss.squig.link/data/Sonata%201111%20L.txt	KZ Sonata 1111	KZ Sonata (on-on-on-on)	in-ear	711
https://jaytiss.squig.link/data/Sonata%201111%20R.txt	KZ Sonata 1111	KZ Sonata (on-on-on-on)	in-ear	711
https://jaytiss.squig.link/data/symphony%20L.txt	KZ symphony 	KZ Symphony	in-ear	711
https://jaytiss.squig.link/data/symphony%20R.txt	KZ symphony 	KZ Symphony	in-ear	711
https://jaytiss.squig.link/data/KZtaurus%20L.txt	KZ Taurus	KZ Taurus	in-ear	711
https://jaytiss.squig.link/data/KZtaurus%20R.txt	KZ Taurus	KZ Taurus	in-ear	711
https://jaytiss.squig.link/data/Z10%20Pro%202%20L.txt	KZ Z10 Pro 2	KZ Z10 Pro 2	in-ear	711
https://jaytiss.squig.link/data/Z10%20Pro%202%20R.txt	KZ Z10 Pro 2	KZ Z10 Pro 2	in-ear	711
https://jaytiss.squig.link/data/za12%200000%20L.txt	KZ za12 0000	KZ ZA12 (off-off-off-off)	in-ear	711
https://jaytiss.squig.link/data/za12%200000%20R.txt	KZ za12 0000	KZ ZA12 (off-off-off-off)	in-ear	711
https://jaytiss.squig.link/data/za12%200011%20L.txt	KZ za12 0011	KZ ZA12 (off-off-on-on)	in-ear	711
https://jaytiss.squig.link/data/za12%200011%20R.txt	KZ za12 0011	KZ ZA12 (off-off-on-on)	in-ear	711
https://jaytiss.squig.link/data/za12%201100%20L.txt	KZ za12 1100	KZ ZA12 (on-on-off-off)	in-ear	711
https://jaytiss.squig.link/data/za12%201100%20R.txt	KZ za12 1100	KZ ZA12 (on-on-off-off)	in-ear	711
https://jaytiss.squig.link/data/za12%201111%20L.txt	KZ za12 1111	KZ ZA12 (on-on-on-on)	in-ear	711
https://jaytiss.squig.link/data/za12%201111%20R.txt	KZ za12 1111	KZ ZA12 (on-on-on-on)	in-ear	711
https://jaytiss.squig.link/data/Zex%20L.txt	KZ ZEX 	KZ ZEX	in-ear	711
https://jaytiss.squig.link/data/Zex%20R.txt	KZ ZEX 	KZ ZEX	in-ear	711
https://jaytiss.squig.link/data/KZCRN%20L.txt	KZ CRN/ZEX Pro 	KZ ZEX Pro	in-ear	711
https://jaytiss.squig.link/data/KZCRN%20R.txt	KZ CRN/ZEX Pro 	KZ ZEX Pro	in-ear	711
https://jaytiss.squig.link/data/ZS12PRO2%20L.txt	KZ ZS12 PRO 2	KZ ZS12 PRO 2	in-ear	711
https://jaytiss.squig.link/data/ZS12PRO2%20R.txt	KZ ZS12 PRO 2	KZ ZS12 PRO 2	in-ear	711
https://jaytiss.squig.link/data/ZST%20PRO%20X%20L.txt	KZ ZST PRO X	KZ ZST PRO X	in-ear	711
https://jaytiss.squig.link/data/ZST%20PRO%20X%20R.txt	KZ ZST PRO X	KZ ZST PRO X	in-ear	711
https://jaytiss.squig.link/data/Zenith%20L.txt	KZ Zenith 1100	KZ Zenith (on-on-off-off)	in-ear	711
https://jaytiss.squig.link/data/Zenith%20R.txt	KZ Zenith 1100	KZ Zenith (on-on-off-off)	in-ear	711
https://jaytiss.squig.link/data/symphonyIMP%20L.txt	KZ symphony with 310 impedance	KZ symphony with 310 impedance	ignore	711
https://jaytiss.squig.link/data/symphonyIMP%20R.txt	KZ symphony with 310 impedance	KZ symphony with 310 impedance	ignore	711
https://jaytiss.squig.link/data/za12%20110025%20L.txt	KZ za12 1100 with 25 ohms	KZ za12 1100 with 25 ohms	ignore	711
https://jaytiss.squig.link/data/za12%20110025%20R.txt	KZ za12 1100 with 25 ohms	KZ za12 1100 with 25 ohms	ignore	711
https://jaytiss.squig.link/data/za12%20110080%20L.txt	KZ za12 1100 with 80 ohms	KZ za12 1100 with 80 ohms	ignore	711
https://jaytiss.squig.link/data/za12%20110080%20R.txt	KZ za12 1100 with 80 ohms	KZ za12 1100 with 80 ohms	ignore	711
https://jaytiss.squig.link/data/Klanar%20L.txt	Kefine Klanar	Kefine Klanar	in-ear	711
https://jaytiss.squig.link/data/Klanar%20R.txt	Kefine Klanar	Kefine Klanar	in-ear	711
https://jaytiss.squig.link/data/Pandamon%20L.txt	Kinera Celest Celest Pandamon 2.0	Kinera Celest Pandamon 2.0	in-ear	711
https://jaytiss.squig.link/data/Pandamon%20R.txt	Kinera Celest Celest Pandamon 2.0	Kinera Celest Pandamon 2.0	in-ear	711
https://jaytiss.squig.link/data/Phoenixcall%20L.txt	Kinera Phoenixcall 	Kinera Celest Phoenixcall	in-ear	711
https://jaytiss.squig.link/data/Phoenixcall%20R.txt	Kinera Phoenixcall 	Kinera Celest Phoenixcall	in-ear	711
https://jaytiss.squig.link/data/Phoenixcall2%20L.txt	Kinera  Celest Phoenixcall 2.0	Kinera Celest Phoenixcall 2.0	in-ear	711
https://jaytiss.squig.link/data/Phoenixcall2%20R.txt	Kinera  Celest Phoenixcall 2.0	Kinera Celest Phoenixcall 2.0	in-ear	711
https://jaytiss.squig.link/data/Beast%20L.txt	Kinera Celest Plustus Beast	Kinera Celest Plutus Beast	in-ear	711
https://jaytiss.squig.link/data/Beast%20R.txt	Kinera Celest Plustus Beast	Kinera Celest Plutus Beast	in-ear	711
https://jaytiss.squig.link/data/Rentless%20L.txt	Kinera  Celest Relentless	Kinera Celest Relentless	in-ear	711
https://jaytiss.squig.link/data/Rentless%20R.txt	Kinera  Celest Relentless	Kinera Celest Relentless	in-ear	711
https://jaytiss.squig.link/data/Wyvern%20Abyss%20L.txt	Kinera  Celest Wyvern Abyss	Kinera Celest Wyvern Abyss	in-ear	711
https://jaytiss.squig.link/data/Wyvern%20Abyss%20R.txt	Kinera  Celest Wyvern Abyss	Kinera Celest Wyvern Abyss	in-ear	711
https://jaytiss.squig.link/data/Wyvern%20Qing%20L.txt	Kinera  Celest Wyvern Qing	Kinera Celest Wyvern Qing	in-ear	711
https://jaytiss.squig.link/data/Wyvern%20Qing%20R.txt	Kinera  Celest Wyvern Qing	Kinera Celest Wyvern Qing	in-ear	711
https://jaytiss.squig.link/data/CelestYaksha%20L.txt	Kinera  Celest Yaksha	Kinera Celest Yaksha	in-ear	711
https://jaytiss.squig.link/data/CelestYaksha%20R.txt	Kinera  Celest Yaksha	Kinera Celest Yaksha	in-ear	711
https://jaytiss.squig.link/data/Verdandi%20L.txt	Kinera  Verdandi	Kinera Verdandi	in-ear	711
https://jaytiss.squig.link/data/Verdandi%20R.txt	Kinera  Verdandi	Kinera Verdandi	in-ear	711
https://jaytiss.squig.link/data/Aether%20L.txt	Kiwi Ears Aether	Kiwi Ears Aether	in-ear	711
https://jaytiss.squig.link/data/Aether%20R.txt	Kiwi Ears Aether	Kiwi Ears Aether	in-ear	711
https://jaytiss.squig.link/data/Airoso%20L.txt	Kiwi Ears Airoso	Kiwi Ears Airoso	in-ear	711
https://jaytiss.squig.link/data/Airoso%20R.txt	Kiwi Ears Airoso	Kiwi Ears Airoso	in-ear	711
https://jaytiss.squig.link/data/Astral%20L.txt	Kiwi Ears Astral	Kiwi Ears Astral	in-ear	711
https://jaytiss.squig.link/data/Astral%20R.txt	Kiwi Ears Astral	Kiwi Ears Astral	in-ear	711
https://jaytiss.squig.link/data/KiwiBelle%20L.txt	Kiwi Ears Belle	Kiwi Ears Belle	in-ear	711
https://jaytiss.squig.link/data/KiwiBelle%20R.txt	Kiwi Ears Belle	Kiwi Ears Belle	in-ear	711
https://jaytiss.squig.link/data/KiwiCadenza%20L.txt	Kiwi Ears Cadenza	Kiwi Ears Cadenza	in-ear	711
https://jaytiss.squig.link/data/KiwiCadenza%20R.txt	Kiwi Ears Cadenza	Kiwi Ears Cadenza	in-ear	711
https://jaytiss.squig.link/data/KiwiCadenza2%20L.txt	Kiwi Ears Cadenza II	Kiwi Ears Cadenza II	in-ear	711
https://jaytiss.squig.link/data/KiwiCadenza2%20R.txt	Kiwi Ears Cadenza II	Kiwi Ears Cadenza II	in-ear	711
https://jaytiss.squig.link/data/CANTA%20L.txt	Kiwi Ears CANTA	Kiwi Ears Canta	in-ear	711
https://jaytiss.squig.link/data/CANTA%20R.txt	Kiwi Ears CANTA	Kiwi Ears Canta	in-ear	711
https://jaytiss.squig.link/data/Dolce%20L.txt	Kiwi Ears Dolce	Kiwi Ears Dolce	in-ear	711
https://jaytiss.squig.link/data/Dolce%20R.txt	Kiwi Ears Dolce	Kiwi Ears Dolce	in-ear	711
https://jaytiss.squig.link/data/Etude%20L.txt	Kiwi Ears Etude	Kiwi Ears Etude	in-ear	711
https://jaytiss.squig.link/data/Etude%20R.txt	Kiwi Ears Etude	Kiwi Ears Etude	in-ear	711
https://jaytiss.squig.link/data/Forteza%20L.txt	Kiwi Ears Forteza	Kiwi Ears Forteza	in-ear	711
https://jaytiss.squig.link/data/Forteza%20R.txt	Kiwi Ears Forteza	Kiwi Ears Forteza	in-ear	711
https://jaytiss.squig.link/data/KiwiHalycon%20L.txt	Kiwi Ears Haylcon	Kiwi Ears Haylcon	in-ear	711
https://jaytiss.squig.link/data/KiwiHalycon%20R.txt	Kiwi Ears Haylcon	Kiwi Ears Haylcon	in-ear	711
https://jaytiss.squig.link/data/KE4%20L.txt	Kiwi Ears KE4	Kiwi Ears KE4	in-ear	711
https://jaytiss.squig.link/data/KE4%20R.txt	Kiwi Ears KE4	Kiwi Ears KE4	in-ear	711
https://jaytiss.squig.link/data/Kiwi%20Melody%20L.txt	Kiwi Ears Melody	Kiwi Ears Melody	in-ear	711
https://jaytiss.squig.link/data/Kiwi%20Melody%20R.txt	Kiwi Ears Melody	Kiwi Ears Melody	in-ear	711
https://jaytiss.squig.link/data/KiwiOrchestra2%20L.txt	Kiwi Ears Orchestra II	Kiwi Ears Orchestra II	in-ear	711
https://jaytiss.squig.link/data/KiwiOrchestra2%20R.txt	Kiwi Ears Orchestra II	Kiwi Ears Orchestra II	in-ear	711
https://jaytiss.squig.link/data/Quintet%20L.txt	Kiwi Ears Quintet	Kiwi Ears Quintet	in-ear	711
https://jaytiss.squig.link/data/Quintet%20R.txt	Kiwi Ears Quintet	Kiwi Ears Quintet	in-ear	711
https://jaytiss.squig.link/data/Septet%20L.txt	Kiwi Ears Septet	Kiwi Ears Septet	in-ear	711
https://jaytiss.squig.link/data/Septet%20R.txt	Kiwi Ears Septet	Kiwi Ears Septet	in-ear	711
https://jaytiss.squig.link/data/Kiwistardusk%20L.txt	Kiwi Ears Stardust	Kiwi Ears Stardust	in-ear	711
https://jaytiss.squig.link/data/Kiwistardusk%20R.txt	Kiwi Ears Stardust	Kiwi Ears Stardust	in-ear	711
https://jaytiss.squig.link/data/KiwixbMedia%20L.txt	Kiwi Ears x B_Media Chorus	Kiwi Ears x B_Media Chorus	in-ear	711
https://jaytiss.squig.link/data/KiwixbMedia%20R.txt	Kiwi Ears x B_Media Chorus	Kiwi Ears x B_Media Chorus	in-ear	711
https://jaytiss.squig.link/data/Singolo%20L.txt	Kiwi Ears x Crinacle Singolo	Kiwi Ears x Crinacle Singolo	in-ear	711
https://jaytiss.squig.link/data/Singolo%20R.txt	Kiwi Ears x Crinacle Singolo	Kiwi Ears x Crinacle Singolo	in-ear	711
https://jaytiss.squig.link/data/Samplekick%20L.txt	Kiwi Ears x HBB Punch	Kiwi Ears x HBB Punch	in-ear	711
https://jaytiss.squig.link/data/Samplekick%20R.txt	Kiwi Ears x HBB Punch	Kiwi Ears x HBB Punch	in-ear	711
https://jaytiss.squig.link/data/Ulim%20L.txt	Kontinum Ulim	Kontinum Ulim	in-ear	711
https://jaytiss.squig.link/data/Ulim%20R.txt	Kontinum Ulim	Kontinum Ulim	in-ear	711
https://jaytiss.squig.link/data/INCOGNITA%20L.txt	Lime Ears INCOGNITA	Lime Ears Incognita	in-ear	711
https://jaytiss.squig.link/data/INCOGNITA%20R.txt	Lime Ears INCOGNITA	Lime Ears Incognita	in-ear	711
https://jaytiss.squig.link/data/MARIS%20L.txt	Lime Ears MARIS	Lime Ears Maris	in-ear	711
https://jaytiss.squig.link/data/MARIS%20R.txt	Lime Ears MARIS	Lime Ears Maris	in-ear	711
https://jaytiss.squig.link/data/Limeearssample%20L.txt	Lime Ears SampleA	Lime Ears SampleA	ignore	711
https://jaytiss.squig.link/data/Limeearssample%20R.txt	Lime Ears SampleA	Lime Ears SampleA	ignore	711
https://jaytiss.squig.link/data/Terra%20L.txt	Lime Ears Terra	Lime Ears Terra	in-ear	711
https://jaytiss.squig.link/data/Terra%20R.txt	Lime Ears Terra	Lime Ears Terra	in-ear	711
https://jaytiss.squig.link/data/CKLVX%20CK2V%20L.txt	MYER-AUDIO  CKLVX CK2V	MYER-AUDIO CKLVX CK2V	in-ear	711
https://jaytiss.squig.link/data/CKLVX%20CK2V%20R.txt	MYER-AUDIO  CKLVX CK2V	MYER-AUDIO CKLVX CK2V	in-ear	711
https://jaytiss.squig.link/data/D62%20L.txt	MYER-AUDIO CKLVX D62 2DD + 6BA	MYER-AUDIO CKLVX D62	in-ear	711
https://jaytiss.squig.link/data/D62%20R.txt	MYER-AUDIO CKLVX D62 2DD + 6BA	MYER-AUDIO CKLVX D62	in-ear	711
https://jaytiss.squig.link/data/SLIIVO%20SLT6%2000%20L.txt	MYER-AUDIO CKLVX SLIIVO SLT6 00	MYER-AUDIO CKLVX SLIIVO SLT6 (off-off)	in-ear	711
https://jaytiss.squig.link/data/SLIIVO%20SLT6%2000%20R.txt	MYER-AUDIO CKLVX SLIIVO SLT6 00	MYER-AUDIO CKLVX SLIIVO SLT6 (off-off)	in-ear	711
https://jaytiss.squig.link/data/SLIIVO%20SLT6%2001%20L.txt	MYER-AUDIO CKLVX SLIIVO SLT6 01	MYER-AUDIO CKLVX SLIIVO SLT6 (off-on)	in-ear	711
https://jaytiss.squig.link/data/SLIIVO%20SLT6%2001%20R.txt	MYER-AUDIO CKLVX SLIIVO SLT6 01	MYER-AUDIO CKLVX SLIIVO SLT6 (off-on)	in-ear	711
https://jaytiss.squig.link/data/SLIIVO%20SLT6%2010%20L.txt	MYER-AUDIO CKLVX SLIIVO SLT6 10	MYER-AUDIO CKLVX SLIIVO SLT6 (on-off)	in-ear	711
https://jaytiss.squig.link/data/SLIIVO%20SLT6%2010%20R.txt	MYER-AUDIO CKLVX SLIIVO SLT6 10	MYER-AUDIO CKLVX SLIIVO SLT6 (on-off)	in-ear	711
https://jaytiss.squig.link/data/SLIIVO%20SLT6%2011%20L.txt	MYER-AUDIO CKLVX SLIIVO SLT6 11	MYER-AUDIO CKLVX SLIIVO SLT6 (on-on)	in-ear	711
https://jaytiss.squig.link/data/SLIIVO%20SLT6%2011%20R.txt	MYER-AUDIO CKLVX SLIIVO SLT6 11	MYER-AUDIO CKLVX SLIIVO SLT6 (on-on)	in-ear	711
https://jaytiss.squig.link/data/SLIIVO%20SL-41%20MK1%20L.txt	MYER-AUDIO  SLIIVO SL-41 MK1	MYER-AUDIO SLIIVO SL-41 MK1	in-ear	711
https://jaytiss.squig.link/data/SLIIVO%20SL-41%20MK1%20R.txt	MYER-AUDIO  SLIIVO SL-41 MK1	MYER-AUDIO SLIIVO SL-41 MK1	in-ear	711
https://jaytiss.squig.link/data/SLIIVO%20SL-41%20MK2%20L.txt	MYER-AUDIO  SLIIVO SL-41 MK2	MYER-AUDIO SLIIVO SL-41 MK2	in-ear	711
https://jaytiss.squig.link/data/SLIIVO%20SL-41%20MK2%20R.txt	MYER-AUDIO  SLIIVO SL-41 MK2	MYER-AUDIO SLIIVO SL-41 MK2	in-ear	711
https://jaytiss.squig.link/data/SLIIVOSL224%20L.txt	MYER-AUDIO  SLIIVO SL224	MYER-AUDIO SLIIVO SL224	in-ear	711
https://jaytiss.squig.link/data/SLIIVOSL224%20R.txt	MYER-AUDIO  SLIIVO SL224	MYER-AUDIO SLIIVO SL224	in-ear	711
https://jaytiss.squig.link/data/SLIIVO%20SLA3%20L.txt	MYER-AUDIO  SLIIVO SLA3	MYER-AUDIO SLIIVO SLA3	in-ear	711
https://jaytiss.squig.link/data/SLIIVO%20SLA3%20R.txt	MYER-AUDIO  SLIIVO SLA3	MYER-AUDIO SLIIVO SLA3	in-ear	711
https://jaytiss.squig.link/data/Mangird%20Tea%20L.txt	Mangird  Xenns Tea	Mangird Tea	in-ear	711
https://jaytiss.squig.link/data/Mangird%20Tea%20R.txt	Mangird  Xenns Tea	Mangird Tea	in-ear	711
https://jaytiss.squig.link/data/MelodywingsNeptune%20L.txt	Melody Wings Neptune	Melody Wings Neptune	in-ear	711
https://jaytiss.squig.link/data/MelodywingsNeptune%20R.txt	Melody Wings Neptune	Melody Wings Neptune	in-ear	711
https://jaytiss.squig.link/data/MWingVenus%20L.txt	Melody Wings Venus	Melody Wings Venus	in-ear	711
https://jaytiss.squig.link/data/MWingVenus%20R.txt	Melody Wings Venus	Melody Wings Venus	in-ear	711
https://jaytiss.squig.link/data/Metalureglacier%20L.txt	Metalure Glacier	Metalure Glacier	in-ear	711
https://jaytiss.squig.link/data/Metalureglacier%20R.txt	Metalure Glacier	Metalure Glacier	in-ear	711
https://jaytiss.squig.link/data/Metalurewave%20L.txt	Metalure Wave	Metalure Wave	in-ear	711
https://jaytiss.squig.link/data/Metalurewave%20R.txt	Metalure Wave	Metalure Wave	in-ear	711
https://jaytiss.squig.link/data/Meze%20AudioAlba%20L.txt	Meze Audio Alba	Meze Alba	in-ear	711
https://jaytiss.squig.link/data/Meze%20AudioAlba%20R.txt	Meze Audio Alba	Meze Alba	in-ear	711
https://jaytiss.squig.link/data/Dark%20Magician%20L.txt	MiM Dark Magician	MiM Audio Dark Magician	in-ear	711
https://jaytiss.squig.link/data/Dark%20Magician%20R.txt	MiM Dark Magician	MiM Audio Dark Magician	in-ear	711
https://jaytiss.squig.link/data/Mirai%20from%20topping%20a70%20pro%20L.txt		Mirai from topping a70 pro	ignore	711
https://jaytiss.squig.link/data/Mirai%20from%20topping%20a70%20pro%20R.txt		Mirai from topping a70 pro	ignore	711
https://jaytiss.squig.link/data/Mirai%20silcon%20L.txt		Mirai silcon	ignore	711
https://jaytiss.squig.link/data/Mirai%20silcon%20R.txt		Mirai silcon	ignore	711
https://jaytiss.squig.link/data/Aria%20L.txt	Moondrop Aria	Moondrop Aria	in-ear	711
https://jaytiss.squig.link/data/Aria%20R.txt	Moondrop Aria	Moondrop Aria	in-ear	711
https://jaytiss.squig.link/data/Aria%202%20L.txt	Moondrop Aria 2	Moondrop Aria 2	in-ear	711
https://jaytiss.squig.link/data/Aria%202%20R.txt	Moondrop Aria 2	Moondrop Aria 2	in-ear	711
https://jaytiss.squig.link/data/Blessing%203%20L.txt	Moondrop Blessing 3	Moondrop Blessing 3	in-ear	711
https://jaytiss.squig.link/data/Blessing%203%20R.txt	Moondrop Blessing 3	Moondrop Blessing 3	in-ear	711
https://jaytiss.squig.link/data/Blessing3Aqua%20L.txt	Moondrop Blessing 3 Aqua	Moondrop Blessing 3 Aqua	in-ear	711
https://jaytiss.squig.link/data/Blessing3Aqua%20R.txt	Moondrop Blessing 3 Aqua	Moondrop Blessing 3 Aqua	in-ear	711
https://jaytiss.squig.link/data/Concerto%20L.txt	Moondrop Concerto	Moondrop Concerto	in-ear	711
https://jaytiss.squig.link/data/Concerto%20R.txt	Moondrop Concerto	Moondrop Concerto	in-ear	711
https://jaytiss.squig.link/data/Dark%20Saber%20L.txt	Moondrop Dark Saber	Moondrop Darksaber	in-ear	711
https://jaytiss.squig.link/data/Dark%20Saber%20R.txt	Moondrop Dark Saber	Moondrop Darksaber	in-ear	711
https://jaytiss.squig.link/data/MoondropHarmon%20L.txt	Moondrop Harmon	Moondrop Harmon	in-ear	711
https://jaytiss.squig.link/data/MoondropHarmon%20R.txt	Moondrop Harmon	Moondrop Harmon	in-ear	711
https://jaytiss.squig.link/data/ILLUMINATION%20L.txt	Moondrop ILLUSTRIOUS	Moondrop ILLUSTRIOUS	in-ear	711
https://jaytiss.squig.link/data/ILLUMINATION%20R.txt	Moondrop ILLUSTRIOUS	Moondrop ILLUSTRIOUS	in-ear	711
https://jaytiss.squig.link/data/Kadenz%20L.txt	Moondrop Kadenz	Moondrop Kadenz	in-ear	711
https://jaytiss.squig.link/data/Kadenz%20R.txt	Moondrop Kadenz	Moondrop Kadenz	in-ear	711
https://jaytiss.squig.link/data/Lan%20L.txt	Moondrop Lan	Moondrop LAN	in-ear	711
https://jaytiss.squig.link/data/Lan%20R.txt	Moondrop Lan	Moondrop LAN	in-ear	711
https://jaytiss.squig.link/data/Crinacle%20Silicon%20L.txt	Moondrop MOONDROP x Crinacle Silicon	Moondrop MOONDROP x Crinacle Silicon	in-ear	711
https://jaytiss.squig.link/data/Crinacle%20Silicon%20R.txt	Moondrop MOONDROP x Crinacle Silicon	Moondrop MOONDROP x Crinacle Silicon	in-ear	711
https://jaytiss.squig.link/data/May%20L.txt	Moondrop May	Moondrop May	in-ear	711
https://jaytiss.squig.link/data/May%20R.txt	Moondrop May	Moondrop May	in-ear	711
https://jaytiss.squig.link/data/MoonMeteor%20L.txt	Moondrop Meteor stock	Moondrop Meteor	in-ear	711
https://jaytiss.squig.link/data/MoonMeteor%20R.txt	Moondrop Meteor stock	Moondrop Meteor	in-ear	711
https://jaytiss.squig.link/data/MoonMeteor50%20L.txt	Moondrop Meteor with 50 ohm adapter	Moondrop Meteor with 50 ohm adapter	ignore	711
https://jaytiss.squig.link/data/MoonMeteor50%20R.txt	Moondrop Meteor with 50 ohm adapter	Moondrop Meteor with 50 ohm adapter	ignore	711
https://jaytiss.squig.link/data/MoondropPSYCHE%20L.txt	Moondrop PSYCHE 	Moondrop PSYCHE	in-ear	711
https://jaytiss.squig.link/data/MoondropPSYCHE%20R.txt	Moondrop PSYCHE 	Moondrop PSYCHE	in-ear	711
https://jaytiss.squig.link/data/MoondropPSYCHE220%20L.txt	Moondrop PSYCHE with 220 ohm adapter	Moondrop PSYCHE with 220 ohm adapter	in-ear	711
https://jaytiss.squig.link/data/MoondropPSYCHE220%20R.txt	Moondrop PSYCHE with 220 ohm adapter	Moondrop PSYCHE with 220 ohm adapter	in-ear	711
https://jaytiss.squig.link/data/MoondropPSYCHE25%20L.txt	Moondrop PSYCHE with 25 ohm adapter	Moondrop PSYCHE with 25 ohm adapter	in-ear	711
https://jaytiss.squig.link/data/MoondropPSYCHE25%20R.txt	Moondrop PSYCHE with 25 ohm adapter	Moondrop PSYCHE with 25 ohm adapter	in-ear	711
https://jaytiss.squig.link/data/MoondropPSYCHE50%20L.txt	Moondrop PSYCHE with 50 ohm adapter	Moondrop PSYCHE with 50 ohm adapter	in-ear	711
https://jaytiss.squig.link/data/MoondropPSYCHE50%20R.txt	Moondrop PSYCHE with 50 ohm adapter	Moondrop PSYCHE with 50 ohm adapter	in-ear	711
https://jaytiss.squig.link/data/Moondrop%20Starfield%20II%20L.txt	Moondrop Starfield II	Moondrop Starfield 2	in-ear	711
https://jaytiss.squig.link/data/Moondrop%20Starfield%20II%20R.txt	Moondrop Starfield II	Moondrop Starfield 2	in-ear	711
https://jaytiss.squig.link/data/Stellaris%20L.txt	Moondrop Stellaris	Moondrop Stellaris	in-ear	711
https://jaytiss.squig.link/data/Stellaris%20R.txt	Moondrop Stellaris	Moondrop Stellaris	in-ear	711
https://jaytiss.squig.link/data/Variations%20L.txt	Moondrop Variations	Moondrop Variations	in-ear	711
https://jaytiss.squig.link/data/Variations%20R.txt	Moondrop Variations	Moondrop Variations	in-ear	711
https://jaytiss.squig.link/data/Dusk2%20L.txt	Moondrop Blessing 2:Dusk	Moondrop x Crinacle Blessing2 Dusk	in-ear	711
https://jaytiss.squig.link/data/Dusk2%20R.txt	Moondrop Blessing 2:Dusk	Moondrop x Crinacle Blessing2 Dusk	in-ear	711
https://jaytiss.squig.link/data/Dusk%20L.txt		Moondrop x Crinacle DUSK	in-ear	711
https://jaytiss.squig.link/data/Dusk%20R.txt		Moondrop x Crinacle DUSK	in-ear	711
https://jaytiss.squig.link/data/DUSK3%20L.txt	Moondrop x Crinacle Dusk	Moondrop x Crinacle DUSK	in-ear	711
https://jaytiss.squig.link/data/DUSK3%20R.txt	Moondrop x Crinacle Dusk	Moondrop x Crinacle DUSK	in-ear	711
https://jaytiss.squig.link/data/DUSKDSP%20L.txt	Moondrop x Crinacle Dusk DSP	Moondrop x Crinacle DUSK	in-ear	711
https://jaytiss.squig.link/data/DUSKDSP%20R.txt	Moondrop x Crinacle Dusk DSP	Moondrop x Crinacle DUSK	in-ear	711
https://jaytiss.squig.link/data/Moondrop%20Surface%20L.txt	Moondrop x DD ddHiFi Surface	Moondrop x DD ddHiFi Surface	in-ear	711
https://jaytiss.squig.link/data/Moondrop%20Surface%20R.txt	Moondrop x DD ddHiFi Surface	Moondrop x DD ddHiFi Surface	in-ear	711
https://jaytiss.squig.link/data/MAura%20L.txt	Moritz Aura	Moritz Aura	in-ear	711
https://jaytiss.squig.link/data/MAura%20R.txt	Moritz Aura	Moritz Aura	in-ear	711
https://jaytiss.squig.link/data/Dragon%20L.txt	Moritz Dragon	Moritz Dragon	in-ear	711
https://jaytiss.squig.link/data/Dragon%20R.txt	Moritz Dragon	Moritz Dragon	in-ear	711
https://jaytiss.squig.link/data/Paradise%20L.txt		Moritz Paradise	in-ear	711
https://jaytiss.squig.link/data/Paradise%20R.txt		Moritz Paradise	in-ear	711
https://jaytiss.squig.link/data/Paradise%20DDD%20L.txt	Moritz Paradise DDD	Moritz Paradise (off-off-off)	in-ear	711
https://jaytiss.squig.link/data/Paradise%20DDD%20R.txt	Moritz Paradise DDD	Moritz Paradise (off-off-off)	in-ear	711
https://jaytiss.squig.link/data/Paradise%20DDU%20L.txt	Moritz Paradise DDU	Moritz Paradise (off-off-on)	in-ear	711
https://jaytiss.squig.link/data/Paradise%20DDU%20R.txt	Moritz Paradise DDU	Moritz Paradise (off-off-on)	in-ear	711
https://jaytiss.squig.link/data/Paradise%20DUD%20L.txt	Moritz Paradise DUD	Moritz Paradise (off-on-off)	in-ear	711
https://jaytiss.squig.link/data/Paradise%20DUD%20R.txt	Moritz Paradise DUD	Moritz Paradise (off-on-off)	in-ear	711
https://jaytiss.squig.link/data/Paradise%20DUU%20L.txt	Moritz Paradise DUU	Moritz Paradise (off-on-on)	in-ear	711
https://jaytiss.squig.link/data/Paradise%20DUU%20R.txt	Moritz Paradise DUU	Moritz Paradise (off-on-on)	in-ear	711
https://jaytiss.squig.link/data/Paradise%20UDD%20L.txt	Moritz Paradise UDD	Moritz Paradise (on-off-off)	in-ear	711
https://jaytiss.squig.link/data/Paradise%20UDD%20R.txt	Moritz Paradise UDD	Moritz Paradise (on-off-off)	in-ear	711
https://jaytiss.squig.link/data/Paradise%20UDU%20L.txt	Moritz Paradise UDU	Moritz Paradise (on-off-on)	in-ear	711
https://jaytiss.squig.link/data/Paradise%20UDU%20R.txt	Moritz Paradise UDU	Moritz Paradise (on-off-on)	in-ear	711
https://jaytiss.squig.link/data/Paradise%20UUD%20R.txt	Moritz Paradise UUD	Moritz Paradise (on-on-off)	in-ear	711
https://jaytiss.squig.link/data/Paradise%20UUU%20L.txt	Moritz Paradise UUU	Moritz Paradise (on-on-on)	in-ear	711
https://jaytiss.squig.link/data/Paradise%20UUU%20R.txt	Moritz Paradise UUU	Moritz Paradise (on-on-on)	in-ear	711
https://jaytiss.squig.link/data/MysticraftHexDiv%20L.txt	Mysticraft Hex	Mysticraft Hex	in-ear	711
https://jaytiss.squig.link/data/MysticraftHexDiv%20R.txt	Mysticraft Hex	Mysticraft Hex	in-ear	711
https://jaytiss.squig.link/data/MysticraftHexDiv2%20L.txt	Mysticraft Hex 2nd unit	Mysticraft Hex 2nd unit	in-ear	711
https://jaytiss.squig.link/data/MysticraftHexDiv2%20R.txt	Mysticraft Hex 2nd unit	Mysticraft Hex 2nd unit	in-ear	711
https://jaytiss.squig.link/data/MysticraftMyth%20L.txt	Mysticraft Myth	Mysticraft Myth	in-ear	711
https://jaytiss.squig.link/data/MysticraftMyth%20R.txt	Mysticraft Myth	Mysticraft Myth	in-ear	711
https://jaytiss.squig.link/data/MysticraftTet%20L.txt	Mysticraft Tet	Mysticraft Tet	in-ear	711
https://jaytiss.squig.link/data/MysticraftTet%20R.txt	Mysticraft Tet	Mysticraft Tet	in-ear	711
https://jaytiss.squig.link/data/Nano%20L.txt	ND 001 Nano	ND 001 Nano	in-ear	711
https://jaytiss.squig.link/data/Nano%20R.txt	ND 001 Nano	ND 001 Nano	in-ear	711
https://jaytiss.squig.link/data/NDleo%20L.txt	ND Leo	ND Leo	in-ear	711
https://jaytiss.squig.link/data/NDleo%20R.txt	ND Leo	ND Leo	in-ear	711
https://jaytiss.squig.link/data/Planet%20L.txt	ND Planet	ND Planet	in-ear	711
https://jaytiss.squig.link/data/Planet%20R.txt	ND Planet	ND Planet	in-ear	711
https://jaytiss.squig.link/data/X12%20L.txt	ND x12	ND X12	in-ear	711
https://jaytiss.squig.link/data/X12%20R.txt	ND x12	ND X12	in-ear	711
https://jaytiss.squig.link/data/NM20%20L.txt		NF ACOUS NM20	in-ear	711
https://jaytiss.squig.link/data/NM20%20R.txt		NF ACOUS NM20	in-ear	711
https://jaytiss.squig.link/data/RA05%20L.txt	NF RA05	NF ACOUS RA05	in-ear	711
https://jaytiss.squig.link/data/RA05%20R.txt	NF RA05	NF ACOUS RA05	in-ear	711
https://jaytiss.squig.link/data/RA15%20Gold%20L.txt	NF RA15 Gold	NF ACOUS RA15 (gold nozzle)	in-ear	711
https://jaytiss.squig.link/data/RA15%20Gold%20R.txt	NF RA15 Gold	NF ACOUS RA15 (gold nozzle)	in-ear	711
https://jaytiss.squig.link/data/RA15%20L.txt	NF RA15 Silver	NF ACOUS RA15 (silver nozzle)	in-ear	711
https://jaytiss.squig.link/data/RA15%20R.txt	NF RA15 Silver	NF ACOUS RA15 (silver nozzle)	in-ear	711
https://jaytiss.squig.link/data/RG15%20L.txt	NF RG15 x Assassin's Creed Mirage	NF ACOUS RG15 x Assassin's Creed Mirage	in-ear	711
https://jaytiss.squig.link/data/RG15%20R.txt	NF RG15 x Assassin's Creed Mirage	NF ACOUS RG15 x Assassin's Creed Mirage	in-ear	711
https://jaytiss.squig.link/data/NM2+%20L.txt	NF NA2+	NF Audio NA2+	in-ear	711
https://jaytiss.squig.link/data/NM2+%20R.txt	NF NA2+	NF Audio NA2+	in-ear	711
https://jaytiss.squig.link/data/NA20%20L.txt		NF Audio NA20	in-ear	711
https://jaytiss.squig.link/data/NA20%20R.txt		NF Audio NA20	in-ear	711
https://jaytiss.squig.link/data/DB2%20L.txt	NiceHCK DB2	NiceHCK DB2	in-ear	711
https://jaytiss.squig.link/data/DB2%20R.txt	NiceHCK DB2	NiceHCK DB2	in-ear	711
https://jaytiss.squig.link/data/NCKHCK%20F1%20Pro%20L.txt	NiceHCK F1 Pro	NiceHCK F1 Pro	in-ear	711
https://jaytiss.squig.link/data/NCKHCK%20F1%20Pro%20R.txt	NiceHCK F1 Pro	NiceHCK F1 Pro	in-ear	711
https://jaytiss.squig.link/data/NX8%20L.txt	NiceHCK NX8	NiceHCK NX8	in-ear	711
https://jaytiss.squig.link/data/NX8%20R.txt	NiceHCK NX8	NiceHCK NX8	in-ear	711
https://jaytiss.squig.link/data/NX8Ti%20L.txt	NiceHCK NX8Ti	NiceHCK NX8Ti	in-ear	711
https://jaytiss.squig.link/data/NX8Ti%20R.txt	NiceHCK NX8Ti	NiceHCK NX8Ti	in-ear	711
https://jaytiss.squig.link/data/NHCKRockies%20L.txt	NiceHCK Rockies	NiceHCK Rockies	in-ear	711
https://jaytiss.squig.link/data/NHCKRockies%20R.txt	NiceHCK Rockies	NiceHCK Rockies	in-ear	711
https://jaytiss.squig.link/data/Butastur%20L.txt	Night Oblivion Butastur UD	Night Oblivion Butastur (on-off)	in-ear	711
https://jaytiss.squig.link/data/Butastur%20R.txt	Night Oblivion Butastur UD	Night Oblivion Butastur (on-off)	in-ear	711
https://jaytiss.squig.link/data/NOLonginus00%20L.txt	Night Oblivion Longinus 00	Night Oblivion Longinus 00	in-ear	711
https://jaytiss.squig.link/data/NOLonginus00%20R.txt	Night Oblivion Longinus 00	Night Oblivion Longinus 00	in-ear	711
https://jaytiss.squig.link/data/NOLonginus01%20L.txt	Night Oblivion Longinus 01	Night Oblivion Longinus 01	in-ear	711
https://jaytiss.squig.link/data/NOLonginus01%20R.txt	Night Oblivion Longinus 01	Night Oblivion Longinus 01	in-ear	711
https://jaytiss.squig.link/data/NOLonginus10%20L.txt	Night Oblivion Longinus 10	Night Oblivion Longinus 10	in-ear	711
https://jaytiss.squig.link/data/NOLonginus10%20R.txt	Night Oblivion Longinus 10	Night Oblivion Longinus 10	in-ear	711
https://jaytiss.squig.link/data/NOLonginus11%20L.txt	Night Oblivion Longinus 11	Night Oblivion Longinus 11	in-ear	711
https://jaytiss.squig.link/data/NOLonginus11%20R.txt	Night Oblivion Longinus 11	Night Oblivion Longinus 11	in-ear	711
https://jaytiss.squig.link/data/Nightjarduality1%20L.txt	Nightjar  Duality 	Nightjar Duality	in-ear	711
https://jaytiss.squig.link/data/Nightjarduality1%20R.txt	Nightjar  Duality 	Nightjar Duality	in-ear	711
https://jaytiss.squig.link/data/Nightjarduality2%20L.txt	Nightjar  Duality switch back	Nightjar Duality (switch back)	in-ear	711
https://jaytiss.squig.link/data/Nightjarduality2%20R.txt	Nightjar  Duality switch back	Nightjar Duality (switch back)	in-ear	711
https://jaytiss.squig.link/data/Chronical%20L.txt	Noble Audio Chronicle	Noble Audio Chronicle	in-ear	711
https://jaytiss.squig.link/data/Chronical%20R.txt	Noble Audio Chronicle	Noble Audio Chronicle	in-ear	711
https://jaytiss.squig.link/data/Fokusamadeus%20L.txt	Noble Audio FoKus Amadeus	Noble Audio FoKus Amadeus	in-ear	711
https://jaytiss.squig.link/data/Fokusamadeus%20R.txt	Noble Audio FoKus Amadeus	Noble Audio FoKus Amadeus	in-ear	711
https://jaytiss.squig.link/data/Knight%20L.txt	Noble Audio Knight	Noble Audio Knight	in-ear	711
https://jaytiss.squig.link/data/Knight%20R.txt	Noble Audio Knight	Noble Audio Knight	in-ear	711
https://jaytiss.squig.link/data/VanGogh%20L.txt	Noble Audio Van Gogh	Noble Audio Van Gogh	in-ear	711
https://jaytiss.squig.link/data/VanGogh%20R.txt	Noble Audio Van Gogh	Noble Audio Van Gogh	in-ear	711
https://jaytiss.squig.link/data/NoirB%20R.txt		NoirB	ignore	711
https://jaytiss.squig.link/data/OD200%20Jan%2027.txt		OD200 Jan 27	ignore	711
https://jaytiss.squig.link/data/Oh700vbback%20L.txt		Oh700vbback	ignore	711
https://jaytiss.squig.link/data/Oh700vbback%20R.txt		Oh700vbback	ignore	711
https://jaytiss.squig.link/data/OpenaudioStudio%20L.txt	OpenAudio Siren	OpenAudio Siren	in-ear	711
https://jaytiss.squig.link/data/OpenaudioStudio%20R.txt	OpenAudio Siren	OpenAudio Siren	in-ear	711
https://jaytiss.squig.link/data/ooopusX24mode1%20L.txt	ooopusX Op.24 Mode 1	OpusX Op.24 Mode 1	in-ear	711
https://jaytiss.squig.link/data/ooopusX24mode1%20R.txt	ooopusX Op.24 Mode 1	OpusX Op.24 Mode 1	in-ear	711
https://jaytiss.squig.link/data/ooopusX24mode2%20L.txt	ooopusX Op.24 Mode 2	OpusX Op.24 Mode 2	in-ear	711
https://jaytiss.squig.link/data/ooopusX24mode2%20R.txt	ooopusX Op.24 Mode 2	OpusX Op.24 Mode 2	in-ear	711
https://jaytiss.squig.link/data/ooopusx22bassoff%20L.txt	ooopusX op.22 Bass off	OpusX op.22 Bass off	in-ear	711
https://jaytiss.squig.link/data/ooopusx22bassoff%20R.txt	ooopusX op.22 Bass off	OpusX op.22 Bass off	in-ear	711
https://jaytiss.squig.link/data/ooopusx22basson%20L.txt	ooopusX op.22 Bass on	OpusX op.22 Bass on	in-ear	711
https://jaytiss.squig.link/data/ooopusx22basson%20R.txt	ooopusX op.22 Bass on	OpusX op.22 Bass on	in-ear	711
https://jaytiss.squig.link/data/Isabellae%20L.txt	Oriolus Isabellae	Oriolus Isabellae	in-ear	711
https://jaytiss.squig.link/data/Isabellae%20R.txt	Oriolus Isabellae	Oriolus Isabellae	in-ear	711
https://jaytiss.squig.link/data/Monachaaa%20L.txt	Oriolus Monachaa	Oriolus Monachaa	in-ear	711
https://jaytiss.squig.link/data/Monachaaa%20R.txt	Oriolus Monachaa	Oriolus Monachaa	in-ear	711
https://jaytiss.squig.link/data/Szalayi%20L.txt	Oriolus Szalayi	Oriolus Szalayi	in-ear	711
https://jaytiss.squig.link/data/Szalayi%20R.txt	Oriolus Szalayi	Oriolus Szalayi	in-ear	711
https://jaytiss.squig.link/data/oriveti%20bleqk%20purecaster%20L.txt	Oriveti Bleqk Purecaster	Oriveti Bleqk Purecaster	in-ear	711
https://jaytiss.squig.link/data/oriveti%20bleqk%20purecaster%20R.txt	Oriveti Bleqk Purecaster	Oriveti Bleqk Purecaster	in-ear	711
https://jaytiss.squig.link/data/Dynabird%20L.txt	Oriveti Dynabird	Oriveti Dynabird	in-ear	711
https://jaytiss.squig.link/data/Dynabird%20R.txt	Oriveti Dynabird	Oriveti Dynabird	in-ear	711
https://jaytiss.squig.link/data/OD100%20L.txt	Oriveti OD100	Oriveti OD100	in-ear	711
https://jaytiss.squig.link/data/OD100%20R.txt	Oriveti OD100	Oriveti OD100	in-ear	711
https://jaytiss.squig.link/data/OD200%20L.txt	Oriveti OD200	Oriveti OD200	in-ear	711
https://jaytiss.squig.link/data/OD200%20R.txt	Oriveti OD200	Oriveti OD200	in-ear	711
https://jaytiss.squig.link/data/Oh700vback%20L.txt	Oriveti OH700VB Back Position	Oriveti OH700VB (bass switch off)	in-ear	711
https://jaytiss.squig.link/data/Oh700vback%20R.txt	Oriveti OH700VB Back Position	Oriveti OH700VB (bass switch off)	in-ear	711
https://jaytiss.squig.link/data/Oh700vbforward%20L.txt	Oriveti OH700VB Forward Position	Oriveti OH700VB (bass switch on)	in-ear	711
https://jaytiss.squig.link/data/Oh700vbforward%20R.txt	Oriveti OH700VB Forward Position	Oriveti OH700VB (bass switch on)	in-ear	711
https://jaytiss.squig.link/data/bleqk%20L.txt	Oriveti bleqk Lowmaster	Oriveti bleqk Lowmaster	in-ear	711
https://jaytiss.squig.link/data/bleqk%20R.txt	Oriveti bleqk Lowmaster	Oriveti bleqk Lowmaster	in-ear	711
https://jaytiss.squig.link/data/P20%20May%20L.txt		P20 May	ignore	711
https://jaytiss.squig.link/data/P20%20May%20R.txt		P20 May	ignore	711
https://jaytiss.squig.link/data/ANVIL114%20L.txt	Pula ANVIL114	PULA Anvil 114	in-ear	711
https://jaytiss.squig.link/data/ANVIL114%20R.txt	Pula ANVIL114	PULA Anvil 114	in-ear	711
https://jaytiss.squig.link/data/Pula%20Arc%20L.txt	Pula Arc	PULA Arc	in-ear	711
https://jaytiss.squig.link/data/Pula%20Arc%20R.txt	Pula Arc	PULA Arc	in-ear	711
https://jaytiss.squig.link/data/PA02%20L.txt	Pula PA02	PULA PA02	in-ear	711
https://jaytiss.squig.link/data/PA02%20R.txt	Pula PA02	PULA PA02	in-ear	711
https://jaytiss.squig.link/data/Pulaunicrom%20L.txt	Pula Unicrom	PULA Unicrom	in-ear	711
https://jaytiss.squig.link/data/Pulaunicrom%20R.txt	Pula Unicrom	PULA Unicrom	in-ear	711
https://jaytiss.squig.link/data/Padsmithiem%20L.txt	Padsmith IEM	Padsmith In Ear Monitors	in-ear	711
https://jaytiss.squig.link/data/Padsmithiem%20R.txt	Padsmith IEM	Padsmith In Ear Monitors	in-ear	711
https://jaytiss.squig.link/data/PS%20L.txt	Pennon Pennon Sample	Pennon Pennon Sample	ignore	
https://jaytiss.squig.link/data/PS%20R.txt	Pennon Pennon Sample	Pennon Pennon Sample	ignore	
https://jaytiss.squig.link/data/Pennon10Anniversary%20L.txt	Penon 10th Anniversary	Penon 10th Anniversary	in-ear	711
https://jaytiss.squig.link/data/Pennon10Anniversary%20R.txt	Penon 10th Anniversary	Penon 10th Anniversary	in-ear	711
https://jaytiss.squig.link/data/Fan%202%20L.txt	Penon Fan 2	Penon Fan 2	in-ear	711
https://jaytiss.squig.link/data/Fan%202%20R.txt	Penon Fan 2	Penon Fan 2	in-ear	711
https://jaytiss.squig.link/data/PenonFan3%20L.txt	Penon Fan 3	Penon Fan 3	in-ear	711
https://jaytiss.squig.link/data/PenonFan3%20R.txt	Penon Fan 3	Penon Fan 3	in-ear	711
https://jaytiss.squig.link/data/PenonFan3s%20L.txt	Penon Fan 3s	Penon Fan 3s	in-ear	711
https://jaytiss.squig.link/data/PenonFan3s%20R.txt	Penon Fan 3s	Penon Fan 3s	in-ear	711
https://jaytiss.squig.link/data/PenonFan4%20L.txt	Penon Fan 4	Penon Fan 4	in-ear	711
https://jaytiss.squig.link/data/PenonFan4%20R.txt	Penon Fan 4	Penon Fan 4	in-ear	711
https://jaytiss.squig.link/data/KHsample%20L.txt	Penon Penon sample 3	Penon Penon sample 3	in-ear	711
https://jaytiss.squig.link/data/KHsample%20R.txt	Penon Penon sample 3	Penon Penon sample 3	in-ear	711
https://jaytiss.squig.link/data/PenonQuattro%20L.txt	Penon Quattro	Penon Quattro	in-ear	711
https://jaytiss.squig.link/data/PenonQuattro%20R.txt	Penon Quattro	Penon Quattro	in-ear	711
https://jaytiss.squig.link/data/Serial%20L.txt	Penon Serial	Penon Serial	in-ear	711
https://jaytiss.squig.link/data/Serial%20R.txt	Penon Serial	Penon Serial	in-ear	711
https://jaytiss.squig.link/data/Vortex%20L.txt	Penon Vortex	Penon Vortex	in-ear	711
https://jaytiss.squig.link/data/Vortex%20R.txt	Penon Vortex	Penon Vortex	in-ear	711
https://jaytiss.squig.link/data/unity%20L.txt	Plunge Audio Unity	Plunge Audio Unity IEM	in-ear	711
https://jaytiss.squig.link/data/unity%20R.txt	Plunge Audio Unity	Plunge Audio Unity IEM	in-ear	711
https://jaytiss.squig.link/data/Sonora%20L.txt	Plussound Sonora	PlusSound Sonora	in-ear	711
https://jaytiss.squig.link/data/Sonora%20R.txt	Plussound Sonora	PlusSound Sonora	in-ear	711
https://jaytiss.squig.link/data/Volta%20L.txt	Plussound Volta	PlusSound Volta	in-ear	711
https://jaytiss.squig.link/data/Volta%20R.txt	Plussound Volta	PlusSound Volta	in-ear	711
https://jaytiss.squig.link/data/Azul%20L.txt	Prisma Audio Azul	Prisma Audio Azul	in-ear	711
https://jaytiss.squig.link/data/Azul%20R.txt	Prisma Audio Azul	Prisma Audio Azul	in-ear	711
https://jaytiss.squig.link/data/ProjectABC%20L.txt	Project ABC	Project ABC	ignore	711
https://jaytiss.squig.link/data/ProjectABC%20R.txt	Project ABC	Project ABC	ignore	711
https://jaytiss.squig.link/data/Project%20HRP%20L.txt		Project HRP	ignore	
https://jaytiss.squig.link/data/Project%20HRP%20R.txt		Project HRP	ignore	
https://jaytiss.squig.link/data/Martilo%20L.txt	Punch Audio Martilo	Punch Audio Martilo	in-ear	711
https://jaytiss.squig.link/data/Martilo%20R.txt	Punch Audio Martilo	Punch Audio Martilo	in-ear	711
https://jaytiss.squig.link/data/Portazo%20L.txt	Punch Audio Portazo	Punch Audio Portazo	in-ear	711
https://jaytiss.squig.link/data/Portazo%20R.txt	Punch Audio Portazo	Punch Audio Portazo	in-ear	711
https://jaytiss.squig.link/data/QoaBijou%20L.txt	QoA Bijou	Queen of Audio Bijou	in-ear	711
https://jaytiss.squig.link/data/QoaBijou%20R.txt	QoA Bijou	Queen of Audio Bijou	in-ear	711
https://jaytiss.squig.link/data/QoaCloudscape%20L.txt	QoA Cloudscape	Queen of Audio Cloudscape	in-ear	711
https://jaytiss.squig.link/data/QoaCloudscape%20R.txt	QoA Cloudscape	Queen of Audio Cloudscape	in-ear	711
https://jaytiss.squig.link/data/Qoamistyblue%20L.txt	QoA Misty Blue	Queen of Audio Misty Blue	in-ear	711
https://jaytiss.squig.link/data/Qoamistyblue%20R.txt	QoA Misty Blue	Queen of Audio Misty Blue	in-ear	711
https://jaytiss.squig.link/data/QoaVesper%20L.txt	QoA Vesper	Queen of Audio Vesper	in-ear	711
https://jaytiss.squig.link/data/QoaVesper%20R.txt	QoA Vesper	Queen of Audio Vesper	in-ear	711
https://jaytiss.squig.link/data/Q71%20AME%201%20L.txt	Quidelix T71 AME 1	Quidelix T71 AME 1	ignore	711
https://jaytiss.squig.link/data/Q71%20AME%201%20R.txt	Quidelix T71 AME 1	Quidelix T71 AME 1	ignore	711
https://jaytiss.squig.link/data/AME%202%20L.txt	Quidelix T71 AME 2	Quidelix T71 AME 2	ignore	711
https://jaytiss.squig.link/data/AME%202%20R.txt	Quidelix T71 AME 2	Quidelix T71 AME 2	ignore	711
https://jaytiss.squig.link/data/Q71%20Flat%20L.txt	Quidelix T71 Flat	Quidelix T71 Flat	ignore	711
https://jaytiss.squig.link/data/Q71%20Flat%20R.txt	Quidelix T71 Flat	Quidelix T71 Flat	ignore	711
https://jaytiss.squig.link/data/Rhap%20DDDD%20Nov%2029.txt		Rhap DDDD Nov 29	ignore	711
https://jaytiss.squig.link/data/Rhap%20DDUU%20Nov%2029.txt		Rhap DDUU Nov 29	ignore	711
https://jaytiss.squig.link/data/Return%20L.txt	Rhapsodio Return Sample 1	Rhapsodio Return	in-ear	711
https://jaytiss.squig.link/data/Return%20R.txt	Rhapsodio Return Sample 1	Rhapsodio Return	in-ear	711
https://jaytiss.squig.link/data/Return%202%20L.txt	Rhapsodio Return Sample 2	Rhapsodio Return	in-ear	711
https://jaytiss.squig.link/data/Return%202%20R.txt	Rhapsodio Return Sample 2	Rhapsodio Return	in-ear	711
https://jaytiss.squig.link/data/RhapsodioTranquil%20L.txt	Rhapsodio Tranquil	Rhapsodio Tranquil	in-ear	711
https://jaytiss.squig.link/data/RhapsodioTranquil%20R.txt	Rhapsodio Tranquil	Rhapsodio Tranquil	in-ear	711
https://jaytiss.squig.link/data/RhapsodioTransformer%20L.txt	Rhapsodio Transformer	Rhapsodio Transformer	in-ear	711
https://jaytiss.squig.link/data/RhapsodioTransformer%20R.txt	Rhapsodio Transformer	Rhapsodio Transformer	in-ear	711
https://jaytiss.squig.link/data/Aurora%20Ultra%20L.txt	ROSESELSA Aurora Ultra	Rose Technics Aurora Ultra	in-ear	711
https://jaytiss.squig.link/data/Aurora%20Ultra%20R.txt	ROSESELSA Aurora Ultra	Rose Technics Aurora Ultra	in-ear	711
https://jaytiss.squig.link/data/Rose%20L.txt	Rose Technics QuietSea	Rose Technics QuietSea	in-ear	711
https://jaytiss.squig.link/data/Rose%20R.txt	Rose Technics QuietSea	Rose Technics QuietSea	in-ear	711
https://jaytiss.squig.link/data/QuietSea2%20L.txt	ROSESELSA QuietSea II	Rose Technics QuietSea II	in-ear	711
https://jaytiss.squig.link/data/QuietSea2%20R.txt	ROSESELSA QuietSea II	Rose Technics QuietSea II	in-ear	711
https://jaytiss.squig.link/data/Starcity5%20L.txt	ROSESELSA STAR CITY 5	Rose Technics Star City 5	in-ear	711
https://jaytiss.squig.link/data/Starcity5%20R.txt	ROSESELSA STAR CITY 5	Rose Technics Star City 5	in-ear	711
https://jaytiss.squig.link/data/x%20AAV%20CJ20%20L.txt	ROSESELSA x AAV CJ20	Rose Technics x AAV CJ20	in-ear	711
https://jaytiss.squig.link/data/x%20AAV%20CJ20%20R.txt	ROSESELSA x AAV CJ20	Rose Technics x AAV CJ20	in-ear	711
https://jaytiss.squig.link/data/RuviestNyx%20L.txt	Ruviest Audio Nyx	Ruviest Audio Nyx	in-ear	711
https://jaytiss.squig.link/data/RuviestNyx%20R.txt	Ruviest Audio Nyx	Ruviest Audio Nyx	in-ear	711
https://jaytiss.squig.link/data/RuviestPrelude%20L.txt	Ruviest Audio Prelude	Ruviest Audio Prelude	in-ear	711
https://jaytiss.squig.link/data/RuviestPrelude%20R.txt	Ruviest Audio Prelude	Ruviest Audio Prelude	in-ear	711
https://jaytiss.squig.link/data/SR11%20L.txt	Sweear SR11	SWEEAR SR11	in-ear	711
https://jaytiss.squig.link/data/SR11%20R.txt	Sweear SR11	SWEEAR SR11	in-ear	711
https://jaytiss.squig.link/data/Samplea7x%20L.txt	Sample Sample 1	Sample Sample 1	ignore	711
https://jaytiss.squig.link/data/Samplea7x%20R.txt	Sample Sample 1	Sample Sample 1	ignore	711
https://jaytiss.squig.link/data/Bravery%20L.txt	SeeAudio Bravery AE	SeeAudio Bravery AE	in-ear	711
https://jaytiss.squig.link/data/Bravery%20R.txt	SeeAudio Bravery AE	SeeAudio Bravery AE	in-ear	711
https://jaytiss.squig.link/data/Midnight%20L.txt	SeeAudio Yume: Midnight	SeeAudio x Crinacle Yume Midnight	in-ear	711
https://jaytiss.squig.link/data/Midnight%20R.txt	SeeAudio Yume: Midnight	SeeAudio x Crinacle Yume Midnight	in-ear	711
https://jaytiss.squig.link/data/IE%20200%20L.txt	Sennheiser IE 200	Sennheiser IE 200	in-ear	711
https://jaytiss.squig.link/data/IE%20200%20R.txt	Sennheiser IE 200	Sennheiser IE 200	in-ear	711
https://jaytiss.squig.link/data/IE%20600%20L.txt	Sennheiser IE 600	Sennheiser IE 600	in-ear	711
https://jaytiss.squig.link/data/IE%20600%20R.txt	Sennheiser IE 600	Sennheiser IE 600	in-ear	711
https://jaytiss.squig.link/data/Fat%20Earth%20L.txt	Shortbus Fat Earth	Shortbus Audio Fat Earth	in-ear	711
https://jaytiss.squig.link/data/Fat%20Earth%20R.txt	Shortbus Fat Earth	Shortbus Audio Fat Earth	in-ear	711
https://jaytiss.squig.link/data/Glamdring%20L.txt	Shortbus Glamdring	Shortbus Audio Glamdring	in-ear	711
https://jaytiss.squig.link/data/Glamdring%20R.txt	Shortbus Glamdring	Shortbus Audio Glamdring	in-ear	711
https://jaytiss.squig.link/data/P20%20L.txt	Shozy P20	Shozy P20	in-ear	711
https://jaytiss.squig.link/data/P20%20R.txt	Shozy P20	Shozy P20	in-ear	711
https://jaytiss.squig.link/data/LetASTRALIS%20L.txt	Letshuoer ASTRALIS	Shuoer ASTRALIS	in-ear	711
https://jaytiss.squig.link/data/LetASTRALIS%20R.txt	Letshuoer ASTRALIS	Shuoer ASTRALIS	in-ear	711
https://jaytiss.squig.link/data/Cadenza12%20L.txt	Letshuoer Cadenza 12 (2024)	Shuoer Cadenza 12 2024	in-ear	711
https://jaytiss.squig.link/data/Cadenza12%20R.txt	Letshuoer Cadenza 12 (2024)	Shuoer Cadenza 12 2024	in-ear	711
https://jaytiss.squig.link/data/Cadenza4%20L.txt	Letshuoer Cadenza4	Shuoer Cadenza 4	in-ear	711
https://jaytiss.squig.link/data/Cadenza4%20R.txt	Letshuoer Cadenza4	Shuoer Cadenza 4	in-ear	711
https://jaytiss.squig.link/data/LETSHUOERD02%20L.txt	Letshuoer D02	Shuoer D02	in-ear	711
https://jaytiss.squig.link/data/LETSHUOERD02%20R.txt	Letshuoer D02	Shuoer D02	in-ear	711
https://jaytiss.squig.link/data/letshuoerdx1%20L.txt	Letshuoer Dx1	Shuoer Dx1	in-ear	711
https://jaytiss.squig.link/data/letshuoerdx1%20R.txt	Letshuoer Dx1	Shuoer Dx1	in-ear	711
https://jaytiss.squig.link/data/EJO7%20L.txt	Letshuoer EJ07	Shuoer EJ07	in-ear	711
https://jaytiss.squig.link/data/EJO7%20R.txt	Letshuoer EJ07	Shuoer EJ07	in-ear	711
https://jaytiss.squig.link/data/LetsEmber%20L.txt	Letshuoer Ember	Shuoer Ember	in-ear	711
https://jaytiss.squig.link/data/LetsEmber%20R.txt	Letshuoer Ember	Shuoer Ember	in-ear	711
https://jaytiss.squig.link/data/Mystic8%20L.txt	Letshuoer Mystic 8	Shuoer Mystic 8	in-ear	711
https://jaytiss.squig.link/data/Mystic8%20R.txt	Letshuoer Mystic 8	Shuoer Mystic 8	in-ear	711
https://jaytiss.squig.link/data/S08%20L.txt	Letshuoer S08	Shuoer S08	in-ear	711
https://jaytiss.squig.link/data/S08%20R.txt	Letshuoer S08	Shuoer S08	in-ear	711
https://jaytiss.squig.link/data/S12%20(2024)%20L.txt	Letshuoer S12 (2024)	Shuoer S12 2024	in-ear	711
https://jaytiss.squig.link/data/S12%20(2024)%20R.txt	Letshuoer S12 (2024)	Shuoer S12 2024	in-ear	711
https://jaytiss.squig.link/data/S12%20Pro%20L.txt	Letshuoer S12 Pro	Shuoer S12 Pro	in-ear	711
https://jaytiss.squig.link/data/S12%20Pro%20R.txt	Letshuoer S12 Pro	Shuoer S12 Pro	in-ear	711
https://jaytiss.squig.link/data/LETSHUOERS15%20L.txt	Letshuoer S15	Shuoer S15	in-ear	711
https://jaytiss.squig.link/data/LETSHUOERS15%20R.txt	Letshuoer S15	Shuoer S15	in-ear	711
https://jaytiss.squig.link/data/s12Ultra%20L.txt	Letshuoer s12 Ultra	Shuoer s12 Ultra	in-ear	711
https://jaytiss.squig.link/data/s12Ultra%20R.txt	Letshuoer s12 Ultra	Shuoer s12 Ultra	in-ear	711
https://jaytiss.squig.link/data/Simgot%20EA1000%20Black%20L.txt	Simgot EA1000 Black	Simgot Audio EA1000 (black nozzle)	in-ear	711
https://jaytiss.squig.link/data/Simgot%20EA1000%20Black%20R.txt	Simgot EA1000 Black	Simgot Audio EA1000 (black nozzle)	in-ear	711
https://jaytiss.squig.link/data/Simgot%20EA%201000%20Gold%20L.txt	Simgot EA1000 Gold	Simgot Audio EA1000 (gold nozzle)	in-ear	711
https://jaytiss.squig.link/data/Simgot%20EA%201000%20Gold%20R.txt	Simgot EA1000 Gold	Simgot Audio EA1000 (gold nozzle)	in-ear	711
https://jaytiss.squig.link/data/Simgot%20EA1000%20Red%20L.txt	Simgot EA1000 Red	Simgot Audio EA1000 (red nozzle)	in-ear	711
https://jaytiss.squig.link/data/Simgot%20EA1000%20Red%20R.txt	Simgot EA1000 Red	Simgot Audio EA1000 (red nozzle)	in-ear	711
https://jaytiss.squig.link/data/500LM%20L.txt	Simgot EA500LM	Simgot Audio EA500LM	in-ear	711
https://jaytiss.squig.link/data/500LM%20R.txt	Simgot EA500LM	Simgot Audio EA500LM	in-ear	711
https://jaytiss.squig.link/data/EM10%20L.txt	Simgot EM10	Simgot Audio EM10	in-ear	711
https://jaytiss.squig.link/data/EM10%20R.txt	Simgot EM10	Simgot Audio EM10	in-ear	711
https://jaytiss.squig.link/data/EM6L%20L.txt	Simgot EM6L Phoenix	Simgot Audio EM6L	in-ear	711
https://jaytiss.squig.link/data/EM6L%20R.txt	Simgot EM6L Phoenix	Simgot Audio EM6L	in-ear	711
https://jaytiss.squig.link/data/Simgot%20EM6L%20L.txt	Simgot EM6L Phoenix	Simgot Audio EM6L	in-ear	711
https://jaytiss.squig.link/data/Simgot%20EM6L%20R.txt	Simgot EM6L Phoenix	Simgot Audio EM6L	in-ear	711
https://jaytiss.squig.link/data/ET142Black%20L.txt	Simgot ET 142 Short Black	Simgot Audio ET 142 (short black nozzle)	in-ear	711
https://jaytiss.squig.link/data/ET142Black%20R.txt	Simgot ET 142 Short Black	Simgot Audio ET 142 (short black nozzle)	in-ear	711
https://jaytiss.squig.link/data/ET142Red%20L.txt	Simgot ET 142 Short Red	Simgot Audio ET142 (red circle nozzle)	in-ear	711
https://jaytiss.squig.link/data/ET142Red%20R.txt	Simgot ET 142 Short Red	Simgot Audio ET142 (red circle nozzle)	in-ear	711
https://jaytiss.squig.link/data/Simgot%20EW200%20L.txt	Simgot EW200	Simgot Audio EW200	in-ear	711
https://jaytiss.squig.link/data/Simgot%20EW200%20R.txt	Simgot EW200	Simgot Audio EW200	in-ear	711
https://jaytiss.squig.link/data/EW300DSP%20L.txt	Simgot EW300 DSP	Simgot Audio EW300 DSP	in-ear	711
https://jaytiss.squig.link/data/EW300DSP%20R.txt	Simgot EW300 DSP	Simgot Audio EW300 DSP	in-ear	711
https://jaytiss.squig.link/data/Supermix%20L.txt	Simgot Supermix 4	Simgot Audio SuperMix 4	in-ear	711
https://jaytiss.squig.link/data/Supermix%20R.txt	Simgot Supermix 4	Simgot Audio SuperMix 4	in-ear	711
https://jaytiss.squig.link/data/Supermix5%20L.txt	Simgot Supermix 5	Simgot Audio Supermix 5	in-ear	711
https://jaytiss.squig.link/data/Supermix5%20R.txt	Simgot Supermix 5	Simgot Audio Supermix 5	in-ear	711
https://jaytiss.squig.link/data/Sivga260%20L.txt	Sivga  260	Sivga 260	in-ear	711
https://jaytiss.squig.link/data/Sivga260%20R.txt	Sivga  260	Sivga 260	in-ear	711
https://jaytiss.squig.link/data/SivgaLyrebird%20L.txt	Sivga  Lyrebird	Sivga Lyrebird	in-ear	711
https://jaytiss.squig.link/data/SivgaLyrebird%20R.txt	Sivga  Lyrebird	Sivga Lyrebird	in-ear	711
https://jaytiss.squig.link/data/Que%20L.txt	Sivga  Que	Sivga Que	in-ear	711
https://jaytiss.squig.link/data/Que%20R.txt	Sivga  Que	Sivga Que	in-ear	711
https://jaytiss.squig.link/data/SivgaSM100%20L.txt	Sivga  SM100	Sivga SM100	in-ear	711
https://jaytiss.squig.link/data/SivgaSM100%20R.txt	Sivga  SM100	Sivga SM100	in-ear	711
https://jaytiss.squig.link/data/SoftRS10%20L.txt	Softears RS10	SoftEars RS10	in-ear	711
https://jaytiss.squig.link/data/SoftRS10%20R.txt	Softears RS10	SoftEars RS10	in-ear	711
https://jaytiss.squig.link/data/RSV%20L.txt	Softears RSV	SoftEars RSV	in-ear	711
https://jaytiss.squig.link/data/RSV%20R.txt	Softears RSV	SoftEars RSV	in-ear	711
https://jaytiss.squig.link/data/RSV2%20L.txt	Softears RSV mk2	SoftEars RSV mk2	in-ear	711
https://jaytiss.squig.link/data/RSV2%20R.txt	Softears RSV mk2	SoftEars RSV mk2	in-ear	711
https://jaytiss.squig.link/data/Studio2%20L.txt	Softears Studio 2	SoftEars Studio 2	in-ear	711
https://jaytiss.squig.link/data/Studio2%20R.txt	Softears Studio 2	SoftEars Studio 2	in-ear	711
https://jaytiss.squig.link/data/Studio%204%20L.txt	Softears Studio 4  	SoftEars Studio 4	in-ear	711
https://jaytiss.squig.link/data/Studio%204%20R.txt	Softears Studio 4  	SoftEars Studio 4	in-ear	711
https://jaytiss.squig.link/data/Twilight%20L.txt	Softears Twilight	SoftEars Twilight	in-ear	711
https://jaytiss.squig.link/data/Volume%20L.txt	Softears Volume	SoftEars Volume	in-ear	711
https://jaytiss.squig.link/data/Volume%20R.txt	Softears Volume	SoftEars Volume	in-ear	711
https://jaytiss.squig.link/data/VolumeS%20L.txt	Softears Volume S	SoftEars Volume S	in-ear	711
https://jaytiss.squig.link/data/VolumeS%20R.txt	Softears Volume S	SoftEars Volume S	in-ear	711
https://jaytiss.squig.link/data/Studio%20410%20L.txt	Softears Studio 4 4 with 10 ohm adapter	Softears Studio 4 4 with 10 ohm adapter	ignore	711
https://jaytiss.squig.link/data/Studio%20410%20R.txt	Softears Studio 4 4 with 10 ohm adapter	Softears Studio 4 4 with 10 ohm adapter	ignore	711
https://jaytiss.squig.link/data/SoftearsV%20L.txt		SoftearsV	ignore	711
https://jaytiss.squig.link/data/SoftearsV%20R.txt		SoftearsV	ignore	711
https://jaytiss.squig.link/data/XBA-N3%20L.txt	Sony XBA-N3	Sony XBA-N3	in-ear	711
https://jaytiss.squig.link/data/XBA-N3%20R.txt	Sony XBA-N3	Sony XBA-N3	in-ear	711
https://jaytiss.squig.link/data/SR6SoundRhyme%20L.txt	Sound Rhyme SR6	Sound Rhyme SR6	in-ear	711
https://jaytiss.squig.link/data/SR6SoundRhyme%20R.txt	Sound Rhyme SR6	Sound Rhyme SR6	in-ear	711
https://jaytiss.squig.link/data/Capsule3%20Pro+%20L.txt	Soundpeats Capsule3 Pro+	SoundPeats Capsule3 Pro+	in-ear	711
https://jaytiss.squig.link/data/Capsule3%20Pro+%20R.txt	Soundpeats Capsule3 Pro+	SoundPeats Capsule3 Pro+	in-ear	711
https://jaytiss.squig.link/data/Soundpeatsh3%20L.txt	Soundpeats H3	SoundPeats H3	in-ear	711
https://jaytiss.squig.link/data/Soundpeatsh3%20R.txt	Soundpeats H3	SoundPeats H3	in-ear	711
https://jaytiss.squig.link/data/SurfansM10%20L.txt	Surfans M10	Surfans M10	in-ear	711
https://jaytiss.squig.link/data/SurfansM10%20R.txt	Surfans M10	Surfans M10	in-ear	711
https://jaytiss.squig.link/data/Crimson%20L.txt	Symphonium Crimson	Symphonium Audio Crimson	in-ear	711
https://jaytiss.squig.link/data/Crimson%20R.txt	Symphonium Crimson	Symphonium Audio Crimson	in-ear	711
https://jaytiss.squig.link/data/Giant%20L.txt	Symphonium Giant	Symphonium Audio Giant	in-ear	711
https://jaytiss.squig.link/data/Giant%20R.txt	Symphonium Giant	Symphonium Audio Giant	in-ear	711
https://jaytiss.squig.link/data/Meteor%20L.txt	Symphonium Meteor	Symphonium Audio Meteor	in-ear	711
https://jaytiss.squig.link/data/Meteor%20R.txt	Symphonium Meteor	Symphonium Audio Meteor	in-ear	711
https://jaytiss.squig.link/data/Europa%20L.txt	Symphonium X Elise Audio Europa	Symphonium Audio X Elise Audio Europa	in-ear	711
https://jaytiss.squig.link/data/Europa%20R.txt	Symphonium X Elise Audio Europa	Symphonium Audio X Elise Audio Europa	in-ear	711
https://jaytiss.squig.link/data/EliseZenith%20L.txt	Symphonium X Elise Zenith	Symphonium Audio X Elise Zenith	in-ear	711
https://jaytiss.squig.link/data/EliseZenith%20R.txt	Symphonium X Elise Zenith	Symphonium Audio X Elise Zenith	in-ear	711
https://jaytiss.squig.link/data/Hexad%20L.txt	SymphonyEars Hexad	SymphonyEars Hexad	in-ear	711
https://jaytiss.squig.link/data/Hexad%20R.txt	SymphonyEars Hexad	SymphonyEars Hexad	in-ear	711
https://jaytiss.squig.link/data/Hexad2%20L.txt	SymphonyEars Hexad 2	SymphonyEars Hexad 2	in-ear	711
https://jaytiss.squig.link/data/Hexad2%20R.txt	SymphonyEars Hexad 2	SymphonyEars Hexad 2	in-ear	711
https://jaytiss.squig.link/data/PRE5TIGE%20L.txt	SymphonyEars PRE5TIGE	SymphonyEars PRE5TIGE	in-ear	711
https://jaytiss.squig.link/data/PRE5TIGE%20R.txt	SymphonyEars PRE5TIGE	SymphonyEars PRE5TIGE	in-ear	711
https://jaytiss.squig.link/data/SynidoLivedock%20L.txt	Synido Live Dock e10	Synido Live Dock e10	in-ear	711
https://jaytiss.squig.link/data/SynidoLivedock%20R.txt	Synido Live Dock e10	Synido Live Dock e10	in-ear	711
https://jaytiss.squig.link/data/BaJie%20L.txt	Tangzu BaJie	TANGZU BaJie	in-ear	711
https://jaytiss.squig.link/data/BaJie%20R.txt	Tangzu BaJie	TANGZU BaJie	in-ear	711
https://jaytiss.squig.link/data/Tangzufuduverse1%20L.txt	Tangzu FUDU Verse 1	TANGZU FUDU Verse 1	in-ear	711
https://jaytiss.squig.link/data/Tangzufuduverse1%20R.txt	Tangzu FUDU Verse 1	TANGZU FUDU Verse 1	in-ear	711
https://jaytiss.squig.link/data/TangzuFuduverse2%20L.txt	Tangzu FuDu Verse II	TANGZU FuDu Verse II	in-ear	711
https://jaytiss.squig.link/data/TangzuFuduverse2%20R.txt	Tangzu FuDu Verse II	TANGZU FuDu Verse II	in-ear	711
https://jaytiss.squig.link/data/Tangzupurpledragon%20L.txt	Tangzu Purple Dragon	TANGZU Purple Dragon	in-ear	711
https://jaytiss.squig.link/data/Tangzupurpledragon%20R.txt	Tangzu Purple Dragon	TANGZU Purple Dragon	in-ear	711
https://jaytiss.squig.link/data/TianPeng%20L.txt	Tangzu TianPeng	TANGZU TianPeng	in-ear	711
https://jaytiss.squig.link/data/TianPeng%20R.txt	Tangzu TianPeng	TANGZU TianPeng	in-ear	711
https://jaytiss.squig.link/data/Wanertwo%20L.txt	Tangzu Wan'er 2	TANGZU Wan'er 2	in-ear	711
https://jaytiss.squig.link/data/Wanertwo%20R.txt	Tangzu Wan'er 2	TANGZU Wan'er 2	in-ear	711
https://jaytiss.squig.link/data/Tangzuredbass%20L.txt	Tangzu Wan’er S.G II Bass Version	TANGZU Wan’er S.G II Bass Version	in-ear	711
https://jaytiss.squig.link/data/Tangzuredbass%20R.txt	Tangzu Wan’er S.G II Bass Version	TANGZU Wan’er S.G II Bass Version	in-ear	711
https://jaytiss.squig.link/data/TangzuXueTao%20L.txt	Tangzu Xue Tao	TANGZU Xue Tao	in-ear	711
https://jaytiss.squig.link/data/TangzuXueTao%20R.txt	Tangzu Xue Tao	TANGZU Xue Tao	in-ear	711
https://jaytiss.squig.link/data/YuXuanJi%20L.txt	Tangzu YuXuanJi	TANGZU YuXuanJi	in-ear	711
https://jaytiss.squig.link/data/YuXuanJi%20R.txt	Tangzu YuXuanJi	TANGZU YuXuanJi	in-ear	711
https://jaytiss.squig.link/data/ZeianWULEG%20L.txt	Tangzu Zetian Wu The Legend	TANGZU Zetian Wu	in-ear	711
https://jaytiss.squig.link/data/ZeianWULEG%20R.txt	Tangzu Zetian Wu The Legend	TANGZU Zetian Wu	in-ear	711
https://jaytiss.squig.link/data/NV%20L.txt	Tangzu x HBB XuanNv	TANGZU x HBB XuanNv	in-ear	711
https://jaytiss.squig.link/data/NV%20R.txt	Tangzu x HBB XuanNv	TANGZU x HBB XuanNv	in-ear	711
https://jaytiss.squig.link/data/XTFZAthena%20L.txt	Angelears X TFZ Athena 	TFZ x Angelears Athena	in-ear	711
https://jaytiss.squig.link/data/XTFZAthena%20R.txt	Angelears X TFZ Athena 	TFZ x Angelears Athena	in-ear	711
https://jaytiss.squig.link/data/i2Kongtong%20L.txt	TRI i2 Kong Tong	TRI i2 Kong Tong	in-ear	711
https://jaytiss.squig.link/data/i2Kongtong%20R.txt	TRI i2 Kong Tong	TRI i2 Kong Tong	in-ear	711
https://jaytiss.squig.link/data/idmk3%20L.txt	TRI i3 MK3	TRI i3 MK3	in-ear	711
https://jaytiss.squig.link/data/idmk3%20R.txt	TRI i3 MK3	TRI i3 MK3	in-ear	711
https://jaytiss.squig.link/data/TRNDolphin%20L.txt	TRN Dolphin	TRN Dolphin	in-ear	711
https://jaytiss.squig.link/data/TRNDolphin%20R.txt	TRN Dolphin	TRN Dolphin	in-ear	711
https://jaytiss.squig.link/data/Medusa%20L.txt	TRN Medusa	TRN Medusa	in-ear	711
https://jaytiss.squig.link/data/Medusa%20R.txt	TRN Medusa	TRN Medusa	in-ear	711
https://jaytiss.squig.link/data/TRNStarfish%20L.txt	TRN Starfish	TRN Starfish	in-ear	711
https://jaytiss.squig.link/data/TRNStarfish%20R.txt	TRN Starfish	TRN Starfish	in-ear	711
https://jaytiss.squig.link/data/TRNWhaleshark%20L.txt	TRN Whale Shark	TRN Whale Shark	in-ear	711
https://jaytiss.squig.link/data/TRNWhaleshark%20R.txt	TRN Whale Shark	TRN Whale Shark	in-ear	711
https://jaytiss.squig.link/data/Beta%20Silver%20Nozzles%20L.txt	Twistura Beta Silver Nozzles	TWISTURA Beta Silver Nozzles	in-ear	711
https://jaytiss.squig.link/data/Beta%20Silver%20Nozzles%20R.txt	Twistura Beta Silver Nozzles	TWISTURA Beta Silver Nozzles	in-ear	711
https://jaytiss.squig.link/data/WoodnoteInstrumental%20L.txt	Twistura Woodnote Instrumental	TWISTURA Woodnote (instrumental nozzle)	in-ear	711
https://jaytiss.squig.link/data/WoodnoteInstrumental%20R.txt	Twistura Woodnote Instrumental	TWISTURA Woodnote (instrumental nozzle)	in-ear	711
https://jaytiss.squig.link/data/Woodnotenormal%20L.txt	Twistura Woodnote  	TWISTURA Woodnote (standard nozzle)	in-ear	711
https://jaytiss.squig.link/data/Woodnotenormal%20R.txt	Twistura Woodnote  	TWISTURA Woodnote (standard nozzle)	in-ear	711
https://jaytiss.squig.link/data/Wood3%20L.txt	Twistura Woodnote Vocal	TWISTURA Woodnote (vocal nozzle)	in-ear	711
https://jaytiss.squig.link/data/Wood3%20R.txt	Twistura Woodnote Vocal	TWISTURA Woodnote (vocal nozzle)	in-ear	711
https://jaytiss.squig.link/data/Tanchjim%204U%20Monitoring%20L.txt	Tanchjim 4U Monitoring	Tanchjim 4U	in-ear	711
https://jaytiss.squig.link/data/Tanchjim%204U%20Atmophere%20L.txt		Tanchjim 4U (atmophere)	in-ear	711
https://jaytiss.squig.link/data/Tanchjim%204U%20Atmophere%20R.txt		Tanchjim 4U (atmophere)	in-ear	711
https://jaytiss.squig.link/data/Tanchjim%204U%20Monitoring%20R.txt	Tanchjim 4U Monitoring	Tanchjim 4U (monitoring)	in-ear	711
https://jaytiss.squig.link/data/Tanchjim%204U%20Natural%20L.txt		Tanchjim 4U (natural)	in-ear	711
https://jaytiss.squig.link/data/Tanchjim%204U%20Natural%20R.txt		Tanchjim 4U (natural)	in-ear	711
https://jaytiss.squig.link/data/Tanchjim%204U%20Pop%20L.txt		Tanchjim 4U (pop)	in-ear	711
https://jaytiss.squig.link/data/Tanchjim%204U%20Pop%20R.txt		Tanchjim 4U (pop)	in-ear	711
https://jaytiss.squig.link/data/Bunny%20L.txt	Tanchjim Bunny  	Tanchjim Bunny	in-ear	711
https://jaytiss.squig.link/data/Bunny%20R.txt	Tanchjim Bunny  	Tanchjim Bunny	in-ear	711
https://jaytiss.squig.link/data/Bunny%2030%20L.txt	Tanchjim Bunny 30 ohm	Tanchjim Bunny 30 ohm	ignore	711
https://jaytiss.squig.link/data/Bunny%2030%20R.txt	Tanchjim Bunny 30 ohm	Tanchjim Bunny 30 ohm	ignore	711
https://jaytiss.squig.link/data/TanchFissionblack%20L.txt	Tanchjim Fission - Black/shadow Gold nozzle	Tanchjim Fission - Blackshadow Gold nozzle	in-ear	711
https://jaytiss.squig.link/data/TanchFissionblack%20R.txt	Tanchjim Fission - Black/shadow Gold nozzle	Tanchjim Fission - Blackshadow Gold nozzle	in-ear	711
https://jaytiss.squig.link/data/TanchFission%20L.txt	Tanchjim Fission - Gold	Tanchjim Fission Gold	in-ear	711
https://jaytiss.squig.link/data/TanchFission%20R.txt	Tanchjim Fission - Gold	Tanchjim Fission Gold	in-ear	711
https://jaytiss.squig.link/data/TanForce%20L.txt	Tanchjim Force	Tanchjim Force	in-ear	711
https://jaytiss.squig.link/data/TanForce%20R.txt	Tanchjim Force	Tanchjim Force	in-ear	711
https://jaytiss.squig.link/data/Hana%20L.txt	Tanchjim Hana 2021	Tanchjim HANA 2021	in-ear	711
https://jaytiss.squig.link/data/Hana%20R.txt	Tanchjim Hana 2021	Tanchjim HANA 2021	in-ear	711
https://jaytiss.squig.link/data/Tanchjim%20Kara%20L.txt	Tanchijim Kara	Tanchjim Kara	in-ear	711
https://jaytiss.squig.link/data/Tanchjim%20Kara%20R.txt	Tanchijim Kara	Tanchjim Kara	in-ear	711
https://jaytiss.squig.link/data/Tanchjim%20Kara%20Oct%20L.txt		Tanchjim Kara Oct	ignore	
https://jaytiss.squig.link/data/Mino%20L.txt		Tanchjim Mino	in-ear	711
https://jaytiss.squig.link/data/Mino%20r.txt		Tanchjim Mino	in-ear	711
https://jaytiss.squig.link/data/TanchjimOrigin%20L.txt	Tanchjim Origin	Tanchjim Origin	in-ear	711
https://jaytiss.squig.link/data/TanchjimOrigin%20R.txt	Tanchjim Origin	Tanchjim Origin	in-ear	711
https://jaytiss.squig.link/data/Tansio%20Mirai%20Onyx%20L.txt	Tansio Mirai Onyx	Tansio Mirai Onyx	in-ear	711
https://jaytiss.squig.link/data/Tansio%20Mirai%20Onyx%20R.txt	Tansio Mirai Onyx	Tansio Mirai Onyx	in-ear	711
https://jaytiss.squig.link/data/TSM%20ARMOR%20DDD%20L.txt	Tansio Mirai TSM ARMOR DDD	Tansio Mirai TSM ARMOR DDD	in-ear	711
https://jaytiss.squig.link/data/TSM%20ARMOR%20DDD%20R.txt	Tansio Mirai TSM ARMOR DDD	Tansio Mirai TSM ARMOR DDD	in-ear	711
https://jaytiss.squig.link/data/TSM%20ARMOR%20DDU%20L.txt	Tansio Mirai TSM ARMOR DDU	Tansio Mirai TSM ARMOR DDU	in-ear	711
https://jaytiss.squig.link/data/TSM%20ARMOR%20DDU%20R.txt	Tansio Mirai TSM ARMOR DDU	Tansio Mirai TSM ARMOR DDU	in-ear	711
https://jaytiss.squig.link/data/TSM%20ARMOR%20DUD%20L.txt	Tansio Mirai TSM ARMOR DUD	Tansio Mirai TSM ARMOR DUD	in-ear	711
https://jaytiss.squig.link/data/TSM%20ARMOR%20DUD%20R.txt	Tansio Mirai TSM ARMOR DUD	Tansio Mirai TSM ARMOR DUD	in-ear	711
https://jaytiss.squig.link/data/TSM%20ARMOR%20DUU%20L.txt	Tansio Mirai TSM ARMOR DUU	Tansio Mirai TSM ARMOR DUU	in-ear	711
https://jaytiss.squig.link/data/TSM%20ARMOR%20DUU%20R.txt	Tansio Mirai TSM ARMOR DUU	Tansio Mirai TSM ARMOR DUU	in-ear	711
https://jaytiss.squig.link/data/TSM%20ARMOR%20UDD%20L.txt	Tansio Mirai TSM ARMOR UDD	Tansio Mirai TSM ARMOR UDD	in-ear	711
https://jaytiss.squig.link/data/TSM%20ARMOR%20UDD%20R.txt	Tansio Mirai TSM ARMOR UDD	Tansio Mirai TSM ARMOR UDD	in-ear	711
https://jaytiss.squig.link/data/TSM%20ARMOR%20UDU%20L.txt	Tansio Mirai TSM ARMOR UDU	Tansio Mirai TSM ARMOR UDU	in-ear	711
https://jaytiss.squig.link/data/TSM%20ARMOR%20UDU%20R.txt	Tansio Mirai TSM ARMOR UDU	Tansio Mirai TSM ARMOR UDU	in-ear	711
https://jaytiss.squig.link/data/TSM%20ARMOR%20UUD%20L.txt	Tansio Mirai TSM ARMOR UUD	Tansio Mirai TSM ARMOR UUD	in-ear	711
https://jaytiss.squig.link/data/TSM%20ARMOR%20UUD%20R.txt	Tansio Mirai TSM ARMOR UUD	Tansio Mirai TSM ARMOR UUD	in-ear	711
https://jaytiss.squig.link/data/TSM%20ARMOR%20UUU%20L.txt	Tansio Mirai TSM ARMOR UUU	Tansio Mirai TSM ARMOR UUU	in-ear	711
https://jaytiss.squig.link/data/TSM%20ARMOR%20UUU%20R.txt	Tansio Mirai TSM ARMOR UUU	Tansio Mirai TSM ARMOR UUU	in-ear	711
https://jaytiss.squig.link/data/TZ700%20L.txt	Technics TZ700	Technics EAH-TZ700	in-ear	711
https://jaytiss.squig.link/data/TZ700%20R.txt	Technics TZ700	Technics EAH-TZ700	in-ear	711
https://jaytiss.squig.link/data/Hype%2010%20L.txt	Thieaudio Hype 10	ThieAudio Hype 10	in-ear	711
https://jaytiss.squig.link/data/Hype%2010%20R.txt	Thieaudio Hype 10	ThieAudio Hype 10	in-ear	711
https://jaytiss.squig.link/data/Hype%202%20L.txt	Thieaudio Hype 2	ThieAudio Hype 2	in-ear	711
https://jaytiss.squig.link/data/Hype%202%20R.txt	Thieaudio Hype 2	ThieAudio Hype 2	in-ear	711
https://jaytiss.squig.link/data/Hype%204%20L.txt	Thieaudio Hype 4	ThieAudio Hype 4	in-ear	711
https://jaytiss.squig.link/data/Hype%204%20R.txt	Thieaudio Hype 4	ThieAudio Hype 4	in-ear	711
https://jaytiss.squig.link/data/ProjectH%20L.txt	Thieaudio Hype 4 MK2	ThieAudio Hype 4 MK2	in-ear	711
https://jaytiss.squig.link/data/ProjectH%20R.txt	Thieaudio Hype 4 MK2	ThieAudio Hype 4 MK2	in-ear	711
https://jaytiss.squig.link/data/Monarch2%20L.txt	Thieaudio Monarch MKII	ThieAudio Monarch MKII	in-ear	711
https://jaytiss.squig.link/data/Monarch2%20R.txt	Thieaudio Monarch MKII	ThieAudio Monarch MKII	in-ear	711
https://jaytiss.squig.link/data/Monarch2%202%20L.txt	Thieaudio Monarch MKII Jaytiss Unit	ThieAudio Monarch MKII	in-ear	711
https://jaytiss.squig.link/data/Monarch2%202%20R.txt	Thieaudio Monarch MKII Jaytiss Unit	ThieAudio Monarch MKII	in-ear	711
https://jaytiss.squig.link/data/Monarch%20L.txt	Thieaudio Monarch MKIII	ThieAudio Monarch MKIII	in-ear	711
https://jaytiss.squig.link/data/Monarch%20R.txt	Thieaudio Monarch MKIII	ThieAudio Monarch MKIII	in-ear	711
https://jaytiss.squig.link/data/Monarch%203%20L.txt	Thieaudio Monarch MKIII	ThieAudio Monarch MKIII	in-ear	711
https://jaytiss.squig.link/data/Monarch%203%20R.txt	Thieaudio Monarch MKIII	ThieAudio Monarch MKIII	in-ear	711
https://jaytiss.squig.link/data/MGold%20L.txt	Thieaudio Monarch MKIV Rumble/Gold	ThieAudio Monarch MKIV RumbleGold	in-ear	711
https://jaytiss.squig.link/data/MGold%20R.txt	Thieaudio Monarch MKIV Rumble/Gold	ThieAudio Monarch MKIV RumbleGold	in-ear	711
https://jaytiss.squig.link/data/MRed%20L.txt	Thieaudio Monarch MKIV no Rumble/Red	ThieAudio Monarch MKIV no RumbleRed	in-ear	711
https://jaytiss.squig.link/data/MRed%20R.txt	Thieaudio Monarch MKIV no Rumble/Red	ThieAudio Monarch MKIV no RumbleRed	in-ear	711
https://jaytiss.squig.link/data/Oracle%20L.txt	Thieaudio Oracle	ThieAudio Oracle	in-ear	711
https://jaytiss.squig.link/data/Oracle%20R.txt	Thieaudio Oracle	ThieAudio Oracle	in-ear	711
https://jaytiss.squig.link/data/Oracle%20MKIII%20L.txt	Thieaudio Oracle MKIII	ThieAudio Oracle MKII	in-ear	711
https://jaytiss.squig.link/data/Oracle%20MKIII%20R.txt	Thieaudio Oracle MKIII	ThieAudio Oracle MKII	in-ear	711
https://jaytiss.squig.link/data/Origin%20L.txt	Thieaudio Origin	ThieAudio Origin	in-ear	711
https://jaytiss.squig.link/data/Origin%20R.txt	Thieaudio Origin	ThieAudio Origin	in-ear	711
https://jaytiss.squig.link/data/Prestige%20LTD%20L.txt	Thieaudio Prestige LTD	ThieAudio Prestige LTD	in-ear	711
https://jaytiss.squig.link/data/Prestige%20LTD%20R.txt	Thieaudio Prestige LTD	ThieAudio Prestige LTD	in-ear	711
https://jaytiss.squig.link/data/Valhalla%20L.txt	Thieaudio Valhalla	ThieAudio Valhalla	in-ear	711
https://jaytiss.squig.link/data/Valhalla%20R.txt	Thieaudio Valhalla	ThieAudio Valhalla	in-ear	711
https://jaytiss.squig.link/data/Prestige%20LTD35%20L.txt	Thieaudio Prestige LTD 3.5mm	Thieaudio Prestige LTD 3.5mm	ignore	711
https://jaytiss.squig.link/data/Prestige%20LTD35%20R.txt	Thieaudio Prestige LTD 3.5mm	Thieaudio Prestige LTD 3.5mm	ignore	711
https://jaytiss.squig.link/data/Timless2%2030%20L.txt		Timless2 30	ignore	711
https://jaytiss.squig.link/data/Timless2%2030%20R.txt		Timless2 30	ignore	711
https://jaytiss.squig.link/data/TINHIFIC1%20L.txt	TINHIFI C1	Tin HiFi C1	in-ear	711
https://jaytiss.squig.link/data/TINHIFIC1%20R.txt	TINHIFI C1	Tin HiFi C1	in-ear	711
https://jaytiss.squig.link/data/TINHIFI%20C2-2025%20L.txt	TINHIFI C2-2025	Tin HiFi C2-2025	in-ear	711
https://jaytiss.squig.link/data/TINHIFI%20C2-2025%20R.txt	TINHIFI C2-2025	Tin HiFi C2-2025	in-ear	711
https://jaytiss.squig.link/data/TINHIFI%20C3%20MKII%20L.txt	TINHIFI C3 MKII	Tin HiFi C3 MKII	in-ear	711
https://jaytiss.squig.link/data/TINHIFI%20C3%20MKII%20R.txt	TINHIFI C3 MKII	Tin HiFi C3 MKII	in-ear	711
https://jaytiss.squig.link/data/TINHIFI%20DUDU%20L.txt	TINHIFI DUDU	Tin HiFi DUDU	in-ear	711
https://jaytiss.squig.link/data/TINHIFI%20DUDU%20R.txt	TINHIFI DUDU	Tin HiFi DUDU	in-ear	711
https://jaytiss.squig.link/data/P1%20v2%20L.txt	TINHIFI P1 Max II	Tin HiFi P1 Max II	in-ear	711
https://jaytiss.squig.link/data/P1%20v2%20R.txt	TINHIFI P1 Max II	Tin HiFi P1 Max II	in-ear	711
https://jaytiss.squig.link/data/T2%20MKII%20L.txt	TinHifi T2 MKII	Tin HiFi T2 MKII	in-ear	711
https://jaytiss.squig.link/data/T2%20MKII%20R.txt	TinHifi T2 MKII	Tin HiFi T2 MKII	in-ear	711
https://jaytiss.squig.link/data/TINHIFI%20T4%20PLUS%20L.txt	TinHifi T4 Plus	Tin HiFi T4 Plus	in-ear	711
https://jaytiss.squig.link/data/TINHIFI%20T4%20PLUS%20R.txt	TinHifi T4 Plus	Tin HiFi T4 Plus	in-ear	711
https://jaytiss.squig.link/data/T5S%20L.txt	TinHifi T5S	Tin HiFi T5S	in-ear	711
https://jaytiss.squig.link/data/T5S%20R.txt	TinHifi T5S	Tin HiFi T5S	in-ear	711
https://jaytiss.squig.link/data/TinHifit6black%20L.txt	TINHIFI T6  Black Nozzles	Tin HiFi T6 Black Nozzles	in-ear	711
https://jaytiss.squig.link/data/TinHifit6black%20R.txt	TINHIFI T6  Black Nozzles	Tin HiFi T6 Black Nozzles	in-ear	711
https://jaytiss.squig.link/data/TinHifit6green%20L.txt	TINHIFI T6  Green Nozzles	Tin HiFi T6 Green Nozzles	in-ear	711
https://jaytiss.squig.link/data/TinHifit6green%20R.txt	TINHIFI T6  Green Nozzles	Tin HiFi T6 Green Nozzles	in-ear	711
https://jaytiss.squig.link/data/TinHifit6pink%20L.txt	TINHIFI T6  Pink Nozzles	Tin HiFi T6 Pink Nozzles	in-ear	711
https://jaytiss.squig.link/data/TinHifit6pink%20R.txt	TINHIFI T6  Pink Nozzles	Tin HiFi T6 Pink Nozzles	in-ear	711
https://jaytiss.squig.link/data/Tingkerh16%20L.txt	Tingker Acoustics H16	Tingker H16	in-ear	711
https://jaytiss.squig.link/data/Tingkerh16%20R.txt	Tingker Acoustics H16	Tingker H16	in-ear	711
https://jaytiss.squig.link/data/Drummer%20Pro%204%20L.txt	Tipsy Dunmer Pro 4	Tipsy Dunmer Pro 4	in-ear	711
https://jaytiss.squig.link/data/Drummer%20Pro%204%20R.txt	Tipsy Dunmer Pro 4	Tipsy Dunmer Pro 4	in-ear	711
https://jaytiss.squig.link/data/Tipsym1%20L.txt	Tipsy M1	Tipsy M1	in-ear	711
https://jaytiss.squig.link/data/Tipsym1%20R.txt	Tipsy M1	Tipsy M1	in-ear	711
https://jaytiss.squig.link/data/Tipsym3%20L.txt	Tipsy M3	Tipsy M3	in-ear	711
https://jaytiss.squig.link/data/Tipsym3%20R.txt	Tipsy M3	Tipsy M3	in-ear	711
https://jaytiss.squig.link/data/Spica260%20L.txt	Tipsy Spica 260	Tipsy Spica 260	in-ear	711
https://jaytiss.squig.link/data/Spica260%20R.txt	Tipsy Spica 260	Tipsy Spica 260	in-ear	711
https://jaytiss.squig.link/data/toppinghane0000%20L.txt	Topping  Hane 0000	Topping Hane 0000	in-ear	711
https://jaytiss.squig.link/data/toppinghane0000%20R.txt	Topping  Hane 0000	Topping Hane 0000	in-ear	711
https://jaytiss.squig.link/data/toppinghane0001%20L.txt	Topping  Hane 0001	Topping Hane 0001	in-ear	711
https://jaytiss.squig.link/data/toppinghane0001%20R.txt	Topping  Hane 0001	Topping Hane 0001	in-ear	711
https://jaytiss.squig.link/data/toppinghane0010%20L.txt	Topping  Hane 0010	Topping Hane 0010	in-ear	711
https://jaytiss.squig.link/data/toppinghane0010%20R.txt	Topping  Hane 0010	Topping Hane 0010	in-ear	711
https://jaytiss.squig.link/data/toppinghane0011%20L.txt	Topping  Hane 0011	Topping Hane 0011	in-ear	711
https://jaytiss.squig.link/data/toppinghane0011%20R.txt	Topping  Hane 0011	Topping Hane 0011	in-ear	711
https://jaytiss.squig.link/data/toppinghane0100%20L.txt	Topping  Hane 0100	Topping Hane 0100	in-ear	711
https://jaytiss.squig.link/data/toppinghane0100%20R.txt	Topping  Hane 0100	Topping Hane 0100	in-ear	711
https://jaytiss.squig.link/data/toppinghane1000%20L.txt	Topping  Hane 100	Topping Hane 100	in-ear	711
https://jaytiss.squig.link/data/toppinghane1000%20R.txt	Topping  Hane 100	Topping Hane 100	in-ear	711
https://jaytiss.squig.link/data/toppinghane1100%20L.txt	Topping  Hane 1100	Topping Hane 1100	in-ear	711
https://jaytiss.squig.link/data/toppinghane1100%20R.txt	Topping  Hane 1100	Topping Hane 1100	in-ear	711
https://jaytiss.squig.link/data/toppinghane1111%20L.txt	Topping  Hane 1111	Topping Hane 1111	in-ear	711
https://jaytiss.squig.link/data/toppinghane1111%20R.txt	Topping  Hane 1111	Topping Hane 1111	in-ear	711
https://jaytiss.squig.link/data/Kailua%20L.txt	Tripowin x HBB Kailua	Tripowin Kailua	in-ear	711
https://jaytiss.squig.link/data/Kailua%20R.txt	Tripowin x HBB Kailua	Tripowin Kailua	in-ear	711
https://jaytiss.squig.link/data/OlinaSE%20L.txt	Tripowin x HBB Olina SE	Tripowin Olina SE	in-ear	711
https://jaytiss.squig.link/data/OlinaSE%20R.txt	Tripowin x HBB Olina SE	Tripowin Olina SE	in-ear	711
https://jaytiss.squig.link/data/Gate%20L.txt	Truthear Gate	Truthear Gate	in-ear	711
https://jaytiss.squig.link/data/Gate%20R.txt	Truthear Gate	Truthear Gate	in-ear	711
https://jaytiss.squig.link/data/Hexa%20L.txt	Truthear Hexa 	Truthear Hexa	in-ear	711
https://jaytiss.squig.link/data/Hexa%20R.txt	Truthear Hexa 	Truthear Hexa	in-ear	711
https://jaytiss.squig.link/data/Hola%20L.txt	Truthear Hola	Truthear Hola	in-ear	711
https://jaytiss.squig.link/data/Hola%20R.txt	Truthear Hola	Truthear Hola	in-ear	711
https://jaytiss.squig.link/data/Truthear%20Nova%20with%20Foams%20L.txt	Truthear Nova with stock Foams	Truthear Nova	in-ear	711
https://jaytiss.squig.link/data/Truthear%20Nova%20with%20Foams%20R.txt	Truthear Nova with stock Foams	Truthear Nova	in-ear	711
https://jaytiss.squig.link/data/Nova%20L.txt	Truthear Nova 	Truthear Nova	in-ear	711
https://jaytiss.squig.link/data/Nova%20R.txt	Truthear Nova 	Truthear Nova	in-ear	711
https://jaytiss.squig.link/data/Truthear%20Nova%20L.txt	Truthear Nova with Divinus Velvet L	Truthear Nova (Divinus Velvet L eartips)	ignore	711
https://jaytiss.squig.link/data/Truthear%20Nova%20R.txt	Truthear Nova with Divinus Velvet L	Truthear Nova (Divinus Velvet L eartips)	ignore	711
https://jaytiss.squig.link/data/Pure%20L.txt	Truthear Pure	Truthear Pure	in-ear	711
https://jaytiss.squig.link/data/Pure%20R.txt	Truthear Pure	Truthear Pure	in-ear	711
https://jaytiss.squig.link/data/Blue2%20L.txt	Truthear Blue 2 stock	Truthear x Crinacle Zero Blue 2	in-ear	711
https://jaytiss.squig.link/data/Blue2%20R.txt	Truthear Blue 2 stock	Truthear x Crinacle Zero Blue 2	in-ear	711
https://jaytiss.squig.link/data/Blue210%20L.txt	Truthear Blue 2 with  ohm adapter	Truthear x Crinacle Zero Blue 2 (ohm adapter)	in-ear	711
https://jaytiss.squig.link/data/Blue210%20R.txt	Truthear Blue 2 with  ohm adapter	Truthear x Crinacle Zero Blue 2 (ohm adapter)	in-ear	711
https://jaytiss.squig.link/data/Red%20L.txt	Truthear Crinacle x Red	Truthear x Crinacle Zero RED	in-ear	711
https://jaytiss.squig.link/data/Red%20R.txt	Truthear Crinacle x Red	Truthear x Crinacle Zero RED	in-ear	711
https://jaytiss.squig.link/data/Red%20310%20L.txt	Truthear Crinacle x Red 310 ohm adapter	Truthear x Crinacle Zero RED (310 ohm adapter)	ignore	711
https://jaytiss.squig.link/data/Red%20310%20R.txt	Truthear Crinacle x Red 310 ohm adapter	Truthear x Crinacle Zero RED (310 ohm adapter)	ignore	711
https://jaytiss.squig.link/data/Red%2080%20L.txt	Truthear Crinacle x Red 90 ohm adapter	Truthear x Crinacle Zero RED (90 ohm adapter)	ignore	711
https://jaytiss.squig.link/data/Red%2080%20R.txt	Truthear Crinacle x Red 90 ohm adapter	Truthear x Crinacle Zero RED (90 ohm adapter)	ignore	711
https://jaytiss.squig.link/data/Red%2010%20L.txt	Truthear Crinacle x Red 10 ohm adapter	Truthear x Crinacle Zero RED (Bass+)	in-ear	711
https://jaytiss.squig.link/data/Red%2010%20R.txt	Truthear Crinacle x Red 10 ohm adapter	Truthear x Crinacle Zero RED (Bass+)	in-ear	711
https://jaytiss.squig.link/data/Jetblack%20L.txt	Unique Melody Jet Black	Unique Melody Jet Black	in-ear	711
https://jaytiss.squig.link/data/Jetblack%20R.txt	Unique Melody Jet Black	Unique Melody Jet Black	in-ear	711
https://jaytiss.squig.link/data/UMMaven2%20L.txt	Unique Melody Maven 2	Unique Melody Maven 2	in-ear	711
https://jaytiss.squig.link/data/UMMaven2%20R.txt	Unique Melody Maven 2	Unique Melody Maven 2	in-ear	711
https://jaytiss.squig.link/data/Unique%20Melody%20MAX%20L.txt	Unique Melody Max	Unique Melody Max	in-ear	711
https://jaytiss.squig.link/data/Unique%20Melody%20MAX%20R.txt	Unique Melody Max	Unique Melody Max	in-ear	711
https://jaytiss.squig.link/data/Stardust%20L.txt	Unique Melody Stardust	Unique Melody Stardust	in-ear	711
https://jaytiss.squig.link/data/Stardust%20R.txt	Unique Melody Stardust	Unique Melody Stardust	in-ear	711
https://jaytiss.squig.link/data/UMUXUE%20L.txt	Unique Melody UXUE	Unique Melody UXUE	in-ear	711
https://jaytiss.squig.link/data/UMUXUE%20R.txt	Unique Melody UXUE	Unique Melody UXUE	in-ear	711
https://jaytiss.squig.link/data/ETOILE%20L.txt	VOLK AUDIO ETOILE	VOLK AUDIO ETOILE	in-ear	711
https://jaytiss.squig.link/data/ETOILE%20R.txt	VOLK AUDIO ETOILE	VOLK AUDIO ETOILE	in-ear	711
https://jaytiss.squig.link/data/VsonicIceberg%20L.txt	Vsonic Iceberg	VSonic Iceberg	in-ear	711
https://jaytiss.squig.link/data/VsonicIceberg%20R.txt	Vsonic Iceberg	VSonic Iceberg	in-ear	711
https://jaytiss.squig.link/data/UA%20Guangzhi%20L.txt	Venture Electronics UA Guangzhi	Venture Electronics UA Guangzhi	in-ear	711
https://jaytiss.squig.link/data/UA%20Guangzhi%20R.txt	Venture Electronics UA Guangzhi	Venture Electronics UA Guangzhi	in-ear	711
https://jaytiss.squig.link/data/VE10%20L.txt	Vison Ears VE10	Vision Ears VE10	in-ear	711
https://jaytiss.squig.link/data/VE10%20R.txt	Vison Ears VE10	Vision Ears VE10	in-ear	711
https://jaytiss.squig.link/data/Vzonisvp07%20L.txt	Vzonis VP07	Vzonis VP07	in-ear	711
https://jaytiss.squig.link/data/Vzonisvp07%20R.txt	Vzonis VP07	Vzonis VP07	in-ear	711
https://jaytiss.squig.link/data/Mach%2010%20L.txt	Westone Audio Mach 10	Westone Audio Mach 10	in-ear	711
https://jaytiss.squig.link/data/Mach%2010%20R.txt	Westone Audio Mach 10	Westone Audio Mach 10	in-ear	711
https://jaytiss.squig.link/data/WgzblonA6%20L.txt	Wgzblon A6	Wgzblon A6	in-ear	711
https://jaytiss.squig.link/data/WgzblonA6%20R.txt	Wgzblon A6	Wgzblon A6	in-ear	711
https://jaytiss.squig.link/data/Woodnotevocal%20L.txt		Woodnotevocal	ignore	711
https://jaytiss.squig.link/data/Woodnotevocal%20R.txt		Woodnotevocal	ignore	711
https://jaytiss.squig.link/data/Mangird%20Tea%20Pro%202024%20L.txt	XENNS Mangird Tea Pro 2024	Xenns Mangird Tea Pro 2024	in-ear	711
https://jaytiss.squig.link/data/Mangird%20Tea%20Pro%202024%20R.txt	XENNS Mangird Tea Pro 2024	Xenns Mangird Tea Pro 2024	in-ear	711
https://jaytiss.squig.link/data/MangirdTeaProSE%20L.txt	XENNS Mangird Tea Pro SE	Xenns Mangird Tea Pro SE	in-ear	711
https://jaytiss.squig.link/data/MangirdTeaProSE%20R.txt	XENNS Mangird Tea Pro SE	Xenns Mangird Tea Pro SE	in-ear	711
https://jaytiss.squig.link/data/Mangird%20Tea2%20L.txt	XENNS Mangird Tea2	Xenns Mangird Tea2	in-ear	711
https://jaytiss.squig.link/data/Mangird%20Tea2%20R.txt	XENNS Mangird Tea2	Xenns Mangird Tea2	in-ear	711
https://jaytiss.squig.link/data/MangirdTopPro%20L.txt	XENNS Mangird Top Pro	Xenns Mangird Top Pro	in-ear	711
https://jaytiss.squig.link/data/MangirdTopPro%20R.txt	XENNS Mangird Top Pro	Xenns Mangird Top Pro	in-ear	711
https://jaytiss.squig.link/data/XENNS%20UP%20L.txt		Xenns UP	in-ear	711
https://jaytiss.squig.link/data/XENNS%20UP%20R.txt		Xenns UP	in-ear	711
https://jaytiss.squig.link/data/YU9AudioQUE%20L.txt	YU9 Audio QUE	YU9 Audio QUE	in-ear	711
https://jaytiss.squig.link/data/YU9AudioQUE%20R.txt	YU9 Audio QUE	YU9 Audio QUE	in-ear	711
https://jaytiss.squig.link/data/Cannon2%20L.txt	Yanyin Cannon II	Yanyin Cannon II	in-ear	711
https://jaytiss.squig.link/data/Cannon2%20R.txt	Yanyin Cannon II	Yanyin Cannon II	in-ear	711
https://jaytiss.squig.link/data/CannonPro%20L.txt	Yanyin Cannon Pro up	Yanyin Cannon Pro up	ignore	711
https://jaytiss.squig.link/data/CannonPro%20R.txt	Yanyin Cannon Pro up	Yanyin Cannon Pro up	ignore	711
https://jaytiss.squig.link/data/Carmen%20L.txt	Yanyin Carmen	Yanyin Carmen	in-ear	711
https://jaytiss.squig.link/data/Carmen%20R.txt	Yanyin Carmen	Yanyin Carmen	in-ear	711
https://jaytiss.squig.link/data/ZEEEmpire%20L.txt	Zempire Ze51B	ZEMPIREAUDIO ZE51B	in-ear	711
https://jaytiss.squig.link/data/ZEEEmpire%20R.txt	Zempire Ze51B	ZEMPIREAUDIO ZE51B	in-ear	711
https://jaytiss.squig.link/data/zsin336%20L.txt	ZiSin 336	ZiSin 336	in-ear	711
https://jaytiss.squig.link/data/zsin336%20R.txt	ZiSin 336	ZiSin 336	in-ear	711
https://jaytiss.squig.link/data/zsin340%20L.txt	ZiSin 340	ZiSin 340	in-ear	711
https://jaytiss.squig.link/data/zsin340%20R.txt	ZiSin 340	ZiSin 340	in-ear	711
https://jaytiss.squig.link/data/Arcanis%20L.txt	ZiiGaat Arcanis	ZiiGaat Arcanis	in-ear	711
https://jaytiss.squig.link/data/Arcanis%20R.txt	ZiiGaat Arcanis	ZiiGaat Arcanis	in-ear	711
https://jaytiss.squig.link/data/Cincotres%20L.txt	ZiiGaat Cincotres	ZiiGaat Cincotres	in-ear	711
https://jaytiss.squig.link/data/Cincotres%20R.txt	ZiiGaat Cincotres	ZiiGaat Cincotres	in-ear	711
https://jaytiss.squig.link/data/Cinno%20L.txt		ZiiGaat Cinno	in-ear	711
https://jaytiss.squig.link/data/Cinno%20R.txt		ZiiGaat Cinno	in-ear	711
https://jaytiss.squig.link/data/Cressant%20L.txt	ZiiGaat Crescent	ZiiGaat Crescent	in-ear	711
https://jaytiss.squig.link/data/Cressant%20R.txt	ZiiGaat Crescent	ZiiGaat Crescent	in-ear	711
https://jaytiss.squig.link/data/Doscino%20L.txt		ZiiGaat Doscinco	in-ear	711
https://jaytiss.squig.link/data/Doscino%20R.txt		ZiiGaat Doscinco	in-ear	711
https://jaytiss.squig.link/data/Doscinco%20L.txt	ZiiGaat Doscinco	ZiiGaat Doscinco	in-ear	711
https://jaytiss.squig.link/data/Doscinco%20R.txt	ZiiGaat Doscinco	ZiiGaat Doscinco	in-ear	711
https://jaytiss.squig.link/data/ZHorizon%20L.txt	ZiiGaat Horizon	ZiiGaat Horizon	in-ear	711
https://jaytiss.squig.link/data/ZHorizon%20R.txt	ZiiGaat Horizon	ZiiGaat Horizon	in-ear	711
https://jaytiss.squig.link/data/ZiggLuna%20L.txt	ZiiGaat Luna	ZiiGaat Luna	in-ear	711
https://jaytiss.squig.link/data/ZiggLuna%20R.txt	ZiiGaat Luna	ZiiGaat Luna	in-ear	711
https://jaytiss.squig.link/data/Lush%20L.txt	ZiiGaat Lush	ZiiGaat Lush	in-ear	711
https://jaytiss.squig.link/data/Lush%20R.txt	ZiiGaat Lush	ZiiGaat Lush	in-ear	711
https://jaytiss.squig.link/data/Nuo%20L.txt		ZiiGaat Nuo	in-ear	711
https://jaytiss.squig.link/data/Nuo%20R.txt		ZiiGaat Nuo	in-ear	711
https://jaytiss.squig.link/data/Odyssey%20L.txt	ZiiGaat Odyssey	ZiiGaat Odyssey	in-ear	711
https://jaytiss.squig.link/data/Odyssey%20R.txt	ZiiGaat Odyssey	ZiiGaat Odyssey	in-ear	711
https://jaytiss.squig.link/data/Arete%20L.txt	ZiiGaat x Fresh Reviews Arete	ZiiGaat x Fresh Reviews Arete	in-ear	711
https://jaytiss.squig.link/data/Arete%20R.txt	ZiiGaat x Fresh Reviews Arete	ZiiGaat x Fresh Reviews Arete	in-ear	711
https://jaytiss.squig.link/data/Arete2L%20L.txt	ZiiGaat x Fresh Reviews Arete 2 L	ZiiGaat x Fresh Reviews Arete 2 L	in-ear	711
https://jaytiss.squig.link/data/Arete2L%20R.txt	ZiiGaat x Fresh Reviews Arete 2 L	ZiiGaat x Fresh Reviews Arete 2 L	in-ear	711
https://jaytiss.squig.link/data/Arete2ON%20L.txt	ZiiGaat x Fresh Reviews Arete 2 On	ZiiGaat x Fresh Reviews Arete 2 On	in-ear	711
https://jaytiss.squig.link/data/Arete2ON%20R.txt	ZiiGaat x Fresh Reviews Arete 2 On	ZiiGaat x Fresh Reviews Arete 2 On	in-ear	711
https://jaytiss.squig.link/data/ZiggHBB2%20L.txt	ZiiGaat x HBB: Arcadia	ZiiGaat x HBB Arcadia	in-ear	711
https://jaytiss.squig.link/data/ZiggHBB2%20R.txt	ZiiGaat x HBB: Arcadia	ZiiGaat x HBB Arcadia	in-ear	711
https://jaytiss.squig.link/data/Jupitier%20L.txt	ZiiGaat x HBB Jupiter	ZiiGaat x HBB Jupiter	in-ear	711
https://jaytiss.squig.link/data/Jupitier%20R.txt	ZiiGaat x HBB Jupiter	ZiiGaat x HBB Jupiter	in-ear	711
https://jaytiss.squig.link/data/ZiggOdyssey2%20L.txt	ZiiGaat x Hangout. Audio: Odyssey 2	ZiiGaat x Hangout. Audio Odyssey 2	in-ear	711
https://jaytiss.squig.link/data/ZiggOdyssey2%20R.txt	ZiiGaat x Hangout. Audio: Odyssey 2	ZiiGaat x Hangout. Audio Odyssey 2	in-ear	711
https://jaytiss.squig.link/data/Estrella%20L.txt	ZiiGaat x Jays Audio Estrella	ZiiGaat x Jays Audio Estrella	in-ear	711
https://jaytiss.squig.link/data/Estrella%20%20R.txt	ZiiGaat x Jays Audio Estrella	ZiiGaat x Jays Audio Estrella	in-ear	711
https://jaytiss.squig.link/data/Estrella%20R.txt	ZiiGaat x Jays Audio Estrella	ZiiGaat x Jays Audio Estrella	in-ear	711
https://jaytiss.squig.link/data/ZiggRumba%20L.txt	ZiiGaat x Vivir Digital Rumba	ZiiGaat x Vivir Digital Rumba	in-ear	711
https://jaytiss.squig.link/data/ZiggRumba%20R.txt	ZiiGaat x Vivir Digital Rumba	ZiiGaat x Vivir Digital Rumba	in-ear	711
https://jaytiss.squig.link/data/ZooBirddance%20L.txt	Zoo Audio Birddance	Zoo Audio Birddance	in-ear	711
https://jaytiss.squig.link/data/ZooBirddance%20R.txt	Zoo Audio Birddance	Zoo Audio Birddance	in-ear	711
https://jaytiss.squig.link/data/asg%202.5%20L.txt		asg 2.5	ignore	711
https://jaytiss.squig.link/data/asg%202.5%20R.txt		asg 2.5	ignore	711
https://jaytiss.squig.link/data/config.js		config.js	ignore	711
https://jaytiss.squig.link/data/IvipQ%20DD%20L.txt	IvipQ DD	ivipQ DD	in-ear	711
https://jaytiss.squig.link/data/IvipQ%20DD%20R.txt	IvipQ DD	ivipQ DD	in-ear	711
https://jaytiss.squig.link/data/phone_book%20work.json		phone_book work.json	ignore	711
https://jaytiss.squig.link/data/Lucid%20L.txt	tekkusai Lucid	tekkusai Lucid	in-ear	711
https://jaytiss.squig.link/data/Lucid%20R.txt	tekkusai Lucid	tekkusai Lucid	in-ear	711
https://jaytiss.squig.link/data/twilight%20R.txt		twilight	ignore	711
https://jaytiss.squig.link/data/unity_to_unity.txt		unity_to_unity	ignore	711
https://jaytiss.squig.link/data/volume%20s%202%20L.txt		volume s 2	ignore	711
https://jaytiss.squig.link/data/volume%20s%202%20R.txt		volume s 2	ignore	711
https://jaytiss.squig.link/data/volumes2%20L.txt		volumes2	ignore	711
https://jaytiss.squig.link/data/volumes2%20R.txt		volumes2	ignore	711
https://jaytiss.squig.link/data/x%20HBB_%20Arcadia%20L.txt		x HBB_ Arcadia	ignore	711
https://jaytiss.squig.link/data/x%20HBB_%20Arcadia%20R.txt		x HBB_ Arcadia	ignore	711
https://jaytiss.squig.link/data/%ce%94%205128%20DF%2010dB%20Target		Δ 5128 DF 10dB Target	ignore	711
https://jaytiss.squig.link/data/%ce%94%20JM-1%20DF%2010dB		Δ JM-1 DF 10dB	ignore	711
