url	source_name	name	form	rig
https://filk.squig.link/iems/data/7Hz%20Dioko%20L.txt	7Hz Dioko	7Hz Salnotes Dioko	in-ear	711
https://filk.squig.link/iems/data/7Hz%20Dioko%20R.txt	7Hz Dioko	7Hz Salnotes Dioko	in-ear	711
https://filk.squig.link/iems/data/7Hz%20Timeless%20L.txt	7Hz Timeless	7Hz Timeless	in-ear	711
https://filk.squig.link/iems/data/7Hz%20Timeless%20R.txt	7Hz Timeless	7Hz Timeless	in-ear	711
https://filk.squig.link/iems/data/AFUL%20MagicOne%20L.txt	AFUL MagicOne	AFUL Acoustics MagicOne	in-ear	711
https://filk.squig.link/iems/data/AFUL%20MagicOne%20R.txt	AFUL MagicOne	AFUL Acoustics MagicOne	in-ear	711
https://filk.squig.link/data/AKG%20K371%20L.txt	AKG K371	AKG K371	over-ear	KB006x + 711
https://filk.squig.link/data/AKG%20K371%20R.txt	AKG K371	AKG K371	over-ear	KB006x + 711
https://filk.squig.link/data/K371%20dekoni%20seude%20L1.txt	AKG K371 (Dekoni Suede earpads)	AKG K371 (Dekoni Suede earpads)	over-ear	KB006x + 711
https://filk.squig.link/data/K371%20dekoni%20seude%20L2.txt	AKG K371 (Dekoni Suede earpads)	AKG K371 (Dekoni Suede earpads)	over-ear	KB006x + 711
https://filk.squig.link/data/K371%20dekoni%20seude%20L3.txt	AKG K371 (Dekoni Suede earpads)	AKG K371 (Dekoni Suede earpads)	over-ear	KB006x + 711
https://filk.squig.link/data/K371%20dekoni%20seude%20L4.txt	AKG K371 (Dekoni Suede earpads)	AKG K371 (Dekoni Suede earpads)	over-ear	KB006x + 711
https://filk.squig.link/data/K371%20dekoni%20seude%20L5.txt	AKG K371 (Dekoni Suede earpads)	AKG K371 (Dekoni Suede earpads)	over-ear	KB006x + 711
https://filk.squig.link/data/K371%20dekoni%20seude%20R1.txt	AKG K371 (Dekoni Suede earpads)	AKG K371 (Dekoni Suede earpads)	over-ear	KB006x + 711
https://filk.squig.link/data/K371%20dekoni%20seude%20R2.txt	AKG K371 (Dekoni Suede earpads)	AKG K371 (Dekoni Suede earpads)	over-ear	KB006x + 711
https://filk.squig.link/data/K371%20dekoni%20seude%20R3.txt	AKG K371 (Dekoni Suede earpads)	AKG K371 (Dekoni Suede earpads)	over-ear	KB006x + 711
https://filk.squig.link/data/K371%20dekoni%20seude%20R4.txt	AKG K371 (Dekoni Suede earpads)	AKG K371 (Dekoni Suede earpads)	over-ear	KB006x + 711
https://filk.squig.link/data/K371%20dekoni%20seude%20R5.txt	AKG K371 (Dekoni Suede earpads)	AKG K371 (Dekoni Suede earpads)	over-ear	KB006x + 711
https://filk.squig.link/data/AKG%20N700NC%20M2%20S1%20L.txt	AKG N700NC M2 (S1 ANC)	AKG N700NC M2 (ANC on)	over-ear	KB006x + 711
https://filk.squig.link/data/AKG%20N700NC%20M2%20S1%20R.txt	AKG N700NC M2 (S1 ANC)	AKG N700NC M2 (ANC on)	over-ear	KB006x + 711
https://filk.squig.link/data/N700NC%20M2%20L.txt	AKG N700NC M2 (S2 ANC)	AKG N700NC M2 (ANC on)	over-ear	KB006x + 711
https://filk.squig.link/data/N700NC%20M2%20passive%20S1%20L1.txt	AKG N700NC M2 (S1 passive)	AKG N700NC M2 (S1 passive)	over-ear	KB006x + 711
https://filk.squig.link/data/N700NC%20M2%20passive%20S1%20L2.txt	AKG N700NC M2 (S1 passive)	AKG N700NC M2 (S1 passive)	over-ear	KB006x + 711
https://filk.squig.link/data/N700NC%20M2%20passive%20S1%20L3.txt	AKG N700NC M2 (S1 passive)	AKG N700NC M2 (S1 passive)	over-ear	KB006x + 711
https://filk.squig.link/data/N700NC%20M2%20passive%20S1%20L4.txt	AKG N700NC M2 (S1 passive)	AKG N700NC M2 (S1 passive)	over-ear	KB006x + 711
https://filk.squig.link/data/N700NC%20M2%20passive%20S1%20L5.txt	AKG N700NC M2 (S1 passive)	AKG N700NC M2 (S1 passive)	over-ear	KB006x + 711
https://filk.squig.link/data/N700NC%20M2%20passive%20S1%20R1.txt	AKG N700NC M2 (S1 passive)	AKG N700NC M2 (S1 passive)	over-ear	KB006x + 711
https://filk.squig.link/data/N700NC%20M2%20passive%20S1%20R2.txt	AKG N700NC M2 (S1 passive)	AKG N700NC M2 (S1 passive)	over-ear	KB006x + 711
https://filk.squig.link/data/N700NC%20M2%20passive%20S1%20R3.txt	AKG N700NC M2 (S1 passive)	AKG N700NC M2 (S1 passive)	over-ear	KB006x + 711
https://filk.squig.link/data/N700NC%20M2%20passive%20S1%20R4.txt	AKG N700NC M2 (S1 passive)	AKG N700NC M2 (S1 passive)	over-ear	KB006x + 711
https://filk.squig.link/data/N700NC%20M2%20passive%20S1%20R5.txt	AKG N700NC M2 (S1 passive)	AKG N700NC M2 (S1 passive)	over-ear	KB006x + 711
https://filk.squig.link/data/AKG%20N700NC%20M2%20passive%20S1%20L.txt	AKG N700NC M2 (S1 passive)	AKG N700NC M2 (passive)	over-ear	KB006x + 711
https://filk.squig.link/data/AKG%20N700NC%20M2%20passive%20S1%20R.txt	AKG N700NC M2 (S1 passive)	AKG N700NC M2 (passive)	over-ear	KB006x + 711
https://filk.squig.link/data/Astro%20A50x%20L.txt	Astro A50x	ASTRO Gaming A50 X	over-ear	KB006x + 711
https://filk.squig.link/data/Astro%20A50x%20R.txt	Astro A50x	ASTRO Gaming A50 X	over-ear	KB006x + 711
https://filk.squig.link/data/ROG%20Delta%20S%20Core%20fabric%20L.txt	Asus ROG Delta S Core (Fabric earpads)	ASUS ROG Delta S Core (fabric earpads)	over-ear	KB006x + 711
https://filk.squig.link/data/ROG%20Delta%20S%20Core%20fabric%20R.txt	Asus ROG Delta S Core (Fabric earpads)	ASUS ROG Delta S Core (fabric earpads)	over-ear	KB006x + 711
https://filk.squig.link/data/ROG%20Delta%20S%20Core%20PU%20L.txt	Asus ROG Delta S Core (PU Leather earpads)	ASUS ROG Delta S Core (leather earpads)	over-ear	KB006x + 711
https://filk.squig.link/data/ROG%20Delta%20S%20Core%20PU%20R.txt	Asus ROG Delta S Core (PU Leather earpads)	ASUS ROG Delta S Core (leather earpads)	over-ear	KB006x + 711
https://filk.squig.link/data/Soundcore%20Space%20Q45%20ANC%20L.txt	Soundcore Space Q45	Anker Soundcore Space Q45	over-ear	KB006x + 711
https://filk.squig.link/data/Soundcore%20Space%20Q45%20ANC%20R.txt	Soundcore Space Q45	Anker Soundcore Space Q45	over-ear	KB006x + 711
https://filk.squig.link/iems/data/Apple%20Airpods%20Pro%202.%20gen%20L.txt	Apple Airpods Pro 2	Apple Airpods Pro 2	in-ear	711
https://filk.squig.link/iems/data/Apple%20Airpods%20Pro%202.%20gen%20R.txt	Apple Airpods Pro 2	Apple Airpods Pro 2	in-ear	711
https://filk.squig.link/data/Audio-technica%20BPHS1%20L.txt	Audio-Technica BPHS1 (stock earpads)	Audio-Technica BPHS1	over-ear	KB006x + 711
https://filk.squig.link/data/Audio-technica%20BPHS1%20R.txt	Audio-Technica BPHS1 (stock earpads)	Audio-Technica BPHS1	over-ear	KB006x + 711
https://filk.squig.link/data/BPHS1%20Genesis%20Hybrid%20L.txt	Audio-Technica BPHS1 (Genesis Hybrid earpads)	Audio-Technica BPHS1 (Genesis Hybrid earpads)	ignore	KB006x + 711
https://filk.squig.link/iems/data/Audiosense%20DT200%20L.txt	Audiosense DT200	Audiosense DT200	in-ear	711
https://filk.squig.link/iems/data/Audiosense%20DT200%20R.txt	Audiosense DT200	Audiosense DT200	in-ear	711
https://filk.squig.link/data/Hi-x60%20L.txt	Austrian Audio Hi-X60	Austrian Audio Hi-X60	over-ear	KB006x + 711
https://filk.squig.link/data/Hi-x60%20R.txt	Austrian Audio Hi-X60	Austrian Audio Hi-X60	over-ear	KB006x + 711
https://filk.squig.link/data/Baseus%20AeQur%20GH02%20USB%20L.txt	Baseus AeQur GH02 (USB/BT connection)	Baseus AeQur GH02 (active)	over-ear	KB006x + 711
https://filk.squig.link/data/Baseus%20AeQur%20GH02%20USB%20R.txt	Baseus AeQur GH02 (USB/BT connection)	Baseus AeQur GH02 (active)	over-ear	KB006x + 711
https://filk.squig.link/data/Baseus%20AeQur%20GH02%20pass%20L.txt	Baseus AeQur GH02 (passive)	Baseus AeQur GH02 (passive)	over-ear	KB006x + 711
https://filk.squig.link/data/Baseus%20AeQur%20GH02%20pass%20R.txt	Baseus AeQur GH02 (passive)	Baseus AeQur GH02 (passive)	over-ear	KB006x + 711
https://filk.squig.link/data/BH1NC%20L1.txt	Baseus BH1 NC	Baseus BH1 NC	over-ear	KB006x + 711
https://filk.squig.link/data/BH1NC%20L2.txt	Baseus BH1 NC	Baseus BH1 NC	over-ear	KB006x + 711
https://filk.squig.link/data/BH1NC%20L3.txt	Baseus BH1 NC	Baseus BH1 NC	over-ear	KB006x + 711
https://filk.squig.link/data/BH1NC%20L4.txt	Baseus BH1 NC	Baseus BH1 NC	over-ear	KB006x + 711
https://filk.squig.link/data/BH1NC%20L5.txt	Baseus BH1 NC	Baseus BH1 NC	over-ear	KB006x + 711
https://filk.squig.link/data/BH1NC%20R1.txt	Baseus BH1 NC	Baseus BH1 NC	over-ear	KB006x + 711
https://filk.squig.link/data/BH1NC%20R2.txt	Baseus BH1 NC	Baseus BH1 NC	over-ear	KB006x + 711
https://filk.squig.link/data/BH1NC%20R3.txt	Baseus BH1 NC	Baseus BH1 NC	over-ear	KB006x + 711
https://filk.squig.link/data/BH1NC%20R4.txt	Baseus BH1 NC	Baseus BH1 NC	over-ear	KB006x + 711
https://filk.squig.link/data/BH1NC%20R5.txt	Baseus BH1 NC	Baseus BH1 NC	over-ear	KB006x + 711
https://filk.squig.link/data/Baseus%20Bowie%20D05%20L.txt	Baseus Bowie D05 **	Baseus Bowie D05	over-ear	KB006x + 711
https://filk.squig.link/data/Baseus%20Bowie%20D05%20R.txt	Baseus Bowie D05 **	Baseus Bowie D05	over-ear	KB006x + 711
https://filk.squig.link/iems/data/Baseus%20Bowie%20MA20%20L.txt	Baseus Bowie MA20 (ANC off)	Baseus Bowie MA20 (ANC off)	in-ear	711
https://filk.squig.link/iems/data/Baseus%20Bowie%20MA20%20R.txt	Baseus Bowie MA20 (ANC off)	Baseus Bowie MA20 (ANC off)	in-ear	711
https://filk.squig.link/iems/data/Baseus%20Bowie%20MA20%20ANC%20L.txt	Baseus Bowie MA20 (ANC on)	Baseus Bowie MA20 (ANC on)	in-ear	711
https://filk.squig.link/iems/data/Baseus%20Bowie%20MA20%20ANC%20R.txt	Baseus Bowie MA20 (ANC on)	Baseus Bowie MA20 (ANC on)	in-ear	711
https://filk.squig.link/data/Eli%20Sport%201%20L1.txt	Baseus Eli Sport 1 	Baseus Eli Sport 1	over-ear	KB006x + 711
https://filk.squig.link/data/Eli%20Sport%201%20L2.txt	Baseus Eli Sport 1 	Baseus Eli Sport 1	over-ear	KB006x + 711
https://filk.squig.link/data/Eli%20Sport%201%20L3.txt	Baseus Eli Sport 1 	Baseus Eli Sport 1	over-ear	KB006x + 711
https://filk.squig.link/data/Eli%20Sport%201%20L4.txt	Baseus Eli Sport 1 	Baseus Eli Sport 1	over-ear	KB006x + 711
https://filk.squig.link/data/Eli%20Sport%201%20L5.txt	Baseus Eli Sport 1 	Baseus Eli Sport 1	over-ear	KB006x + 711
https://filk.squig.link/data/Eli%20Sport%201%20R1.txt	Baseus Eli Sport 1 	Baseus Eli Sport 1	over-ear	KB006x + 711
https://filk.squig.link/data/Eli%20Sport%201%20R2.txt	Baseus Eli Sport 1 	Baseus Eli Sport 1	over-ear	KB006x + 711
https://filk.squig.link/data/Eli%20Sport%201%20R3.txt	Baseus Eli Sport 1 	Baseus Eli Sport 1	over-ear	KB006x + 711
https://filk.squig.link/data/Eli%20Sport%201%20R4.txt	Baseus Eli Sport 1 	Baseus Eli Sport 1	over-ear	KB006x + 711
https://filk.squig.link/data/Eli%20Sport%201%20R5.txt	Baseus Eli Sport 1 	Baseus Eli Sport 1	over-ear	KB006x + 711
https://filk.squig.link/data/Eli%20Sport%201%20bass%20R1.txt	Baseus Eli Sport 1 Enchanced Bass mode	Baseus Eli Sport 1 Enchanced Bass mode	over-ear	KB006x + 711
https://filk.squig.link/data/Eli%20Sport%201%20bass%20R2.txt	Baseus Eli Sport 1 Enchanced Bass mode	Baseus Eli Sport 1 Enchanced Bass mode	over-ear	KB006x + 711
https://filk.squig.link/data/Eli%20Sport%201%20bass%20R3.txt	Baseus Eli Sport 1 Enchanced Bass mode	Baseus Eli Sport 1 Enchanced Bass mode	over-ear	KB006x + 711
https://filk.squig.link/data/Eli%20Sport%201%20bass%20R4.txt	Baseus Eli Sport 1 Enchanced Bass mode	Baseus Eli Sport 1 Enchanced Bass mode	over-ear	KB006x + 711
https://filk.squig.link/data/Eli%20Sport%201%20bass%20R5.txt	Baseus Eli Sport 1 Enchanced Bass mode	Baseus Eli Sport 1 Enchanced Bass mode	over-ear	KB006x + 711
https://filk.squig.link/data/Inspire%20XH1%20L1.txt	Baseus Inspire XH1 (ANC off)	Baseus Inspire XH1 (ANC off)	over-ear	KB006x + 711
https://filk.squig.link/data/Inspire%20XH1%20L2.txt	Baseus Inspire XH1 (ANC off)	Baseus Inspire XH1 (ANC off)	over-ear	KB006x + 711
https://filk.squig.link/data/Inspire%20XH1%20L3.txt	Baseus Inspire XH1 (ANC off)	Baseus Inspire XH1 (ANC off)	over-ear	KB006x + 711
https://filk.squig.link/data/Inspire%20XH1%20L4.txt	Baseus Inspire XH1 (ANC off)	Baseus Inspire XH1 (ANC off)	over-ear	KB006x + 711
https://filk.squig.link/data/Inspire%20XH1%20L5.txt	Baseus Inspire XH1 (ANC off)	Baseus Inspire XH1 (ANC off)	over-ear	KB006x + 711
https://filk.squig.link/data/Inspire%20XH1%20R1.txt	Baseus Inspire XH1 (ANC off)	Baseus Inspire XH1 (ANC off)	over-ear	KB006x + 711
https://filk.squig.link/data/Inspire%20XH1%20R2.txt	Baseus Inspire XH1 (ANC off)	Baseus Inspire XH1 (ANC off)	over-ear	KB006x + 711
https://filk.squig.link/data/Inspire%20XH1%20R3.txt	Baseus Inspire XH1 (ANC off)	Baseus Inspire XH1 (ANC off)	over-ear	KB006x + 711
https://filk.squig.link/data/Inspire%20XH1%20R4.txt	Baseus Inspire XH1 (ANC off)	Baseus Inspire XH1 (ANC off)	over-ear	KB006x + 711
https://filk.squig.link/data/Inspire%20XH1%20R5.txt	Baseus Inspire XH1 (ANC off)	Baseus Inspire XH1 (ANC off)	over-ear	KB006x + 711
https://filk.squig.link/data/Inspire%20XH1%20ANC%20L1.txt	Baseus Inspire XH1 (ANC on)	Baseus Inspire XH1 (ANC on)	over-ear	KB006x + 711
https://filk.squig.link/data/Inspire%20XH1%20ANC%20L2.txt	Baseus Inspire XH1 (ANC on)	Baseus Inspire XH1 (ANC on)	over-ear	KB006x + 711
https://filk.squig.link/data/Inspire%20XH1%20ANC%20L3.txt	Baseus Inspire XH1 (ANC on)	Baseus Inspire XH1 (ANC on)	over-ear	KB006x + 711
https://filk.squig.link/data/Inspire%20XH1%20ANC%20L4.txt	Baseus Inspire XH1 (ANC on)	Baseus Inspire XH1 (ANC on)	over-ear	KB006x + 711
https://filk.squig.link/data/Inspire%20XH1%20ANC%20L5.txt	Baseus Inspire XH1 (ANC on)	Baseus Inspire XH1 (ANC on)	over-ear	KB006x + 711
https://filk.squig.link/data/Inspire%20XH1%20ANC%20R1.txt	Baseus Inspire XH1 (ANC on)	Baseus Inspire XH1 (ANC on)	over-ear	KB006x + 711
https://filk.squig.link/data/Inspire%20XH1%20ANC%20R2.txt	Baseus Inspire XH1 (ANC on)	Baseus Inspire XH1 (ANC on)	over-ear	KB006x + 711
https://filk.squig.link/data/Inspire%20XH1%20ANC%20R3.txt	Baseus Inspire XH1 (ANC on)	Baseus Inspire XH1 (ANC on)	over-ear	KB006x + 711
https://filk.squig.link/data/Inspire%20XH1%20ANC%20R4.txt	Baseus Inspire XH1 (ANC on)	Baseus Inspire XH1 (ANC on)	over-ear	KB006x + 711
https://filk.squig.link/data/Inspire%20XH1%20ANC%20R5.txt	Baseus Inspire XH1 (ANC on)	Baseus Inspire XH1 (ANC on)	over-ear	KB006x + 711
https://filk.squig.link/data/Beyerdynamic%20DT109%20L.txt	Beyerdynamic DT109 (worn-ish earpads)	Beyerdynamic DT109 (worn-ish earpads)	ignore	KB006x + 711
https://filk.squig.link/data/Beyerdynamic%20DT109%20R.txt	Beyerdynamic DT109 (worn-ish earpads)	Beyerdynamic DT109 (worn-ish earpads)	ignore	KB006x + 711
https://filk.squig.link/data/DT900%20Pro%20X%20L1.txt	Beyerdynamic DT900 Pro X	Beyerdynamic DT900 Pro X	over-ear	KB006x + 711
https://filk.squig.link/data/DT900%20Pro%20X%20L2.txt	Beyerdynamic DT900 Pro X	Beyerdynamic DT900 Pro X	over-ear	KB006x + 711
https://filk.squig.link/data/DT900%20Pro%20X%20L3.txt	Beyerdynamic DT900 Pro X	Beyerdynamic DT900 Pro X	over-ear	KB006x + 711
https://filk.squig.link/data/DT900%20Pro%20X%20L4.txt	Beyerdynamic DT900 Pro X	Beyerdynamic DT900 Pro X	over-ear	KB006x + 711
https://filk.squig.link/data/DT900%20Pro%20X%20L5.txt	Beyerdynamic DT900 Pro X	Beyerdynamic DT900 Pro X	over-ear	KB006x + 711
https://filk.squig.link/data/DT900%20Pro%20X%20R1.txt	Beyerdynamic DT900 Pro X	Beyerdynamic DT900 Pro X	over-ear	KB006x + 711
https://filk.squig.link/data/DT900%20Pro%20X%20R2.txt	Beyerdynamic DT900 Pro X	Beyerdynamic DT900 Pro X	over-ear	KB006x + 711
https://filk.squig.link/data/DT900%20Pro%20X%20R3.txt	Beyerdynamic DT900 Pro X	Beyerdynamic DT900 Pro X	over-ear	KB006x + 711
https://filk.squig.link/data/DT900%20Pro%20X%20R4.txt	Beyerdynamic DT900 Pro X	Beyerdynamic DT900 Pro X	over-ear	KB006x + 711
https://filk.squig.link/data/DT900%20Pro%20X%20R5.txt	Beyerdynamic DT900 Pro X	Beyerdynamic DT900 Pro X	over-ear	KB006x + 711
https://filk.squig.link/data/Bose%20QC45%20L.txt	Bose QC45 (ANC)	Bose QuietComfort 45 (ANC on)	over-ear	KB006x + 711
https://filk.squig.link/data/Bose%20QC45%20R.txt	Bose QC45 (ANC)	Bose QuietComfort 45 (ANC on)	over-ear	KB006x + 711
https://filk.squig.link/data/Bose%20QC45%20passive%20L.txt	Bose QC45 (passive)	Bose QuietComfort 45 (passive)	over-ear	KB006x + 711
https://filk.squig.link/data/Bose%20QC45%20passive%20R.txt	Bose QC45 (passive)	Bose QuietComfort 45 (passive)	over-ear	KB006x + 711
https://filk.squig.link/data/Bose%20QC%20Ultra%2075%20R.txt	Bose QC Ultra (ANC on, @75 dB)	Bose QuietComfort Ultra (ANC on)	over-ear	KB006x + 711
https://filk.squig.link/data/Bose%20QC%20Ultra%2094%20R.txt	Bose QC Ultra (ANC on, @94 dB)	Bose QuietComfort Ultra (ANC on)	ignore	KB006x + 711
https://filk.squig.link/iems/data/CMF%20Buds%20Pro%20ANC%20off%20L.txt	CMF Buds Pro (ANC off)	CMF by Nothing by Nothin Buds Pro (ANC off)	in-ear	711
https://filk.squig.link/iems/data/CMF%20Buds%20Pro%20ANC%20on%20L.txt	CMF Buds Pro (ANC on)	CMF by Nothing by Nothin Buds Pro (ANC off)	in-ear	711
https://filk.squig.link/iems/data/CMF%20Buds%20Pro%20ANC%20on%20R.txt	CMF Buds Pro (ANC on)	CMF by Nothing by Nothin Buds Pro (ANC off)	in-ear	711
https://filk.squig.link/data/HS70%20Pro%20L.txt	Corsair HS70 Pro	Corsair HS70 Pro	over-ear	KB006x + 711
https://filk.squig.link/data/HS70%20Pro%20R.txt	Corsair HS70 Pro	Corsair HS70 Pro	over-ear	KB006x + 711
https://filk.squig.link/data/CAL%20L.txt	Creative Aurvana Live! (stock earpads)	Creative Aurvana Live!	over-ear	KB006x + 711
https://filk.squig.link/data/CAL%20Brainwavz%20PU%20L.txt	Creative Aurvana Live! (Brainwavz PU Leather earpads)	Creative Aurvana Live! (Brainwavz PU leather earpads)	over-ear	KB006x + 711
https://filk.squig.link/data/CAL%20Brainwavz%20PU%20R.txt	Creative Aurvana Live! (Brainwavz PU Leather earpads)	Creative Aurvana Live! (Brainwavz PU leather earpads)	over-ear	KB006x + 711
https://filk.squig.link/data/CAL%20Sheepskin%20L.txt	Creative Aurvana Live! (Brainwavz Sheepskin earpads)	Creative Aurvana Live! (Brainwavz sheepskin earpads)	over-ear	KB006x + 711
https://filk.squig.link/data/CAL%20Sheepskin%20R.txt	Creative Aurvana Live! (Brainwavz Sheepskin earpads)	Creative Aurvana Live! (Brainwavz sheepskin earpads)	over-ear	KB006x + 711
https://filk.squig.link/iems/data/Creative%20Zen%20Air%20L.txt	Creative Zen Air	Creative Zen Air	in-ear	711
https://filk.squig.link/iems/data/Creative%20Zen%20Air%20R.txt	Creative Zen Air	Creative Zen Air	in-ear	711
https://filk.squig.link/iems/data/Creative%20Zen%20DOT%20L.txt	Creative Zen DOT	Creative Zen Air DOT	in-ear	711
https://filk.squig.link/iems/data/Creative%20Zen%20DOT%20R.txt	Creative Zen DOT	Creative Zen Air DOT	in-ear	711
https://filk.squig.link/data/Zen%20Hybrid%20ANC%20off%20L.txt	Creative Zen Hybrid (ANC off)	Creative Zen Hybrid (ANC off)	over-ear	KB006x + 711
https://filk.squig.link/data/Zen%20Hybrid%20ANC%20off%20R.txt	Creative Zen Hybrid (ANC off)	Creative Zen Hybrid (ANC off)	over-ear	KB006x + 711
https://filk.squig.link/data/Zen%20Hybrid%20ANC%20on%20L.txt	Creative Zen Hybrid (ANC on)	Creative Zen Hybrid (ANC on)	over-ear	KB006x + 711
https://filk.squig.link/data/Zen%20Hybrid%20ANC%20on%20R.txt	Creative Zen Hybrid (ANC on)	Creative Zen Hybrid (ANC on)	over-ear	KB006x + 711
https://filk.squig.link/data/Zen%20Hybrid%20passive%20L.txt	Creative Zen Hybrid (passive)	Creative Zen Hybrid (passive)	over-ear	KB006x + 711
https://filk.squig.link/data/Zen%20Hybrid%20passive%20R.txt	Creative Zen Hybrid (passive)	Creative Zen Hybrid (passive)	over-ear	KB006x + 711
https://filk.squig.link/data/Creative%20Zen%20Hybrid%20Pro%20L.txt	Creative Zen Hybrid Pro (ANC off)	Creative Zen Hybrid Pro (ANC off)	over-ear	KB006x + 711
https://filk.squig.link/data/Creative%20Zen%20Hybrid%20Pro%20R.txt	Creative Zen Hybrid Pro (ANC off)	Creative Zen Hybrid Pro (ANC off)	over-ear	KB006x + 711
https://filk.squig.link/data/Creative%20Zen%20Hybrid%20Pro%20ANC%20L.txt	Creative Zen Hybrid Pro (ANC on)	Creative Zen Hybrid Pro (ANC on)	over-ear	KB006x + 711
https://filk.squig.link/data/Creative%20Zen%20Hybrid%20Pro%20ANC%20R.txt	Creative Zen Hybrid Pro (ANC on)	Creative Zen Hybrid Pro (ANC on)	over-ear	KB006x + 711
https://filk.squig.link/data/Zen%20Hybrid%20Pro%20ANC%20L1.txt	Creative Zen Hybrid Pro (ANC on)	Creative Zen Hybrid Pro (ANC on)	over-ear	KB006x + 711
https://filk.squig.link/data/Zen%20Hybrid%20Pro%20ANC%20L2.txt	Creative Zen Hybrid Pro (ANC on)	Creative Zen Hybrid Pro (ANC on)	over-ear	KB006x + 711
https://filk.squig.link/data/Zen%20Hybrid%20Pro%20ANC%20L3.txt	Creative Zen Hybrid Pro (ANC on)	Creative Zen Hybrid Pro (ANC on)	over-ear	KB006x + 711
https://filk.squig.link/data/Zen%20Hybrid%20Pro%20ANC%20L4.txt	Creative Zen Hybrid Pro (ANC on)	Creative Zen Hybrid Pro (ANC on)	over-ear	KB006x + 711
https://filk.squig.link/data/Zen%20Hybrid%20Pro%20ANC%20L5.txt	Creative Zen Hybrid Pro (ANC on)	Creative Zen Hybrid Pro (ANC on)	over-ear	KB006x + 711
https://filk.squig.link/data/Zen%20Hybrid%20Pro%20ANC%20R1.txt	Creative Zen Hybrid Pro (ANC on)	Creative Zen Hybrid Pro (ANC on)	over-ear	KB006x + 711
https://filk.squig.link/data/Zen%20Hybrid%20Pro%20ANC%20R2.txt	Creative Zen Hybrid Pro (ANC on)	Creative Zen Hybrid Pro (ANC on)	over-ear	KB006x + 711
https://filk.squig.link/data/Zen%20Hybrid%20Pro%20ANC%20R3.txt	Creative Zen Hybrid Pro (ANC on)	Creative Zen Hybrid Pro (ANC on)	over-ear	KB006x + 711
https://filk.squig.link/data/Zen%20Hybrid%20Pro%20ANC%20R4.txt	Creative Zen Hybrid Pro (ANC on)	Creative Zen Hybrid Pro (ANC on)	over-ear	KB006x + 711
https://filk.squig.link/data/Zen%20Hybrid%20Pro%20ANC%20R5.txt	Creative Zen Hybrid Pro (ANC on)	Creative Zen Hybrid Pro (ANC on)	over-ear	KB006x + 711
https://filk.squig.link/iems/data/DGKunteng%20M82%20ANC%20off%20L.txt	DGKunteng M82 (ANC off)	DGKunteng M82 (ANC off)	ignore	711
https://filk.squig.link/iems/data/DGKunteng%20M82%20ANC%20off%20R.txt	DGKunteng M82 (ANC off)	DGKunteng M82 (ANC off)	ignore	711
https://filk.squig.link/iems/data/DGKunteng%20M82%20ANC%20on%20L.txt	DGKunteng M82 (ANC on)	DGKunteng M82 (ANC on)	ignore	711
https://filk.squig.link/iems/data/DGKunteng%20M82%20ANC%20on%20R.txt	DGKunteng M82 (ANC on)	DGKunteng M82 (ANC on)	ignore	711
https://filk.squig.link/data/DGKunteng%20M82%20ANC%20off%20R.txt		DGKunteng M82 ANC off	ignore	KB006x + 711
https://filk.squig.link/data/DGKunteng%20M82%20ANC%20on%20L.txt		DGKunteng M82 ANC on	ignore	KB006x + 711
https://filk.squig.link/data/DGKunteng%20M82%20ANC%20on%20R.txt		DGKunteng M82 ANC on	ignore	KB006x + 711
https://filk.squig.link/iems/data/Titan%20X%20L.txt	Dunu Titan X	DUNU Titan X	in-ear	711
https://filk.squig.link/iems/data/Titan%20X%20R.txt	Dunu Titan X	DUNU Titan X	in-ear	711
https://filk.squig.link/data/HS4%20breath%20passive%20L1.txt	Dark Project HS4 Wireless (Breathable Earpads passive)	Dark Project HS4 Wireless (Breathable Earpads passive)	over-ear	KB006x + 711
https://filk.squig.link/data/HS4%20breath%20passive%20L2.txt	Dark Project HS4 Wireless (Breathable Earpads passive)	Dark Project HS4 Wireless (Breathable Earpads passive)	over-ear	KB006x + 711
https://filk.squig.link/data/HS4%20breath%20passive%20L3.txt	Dark Project HS4 Wireless (Breathable Earpads passive)	Dark Project HS4 Wireless (Breathable Earpads passive)	over-ear	KB006x + 711
https://filk.squig.link/data/HS4%20breath%20passive%20L4.txt	Dark Project HS4 Wireless (Breathable Earpads passive)	Dark Project HS4 Wireless (Breathable Earpads passive)	over-ear	KB006x + 711
https://filk.squig.link/data/HS4%20breath%20passive%20L5.txt	Dark Project HS4 Wireless (Breathable Earpads passive)	Dark Project HS4 Wireless (Breathable Earpads passive)	over-ear	KB006x + 711
https://filk.squig.link/data/HS4%20breath%20passive%20R1.txt	Dark Project HS4 Wireless (Breathable Earpads passive)	Dark Project HS4 Wireless (Breathable Earpads passive)	over-ear	KB006x + 711
https://filk.squig.link/data/HS4%20breath%20passive%20R2.txt	Dark Project HS4 Wireless (Breathable Earpads passive)	Dark Project HS4 Wireless (Breathable Earpads passive)	over-ear	KB006x + 711
https://filk.squig.link/data/HS4%20breath%20passive%20R3.txt	Dark Project HS4 Wireless (Breathable Earpads passive)	Dark Project HS4 Wireless (Breathable Earpads passive)	over-ear	KB006x + 711
https://filk.squig.link/data/HS4%20breath%20passive%20R4.txt	Dark Project HS4 Wireless (Breathable Earpads passive)	Dark Project HS4 Wireless (Breathable Earpads passive)	over-ear	KB006x + 711
https://filk.squig.link/data/HS4%20breath%20passive%20R5.txt	Dark Project HS4 Wireless (Breathable Earpads passive)	Dark Project HS4 Wireless (Breathable Earpads passive)	over-ear	KB006x + 711
https://filk.squig.link/data/HS4%20breath%202.4%20L1.txt	Dark Project HS4 Wireless (Breathable Earpads via 2.4 GHz)	Dark Project HS4 Wireless (Breathable Earpads via 2.4 GHz)	over-ear	KB006x + 711
https://filk.squig.link/data/HS4%20breath%202.4%20L2.txt	Dark Project HS4 Wireless (Breathable Earpads via 2.4 GHz)	Dark Project HS4 Wireless (Breathable Earpads via 2.4 GHz)	over-ear	KB006x + 711
https://filk.squig.link/data/HS4%20breath%202.4%20L3.txt	Dark Project HS4 Wireless (Breathable Earpads via 2.4 GHz)	Dark Project HS4 Wireless (Breathable Earpads via 2.4 GHz)	over-ear	KB006x + 711
https://filk.squig.link/data/HS4%20breath%202.4%20L4.txt	Dark Project HS4 Wireless (Breathable Earpads via 2.4 GHz)	Dark Project HS4 Wireless (Breathable Earpads via 2.4 GHz)	over-ear	KB006x + 711
https://filk.squig.link/data/HS4%20breath%202.4%20L5.txt	Dark Project HS4 Wireless (Breathable Earpads via 2.4 GHz)	Dark Project HS4 Wireless (Breathable Earpads via 2.4 GHz)	over-ear	KB006x + 711
https://filk.squig.link/data/HS4%20breath%202.4%20R1.txt	Dark Project HS4 Wireless (Breathable Earpads via 2.4 GHz)	Dark Project HS4 Wireless (Breathable Earpads via 2.4 GHz)	over-ear	KB006x + 711
https://filk.squig.link/data/HS4%20breath%202.4%20R2.txt	Dark Project HS4 Wireless (Breathable Earpads via 2.4 GHz)	Dark Project HS4 Wireless (Breathable Earpads via 2.4 GHz)	over-ear	KB006x + 711
https://filk.squig.link/data/HS4%20breath%202.4%20R3.txt	Dark Project HS4 Wireless (Breathable Earpads via 2.4 GHz)	Dark Project HS4 Wireless (Breathable Earpads via 2.4 GHz)	over-ear	KB006x + 711
https://filk.squig.link/data/HS4%20breath%202.4%20R4.txt	Dark Project HS4 Wireless (Breathable Earpads via 2.4 GHz)	Dark Project HS4 Wireless (Breathable Earpads via 2.4 GHz)	over-ear	KB006x + 711
https://filk.squig.link/data/HS4%20breath%202.4%20R5.txt	Dark Project HS4 Wireless (Breathable Earpads via 2.4 GHz)	Dark Project HS4 Wireless (Breathable Earpads via 2.4 GHz)	over-ear	KB006x + 711
https://filk.squig.link/data/HS4%20leather%20pas%20L1.txt	Dark Project HS4 Wireless (Leather Earpads passive)	Dark Project HS4 Wireless (Leather Earpads passive)	over-ear	KB006x + 711
https://filk.squig.link/data/HS4%20leather%20pas%20L2.txt	Dark Project HS4 Wireless (Leather Earpads passive)	Dark Project HS4 Wireless (Leather Earpads passive)	over-ear	KB006x + 711
https://filk.squig.link/data/HS4%20leather%20pas%20L3.txt	Dark Project HS4 Wireless (Leather Earpads passive)	Dark Project HS4 Wireless (Leather Earpads passive)	over-ear	KB006x + 711
https://filk.squig.link/data/HS4%20leather%20pas%20L4.txt	Dark Project HS4 Wireless (Leather Earpads passive)	Dark Project HS4 Wireless (Leather Earpads passive)	over-ear	KB006x + 711
https://filk.squig.link/data/HS4%20leather%20pas%20L5.txt	Dark Project HS4 Wireless (Leather Earpads passive)	Dark Project HS4 Wireless (Leather Earpads passive)	over-ear	KB006x + 711
https://filk.squig.link/data/HS4%20leather%20pas%20R1.txt	Dark Project HS4 Wireless (Leather Earpads passive)	Dark Project HS4 Wireless (Leather Earpads passive)	over-ear	KB006x + 711
https://filk.squig.link/data/HS4%20leather%20pas%20R2.txt	Dark Project HS4 Wireless (Leather Earpads passive)	Dark Project HS4 Wireless (Leather Earpads passive)	over-ear	KB006x + 711
https://filk.squig.link/data/HS4%20leather%20pas%20R3.txt	Dark Project HS4 Wireless (Leather Earpads passive)	Dark Project HS4 Wireless (Leather Earpads passive)	over-ear	KB006x + 711
https://filk.squig.link/data/HS4%20leather%20pas%20R4.txt	Dark Project HS4 Wireless (Leather Earpads passive)	Dark Project HS4 Wireless (Leather Earpads passive)	over-ear	KB006x + 711
https://filk.squig.link/data/HS4%20leather%20pas%20R5.txt	Dark Project HS4 Wireless (Leather Earpads passive)	Dark Project HS4 Wireless (Leather Earpads passive)	over-ear	KB006x + 711
https://filk.squig.link/data/HS4%20leather%202.4%20L1.txt	Dark Project HS4 Wireless (Leather Earpads via 2.4 GHz)	Dark Project HS4 Wireless (Leather Earpads via 2.4 GHz)	over-ear	KB006x + 711
https://filk.squig.link/data/HS4%20leather%202.4%20L2.txt	Dark Project HS4 Wireless (Leather Earpads via 2.4 GHz)	Dark Project HS4 Wireless (Leather Earpads via 2.4 GHz)	over-ear	KB006x + 711
https://filk.squig.link/data/HS4%20leather%202.4%20L3.txt	Dark Project HS4 Wireless (Leather Earpads via 2.4 GHz)	Dark Project HS4 Wireless (Leather Earpads via 2.4 GHz)	over-ear	KB006x + 711
https://filk.squig.link/data/HS4%20leather%202.4%20L4.txt	Dark Project HS4 Wireless (Leather Earpads via 2.4 GHz)	Dark Project HS4 Wireless (Leather Earpads via 2.4 GHz)	over-ear	KB006x + 711
https://filk.squig.link/data/HS4%20leather%202.4%20L5.txt	Dark Project HS4 Wireless (Leather Earpads via 2.4 GHz)	Dark Project HS4 Wireless (Leather Earpads via 2.4 GHz)	over-ear	KB006x + 711
https://filk.squig.link/data/HS4%20leather%202.4%20R1.txt	Dark Project HS4 Wireless (Leather Earpads via 2.4 GHz)	Dark Project HS4 Wireless (Leather Earpads via 2.4 GHz)	over-ear	KB006x + 711
https://filk.squig.link/data/HS4%20leather%202.4%20R2.txt	Dark Project HS4 Wireless (Leather Earpads via 2.4 GHz)	Dark Project HS4 Wireless (Leather Earpads via 2.4 GHz)	over-ear	KB006x + 711
https://filk.squig.link/data/HS4%20leather%202.4%20R3.txt	Dark Project HS4 Wireless (Leather Earpads via 2.4 GHz)	Dark Project HS4 Wireless (Leather Earpads via 2.4 GHz)	over-ear	KB006x + 711
https://filk.squig.link/data/HS4%20leather%202.4%20R4.txt	Dark Project HS4 Wireless (Leather Earpads via 2.4 GHz)	Dark Project HS4 Wireless (Leather Earpads via 2.4 GHz)	over-ear	KB006x + 711
https://filk.squig.link/data/HS4%20leather%202.4%20R5.txt	Dark Project HS4 Wireless (Leather Earpads via 2.4 GHz)	Dark Project HS4 Wireless (Leather Earpads via 2.4 GHz)	over-ear	KB006x + 711
https://filk.squig.link/data/Dark%20Project%20HS4%20breath%20pas%20L.txt	Dark Project HS4 Wireless (Breathable Earpads passive)	Dark Project HS4 Wireless (breathable earpads, passive)	over-ear	KB006x + 711
https://filk.squig.link/data/Dark%20Project%20HS4%20breath%20pas%20R.txt	Dark Project HS4 Wireless (Breathable Earpads passive)	Dark Project HS4 Wireless (breathable earpads, passive)	over-ear	KB006x + 711
https://filk.squig.link/data/Dark%20Project%20HS4%20breath%202.4%20L.txt	Dark Project HS4 Wireless (Breathable Earpads via 2.4 GHz)	Dark Project HS4 Wireless (breathable earpads, wireless)	over-ear	KB006x + 711
https://filk.squig.link/data/Dark%20Project%20HS4%20breath%202.4%20R.txt	Dark Project HS4 Wireless (Breathable Earpads via 2.4 GHz)	Dark Project HS4 Wireless (breathable earpads, wireless)	over-ear	KB006x + 711
https://filk.squig.link/data/Dark%20Project%20HS4%20leather%20pas%20L.txt	Dark Project HS4 Wireless (Leather Earpads passive)	Dark Project HS4 Wireless (leather earpads, passive)	over-ear	KB006x + 711
https://filk.squig.link/data/Dark%20Project%20HS4%20leather%20pas%20R.txt	Dark Project HS4 Wireless (Leather Earpads passive)	Dark Project HS4 Wireless (leather earpads, passive)	over-ear	KB006x + 711
https://filk.squig.link/data/Dark%20Project%20HS4%20leather%202.4%20L.txt	Dark Project HS4 Wireless (Leather Earpads via 2.4 GHz)	Dark Project HS4 Wireless (leather earpads, wireless)	over-ear	KB006x + 711
https://filk.squig.link/data/Dark%20Project%20HS4%20leather%202.4%20R.txt	Dark Project HS4 Wireless (Leather Earpads via 2.4 GHz)	Dark Project HS4 Wireless (leather earpads, wireless)	over-ear	KB006x + 711
https://filk.squig.link/data/Sono%20Wired%20L.txt	Dark Project Sono	Dark Project Sono	over-ear	KB006x + 711
https://filk.squig.link/data/Sono%20Wired%20L1.txt	Dark Project Sono	Dark Project Sono	over-ear	KB006x + 711
https://filk.squig.link/data/Sono%20Wired%20L2.txt	Dark Project Sono	Dark Project Sono	over-ear	KB006x + 711
https://filk.squig.link/data/Sono%20Wired%20L3.txt	Dark Project Sono	Dark Project Sono	over-ear	KB006x + 711
https://filk.squig.link/data/Sono%20Wired%20L4.txt	Dark Project Sono	Dark Project Sono	over-ear	KB006x + 711
https://filk.squig.link/data/Sono%20Wired%20L5.txt	Dark Project Sono	Dark Project Sono	over-ear	KB006x + 711
https://filk.squig.link/data/Sono%20Wired%20R.txt	Dark Project Sono	Dark Project Sono	over-ear	KB006x + 711
https://filk.squig.link/data/Sono%20Wired%20R1.txt	Dark Project Sono	Dark Project Sono	over-ear	KB006x + 711
https://filk.squig.link/data/Sono%20Wired%20R2.txt	Dark Project Sono	Dark Project Sono	over-ear	KB006x + 711
https://filk.squig.link/data/Sono%20Wired%20R3.txt	Dark Project Sono	Dark Project Sono	over-ear	KB006x + 711
https://filk.squig.link/data/Sono%20Wired%20R4.txt	Dark Project Sono	Dark Project Sono	over-ear	KB006x + 711
https://filk.squig.link/data/Sono%20Wired%20R5.txt	Dark Project Sono	Dark Project Sono	over-ear	KB006x + 711
https://filk.squig.link/data/Edifier%20Stax%20Spirit%20S3%20fablea%20L.txt	Edifier Stax Spirit S3 (fabric earpads + leather earpads preset)	Edifier Stax Spirit S3 (fabric earpads + leather earpads preset)	ignore	KB006x + 711
https://filk.squig.link/data/Edifier%20Stax%20Spirit%20S3%20fablea%20R.txt	Edifier Stax Spirit S3 (fabric earpads + leather earpads preset)	Edifier Stax Spirit S3 (fabric earpads + leather earpads preset)	ignore	KB006x + 711
https://filk.squig.link/data/Stax%20Spirit%20S3%20fablea%20L1.txt	Edifier Stax Spirit S3 (fabric earpads + leather earpads preset)	Edifier Stax Spirit S3 (fabric earpads + leather earpads preset)	over-ear	KB006x + 711
https://filk.squig.link/data/Stax%20Spirit%20S3%20fablea%20L2.txt	Edifier Stax Spirit S3 (fabric earpads + leather earpads preset)	Edifier Stax Spirit S3 (fabric earpads + leather earpads preset)	over-ear	KB006x + 711
https://filk.squig.link/data/Stax%20Spirit%20S3%20fablea%20L3.txt	Edifier Stax Spirit S3 (fabric earpads + leather earpads preset)	Edifier Stax Spirit S3 (fabric earpads + leather earpads preset)	over-ear	KB006x + 711
https://filk.squig.link/data/Stax%20Spirit%20S3%20fablea%20L4.txt	Edifier Stax Spirit S3 (fabric earpads + leather earpads preset)	Edifier Stax Spirit S3 (fabric earpads + leather earpads preset)	over-ear	KB006x + 711
https://filk.squig.link/data/Stax%20Spirit%20S3%20fablea%20L5.txt	Edifier Stax Spirit S3 (fabric earpads + leather earpads preset)	Edifier Stax Spirit S3 (fabric earpads + leather earpads preset)	over-ear	KB006x + 711
https://filk.squig.link/data/Stax%20Spirit%20S3%20fablea%20R1.txt	Edifier Stax Spirit S3 (fabric earpads + leather earpads preset)	Edifier Stax Spirit S3 (fabric earpads + leather earpads preset)	over-ear	KB006x + 711
https://filk.squig.link/data/Stax%20Spirit%20S3%20fablea%20R2.txt	Edifier Stax Spirit S3 (fabric earpads + leather earpads preset)	Edifier Stax Spirit S3 (fabric earpads + leather earpads preset)	over-ear	KB006x + 711
https://filk.squig.link/data/Stax%20Spirit%20S3%20fablea%20R3.txt	Edifier Stax Spirit S3 (fabric earpads + leather earpads preset)	Edifier Stax Spirit S3 (fabric earpads + leather earpads preset)	over-ear	KB006x + 711
https://filk.squig.link/data/Stax%20Spirit%20S3%20fablea%20R4.txt	Edifier Stax Spirit S3 (fabric earpads + leather earpads preset)	Edifier Stax Spirit S3 (fabric earpads + leather earpads preset)	over-ear	KB006x + 711
https://filk.squig.link/data/Stax%20Spirit%20S3%20fablea%20R5.txt	Edifier Stax Spirit S3 (fabric earpads + leather earpads preset)	Edifier Stax Spirit S3 (fabric earpads + leather earpads preset)	over-ear	KB006x + 711
https://filk.squig.link/data/Edifier%20Stax%20Spirit%20S3%20fabric%20L.txt	Edifier Stax Spirit S3 (fabric earpads)	Edifier Stax Spirit S3 (fabric earpads)	over-ear	KB006x + 711
https://filk.squig.link/data/Edifier%20Stax%20Spirit%20S3%20fabric%20R.txt	Edifier Stax Spirit S3 (fabric earpads)	Edifier Stax Spirit S3 (fabric earpads)	over-ear	KB006x + 711
https://filk.squig.link/data/Stax%20Spirit%20S3%20fabric%20L1.txt	Edifier Stax Spirit S3 (fabric earpads)	Edifier Stax Spirit S3 (fabric earpads)	over-ear	KB006x + 711
https://filk.squig.link/data/Stax%20Spirit%20S3%20fabric%20L2.txt	Edifier Stax Spirit S3 (fabric earpads)	Edifier Stax Spirit S3 (fabric earpads)	over-ear	KB006x + 711
https://filk.squig.link/data/Stax%20Spirit%20S3%20fabric%20L3.txt	Edifier Stax Spirit S3 (fabric earpads)	Edifier Stax Spirit S3 (fabric earpads)	over-ear	KB006x + 711
https://filk.squig.link/data/Stax%20Spirit%20S3%20fabric%20L4.txt	Edifier Stax Spirit S3 (fabric earpads)	Edifier Stax Spirit S3 (fabric earpads)	over-ear	KB006x + 711
https://filk.squig.link/data/Stax%20Spirit%20S3%20fabric%20L5.txt	Edifier Stax Spirit S3 (fabric earpads)	Edifier Stax Spirit S3 (fabric earpads)	over-ear	KB006x + 711
https://filk.squig.link/data/Stax%20Spirit%20S3%20fabric%20R1.txt	Edifier Stax Spirit S3 (fabric earpads)	Edifier Stax Spirit S3 (fabric earpads)	over-ear	KB006x + 711
https://filk.squig.link/data/Stax%20Spirit%20S3%20fabric%20R2.txt	Edifier Stax Spirit S3 (fabric earpads)	Edifier Stax Spirit S3 (fabric earpads)	over-ear	KB006x + 711
https://filk.squig.link/data/Stax%20Spirit%20S3%20fabric%20R3.txt	Edifier Stax Spirit S3 (fabric earpads)	Edifier Stax Spirit S3 (fabric earpads)	over-ear	KB006x + 711
https://filk.squig.link/data/Stax%20Spirit%20S3%20fabric%20R4.txt	Edifier Stax Spirit S3 (fabric earpads)	Edifier Stax Spirit S3 (fabric earpads)	over-ear	KB006x + 711
https://filk.squig.link/data/Stax%20Spirit%20S3%20fabric%20R5.txt	Edifier Stax Spirit S3 (fabric earpads)	Edifier Stax Spirit S3 (fabric earpads)	over-ear	KB006x + 711
https://filk.squig.link/data/Edifier%20Stax%20Spirit%20S3%20hifi%20L.txt	Edifier Stax Spirit S3 (leather earpads + HiFi EQ)	Edifier Stax Spirit S3 (leather earpads + HiFi EQ)	ignore	KB006x + 711
https://filk.squig.link/data/Edifier%20Stax%20Spirit%20S3%20hifi%20R.txt	Edifier Stax Spirit S3 (leather earpads + HiFi EQ)	Edifier Stax Spirit S3 (leather earpads + HiFi EQ)	ignore	KB006x + 711
https://filk.squig.link/data/Stax%20Spirit%20S3%20hifi%20L1.txt	Edifier Stax Spirit S3 (leather earpads + HiFi EQ)	Edifier Stax Spirit S3 (leather earpads + HiFi EQ)	over-ear	KB006x + 711
https://filk.squig.link/data/Stax%20Spirit%20S3%20hifi%20L2.txt	Edifier Stax Spirit S3 (leather earpads + HiFi EQ)	Edifier Stax Spirit S3 (leather earpads + HiFi EQ)	over-ear	KB006x + 711
https://filk.squig.link/data/Stax%20Spirit%20S3%20hifi%20L3.txt	Edifier Stax Spirit S3 (leather earpads + HiFi EQ)	Edifier Stax Spirit S3 (leather earpads + HiFi EQ)	over-ear	KB006x + 711
https://filk.squig.link/data/Stax%20Spirit%20S3%20hifi%20L4.txt	Edifier Stax Spirit S3 (leather earpads + HiFi EQ)	Edifier Stax Spirit S3 (leather earpads + HiFi EQ)	over-ear	KB006x + 711
https://filk.squig.link/data/Stax%20Spirit%20S3%20hifi%20L5.txt	Edifier Stax Spirit S3 (leather earpads + HiFi EQ)	Edifier Stax Spirit S3 (leather earpads + HiFi EQ)	over-ear	KB006x + 711
https://filk.squig.link/data/Stax%20Spirit%20S3%20hifi%20R1.txt	Edifier Stax Spirit S3 (leather earpads + HiFi EQ)	Edifier Stax Spirit S3 (leather earpads + HiFi EQ)	over-ear	KB006x + 711
https://filk.squig.link/data/Stax%20Spirit%20S3%20hifi%20R2.txt	Edifier Stax Spirit S3 (leather earpads + HiFi EQ)	Edifier Stax Spirit S3 (leather earpads + HiFi EQ)	over-ear	KB006x + 711
https://filk.squig.link/data/Stax%20Spirit%20S3%20hifi%20R3.txt	Edifier Stax Spirit S3 (leather earpads + HiFi EQ)	Edifier Stax Spirit S3 (leather earpads + HiFi EQ)	over-ear	KB006x + 711
https://filk.squig.link/data/Stax%20Spirit%20S3%20hifi%20R4.txt	Edifier Stax Spirit S3 (leather earpads + HiFi EQ)	Edifier Stax Spirit S3 (leather earpads + HiFi EQ)	over-ear	KB006x + 711
https://filk.squig.link/data/Stax%20Spirit%20S3%20hifi%20R5.txt	Edifier Stax Spirit S3 (leather earpads + HiFi EQ)	Edifier Stax Spirit S3 (leather earpads + HiFi EQ)	over-ear	KB006x + 711
https://filk.squig.link/data/Edifier%20Stax%20Spirit%20S3%20stax%20L.txt	Edifier Stax Spirit S3 (leather earpads + Stax EQ)	Edifier Stax Spirit S3 (leather earpads + Stax EQ)	ignore	KB006x + 711
https://filk.squig.link/data/Edifier%20Stax%20Spirit%20S3%20stax%20R.txt	Edifier Stax Spirit S3 (leather earpads + Stax EQ)	Edifier Stax Spirit S3 (leather earpads + Stax EQ)	ignore	KB006x + 711
https://filk.squig.link/data/Stax%20Spirit%20S3%20stax%20L1.txt	Edifier Stax Spirit S3 (leather earpads + Stax EQ)	Edifier Stax Spirit S3 (leather earpads + Stax EQ)	over-ear	KB006x + 711
https://filk.squig.link/data/Stax%20Spirit%20S3%20stax%20L2.txt	Edifier Stax Spirit S3 (leather earpads + Stax EQ)	Edifier Stax Spirit S3 (leather earpads + Stax EQ)	over-ear	KB006x + 711
https://filk.squig.link/data/Stax%20Spirit%20S3%20stax%20L3.txt	Edifier Stax Spirit S3 (leather earpads + Stax EQ)	Edifier Stax Spirit S3 (leather earpads + Stax EQ)	over-ear	KB006x + 711
https://filk.squig.link/data/Stax%20Spirit%20S3%20stax%20L4.txt	Edifier Stax Spirit S3 (leather earpads + Stax EQ)	Edifier Stax Spirit S3 (leather earpads + Stax EQ)	over-ear	KB006x + 711
https://filk.squig.link/data/Stax%20Spirit%20S3%20stax%20L5.txt	Edifier Stax Spirit S3 (leather earpads + Stax EQ)	Edifier Stax Spirit S3 (leather earpads + Stax EQ)	over-ear	KB006x + 711
https://filk.squig.link/data/Stax%20Spirit%20S3%20stax%20R1.txt	Edifier Stax Spirit S3 (leather earpads + Stax EQ)	Edifier Stax Spirit S3 (leather earpads + Stax EQ)	over-ear	KB006x + 711
https://filk.squig.link/data/Stax%20Spirit%20S3%20stax%20R2.txt	Edifier Stax Spirit S3 (leather earpads + Stax EQ)	Edifier Stax Spirit S3 (leather earpads + Stax EQ)	over-ear	KB006x + 711
https://filk.squig.link/data/Stax%20Spirit%20S3%20stax%20R3.txt	Edifier Stax Spirit S3 (leather earpads + Stax EQ)	Edifier Stax Spirit S3 (leather earpads + Stax EQ)	over-ear	KB006x + 711
https://filk.squig.link/data/Stax%20Spirit%20S3%20stax%20R4.txt	Edifier Stax Spirit S3 (leather earpads + Stax EQ)	Edifier Stax Spirit S3 (leather earpads + Stax EQ)	over-ear	KB006x + 711
https://filk.squig.link/data/Stax%20Spirit%20S3%20stax%20R5.txt	Edifier Stax Spirit S3 (leather earpads + Stax EQ)	Edifier Stax Spirit S3 (leather earpads + Stax EQ)	over-ear	KB006x + 711
https://filk.squig.link/data/Edifier%20Stax%20Spirit%20S3%20L.txt	Edifier Stax Spirit S3 (leather earpads)	Edifier Stax Spirit S3 (leather earpads)	over-ear	KB006x + 711
https://filk.squig.link/data/Edifier%20Stax%20Spirit%20S3%20R.txt	Edifier Stax Spirit S3 (leather earpads)	Edifier Stax Spirit S3 (leather earpads)	over-ear	KB006x + 711
https://filk.squig.link/data/Stax%20Spirit%20S3%20L1.txt	Edifier Stax Spirit S3 (leather earpads)	Edifier Stax Spirit S3 (leather earpads)	over-ear	KB006x + 711
https://filk.squig.link/data/Stax%20Spirit%20S3%20L2.txt	Edifier Stax Spirit S3 (leather earpads)	Edifier Stax Spirit S3 (leather earpads)	over-ear	KB006x + 711
https://filk.squig.link/data/Stax%20Spirit%20S3%20L3.txt	Edifier Stax Spirit S3 (leather earpads)	Edifier Stax Spirit S3 (leather earpads)	over-ear	KB006x + 711
https://filk.squig.link/data/Stax%20Spirit%20S3%20L4.txt	Edifier Stax Spirit S3 (leather earpads)	Edifier Stax Spirit S3 (leather earpads)	over-ear	KB006x + 711
https://filk.squig.link/data/Stax%20Spirit%20S3%20L5.txt	Edifier Stax Spirit S3 (leather earpads)	Edifier Stax Spirit S3 (leather earpads)	over-ear	KB006x + 711
https://filk.squig.link/data/Stax%20Spirit%20S3%20R1.txt	Edifier Stax Spirit S3 (leather earpads)	Edifier Stax Spirit S3 (leather earpads)	over-ear	KB006x + 711
https://filk.squig.link/data/Stax%20Spirit%20S3%20R2.txt	Edifier Stax Spirit S3 (leather earpads)	Edifier Stax Spirit S3 (leather earpads)	over-ear	KB006x + 711
https://filk.squig.link/data/Stax%20Spirit%20S3%20R3.txt	Edifier Stax Spirit S3 (leather earpads)	Edifier Stax Spirit S3 (leather earpads)	over-ear	KB006x + 711
https://filk.squig.link/data/Stax%20Spirit%20S3%20R4.txt	Edifier Stax Spirit S3 (leather earpads)	Edifier Stax Spirit S3 (leather earpads)	over-ear	KB006x + 711
https://filk.squig.link/data/Stax%20Spirit%20S3%20R5.txt	Edifier Stax Spirit S3 (leather earpads)	Edifier Stax Spirit S3 (leather earpads)	over-ear	KB006x + 711
https://filk.squig.link/iems/data/Edifier%20W260NC%20L.txt	Edifier W260NC	Edifier W260NC	in-ear	711
https://filk.squig.link/iems/data/Edifier%20W260NC%20R.txt	Edifier W260NC	Edifier W260NC	in-ear	711
https://filk.squig.link/data/W80%20L1.txt	Edifier W80 (ANC on)	Edifier W80 (ANC on)	over-ear	KB006x + 711
https://filk.squig.link/data/W80%20L2.txt	Edifier W80 (ANC on)	Edifier W80 (ANC on)	over-ear	KB006x + 711
https://filk.squig.link/data/W80%20L3.txt	Edifier W80 (ANC on)	Edifier W80 (ANC on)	over-ear	KB006x + 711
https://filk.squig.link/data/W80%20L4.txt	Edifier W80 (ANC on)	Edifier W80 (ANC on)	over-ear	KB006x + 711
https://filk.squig.link/data/W80%20L5.txt	Edifier W80 (ANC on)	Edifier W80 (ANC on)	over-ear	KB006x + 711
https://filk.squig.link/data/W80%20R1.txt	Edifier W80 (ANC on)	Edifier W80 (ANC on)	over-ear	KB006x + 711
https://filk.squig.link/data/W80%20R2.txt	Edifier W80 (ANC on)	Edifier W80 (ANC on)	over-ear	KB006x + 711
https://filk.squig.link/data/W80%20R3.txt	Edifier W80 (ANC on)	Edifier W80 (ANC on)	over-ear	KB006x + 711
https://filk.squig.link/data/W80%20R4.txt	Edifier W80 (ANC on)	Edifier W80 (ANC on)	over-ear	KB006x + 711
https://filk.squig.link/data/W80%20R5.txt	Edifier W80 (ANC on)	Edifier W80 (ANC on)	over-ear	KB006x + 711
https://filk.squig.link/data/W820NB%20ANC%20on%20L.txt	Edifier W820NB (ANC on)	Edifier W820NB (ANC on)	over-ear	KB006x + 711
https://filk.squig.link/data/W820NB%20ANC%20on%20R.txt	Edifier W820NB (ANC on)	Edifier W820NB (ANC on)	over-ear	KB006x + 711
https://filk.squig.link/data/Edifier%20W820NB%20L1.txt	Edifier W820NB (ANC on)	Edifier W820NB (ANC on)	over-ear	KB006x + 711
https://filk.squig.link/data/Edifier%20W820NB%20L2.txt	Edifier W820NB (ANC on)	Edifier W820NB (ANC on)	over-ear	KB006x + 711
https://filk.squig.link/data/Edifier%20W820NB%20L3.txt	Edifier W820NB (ANC on)	Edifier W820NB (ANC on)	over-ear	KB006x + 711
https://filk.squig.link/data/Edifier%20W820NB%20L4.txt	Edifier W820NB (ANC on)	Edifier W820NB (ANC on)	over-ear	KB006x + 711
https://filk.squig.link/data/Edifier%20W820NB%20L5.txt	Edifier W820NB (ANC on)	Edifier W820NB (ANC on)	over-ear	KB006x + 711
https://filk.squig.link/data/Edifier%20W820NB%20R1.txt	Edifier W820NB (ANC on)	Edifier W820NB (ANC on)	over-ear	KB006x + 711
https://filk.squig.link/data/Edifier%20W820NB%20R2.txt	Edifier W820NB (ANC on)	Edifier W820NB (ANC on)	over-ear	KB006x + 711
https://filk.squig.link/data/Edifier%20W820NB%20R3.txt	Edifier W820NB (ANC on)	Edifier W820NB (ANC on)	over-ear	KB006x + 711
https://filk.squig.link/data/Edifier%20W820NB%20R4.txt	Edifier W820NB (ANC on)	Edifier W820NB (ANC on)	over-ear	KB006x + 711
https://filk.squig.link/data/Edifier%20W820NB%20R5.txt	Edifier W820NB (ANC on)	Edifier W820NB (ANC on)	over-ear	KB006x + 711
https://filk.squig.link/data/W820NB%20passive%20L.txt	Edifier W820NB (passive)	Edifier W820NB (passive)	over-ear	KB006x + 711
https://filk.squig.link/data/W820NB%20passive%20R.txt	Edifier W820NB (passive)	Edifier W820NB (passive)	over-ear	KB006x + 711
https://filk.squig.link/data/Edifier%20W820NB%20Plus%20L.txt	Edifier W820NB Plus	Edifier W820NB Plus	over-ear	KB006x + 711
https://filk.squig.link/data/Edifier%20W820NB%20Plus%20R.txt	Edifier W820NB Plus	Edifier W820NB Plus	over-ear	KB006x + 711
https://filk.squig.link/data/WH950NB%20flat%20L1.txt	Edifier WH950NB (ANC off + Customized EQ flat)	Edifier WH950NB (ANC off + Customized EQ flat)	over-ear	KB006x + 711
https://filk.squig.link/data/WH950NB%20flat%20L2.txt	Edifier WH950NB (ANC off + Customized EQ flat)	Edifier WH950NB (ANC off + Customized EQ flat)	over-ear	KB006x + 711
https://filk.squig.link/data/WH950NB%20flat%20L3.txt	Edifier WH950NB (ANC off + Customized EQ flat)	Edifier WH950NB (ANC off + Customized EQ flat)	over-ear	KB006x + 711
https://filk.squig.link/data/WH950NB%20flat%20L4.txt	Edifier WH950NB (ANC off + Customized EQ flat)	Edifier WH950NB (ANC off + Customized EQ flat)	over-ear	KB006x + 711
https://filk.squig.link/data/WH950NB%20flat%20L5.txt	Edifier WH950NB (ANC off + Customized EQ flat)	Edifier WH950NB (ANC off + Customized EQ flat)	over-ear	KB006x + 711
https://filk.squig.link/data/WH950NB%20flat%20R1.txt	Edifier WH950NB (ANC off + Customized EQ flat)	Edifier WH950NB (ANC off + Customized EQ flat)	over-ear	KB006x + 711
https://filk.squig.link/data/WH950NB%20flat%20R2.txt	Edifier WH950NB (ANC off + Customized EQ flat)	Edifier WH950NB (ANC off + Customized EQ flat)	over-ear	KB006x + 711
https://filk.squig.link/data/WH950NB%20flat%20R3.txt	Edifier WH950NB (ANC off + Customized EQ flat)	Edifier WH950NB (ANC off + Customized EQ flat)	over-ear	KB006x + 711
https://filk.squig.link/data/WH950NB%20flat%20R4.txt	Edifier WH950NB (ANC off + Customized EQ flat)	Edifier WH950NB (ANC off + Customized EQ flat)	over-ear	KB006x + 711
https://filk.squig.link/data/WH950NB%20flat%20R5.txt	Edifier WH950NB (ANC off + Customized EQ flat)	Edifier WH950NB (ANC off + Customized EQ flat)	over-ear	KB006x + 711
https://filk.squig.link/data/Edifier%20WH950NB%20flat%20L.txt	Edifier WH950NB (ANC off + Customized EQ flat)	Edifier WH950NB (ANC off, customized EQ flat)	over-ear	KB006x + 711
https://filk.squig.link/data/Edifier%20WH950NB%20flat%20R.txt	Edifier WH950NB (ANC off + Customized EQ flat)	Edifier WH950NB (ANC off, customized EQ flat)	over-ear	KB006x + 711
https://filk.squig.link/data/WH950NB%20cla%20ANC%20L1.txt	Edifier WH950NB (ANC on + Classic EQ)	Edifier WH950NB (ANC on + Classic EQ)	over-ear	KB006x + 711
https://filk.squig.link/data/WH950NB%20cla%20ANC%20L2.txt	Edifier WH950NB (ANC on + Classic EQ)	Edifier WH950NB (ANC on + Classic EQ)	over-ear	KB006x + 711
https://filk.squig.link/data/WH950NB%20cla%20ANC%20L3.txt	Edifier WH950NB (ANC on + Classic EQ)	Edifier WH950NB (ANC on + Classic EQ)	over-ear	KB006x + 711
https://filk.squig.link/data/WH950NB%20cla%20ANC%20L4.txt	Edifier WH950NB (ANC on + Classic EQ)	Edifier WH950NB (ANC on + Classic EQ)	over-ear	KB006x + 711
https://filk.squig.link/data/WH950NB%20cla%20ANC%20L5.txt	Edifier WH950NB (ANC on + Classic EQ)	Edifier WH950NB (ANC on + Classic EQ)	over-ear	KB006x + 711
https://filk.squig.link/data/WH950NB%20cla%20ANC%20R1.txt	Edifier WH950NB (ANC on + Classic EQ)	Edifier WH950NB (ANC on + Classic EQ)	over-ear	KB006x + 711
https://filk.squig.link/data/WH950NB%20cla%20ANC%20R2.txt	Edifier WH950NB (ANC on + Classic EQ)	Edifier WH950NB (ANC on + Classic EQ)	over-ear	KB006x + 711
https://filk.squig.link/data/WH950NB%20cla%20ANC%20R3.txt	Edifier WH950NB (ANC on + Classic EQ)	Edifier WH950NB (ANC on + Classic EQ)	over-ear	KB006x + 711
https://filk.squig.link/data/WH950NB%20cla%20ANC%20R4.txt	Edifier WH950NB (ANC on + Classic EQ)	Edifier WH950NB (ANC on + Classic EQ)	over-ear	KB006x + 711
https://filk.squig.link/data/WH950NB%20cla%20ANC%20R5.txt	Edifier WH950NB (ANC on + Classic EQ)	Edifier WH950NB (ANC on + Classic EQ)	over-ear	KB006x + 711
https://filk.squig.link/data/WH950NB%20flat%20ANC%20L1.txt	Edifier WH950NB (ANC on + Customized EQ flat)	Edifier WH950NB (ANC on + Customized EQ flat)	over-ear	KB006x + 711
https://filk.squig.link/data/WH950NB%20flat%20ANC%20L2.txt	Edifier WH950NB (ANC on + Customized EQ flat)	Edifier WH950NB (ANC on + Customized EQ flat)	over-ear	KB006x + 711
https://filk.squig.link/data/WH950NB%20flat%20ANC%20L3.txt	Edifier WH950NB (ANC on + Customized EQ flat)	Edifier WH950NB (ANC on + Customized EQ flat)	over-ear	KB006x + 711
https://filk.squig.link/data/WH950NB%20flat%20ANC%20L4.txt	Edifier WH950NB (ANC on + Customized EQ flat)	Edifier WH950NB (ANC on + Customized EQ flat)	over-ear	KB006x + 711
https://filk.squig.link/data/WH950NB%20flat%20ANC%20L5.txt	Edifier WH950NB (ANC on + Customized EQ flat)	Edifier WH950NB (ANC on + Customized EQ flat)	over-ear	KB006x + 711
https://filk.squig.link/data/WH950NB%20flat%20ANC%20R1.txt	Edifier WH950NB (ANC on + Customized EQ flat)	Edifier WH950NB (ANC on + Customized EQ flat)	over-ear	KB006x + 711
https://filk.squig.link/data/WH950NB%20flat%20ANC%20R2.txt	Edifier WH950NB (ANC on + Customized EQ flat)	Edifier WH950NB (ANC on + Customized EQ flat)	over-ear	KB006x + 711
https://filk.squig.link/data/WH950NB%20flat%20ANC%20R3.txt	Edifier WH950NB (ANC on + Customized EQ flat)	Edifier WH950NB (ANC on + Customized EQ flat)	over-ear	KB006x + 711
https://filk.squig.link/data/WH950NB%20flat%20ANC%20R4.txt	Edifier WH950NB (ANC on + Customized EQ flat)	Edifier WH950NB (ANC on + Customized EQ flat)	over-ear	KB006x + 711
https://filk.squig.link/data/WH950NB%20flat%20ANC%20R5.txt	Edifier WH950NB (ANC on + Customized EQ flat)	Edifier WH950NB (ANC on + Customized EQ flat)	over-ear	KB006x + 711
https://filk.squig.link/data/Edifier%20WH950NB%20cla%20ANC%20L.txt	Edifier WH950NB (ANC on + Classic EQ)	Edifier WH950NB (ANC on, classic EQ)	over-ear	KB006x + 711
https://filk.squig.link/data/Edifier%20WH950NB%20cla%20ANC%20R.txt	Edifier WH950NB (ANC on + Classic EQ)	Edifier WH950NB (ANC on, classic EQ)	over-ear	KB006x + 711
https://filk.squig.link/data/Edifier%20WH950NB%20flat%20ANC%20L.txt	Edifier WH950NB (ANC on + Customized EQ flat)	Edifier WH950NB (ANC on, customized EQ flat)	over-ear	KB006x + 711
https://filk.squig.link/data/Edifier%20WH950NB%20flat%20ANC%20R.txt	Edifier WH950NB (ANC on + Customized EQ flat)	Edifier WH950NB (ANC on, customized EQ flat)	over-ear	KB006x + 711
https://filk.squig.link/data/Edifier%20WH950NB%20passive%20L.txt	Edifier WH950NB (passive)	Edifier WH950NB (passive)	over-ear	KB006x + 711
https://filk.squig.link/data/Edifier%20WH950NB%20passive%20R.txt	Edifier WH950NB (passive)	Edifier WH950NB (passive)	over-ear	KB006x + 711
https://filk.squig.link/data/WH950NB%20passive%20L1.txt	Edifier WH950NB (passive)	Edifier WH950NB (passive)	over-ear	KB006x + 711
https://filk.squig.link/data/WH950NB%20passive%20L2.txt	Edifier WH950NB (passive)	Edifier WH950NB (passive)	over-ear	KB006x + 711
https://filk.squig.link/data/WH950NB%20passive%20L3.txt	Edifier WH950NB (passive)	Edifier WH950NB (passive)	over-ear	KB006x + 711
https://filk.squig.link/data/WH950NB%20passive%20L4.txt	Edifier WH950NB (passive)	Edifier WH950NB (passive)	over-ear	KB006x + 711
https://filk.squig.link/data/WH950NB%20passive%20L5.txt	Edifier WH950NB (passive)	Edifier WH950NB (passive)	over-ear	KB006x + 711
https://filk.squig.link/data/WH950NB%20passive%20R1.txt	Edifier WH950NB (passive)	Edifier WH950NB (passive)	over-ear	KB006x + 711
https://filk.squig.link/data/WH950NB%20passive%20R2.txt	Edifier WH950NB (passive)	Edifier WH950NB (passive)	over-ear	KB006x + 711
https://filk.squig.link/data/WH950NB%20passive%20R3.txt	Edifier WH950NB (passive)	Edifier WH950NB (passive)	over-ear	KB006x + 711
https://filk.squig.link/data/WH950NB%20passive%20R4.txt	Edifier WH950NB (passive)	Edifier WH950NB (passive)	over-ear	KB006x + 711
https://filk.squig.link/data/WH950NB%20passive%20R5.txt	Edifier WH950NB (passive)	Edifier WH950NB (passive)	over-ear	KB006x + 711
https://filk.squig.link/data/Endorfy%20Viro%20Infra%20L.txt	Endorfy Viro Infra	Endorfy Viro Infra	over-ear	KB006x + 711
https://filk.squig.link/data/Endorfy%20Viro%20Infra%20R.txt	Endorfy Viro Infra	Endorfy Viro Infra	over-ear	KB006x + 711
https://filk.squig.link/data/Viro%20Infra%20Wireless%20L1.txt	Endorfy Viro Infra Wireless	Endorfy Viro Infra Wireless	over-ear	KB006x + 711
https://filk.squig.link/data/Viro%20Infra%20Wireless%20L2.txt	Endorfy Viro Infra Wireless	Endorfy Viro Infra Wireless	over-ear	KB006x + 711
https://filk.squig.link/data/Viro%20Infra%20Wireless%20L3.txt	Endorfy Viro Infra Wireless	Endorfy Viro Infra Wireless	over-ear	KB006x + 711
https://filk.squig.link/data/Viro%20Infra%20Wireless%20L4.txt	Endorfy Viro Infra Wireless	Endorfy Viro Infra Wireless	over-ear	KB006x + 711
https://filk.squig.link/data/Viro%20Infra%20Wireless%20L5.txt	Endorfy Viro Infra Wireless	Endorfy Viro Infra Wireless	over-ear	KB006x + 711
https://filk.squig.link/data/Viro%20Infra%20Wireless%20R1.txt	Endorfy Viro Infra Wireless	Endorfy Viro Infra Wireless	over-ear	KB006x + 711
https://filk.squig.link/data/Viro%20Infra%20Wireless%20R2.txt	Endorfy Viro Infra Wireless	Endorfy Viro Infra Wireless	over-ear	KB006x + 711
https://filk.squig.link/data/Viro%20Infra%20Wireless%20R3.txt	Endorfy Viro Infra Wireless	Endorfy Viro Infra Wireless	over-ear	KB006x + 711
https://filk.squig.link/data/Viro%20Infra%20Wireless%20R4.txt	Endorfy Viro Infra Wireless	Endorfy Viro Infra Wireless	over-ear	KB006x + 711
https://filk.squig.link/data/Viro%20Infra%20Wireless%20R5.txt	Endorfy Viro Infra Wireless	Endorfy Viro Infra Wireless	over-ear	KB006x + 711
https://filk.squig.link/data/Viro%20Wireless%20L1.txt	Endorfy Viro Wireless	Endorfy Viro Wireless	over-ear	KB006x + 711
https://filk.squig.link/data/Viro%20Wireless%20L2.txt	Endorfy Viro Wireless	Endorfy Viro Wireless	over-ear	KB006x + 711
https://filk.squig.link/data/Viro%20Wireless%20L3.txt	Endorfy Viro Wireless	Endorfy Viro Wireless	over-ear	KB006x + 711
https://filk.squig.link/data/Viro%20Wireless%20L4.txt	Endorfy Viro Wireless	Endorfy Viro Wireless	over-ear	KB006x + 711
https://filk.squig.link/data/Viro%20Wireless%20L5.txt	Endorfy Viro Wireless	Endorfy Viro Wireless	over-ear	KB006x + 711
https://filk.squig.link/data/Viro%20Wireless%20R1.txt	Endorfy Viro Wireless	Endorfy Viro Wireless	over-ear	KB006x + 711
https://filk.squig.link/data/Viro%20Wireless%20R2.txt	Endorfy Viro Wireless	Endorfy Viro Wireless	over-ear	KB006x + 711
https://filk.squig.link/data/Viro%20Wireless%20R3.txt	Endorfy Viro Wireless	Endorfy Viro Wireless	over-ear	KB006x + 711
https://filk.squig.link/data/Viro%20Wireless%20R4.txt	Endorfy Viro Wireless	Endorfy Viro Wireless	over-ear	KB006x + 711
https://filk.squig.link/data/Viro%20Wireless%20R5.txt	Endorfy Viro Wireless	Endorfy Viro Wireless	over-ear	KB006x + 711
https://filk.squig.link/iems/data/Etymotic%20ER2SE%20L.txt	Etymotic ER2SE	Etymotic ER2SE	in-ear	711
https://filk.squig.link/iems/data/Etymotic%20ER2SE%20R.txt	Etymotic ER2SE	Etymotic ER2SE	in-ear	711
https://filk.squig.link/data/Scape%20L1.txt	Fractal Scape	Fractal Scape	over-ear	KB006x + 711
https://filk.squig.link/data/Scape%20L2.txt	Fractal Scape	Fractal Scape	over-ear	KB006x + 711
https://filk.squig.link/data/Scape%20L3.txt	Fractal Scape	Fractal Scape	over-ear	KB006x + 711
https://filk.squig.link/data/Scape%20L4.txt	Fractal Scape	Fractal Scape	over-ear	KB006x + 711
https://filk.squig.link/data/Scape%20L5.txt	Fractal Scape	Fractal Scape	over-ear	KB006x + 711
https://filk.squig.link/data/Scape%20R1.txt	Fractal Scape	Fractal Scape	over-ear	KB006x + 711
https://filk.squig.link/data/Scape%20R2.txt	Fractal Scape	Fractal Scape	over-ear	KB006x + 711
https://filk.squig.link/data/Scape%20R3.txt	Fractal Scape	Fractal Scape	over-ear	KB006x + 711
https://filk.squig.link/data/Scape%20R4.txt	Fractal Scape	Fractal Scape	over-ear	KB006x + 711
https://filk.squig.link/data/Scape%20R5.txt	Fractal Scape	Fractal Scape	over-ear	KB006x + 711
https://filk.squig.link/iems/data/GK%20Kunten%20L.txt	GK Kunten (Coffee eartips)	GK Kunten (Coffee eartips)	in-ear	711
https://filk.squig.link/iems/data/GK%20Kunten%20R.txt	GK Kunten (Coffee eartips)	GK Kunten (Coffee eartips)	in-ear	711
https://filk.squig.link/data/Genesis%20Neon%20631%20L.txt	Genesis Neon 613	Genesis Neon 613	over-ear	KB006x + 711
https://filk.squig.link/data/Genesis%20Neon%20631%20R.txt	Genesis Neon 613	Genesis Neon 613	over-ear	KB006x + 711
https://filk.squig.link/data/Radon%20800%20fabric%20L.txt	Genesis Radon 800 (Farbic earpads)	Genesis Radon 800 (farbic earpads)	over-ear	KB006x + 711
https://filk.squig.link/data/Radon%20800%20fabric%20R.txt	Genesis Radon 800 (Farbic earpads)	Genesis Radon 800 (farbic earpads)	over-ear	KB006x + 711
https://filk.squig.link/data/Radon%20800%20leather%20L.txt	Genesis Radon 800 (Leather earpads)	Genesis Radon 800 (leather earpads)	over-ear	KB006x + 711
https://filk.squig.link/data/Radon%20800%20leather%20R.txt	Genesis Radon 800 (Leather earpads)	Genesis Radon 800 (leather earpads)	over-ear	KB006x + 711
https://filk.squig.link/data/Genesis%20Toron%20301%20L.txt	Genesis Toron 301	Genesis Toron 301	over-ear	KB006x + 711
https://filk.squig.link/data/Genesis%20Toron%20301%20R.txt	Genesis Toron 301	Genesis Toron 301	over-ear	KB006x + 711
https://filk.squig.link/data/Toron%20531%20breath%20L1.txt	Genesis Toron 531 (S1 Breathable earpads)	Genesis Toron 531 (S1 Breathable earpads)	over-ear	KB006x + 711
https://filk.squig.link/data/Toron%20531%20breath%20L2.txt	Genesis Toron 531 (S1 Breathable earpads)	Genesis Toron 531 (S1 Breathable earpads)	over-ear	KB006x + 711
https://filk.squig.link/data/Toron%20531%20breath%20L3.txt	Genesis Toron 531 (S1 Breathable earpads)	Genesis Toron 531 (S1 Breathable earpads)	over-ear	KB006x + 711
https://filk.squig.link/data/Toron%20531%20breath%20L4.txt	Genesis Toron 531 (S1 Breathable earpads)	Genesis Toron 531 (S1 Breathable earpads)	over-ear	KB006x + 711
https://filk.squig.link/data/Toron%20531%20breath%20L5.txt	Genesis Toron 531 (S1 Breathable earpads)	Genesis Toron 531 (S1 Breathable earpads)	over-ear	KB006x + 711
https://filk.squig.link/data/Toron%20531%20breath%20R1.txt	Genesis Toron 531 (S1 Breathable earpads)	Genesis Toron 531 (S1 Breathable earpads)	over-ear	KB006x + 711
https://filk.squig.link/data/Toron%20531%20breath%20R2.txt	Genesis Toron 531 (S1 Breathable earpads)	Genesis Toron 531 (S1 Breathable earpads)	over-ear	KB006x + 711
https://filk.squig.link/data/Toron%20531%20breath%20R3.txt	Genesis Toron 531 (S1 Breathable earpads)	Genesis Toron 531 (S1 Breathable earpads)	over-ear	KB006x + 711
https://filk.squig.link/data/Toron%20531%20breath%20R4.txt	Genesis Toron 531 (S1 Breathable earpads)	Genesis Toron 531 (S1 Breathable earpads)	over-ear	KB006x + 711
https://filk.squig.link/data/Toron%20531%20breath%20R5.txt	Genesis Toron 531 (S1 Breathable earpads)	Genesis Toron 531 (S1 Breathable earpads)	over-ear	KB006x + 711
https://filk.squig.link/data/Toron%20531%20hybrid%20L1.txt	Genesis Toron 531 (S1 Hybrid earpads)	Genesis Toron 531 (S1 Hybrid earpads)	over-ear	KB006x + 711
https://filk.squig.link/data/Toron%20531%20hybrid%20L2.txt	Genesis Toron 531 (S1 Hybrid earpads)	Genesis Toron 531 (S1 Hybrid earpads)	over-ear	KB006x + 711
https://filk.squig.link/data/Toron%20531%20hybrid%20L3.txt	Genesis Toron 531 (S1 Hybrid earpads)	Genesis Toron 531 (S1 Hybrid earpads)	over-ear	KB006x + 711
https://filk.squig.link/data/Toron%20531%20hybrid%20L4.txt	Genesis Toron 531 (S1 Hybrid earpads)	Genesis Toron 531 (S1 Hybrid earpads)	over-ear	KB006x + 711
https://filk.squig.link/data/Toron%20531%20hybrid%20L5.txt	Genesis Toron 531 (S1 Hybrid earpads)	Genesis Toron 531 (S1 Hybrid earpads)	over-ear	KB006x + 711
https://filk.squig.link/data/Toron%20531%20hybrid%20R1.txt	Genesis Toron 531 (S1 Hybrid earpads)	Genesis Toron 531 (S1 Hybrid earpads)	over-ear	KB006x + 711
https://filk.squig.link/data/Toron%20531%20hybrid%20R2.txt	Genesis Toron 531 (S1 Hybrid earpads)	Genesis Toron 531 (S1 Hybrid earpads)	over-ear	KB006x + 711
https://filk.squig.link/data/Toron%20531%20hybrid%20R3.txt	Genesis Toron 531 (S1 Hybrid earpads)	Genesis Toron 531 (S1 Hybrid earpads)	over-ear	KB006x + 711
https://filk.squig.link/data/Toron%20531%20hybrid%20R4.txt	Genesis Toron 531 (S1 Hybrid earpads)	Genesis Toron 531 (S1 Hybrid earpads)	over-ear	KB006x + 711
https://filk.squig.link/data/Toron%20531%20hybrid%20R5.txt	Genesis Toron 531 (S1 Hybrid earpads)	Genesis Toron 531 (S1 Hybrid earpads)	over-ear	KB006x + 711
https://filk.squig.link/data/Genesis%20Toron%20531%20S2%20bre%20L.txt	Genesis Toron 531 (S2 Breathable earpads)	Genesis Toron 531 (S2 Breathable earpads)	ignore	KB006x + 711
https://filk.squig.link/data/Genesis%20Toron%20531%20S2%20bre%20R.txt	Genesis Toron 531 (S2 Breathable earpads)	Genesis Toron 531 (S2 Breathable earpads)	ignore	KB006x + 711
https://filk.squig.link/data/Toron%20531%20S2%20bre%20L1.txt	Genesis Toron 531 (S2 Breathable earpads)	Genesis Toron 531 (S2 Breathable earpads)	over-ear	KB006x + 711
https://filk.squig.link/data/Toron%20531%20S2%20bre%20L2.txt	Genesis Toron 531 (S2 Breathable earpads)	Genesis Toron 531 (S2 Breathable earpads)	over-ear	KB006x + 711
https://filk.squig.link/data/Toron%20531%20S2%20bre%20L3.txt	Genesis Toron 531 (S2 Breathable earpads)	Genesis Toron 531 (S2 Breathable earpads)	over-ear	KB006x + 711
https://filk.squig.link/data/Toron%20531%20S2%20bre%20L4.txt	Genesis Toron 531 (S2 Breathable earpads)	Genesis Toron 531 (S2 Breathable earpads)	over-ear	KB006x + 711
https://filk.squig.link/data/Toron%20531%20S2%20bre%20L5.txt	Genesis Toron 531 (S2 Breathable earpads)	Genesis Toron 531 (S2 Breathable earpads)	over-ear	KB006x + 711
https://filk.squig.link/data/Toron%20531%20S2%20bre%20R1.txt	Genesis Toron 531 (S2 Breathable earpads)	Genesis Toron 531 (S2 Breathable earpads)	over-ear	KB006x + 711
https://filk.squig.link/data/Toron%20531%20S2%20bre%20R2.txt	Genesis Toron 531 (S2 Breathable earpads)	Genesis Toron 531 (S2 Breathable earpads)	over-ear	KB006x + 711
https://filk.squig.link/data/Toron%20531%20S2%20bre%20R3.txt	Genesis Toron 531 (S2 Breathable earpads)	Genesis Toron 531 (S2 Breathable earpads)	over-ear	KB006x + 711
https://filk.squig.link/data/Toron%20531%20S2%20bre%20R4.txt	Genesis Toron 531 (S2 Breathable earpads)	Genesis Toron 531 (S2 Breathable earpads)	over-ear	KB006x + 711
https://filk.squig.link/data/Toron%20531%20S2%20bre%20R5.txt	Genesis Toron 531 (S2 Breathable earpads)	Genesis Toron 531 (S2 Breathable earpads)	over-ear	KB006x + 711
https://filk.squig.link/data/Genesis%20Toron%20531%20S2%20hyb%20L.txt	Genesis Toron 531 (S2 Hybrid earpads)	Genesis Toron 531 (S2 Hybrid earpads)	ignore	KB006x + 711
https://filk.squig.link/data/Genesis%20Toron%20531%20S2%20hyb%20R.txt	Genesis Toron 531 (S2 Hybrid earpads)	Genesis Toron 531 (S2 Hybrid earpads)	ignore	KB006x + 711
https://filk.squig.link/data/Toron%20531%20S2%20hyb%20L1.txt	Genesis Toron 531 (S2 Hybrid earpads)	Genesis Toron 531 (S2 Hybrid earpads)	over-ear	KB006x + 711
https://filk.squig.link/data/Toron%20531%20S2%20hyb%20L2.txt	Genesis Toron 531 (S2 Hybrid earpads)	Genesis Toron 531 (S2 Hybrid earpads)	over-ear	KB006x + 711
https://filk.squig.link/data/Toron%20531%20S2%20hyb%20L3.txt	Genesis Toron 531 (S2 Hybrid earpads)	Genesis Toron 531 (S2 Hybrid earpads)	over-ear	KB006x + 711
https://filk.squig.link/data/Toron%20531%20S2%20hyb%20L4.txt	Genesis Toron 531 (S2 Hybrid earpads)	Genesis Toron 531 (S2 Hybrid earpads)	over-ear	KB006x + 711
https://filk.squig.link/data/Toron%20531%20S2%20hyb%20L5.txt	Genesis Toron 531 (S2 Hybrid earpads)	Genesis Toron 531 (S2 Hybrid earpads)	over-ear	KB006x + 711
https://filk.squig.link/data/Toron%20531%20S2%20hyb%20R1.txt	Genesis Toron 531 (S2 Hybrid earpads)	Genesis Toron 531 (S2 Hybrid earpads)	over-ear	KB006x + 711
https://filk.squig.link/data/Toron%20531%20S2%20hyb%20R2.txt	Genesis Toron 531 (S2 Hybrid earpads)	Genesis Toron 531 (S2 Hybrid earpads)	over-ear	KB006x + 711
https://filk.squig.link/data/Toron%20531%20S2%20hyb%20R3.txt	Genesis Toron 531 (S2 Hybrid earpads)	Genesis Toron 531 (S2 Hybrid earpads)	over-ear	KB006x + 711
https://filk.squig.link/data/Toron%20531%20S2%20hyb%20R4.txt	Genesis Toron 531 (S2 Hybrid earpads)	Genesis Toron 531 (S2 Hybrid earpads)	over-ear	KB006x + 711
https://filk.squig.link/data/Toron%20531%20S2%20hyb%20R5.txt	Genesis Toron 531 (S2 Hybrid earpads)	Genesis Toron 531 (S2 Hybrid earpads)	over-ear	KB006x + 711
https://filk.squig.link/data/Toron%20531%20v2%20breath%20L1.txt	Genesis Toron 531 (V2 S1 Breathable earpads)	Genesis Toron 531 (V2 S1 Breathable earpads)	over-ear	KB006x + 711
https://filk.squig.link/data/Toron%20531%20v2%20breath%20L2.txt	Genesis Toron 531 (V2 S1 Breathable earpads)	Genesis Toron 531 (V2 S1 Breathable earpads)	over-ear	KB006x + 711
https://filk.squig.link/data/Toron%20531%20v2%20breath%20L3.txt	Genesis Toron 531 (V2 S1 Breathable earpads)	Genesis Toron 531 (V2 S1 Breathable earpads)	over-ear	KB006x + 711
https://filk.squig.link/data/Toron%20531%20v2%20breath%20L4.txt	Genesis Toron 531 (V2 S1 Breathable earpads)	Genesis Toron 531 (V2 S1 Breathable earpads)	over-ear	KB006x + 711
https://filk.squig.link/data/Toron%20531%20v2%20breath%20L5.txt	Genesis Toron 531 (V2 S1 Breathable earpads)	Genesis Toron 531 (V2 S1 Breathable earpads)	over-ear	KB006x + 711
https://filk.squig.link/data/Toron%20531%20v2%20breath%20R1.txt	Genesis Toron 531 (V2 S1 Breathable earpads)	Genesis Toron 531 (V2 S1 Breathable earpads)	over-ear	KB006x + 711
https://filk.squig.link/data/Toron%20531%20v2%20breath%20R2.txt	Genesis Toron 531 (V2 S1 Breathable earpads)	Genesis Toron 531 (V2 S1 Breathable earpads)	over-ear	KB006x + 711
https://filk.squig.link/data/Toron%20531%20v2%20breath%20R3.txt	Genesis Toron 531 (V2 S1 Breathable earpads)	Genesis Toron 531 (V2 S1 Breathable earpads)	over-ear	KB006x + 711
https://filk.squig.link/data/Toron%20531%20v2%20breath%20R4.txt	Genesis Toron 531 (V2 S1 Breathable earpads)	Genesis Toron 531 (V2 S1 Breathable earpads)	over-ear	KB006x + 711
https://filk.squig.link/data/Toron%20531%20v2%20breath%20R5.txt	Genesis Toron 531 (V2 S1 Breathable earpads)	Genesis Toron 531 (V2 S1 Breathable earpads)	over-ear	KB006x + 711
https://filk.squig.link/data/Toron%20531%20v2%20hybrid%20L1.txt	Genesis Toron 531 (V2 S1 Hybrid earpads)	Genesis Toron 531 (V2 S1 Hybrid earpads)	over-ear	KB006x + 711
https://filk.squig.link/data/Toron%20531%20v2%20hybrid%20L2.txt	Genesis Toron 531 (V2 S1 Hybrid earpads)	Genesis Toron 531 (V2 S1 Hybrid earpads)	over-ear	KB006x + 711
https://filk.squig.link/data/Toron%20531%20v2%20hybrid%20L3.txt	Genesis Toron 531 (V2 S1 Hybrid earpads)	Genesis Toron 531 (V2 S1 Hybrid earpads)	over-ear	KB006x + 711
https://filk.squig.link/data/Toron%20531%20v2%20hybrid%20L4.txt	Genesis Toron 531 (V2 S1 Hybrid earpads)	Genesis Toron 531 (V2 S1 Hybrid earpads)	over-ear	KB006x + 711
https://filk.squig.link/data/Toron%20531%20v2%20hybrid%20L5.txt	Genesis Toron 531 (V2 S1 Hybrid earpads)	Genesis Toron 531 (V2 S1 Hybrid earpads)	over-ear	KB006x + 711
https://filk.squig.link/data/Toron%20531%20v2%20hybrid%20R1.txt	Genesis Toron 531 (V2 S1 Hybrid earpads)	Genesis Toron 531 (V2 S1 Hybrid earpads)	over-ear	KB006x + 711
https://filk.squig.link/data/Toron%20531%20v2%20hybrid%20R2.txt	Genesis Toron 531 (V2 S1 Hybrid earpads)	Genesis Toron 531 (V2 S1 Hybrid earpads)	over-ear	KB006x + 711
https://filk.squig.link/data/Toron%20531%20v2%20hybrid%20R3.txt	Genesis Toron 531 (V2 S1 Hybrid earpads)	Genesis Toron 531 (V2 S1 Hybrid earpads)	over-ear	KB006x + 711
https://filk.squig.link/data/Toron%20531%20v2%20hybrid%20R4.txt	Genesis Toron 531 (V2 S1 Hybrid earpads)	Genesis Toron 531 (V2 S1 Hybrid earpads)	over-ear	KB006x + 711
https://filk.squig.link/data/Toron%20531%20v2%20hybrid%20R5.txt	Genesis Toron 531 (V2 S1 Hybrid earpads)	Genesis Toron 531 (V2 S1 Hybrid earpads)	over-ear	KB006x + 711
https://filk.squig.link/data/Genesis%20Toron%20531%20breath%20L.txt	Genesis Toron 531 (Breathable earpads)	Genesis Toron 531 (breathable earpads)	over-ear	KB006x + 711
https://filk.squig.link/data/Genesis%20Toron%20531%20breath%20R.txt	Genesis Toron 531 (Breathable earpads)	Genesis Toron 531 (breathable earpads)	over-ear	KB006x + 711
https://filk.squig.link/data/Genesis%20Toron%20531%20hybrid%20L.txt	Genesis Toron 531 (Hybrid earpads)	Genesis Toron 531 (hybrid earpads)	over-ear	KB006x + 711
https://filk.squig.link/data/Genesis%20Toron%20531%20hybrid%20R.txt	Genesis Toron 531 (Hybrid earpads)	Genesis Toron 531 (hybrid earpads)	over-ear	KB006x + 711
https://filk.squig.link/data/Toron%20706%20L1.txt	Genesis Toron 706	Genesis Toron 706	over-ear	KB006x + 711
https://filk.squig.link/data/Toron%20706%20L2.txt	Genesis Toron 706	Genesis Toron 706	over-ear	KB006x + 711
https://filk.squig.link/data/Toron%20706%20L3.txt	Genesis Toron 706	Genesis Toron 706	over-ear	KB006x + 711
https://filk.squig.link/data/Toron%20706%20L4.txt	Genesis Toron 706	Genesis Toron 706	over-ear	KB006x + 711
https://filk.squig.link/data/Toron%20706%20L5.txt	Genesis Toron 706	Genesis Toron 706	over-ear	KB006x + 711
https://filk.squig.link/data/Toron%20706%20R1.txt	Genesis Toron 706	Genesis Toron 706	over-ear	KB006x + 711
https://filk.squig.link/data/Toron%20706%20R2.txt	Genesis Toron 706	Genesis Toron 706	over-ear	KB006x + 711
https://filk.squig.link/data/Toron%20706%20R3.txt	Genesis Toron 706	Genesis Toron 706	over-ear	KB006x + 711
https://filk.squig.link/data/Toron%20706%20R4.txt	Genesis Toron 706	Genesis Toron 706	over-ear	KB006x + 711
https://filk.squig.link/data/Toron%20706%20R5.txt	Genesis Toron 706	Genesis Toron 706	over-ear	KB006x + 711
https://filk.squig.link/data/Ananda%20L.txt	Hifiman Ananda	HIFIMAN Ananda	over-ear	KB006x + 711
https://filk.squig.link/data/Ananda%20R.txt	Hifiman Ananda	HIFIMAN Ananda	over-ear	KB006x + 711
https://filk.squig.link/data/Hifiman%20Ananda%20L1.txt	Hifiman Ananda	HIFIMAN Ananda	over-ear	KB006x + 711
https://filk.squig.link/data/Hifiman%20Ananda%20L2.txt	Hifiman Ananda	HIFIMAN Ananda	over-ear	KB006x + 711
https://filk.squig.link/data/Hifiman%20Ananda%20L3.txt	Hifiman Ananda	HIFIMAN Ananda	over-ear	KB006x + 711
https://filk.squig.link/data/Hifiman%20Ananda%20L4.txt	Hifiman Ananda	HIFIMAN Ananda	over-ear	KB006x + 711
https://filk.squig.link/data/Hifiman%20Ananda%20L5.txt	Hifiman Ananda	HIFIMAN Ananda	over-ear	KB006x + 711
https://filk.squig.link/data/Hifiman%20Ananda%20R1.txt	Hifiman Ananda	HIFIMAN Ananda	over-ear	KB006x + 711
https://filk.squig.link/data/Hifiman%20Ananda%20R2.txt	Hifiman Ananda	HIFIMAN Ananda	over-ear	KB006x + 711
https://filk.squig.link/data/Hifiman%20Ananda%20R3.txt	Hifiman Ananda	HIFIMAN Ananda	over-ear	KB006x + 711
https://filk.squig.link/data/Hifiman%20Ananda%20R4.txt	Hifiman Ananda	HIFIMAN Ananda	over-ear	KB006x + 711
https://filk.squig.link/data/Hifiman%20Ananda%20R5.txt	Hifiman Ananda	HIFIMAN Ananda	over-ear	KB006x + 711
https://filk.squig.link/data/Hifiman%20HE400se%20v1%20S2%20L.txt	Hifiman HE400se (non-stealth magnet S2)	HIFIMAN HE400se (non-stealth magnet)	over-ear	KB006x + 711
https://filk.squig.link/data/Hifiman%20HE400se%20v1%20S2%20R.txt	Hifiman HE400se (non-stealth magnet S2)	HIFIMAN HE400se (non-stealth magnet)	over-ear	KB006x + 711
https://filk.squig.link/data/HE400se%20L.txt	Hifiman HE400se (non-stealth magnet)	HIFIMAN HE400se (non-stealth magnet)	over-ear	KB006x + 711
https://filk.squig.link/data/HE400se%20R.txt	Hifiman HE400se (non-stealth magnet)	HIFIMAN HE400se (non-stealth magnet)	over-ear	KB006x + 711
https://filk.squig.link/data/HE400se%20stealth%20L.txt	Hifiman HE400se (stealth magnet)	HIFIMAN HE400se (stealth magnet)	over-ear	KB006x + 711
https://filk.squig.link/data/HE400se%20stealth%20R.txt	Hifiman HE400se (stealth magnet)	HIFIMAN HE400se (stealth magnet)	over-ear	KB006x + 711
https://filk.squig.link/data/Hypergang%203%20L1.txt	Hator Hypergang 3	Hator Hypergang 3	over-ear	KB006x + 711
https://filk.squig.link/data/Hypergang%203%20L2.txt	Hator Hypergang 3	Hator Hypergang 3	over-ear	KB006x + 711
https://filk.squig.link/data/Hypergang%203%20L3.txt	Hator Hypergang 3	Hator Hypergang 3	over-ear	KB006x + 711
https://filk.squig.link/data/Hypergang%203%20L4.txt	Hator Hypergang 3	Hator Hypergang 3	over-ear	KB006x + 711
https://filk.squig.link/data/Hypergang%203%20L5.txt	Hator Hypergang 3	Hator Hypergang 3	over-ear	KB006x + 711
https://filk.squig.link/data/Hypergang%203%20R1.txt	Hator Hypergang 3	Hator Hypergang 3	over-ear	KB006x + 711
https://filk.squig.link/data/Hypergang%203%20R2.txt	Hator Hypergang 3	Hator Hypergang 3	over-ear	KB006x + 711
https://filk.squig.link/data/Hypergang%203%20R3.txt	Hator Hypergang 3	Hator Hypergang 3	over-ear	KB006x + 711
https://filk.squig.link/data/Hypergang%203%20R4.txt	Hator Hypergang 3	Hator Hypergang 3	over-ear	KB006x + 711
https://filk.squig.link/data/Hypergang%203%20R5.txt	Hator Hypergang 3	Hator Hypergang 3	over-ear	KB006x + 711
https://filk.squig.link/data/Phoenix%202%20ANC%20off%20cust%20L1.txt	Hator Phoenix 2 (Custom EQ, ANC off)	Hator Phoenix 2 (Custom EQ, ANC off)	over-ear	KB006x + 711
https://filk.squig.link/data/Phoenix%202%20ANC%20off%20cust%20L2.txt	Hator Phoenix 2 (Custom EQ, ANC off)	Hator Phoenix 2 (Custom EQ, ANC off)	over-ear	KB006x + 711
https://filk.squig.link/data/Phoenix%202%20ANC%20off%20cust%20L3.txt	Hator Phoenix 2 (Custom EQ, ANC off)	Hator Phoenix 2 (Custom EQ, ANC off)	over-ear	KB006x + 711
https://filk.squig.link/data/Phoenix%202%20ANC%20off%20cust%20L4.txt	Hator Phoenix 2 (Custom EQ, ANC off)	Hator Phoenix 2 (Custom EQ, ANC off)	over-ear	KB006x + 711
https://filk.squig.link/data/Phoenix%202%20ANC%20off%20cust%20L5.txt	Hator Phoenix 2 (Custom EQ, ANC off)	Hator Phoenix 2 (Custom EQ, ANC off)	over-ear	KB006x + 711
https://filk.squig.link/data/Phoenix%202%20ANC%20off%20cust%20R1.txt	Hator Phoenix 2 (Custom EQ, ANC off)	Hator Phoenix 2 (Custom EQ, ANC off)	over-ear	KB006x + 711
https://filk.squig.link/data/Phoenix%202%20ANC%20off%20cust%20R2.txt	Hator Phoenix 2 (Custom EQ, ANC off)	Hator Phoenix 2 (Custom EQ, ANC off)	over-ear	KB006x + 711
https://filk.squig.link/data/Phoenix%202%20ANC%20off%20cust%20R3.txt	Hator Phoenix 2 (Custom EQ, ANC off)	Hator Phoenix 2 (Custom EQ, ANC off)	over-ear	KB006x + 711
https://filk.squig.link/data/Phoenix%202%20ANC%20off%20cust%20R4.txt	Hator Phoenix 2 (Custom EQ, ANC off)	Hator Phoenix 2 (Custom EQ, ANC off)	over-ear	KB006x + 711
https://filk.squig.link/data/Phoenix%202%20ANC%20off%20cust%20R5.txt	Hator Phoenix 2 (Custom EQ, ANC off)	Hator Phoenix 2 (Custom EQ, ANC off)	over-ear	KB006x + 711
https://filk.squig.link/data/Phoenix%202%20ANC%20off%20norm%20L1.txt	Hator Phoenix 2 (Normal EQ, ANC off)	Hator Phoenix 2 (Normal EQ, ANC off)	over-ear	KB006x + 711
https://filk.squig.link/data/Phoenix%202%20ANC%20off%20norm%20L2.txt	Hator Phoenix 2 (Normal EQ, ANC off)	Hator Phoenix 2 (Normal EQ, ANC off)	over-ear	KB006x + 711
https://filk.squig.link/data/Phoenix%202%20ANC%20off%20norm%20L3.txt	Hator Phoenix 2 (Normal EQ, ANC off)	Hator Phoenix 2 (Normal EQ, ANC off)	over-ear	KB006x + 711
https://filk.squig.link/data/Phoenix%202%20ANC%20off%20norm%20L4.txt	Hator Phoenix 2 (Normal EQ, ANC off)	Hator Phoenix 2 (Normal EQ, ANC off)	over-ear	KB006x + 711
https://filk.squig.link/data/Phoenix%202%20ANC%20off%20norm%20L5.txt	Hator Phoenix 2 (Normal EQ, ANC off)	Hator Phoenix 2 (Normal EQ, ANC off)	over-ear	KB006x + 711
https://filk.squig.link/data/Phoenix%202%20ANC%20off%20norm%20R1.txt	Hator Phoenix 2 (Normal EQ, ANC off)	Hator Phoenix 2 (Normal EQ, ANC off)	over-ear	KB006x + 711
https://filk.squig.link/data/Phoenix%202%20ANC%20off%20norm%20R2.txt	Hator Phoenix 2 (Normal EQ, ANC off)	Hator Phoenix 2 (Normal EQ, ANC off)	over-ear	KB006x + 711
https://filk.squig.link/data/Phoenix%202%20ANC%20off%20norm%20R3.txt	Hator Phoenix 2 (Normal EQ, ANC off)	Hator Phoenix 2 (Normal EQ, ANC off)	over-ear	KB006x + 711
https://filk.squig.link/data/Phoenix%202%20ANC%20off%20norm%20R4.txt	Hator Phoenix 2 (Normal EQ, ANC off)	Hator Phoenix 2 (Normal EQ, ANC off)	over-ear	KB006x + 711
https://filk.squig.link/data/Phoenix%202%20ANC%20off%20norm%20R5.txt	Hator Phoenix 2 (Normal EQ, ANC off)	Hator Phoenix 2 (Normal EQ, ANC off)	over-ear	KB006x + 711
https://filk.squig.link/data/Phoenix%202%20ANC%20on%20norm%20L1.txt	Hator Phoenix 2 (Normal EQ, ANC on)	Hator Phoenix 2 (Normal EQ, ANC on)	over-ear	KB006x + 711
https://filk.squig.link/data/Phoenix%202%20ANC%20on%20norm%20L2.txt	Hator Phoenix 2 (Normal EQ, ANC on)	Hator Phoenix 2 (Normal EQ, ANC on)	over-ear	KB006x + 711
https://filk.squig.link/data/Phoenix%202%20ANC%20on%20norm%20L3.txt	Hator Phoenix 2 (Normal EQ, ANC on)	Hator Phoenix 2 (Normal EQ, ANC on)	over-ear	KB006x + 711
https://filk.squig.link/data/Phoenix%202%20ANC%20on%20norm%20L4.txt	Hator Phoenix 2 (Normal EQ, ANC on)	Hator Phoenix 2 (Normal EQ, ANC on)	over-ear	KB006x + 711
https://filk.squig.link/data/Phoenix%202%20ANC%20on%20norm%20L5.txt	Hator Phoenix 2 (Normal EQ, ANC on)	Hator Phoenix 2 (Normal EQ, ANC on)	over-ear	KB006x + 711
https://filk.squig.link/data/Phoenix%202%20ANC%20on%20norm%20R1.txt	Hator Phoenix 2 (Normal EQ, ANC on)	Hator Phoenix 2 (Normal EQ, ANC on)	over-ear	KB006x + 711
https://filk.squig.link/data/Phoenix%202%20ANC%20on%20norm%20R2.txt	Hator Phoenix 2 (Normal EQ, ANC on)	Hator Phoenix 2 (Normal EQ, ANC on)	over-ear	KB006x + 711
https://filk.squig.link/data/Phoenix%202%20ANC%20on%20norm%20R3.txt	Hator Phoenix 2 (Normal EQ, ANC on)	Hator Phoenix 2 (Normal EQ, ANC on)	over-ear	KB006x + 711
https://filk.squig.link/data/Phoenix%202%20ANC%20on%20norm%20R4.txt	Hator Phoenix 2 (Normal EQ, ANC on)	Hator Phoenix 2 (Normal EQ, ANC on)	over-ear	KB006x + 711
https://filk.squig.link/data/Phoenix%202%20ANC%20on%20norm%20R5.txt	Hator Phoenix 2 (Normal EQ, ANC on)	Hator Phoenix 2 (Normal EQ, ANC on)	over-ear	KB006x + 711
https://filk.squig.link/data/Phoenix%202%20ANC%20off%20shoot%20L1.txt	Hator Phoenix 2 (Shooters EQ, ANC off)	Hator Phoenix 2 (Shooters EQ, ANC off)	over-ear	KB006x + 711
https://filk.squig.link/data/Phoenix%202%20ANC%20off%20shoot%20L2.txt	Hator Phoenix 2 (Shooters EQ, ANC off)	Hator Phoenix 2 (Shooters EQ, ANC off)	over-ear	KB006x + 711
https://filk.squig.link/data/Phoenix%202%20ANC%20off%20shoot%20L3.txt	Hator Phoenix 2 (Shooters EQ, ANC off)	Hator Phoenix 2 (Shooters EQ, ANC off)	over-ear	KB006x + 711
https://filk.squig.link/data/Phoenix%202%20ANC%20off%20shoot%20L4.txt	Hator Phoenix 2 (Shooters EQ, ANC off)	Hator Phoenix 2 (Shooters EQ, ANC off)	over-ear	KB006x + 711
https://filk.squig.link/data/Phoenix%202%20ANC%20off%20shoot%20L5.txt	Hator Phoenix 2 (Shooters EQ, ANC off)	Hator Phoenix 2 (Shooters EQ, ANC off)	over-ear	KB006x + 711
https://filk.squig.link/data/Phoenix%202%20ANC%20off%20shoot%20R1.txt	Hator Phoenix 2 (Shooters EQ, ANC off)	Hator Phoenix 2 (Shooters EQ, ANC off)	over-ear	KB006x + 711
https://filk.squig.link/data/Phoenix%202%20ANC%20off%20shoot%20R2.txt	Hator Phoenix 2 (Shooters EQ, ANC off)	Hator Phoenix 2 (Shooters EQ, ANC off)	over-ear	KB006x + 711
https://filk.squig.link/data/Phoenix%202%20ANC%20off%20shoot%20R3.txt	Hator Phoenix 2 (Shooters EQ, ANC off)	Hator Phoenix 2 (Shooters EQ, ANC off)	over-ear	KB006x + 711
https://filk.squig.link/data/Phoenix%202%20ANC%20off%20shoot%20R4.txt	Hator Phoenix 2 (Shooters EQ, ANC off)	Hator Phoenix 2 (Shooters EQ, ANC off)	over-ear	KB006x + 711
https://filk.squig.link/data/Phoenix%202%20ANC%20off%20shoot%20R5.txt	Hator Phoenix 2 (Shooters EQ, ANC off)	Hator Phoenix 2 (Shooters EQ, ANC off)	over-ear	KB006x + 711
https://filk.squig.link/data/Phoenix%202%20ANC%20on%20shoot%20L1.txt	Hator Phoenix 2 (Shooters EQ, ANC on)	Hator Phoenix 2 (Shooters EQ, ANC on)	over-ear	KB006x + 711
https://filk.squig.link/data/Phoenix%202%20ANC%20on%20shoot%20L2.txt	Hator Phoenix 2 (Shooters EQ, ANC on)	Hator Phoenix 2 (Shooters EQ, ANC on)	over-ear	KB006x + 711
https://filk.squig.link/data/Phoenix%202%20ANC%20on%20shoot%20L3.txt	Hator Phoenix 2 (Shooters EQ, ANC on)	Hator Phoenix 2 (Shooters EQ, ANC on)	over-ear	KB006x + 711
https://filk.squig.link/data/Phoenix%202%20ANC%20on%20shoot%20L4.txt	Hator Phoenix 2 (Shooters EQ, ANC on)	Hator Phoenix 2 (Shooters EQ, ANC on)	over-ear	KB006x + 711
https://filk.squig.link/data/Phoenix%202%20ANC%20on%20shoot%20L5.txt	Hator Phoenix 2 (Shooters EQ, ANC on)	Hator Phoenix 2 (Shooters EQ, ANC on)	over-ear	KB006x + 711
https://filk.squig.link/data/Phoenix%202%20ANC%20on%20shoot%20R1.txt	Hator Phoenix 2 (Shooters EQ, ANC on)	Hator Phoenix 2 (Shooters EQ, ANC on)	over-ear	KB006x + 711
https://filk.squig.link/data/Phoenix%202%20ANC%20on%20shoot%20R2.txt	Hator Phoenix 2 (Shooters EQ, ANC on)	Hator Phoenix 2 (Shooters EQ, ANC on)	over-ear	KB006x + 711
https://filk.squig.link/data/Phoenix%202%20ANC%20on%20shoot%20R3.txt	Hator Phoenix 2 (Shooters EQ, ANC on)	Hator Phoenix 2 (Shooters EQ, ANC on)	over-ear	KB006x + 711
https://filk.squig.link/data/Phoenix%202%20ANC%20on%20shoot%20R4.txt	Hator Phoenix 2 (Shooters EQ, ANC on)	Hator Phoenix 2 (Shooters EQ, ANC on)	over-ear	KB006x + 711
https://filk.squig.link/data/Phoenix%202%20ANC%20on%20shoot%20R5.txt	Hator Phoenix 2 (Shooters EQ, ANC on)	Hator Phoenix 2 (Shooters EQ, ANC on)	over-ear	KB006x + 711
https://filk.squig.link/data/Haylou%20S35%20ANC%20L.txt	Haylou S35	Haylou S35	over-ear	KB006x + 711
https://filk.squig.link/data/Haylou%20S35%20ANC%20R.txt	Haylou S35	Haylou S35	over-ear	KB006x + 711
https://filk.squig.link/iems/data/Mega5EST%20CIEM%20L.txt	Hisenior Mega5EST CIEM	Hisenior Mega 5 EST (CIEM)	in-ear	711
https://filk.squig.link/iems/data/Mega5EST%20CIEM%20R.txt	Hisenior Mega5EST CIEM	Hisenior Mega 5 EST (CIEM)	in-ear	711
https://filk.squig.link/data/HyperX%20Cloud%20I%20L.txt	HyperX Cloud I	HyperX Cloud	over-ear	KB006x + 711
https://filk.squig.link/data/HyperX%20Cloud%20I%20R.txt	HyperX Cloud I	HyperX Cloud	over-ear	KB006x + 711
https://filk.squig.link/data/HyperX%20Cloud%20II%20passive%20L.txt	HyperX Cloud II	HyperX Cloud II	over-ear	KB006x + 711
https://filk.squig.link/data/HyperX%20Cloud%20II%20passive%20R.txt	HyperX Cloud II	HyperX Cloud II	over-ear	KB006x + 711
https://filk.squig.link/iems/data/Inawaken%20Dawn%20Ms%20L.txt	Inawaken Dawn Ms	InAwaken Dawn Ms	in-ear	711
https://filk.squig.link/iems/data/Inawaken%20Dawn%20Ms%20R.txt	Inawaken Dawn Ms	InAwaken Dawn Ms	in-ear	711
https://filk.squig.link/data/JBL%20Live%20770NC%20ANC%20L.txt	JBL Live 770NC (ANC on)	JBL Live 770NC (ANC on)	over-ear	KB006x + 711
https://filk.squig.link/data/JBL%20Live%20770NC%20ANC%20R.txt	JBL Live 770NC (ANC on)	JBL Live 770NC (ANC on)	over-ear	KB006x + 711
https://filk.squig.link/data/JBL%20Live%20770NC%20passive%20L.txt	JBL Live 770NC (passive)	JBL Live 770NC (passive)	over-ear	KB006x + 711
https://filk.squig.link/data/JBL%20Live%20770NC%20passive%20R.txt	JBL Live 770NC (passive)	JBL Live 770NC (passive)	over-ear	KB006x + 711
https://filk.squig.link/data/JBL%20Tour%20One%20M2%20ANC%20L.txt	JBL Tour One M2 (ANC on)	JBL Tour One M2 (ANC on)	over-ear	KB006x + 711
https://filk.squig.link/data/JBL%20Tour%20One%20M2%20ANC%20R.txt	JBL Tour One M2 (ANC on)	JBL Tour One M2 (ANC on)	over-ear	KB006x + 711
https://filk.squig.link/data/JBL%20Tour%20One%20M2%20ANC%20S2%20L.txt	JBL Tour One M2 (S2 ANC on)	JBL Tour One M2 (ANC on)	over-ear	KB006x + 711
https://filk.squig.link/data/JBL%20Tour%20One%20M2%20ANC%20S2%20R.txt	JBL Tour One M2 (S2 ANC on)	JBL Tour One M2 (ANC on)	over-ear	KB006x + 711
https://filk.squig.link/data/JBL%20Tour%20One%20M2%20studio%20L.txt	JBL Tour One M2 (ANC on + Studio EQ)	JBL Tour One M2 (ANC on, studio EQ)	over-ear	KB006x + 711
https://filk.squig.link/data/JBL%20Tour%20One%20M2%20studio%20R.txt	JBL Tour One M2 (ANC on + Studio EQ)	JBL Tour One M2 (ANC on, studio EQ)	over-ear	KB006x + 711
https://filk.squig.link/data/JBL%20Tour%20One%20M2%20passive%20L.txt	JBL Tour One M2 (passive)	JBL Tour One M2 (passive)	over-ear	KB006x + 711
https://filk.squig.link/data/JBL%20Tour%20One%20M2%20passive%20R.txt	JBL Tour One M2 (passive)	JBL Tour One M2 (passive)	over-ear	KB006x + 711
https://filk.squig.link/data/Tour%20One%20M3%20leak%20L1.txt	JBL Tour One M3 (ANC on + leak compensation)	JBL Tour One M3 (ANC on + leak compensation)	over-ear	KB006x + 711
https://filk.squig.link/data/Tour%20One%20M3%20leak%20L2.txt	JBL Tour One M3 (ANC on + leak compensation)	JBL Tour One M3 (ANC on + leak compensation)	over-ear	KB006x + 711
https://filk.squig.link/data/Tour%20One%20M3%20leak%20L3.txt	JBL Tour One M3 (ANC on + leak compensation)	JBL Tour One M3 (ANC on + leak compensation)	over-ear	KB006x + 711
https://filk.squig.link/data/Tour%20One%20M3%20leak%20L4.txt	JBL Tour One M3 (ANC on + leak compensation)	JBL Tour One M3 (ANC on + leak compensation)	over-ear	KB006x + 711
https://filk.squig.link/data/Tour%20One%20M3%20leak%20L5.txt	JBL Tour One M3 (ANC on + leak compensation)	JBL Tour One M3 (ANC on + leak compensation)	over-ear	KB006x + 711
https://filk.squig.link/data/Tour%20One%20M3%20leak%20R1.txt	JBL Tour One M3 (ANC on + leak compensation)	JBL Tour One M3 (ANC on + leak compensation)	over-ear	KB006x + 711
https://filk.squig.link/data/Tour%20One%20M3%20leak%20R2.txt	JBL Tour One M3 (ANC on + leak compensation)	JBL Tour One M3 (ANC on + leak compensation)	over-ear	KB006x + 711
https://filk.squig.link/data/Tour%20One%20M3%20leak%20R3.txt	JBL Tour One M3 (ANC on + leak compensation)	JBL Tour One M3 (ANC on + leak compensation)	over-ear	KB006x + 711
https://filk.squig.link/data/Tour%20One%20M3%20leak%20R4.txt	JBL Tour One M3 (ANC on + leak compensation)	JBL Tour One M3 (ANC on + leak compensation)	over-ear	KB006x + 711
https://filk.squig.link/data/Tour%20One%20M3%20leak%20R5.txt	JBL Tour One M3 (ANC on + leak compensation)	JBL Tour One M3 (ANC on + leak compensation)	over-ear	KB006x + 711
https://filk.squig.link/data/Tour%20One%20M3%20L1.txt	JBL Tour One M3 (Adaptive ANC on)	JBL Tour One M3 (Adaptive ANC on)	over-ear	KB006x + 711
https://filk.squig.link/data/Tour%20One%20M3%20L2.txt	JBL Tour One M3 (Adaptive ANC on)	JBL Tour One M3 (Adaptive ANC on)	over-ear	KB006x + 711
https://filk.squig.link/data/Tour%20One%20M3%20L3.txt	JBL Tour One M3 (Adaptive ANC on)	JBL Tour One M3 (Adaptive ANC on)	over-ear	KB006x + 711
https://filk.squig.link/data/Tour%20One%20M3%20L4.txt	JBL Tour One M3 (Adaptive ANC on)	JBL Tour One M3 (Adaptive ANC on)	over-ear	KB006x + 711
https://filk.squig.link/data/Tour%20One%20M3%20L5.txt	JBL Tour One M3 (Adaptive ANC on)	JBL Tour One M3 (Adaptive ANC on)	over-ear	KB006x + 711
https://filk.squig.link/data/Tour%20One%20M3%20R1.txt	JBL Tour One M3 (Adaptive ANC on)	JBL Tour One M3 (Adaptive ANC on)	over-ear	KB006x + 711
https://filk.squig.link/data/Tour%20One%20M3%20R2.txt	JBL Tour One M3 (Adaptive ANC on)	JBL Tour One M3 (Adaptive ANC on)	over-ear	KB006x + 711
https://filk.squig.link/data/Tour%20One%20M3%20R3.txt	JBL Tour One M3 (Adaptive ANC on)	JBL Tour One M3 (Adaptive ANC on)	over-ear	KB006x + 711
https://filk.squig.link/data/Tour%20One%20M3%20R4.txt	JBL Tour One M3 (Adaptive ANC on)	JBL Tour One M3 (Adaptive ANC on)	over-ear	KB006x + 711
https://filk.squig.link/data/Tour%20One%20M3%20R5.txt	JBL Tour One M3 (Adaptive ANC on)	JBL Tour One M3 (Adaptive ANC on)	over-ear	KB006x + 711
https://filk.squig.link/iems/data/JBL%20Tour%20Pro%203%20L.txt	JBL Tour Pro 3 (ANC on)	JBL Tour Pro 3 (ANC on)	in-ear	711
https://filk.squig.link/iems/data/JBL%20Tour%20Pro%203%20R.txt	JBL Tour Pro 3 (ANC on)	JBL Tour Pro 3 (ANC on)	in-ear	711
https://filk.squig.link/data/JBL%20Tune%20720bt%20L1.txt	JBL Tune 720BT (S1 via Bluetooth)**	JBL Tune 720BT (S1 via Bluetooth)	over-ear	KB006x + 711
https://filk.squig.link/data/JBL%20Tune%20720bt%20L2.txt	JBL Tune 720BT (S1 via Bluetooth)**	JBL Tune 720BT (S1 via Bluetooth)	over-ear	KB006x + 711
https://filk.squig.link/data/JBL%20Tune%20720bt%20L3.txt	JBL Tune 720BT (S1 via Bluetooth)**	JBL Tune 720BT (S1 via Bluetooth)	over-ear	KB006x + 711
https://filk.squig.link/data/JBL%20Tune%20720bt%20L4.txt	JBL Tune 720BT (S1 via Bluetooth)**	JBL Tune 720BT (S1 via Bluetooth)	over-ear	KB006x + 711
https://filk.squig.link/data/JBL%20Tune%20720bt%20L5.txt	JBL Tune 720BT (S1 via Bluetooth)**	JBL Tune 720BT (S1 via Bluetooth)	over-ear	KB006x + 711
https://filk.squig.link/data/JBL%20Tune%20720bt%20R1.txt	JBL Tune 720BT (S1 via Bluetooth)**	JBL Tune 720BT (S1 via Bluetooth)	over-ear	KB006x + 711
https://filk.squig.link/data/JBL%20Tune%20720bt%20R2.txt	JBL Tune 720BT (S1 via Bluetooth)**	JBL Tune 720BT (S1 via Bluetooth)	over-ear	KB006x + 711
https://filk.squig.link/data/JBL%20Tune%20720bt%20R3.txt	JBL Tune 720BT (S1 via Bluetooth)**	JBL Tune 720BT (S1 via Bluetooth)	over-ear	KB006x + 711
https://filk.squig.link/data/JBL%20Tune%20720bt%20R4.txt	JBL Tune 720BT (S1 via Bluetooth)**	JBL Tune 720BT (S1 via Bluetooth)	over-ear	KB006x + 711
https://filk.squig.link/data/JBL%20Tune%20720bt%20R5.txt	JBL Tune 720BT (S1 via Bluetooth)**	JBL Tune 720BT (S1 via Bluetooth)	over-ear	KB006x + 711
https://filk.squig.link/data/Tune%20720BT%20S2%20passive%20L1.txt	JBL Tune 720BT (S2 passive)**	JBL Tune 720BT (S2 passive)	over-ear	KB006x + 711
https://filk.squig.link/data/Tune%20720BT%20S2%20passive%20L2.txt	JBL Tune 720BT (S2 passive)**	JBL Tune 720BT (S2 passive)	over-ear	KB006x + 711
https://filk.squig.link/data/Tune%20720BT%20S2%20passive%20L3.txt	JBL Tune 720BT (S2 passive)**	JBL Tune 720BT (S2 passive)	over-ear	KB006x + 711
https://filk.squig.link/data/Tune%20720BT%20S2%20passive%20L4.txt	JBL Tune 720BT (S2 passive)**	JBL Tune 720BT (S2 passive)	over-ear	KB006x + 711
https://filk.squig.link/data/Tune%20720BT%20S2%20passive%20L5.txt	JBL Tune 720BT (S2 passive)**	JBL Tune 720BT (S2 passive)	over-ear	KB006x + 711
https://filk.squig.link/data/Tune%20720BT%20S2%20passive%20R1.txt	JBL Tune 720BT (S2 passive)**	JBL Tune 720BT (S2 passive)	over-ear	KB006x + 711
https://filk.squig.link/data/Tune%20720BT%20S2%20passive%20R2.txt	JBL Tune 720BT (S2 passive)**	JBL Tune 720BT (S2 passive)	over-ear	KB006x + 711
https://filk.squig.link/data/Tune%20720BT%20S2%20passive%20R3.txt	JBL Tune 720BT (S2 passive)**	JBL Tune 720BT (S2 passive)	over-ear	KB006x + 711
https://filk.squig.link/data/Tune%20720BT%20S2%20passive%20R4.txt	JBL Tune 720BT (S2 passive)**	JBL Tune 720BT (S2 passive)	over-ear	KB006x + 711
https://filk.squig.link/data/Tune%20720BT%20S2%20passive%20R5.txt	JBL Tune 720BT (S2 passive)**	JBL Tune 720BT (S2 passive)	over-ear	KB006x + 711
https://filk.squig.link/data/JBL%20Tune%20720bt%20passive%20L.txt	JBL Tune 720BT (S1 passive)	JBL Tune 720BT (passive)	over-ear	KB006x + 711
https://filk.squig.link/data/JBL%20Tune%20720bt%20passive%20R.txt	JBL Tune 720BT (S1 passive)	JBL Tune 720BT (passive)	over-ear	KB006x + 711
https://filk.squig.link/data/JBL%20Tune%20720BT%20S2%20passive%20L.txt	JBL Tune 720BT (S2 passive)	JBL Tune 720BT (passive)	over-ear	KB006x + 711
https://filk.squig.link/data/JBL%20Tune%20720BT%20S2%20passive%20R.txt	JBL Tune 720BT (S2 passive)	JBL Tune 720BT (passive)	over-ear	KB006x + 711
https://filk.squig.link/data/_JBL%20Tune%20720bt%20L.txt	JBL Tune 720BT (S1 via Bluetooth)	JBL Tune 720BT (wireless)	over-ear	KB006x + 711
https://filk.squig.link/data/_JBL%20Tune%20720bt%20R.txt	JBL Tune 720BT (S1 via Bluetooth)	JBL Tune 720BT (wireless)	over-ear	KB006x + 711
https://filk.squig.link/data/JBL%20Tune%20720BT%20S2%20L.txt	JBL Tune 720BT (S2 via Bluetooth)	JBL Tune 720BT (wireless)	over-ear	KB006x + 711
https://filk.squig.link/data/JBL%20Tune%20720BT%20S2%20R.txt	JBL Tune 720BT (S2 via Bluetooth)	JBL Tune 720BT (wireless)	over-ear	KB006x + 711
https://filk.squig.link/data/JBL%20Tune%20770NC%20ANC%20L.txt	JBL Tune 770NC (ANC on)	JBL Tune 770NC (ANC on)	over-ear	KB006x + 711
https://filk.squig.link/data/JBL%20Tune%20770NC%20ANC%20R.txt	JBL Tune 770NC (ANC on)	JBL Tune 770NC (ANC on)	over-ear	KB006x + 711
https://filk.squig.link/data/JBL%20Tune%20770NC%20bass%20L.txt	JBL Tune 770NC (ANC on + Bass EQ)	JBL Tune 770NC (ANC on, bass EQ)	over-ear	KB006x + 711
https://filk.squig.link/data/JBL%20Tune%20770NC%20bass%20R.txt	JBL Tune 770NC (ANC on + Bass EQ)	JBL Tune 770NC (ANC on, bass EQ)	over-ear	KB006x + 711
https://filk.squig.link/data/JBL%20Tune%20770NC%20passive%20L.txt	JBL Tune 770NC (passive)	JBL Tune 770NC (passive)	over-ear	KB006x + 711
https://filk.squig.link/data/JBL%20Tune%20770NC%20passive%20R.txt	JBL Tune 770NC (passive)	JBL Tune 770NC (passive)	over-ear	KB006x + 711
https://filk.squig.link/iems/data/JBL%20Tune%20Beam%202%20L.txt	JBL Tune Beam 2	JBL Tune Beam 2	in-ear	711
https://filk.squig.link/iems/data/JBL%20Tune%20Beam%202%20R.txt	JBL Tune Beam 2	JBL Tune Beam 2	in-ear	711
https://filk.squig.link/iems/data/JBL%20Tune%20Flex%20L.txt	JBL Tune Flex	JBL Tune Flex	in-ear	711
https://filk.squig.link/iems/data/JBL%20Tune%20Flex%20R.txt	JBL Tune Flex	JBL Tune Flex	in-ear	711
https://filk.squig.link/iems/data/Evolve%202%20Buds%20L.txt	Jabra Evolve 2 Buds (ANC on)	Jabra Evolve 2 Buds (ANC on)	in-ear	711
https://filk.squig.link/iems/data/Evolve%202%20Buds%20R.txt	Jabra Evolve 2 Buds (ANC on)	Jabra Evolve 2 Buds (ANC on)	in-ear	711
https://filk.squig.link/iems/data/KBear%20Stellar%20L.txt	KBear Stellar	KBEAR Stellar	in-ear	711
https://filk.squig.link/iems/data/KBear%20Stellar%20R.txt	KBear Stellar	KBEAR Stellar	in-ear	711
https://filk.squig.link/data/SONAR04%20L.txt	KFA2 SONAR-04	KFA2 SONAR-04	over-ear	KB006x + 711
https://filk.squig.link/data/SONAR04%20R.txt	KFA2 SONAR-04	KFA2 SONAR-04	over-ear	KB006x + 711
https://filk.squig.link/data/KFA2%20SONAR-04%20L1.txt	KFA2 SONAR-04	KFA2 SONAR-04	over-ear	KB006x + 711
https://filk.squig.link/data/KFA2%20SONAR-04%20L2.txt	KFA2 SONAR-04	KFA2 SONAR-04	over-ear	KB006x + 711
https://filk.squig.link/data/KFA2%20SONAR-04%20L3.txt	KFA2 SONAR-04	KFA2 SONAR-04	over-ear	KB006x + 711
https://filk.squig.link/data/KFA2%20SONAR-04%20L4.txt	KFA2 SONAR-04	KFA2 SONAR-04	over-ear	KB006x + 711
https://filk.squig.link/data/KFA2%20SONAR-04%20L5.txt	KFA2 SONAR-04	KFA2 SONAR-04	over-ear	KB006x + 711
https://filk.squig.link/data/KFA2%20SONAR-04%20R1.txt	KFA2 SONAR-04	KFA2 SONAR-04	over-ear	KB006x + 711
https://filk.squig.link/data/KFA2%20SONAR-04%20R2.txt	KFA2 SONAR-04	KFA2 SONAR-04	over-ear	KB006x + 711
https://filk.squig.link/data/KFA2%20SONAR-04%20R3.txt	KFA2 SONAR-04	KFA2 SONAR-04	over-ear	KB006x + 711
https://filk.squig.link/data/KFA2%20SONAR-04%20R4.txt	KFA2 SONAR-04	KFA2 SONAR-04	over-ear	KB006x + 711
https://filk.squig.link/data/KFA2%20SONAR-04%20R5.txt	KFA2 SONAR-04	KFA2 SONAR-04	over-ear	KB006x + 711
https://filk.squig.link/iems/data/KZ%20Zex%20Pro%20L.txt	KZ Zex Pro	KZ ZEX Pro	in-ear	711
https://filk.squig.link/iems/data/KZ%20Zex%20Pro%20R.txt	KZ Zex Pro	KZ ZEX Pro	in-ear	711
https://filk.squig.link/data/Kiwi%20Ears%20Division%20L.txt	Kiwi Ears Division	Kiwi Ears Division	over-ear	KB006x + 711
https://filk.squig.link/data/Kiwi%20Ears%20Division%20R.txt	Kiwi Ears Division	Kiwi Ears Division	over-ear	KB006x + 711
https://filk.squig.link/iems/data/Kiwi%20Ears%20KE4%20L.txt	Kiwi Ears KE4	Kiwi Ears KE4	in-ear	711
https://filk.squig.link/iems/data/Kiwi%20Ears%20KE4%20R.txt	Kiwi Ears KE4	Kiwi Ears KE4	in-ear	711
https://filk.squig.link/iems/data/Kiwi%20Ears%20Singolo%20L.txt	Kiwi Ears Singolo	Kiwi Ears Singolo	in-ear	711
https://filk.squig.link/iems/data/Kiwi%20Ears%20Singolo%20R.txt	Kiwi Ears Singolo	Kiwi Ears Singolo	in-ear	711
https://filk.squig.link/data/KPH7%20L.txt	Koss KPH7	Koss KPH7	over-ear	KB006x + 711
https://filk.squig.link/data/Koss%20KSC75%20L.txt	Koss KSC75 (stock earpads)	Koss KSC75	over-ear	KB006x + 711
https://filk.squig.link/data/Koss%20KSC75%20R.txt	Koss KSC75 (stock earpads)	Koss KSC75	over-ear	KB006x + 711
https://filk.squig.link/data/Koss%20KSC75%20VE%20L.txt	Koss KSC75 (Venture Electronics earpads)	Koss KSC75 (Venture Electronics earpads)	over-ear	KB006x + 711
https://filk.squig.link/data/Koss%20KSC75%20VE%20R.txt	Koss KSC75 (Venture Electronics earpads)	Koss KSC75 (Venture Electronics earpads)	over-ear	KB006x + 711
https://filk.squig.link/data/Crave%20Pro%20L1.txt	Krux Crave Pro	Krux Crave Pro	over-ear	KB006x + 711
https://filk.squig.link/data/Crave%20Pro%20L2.txt	Krux Crave Pro	Krux Crave Pro	over-ear	KB006x + 711
https://filk.squig.link/data/Crave%20Pro%20L3.txt	Krux Crave Pro	Krux Crave Pro	over-ear	KB006x + 711
https://filk.squig.link/data/Crave%20Pro%20L4.txt	Krux Crave Pro	Krux Crave Pro	over-ear	KB006x + 711
https://filk.squig.link/data/Crave%20Pro%20L5.txt	Krux Crave Pro	Krux Crave Pro	over-ear	KB006x + 711
https://filk.squig.link/data/Crave%20Pro%20R1.txt	Krux Crave Pro	Krux Crave Pro	over-ear	KB006x + 711
https://filk.squig.link/data/Crave%20Pro%20R2.txt	Krux Crave Pro	Krux Crave Pro	over-ear	KB006x + 711
https://filk.squig.link/data/Crave%20Pro%20R3.txt	Krux Crave Pro	Krux Crave Pro	over-ear	KB006x + 711
https://filk.squig.link/data/Crave%20Pro%20R4.txt	Krux Crave Pro	Krux Crave Pro	over-ear	KB006x + 711
https://filk.squig.link/data/Crave%20Pro%20R5.txt	Krux Crave Pro	Krux Crave Pro	over-ear	KB006x + 711
https://filk.squig.link/data/Lamax%20HighComfort%20ANC%20off%20L.txt	Lamax HighComfort ANC (ANC off)	LAMAX HighComfort ANC (ANC off)	over-ear	KB006x + 711
https://filk.squig.link/data/Lamax%20HighComfort%20ANC%20off%20R.txt	Lamax HighComfort ANC (ANC off)	LAMAX HighComfort ANC (ANC off)	over-ear	KB006x + 711
https://filk.squig.link/data/Lamax%20HighComfort%20ANC%20on%20L.txt	Lamax HighComfort ANC (ANC on)	LAMAX HighComfort ANC (ANC on)	over-ear	KB006x + 711
https://filk.squig.link/data/Lamax%20HighComfort%20ANC%20on%20R.txt	Lamax HighComfort ANC (ANC on)	LAMAX HighComfort ANC (ANC on)	over-ear	KB006x + 711
https://filk.squig.link/data/Unknown%20Bluetooth%20Headphones%20L.txt	Ledvance Unknown Bluetooth Headphones	Ledvance Unknown Bluetooth Headphones	ignore	
https://filk.squig.link/iems/data/Logitech%20G%20Pro%202%20fabric%20L.txt		Logitech G PRO 2 (fabric earpads)	over-ear	711
https://filk.squig.link/iems/data/Logitech%20G%20Pro%202%20fabric%20R.txt		Logitech G PRO 2 (fabric earpads)	over-ear	711
https://filk.squig.link/iems/data/Logitech%20G%20Pro%202%20leather%20L.txt		Logitech G PRO 2 (leather earpads)	over-ear	711
https://filk.squig.link/iems/data/Logitech%20G%20Pro%202%20leather%20R.txt		Logitech G PRO 2 (leather earpads)	over-ear	711
https://filk.squig.link/data/Logitech%20G%20Pro%202%20fabric%20R.txt	Logitech G Pro 2 X Lightspeed (2.4 GHz, fabric earpads)	Logitech G PRO X 2 LIGHTSPEED	over-ear	KB006x + 711
https://filk.squig.link/data/Logitech%20G%20Pro%202%20fabric%20L.txt	Logitech G Pro 2 X Lightspeed (2.4 GHz, fabric earpads)	Logitech G PRO X 2 LIGHTSPEED (fabric earpads)	over-ear	KB006x + 711
https://filk.squig.link/data/Logitech%20G%20Pro%202%20leather%20L.txt	Logitech G Pro 2 X Lightspeed (2.4 GHz, leather earpads)	Logitech G PRO X 2 LIGHTSPEED (leather earpads)	over-ear	KB006x + 711
https://filk.squig.link/data/Logitech%20G%20Pro%202%20leather%20R.txt	Logitech G Pro 2 X Lightspeed (2.4 GHz, leather earpads)	Logitech G PRO X 2 LIGHTSPEED (leather earpads)	over-ear	KB006x + 711
https://filk.squig.link/data/Logitech%20G%20Pro%202%20passive%20L.txt	Logitech G Pro 2 X Lightspeed (passive, leather earpads)	Logitech G Pro 2 X Lightspeed (passive, leather earpads)	ignore	KB006x + 711
https://filk.squig.link/data/Logitech%20G%20Pro%202%20passive%20R.txt	Logitech G Pro 2 X Lightspeed (passive, leather earpads)	Logitech G Pro 2 X Lightspeed (passive, leather earpads)	ignore	KB006x + 711
https://filk.squig.link/iems/data/Logitech%20G%20Pro%202%20passive%20L.txt		Logitech G Pro 2 passive	ignore	711
https://filk.squig.link/iems/data/Logitech%20G%20Pro%202%20passive%20R.txt		Logitech G Pro 2 passive	ignore	711
https://filk.squig.link/data/Logitech%20G%20Pro%20X%20passive%20L.txt	Logitech G Pro X (via jack)	Logitech G Pro X (3.5mm jack)	over-ear	KB006x + 711
https://filk.squig.link/data/Logitech%20G%20Pro%20X%20passive%20R.txt	Logitech G Pro X (via jack)	Logitech G Pro X (3.5mm jack)	over-ear	KB006x + 711
https://filk.squig.link/data/Logitech%20G%20Pro%20X%20USB%20L.txt	Logitech G Pro X (via USB DAC)	Logitech G Pro X (USB)	over-ear	KB006x + 711
https://filk.squig.link/data/Logitech%20G%20Pro%20X%20USB%20R.txt	Logitech G Pro X (via USB DAC)	Logitech G Pro X (USB)	over-ear	KB006x + 711
https://filk.squig.link/data/G522%20L1.txt	Logitech G522	Logitech G522	over-ear	KB006x + 711
https://filk.squig.link/data/G522%20L2.txt	Logitech G522	Logitech G522	over-ear	KB006x + 711
https://filk.squig.link/data/G522%20L3.txt	Logitech G522	Logitech G522	over-ear	KB006x + 711
https://filk.squig.link/data/G522%20L4.txt	Logitech G522	Logitech G522	over-ear	KB006x + 711
https://filk.squig.link/data/G522%20L5.txt	Logitech G522	Logitech G522	over-ear	KB006x + 711
https://filk.squig.link/data/G522%20R1.txt	Logitech G522	Logitech G522	over-ear	KB006x + 711
https://filk.squig.link/data/G522%20R2.txt	Logitech G522	Logitech G522	over-ear	KB006x + 711
https://filk.squig.link/data/G522%20R3.txt	Logitech G522	Logitech G522	over-ear	KB006x + 711
https://filk.squig.link/data/G522%20R4.txt	Logitech G522	Logitech G522	over-ear	KB006x + 711
https://filk.squig.link/data/G522%20R5.txt	Logitech G522	Logitech G522	over-ear	KB006x + 711
https://filk.squig.link/data/G733%20worn%20L.txt	Logitech G733 (S1 Worn-ish pads)	Logitech G733 (S1 Worn-ish pads)	ignore	
https://filk.squig.link/data/G733%20worn%20R.txt	Logitech G733 (S1 Worn-ish pads)	Logitech G733 (S1 Worn-ish pads)	ignore	
https://filk.squig.link/data/Logitech%20G733%20aliexpress%20pads%20L.txt	Logitech G733 (S1 aliexpress pads)	Logitech G733 (S1 aliexpress pads)	ignore	
https://filk.squig.link/data/Logitech%20G733%20aliexpress%20pads%20R.txt	Logitech G733 (S1 aliexpress pads)	Logitech G733 (S1 aliexpress pads)	ignore	
https://filk.squig.link/data/Logitech%20G733%20S3%20Fresh%20L.txt	Logitech G733 (S3 Fresh pads)	Logitech G733 (S3 Fresh pads)	ignore	KB006x + 711
https://filk.squig.link/data/Logitech%20G733%20S3%20Fresh%20R.txt	Logitech G733 (S3 Fresh pads)	Logitech G733 (S3 Fresh pads)	ignore	KB006x + 711
https://filk.squig.link/data/G733%20L.txt	Logitech G733 (S2 Fresh pads)	Logitech G733 LIGHTSPEED	over-ear	KB006x + 711
https://filk.squig.link/data/G733%20R.txt	Logitech G733 (S2 Fresh pads)	Logitech G733 LIGHTSPEED	over-ear	KB006x + 711
https://filk.squig.link/data/Logitech%20Zone%20Vibe%20100%20L.txt	Logitech Zone Vibe 100	Logitech Zone Vibe 100	over-ear	KB006x + 711
https://filk.squig.link/data/Logitech%20Zone%20Vibe%20100%20R.txt	Logitech Zone Vibe 100	Logitech Zone Vibe 100	over-ear	KB006x + 711
https://filk.squig.link/data/V9%20Turbo%20game1%20L1.txt	Mchose V9 Turbo (Game 1 EQ)	Mchose V9 Turbo (Game 1 EQ)	over-ear	KB006x + 711
https://filk.squig.link/data/V9%20Turbo%20game1%20L2.txt	Mchose V9 Turbo (Game 1 EQ)	Mchose V9 Turbo (Game 1 EQ)	over-ear	KB006x + 711
https://filk.squig.link/data/V9%20Turbo%20game1%20L3.txt	Mchose V9 Turbo (Game 1 EQ)	Mchose V9 Turbo (Game 1 EQ)	over-ear	KB006x + 711
https://filk.squig.link/data/V9%20Turbo%20game1%20L4.txt	Mchose V9 Turbo (Game 1 EQ)	Mchose V9 Turbo (Game 1 EQ)	over-ear	KB006x + 711
https://filk.squig.link/data/V9%20Turbo%20game1%20L5.txt	Mchose V9 Turbo (Game 1 EQ)	Mchose V9 Turbo (Game 1 EQ)	over-ear	KB006x + 711
https://filk.squig.link/data/V9%20Turbo%20game1%20R1.txt	Mchose V9 Turbo (Game 1 EQ)	Mchose V9 Turbo (Game 1 EQ)	over-ear	KB006x + 711
https://filk.squig.link/data/V9%20Turbo%20game1%20R2.txt	Mchose V9 Turbo (Game 1 EQ)	Mchose V9 Turbo (Game 1 EQ)	over-ear	KB006x + 711
https://filk.squig.link/data/V9%20Turbo%20game1%20R3.txt	Mchose V9 Turbo (Game 1 EQ)	Mchose V9 Turbo (Game 1 EQ)	over-ear	KB006x + 711
https://filk.squig.link/data/V9%20Turbo%20game1%20R4.txt	Mchose V9 Turbo (Game 1 EQ)	Mchose V9 Turbo (Game 1 EQ)	over-ear	KB006x + 711
https://filk.squig.link/data/V9%20Turbo%20game1%20R5.txt	Mchose V9 Turbo (Game 1 EQ)	Mchose V9 Turbo (Game 1 EQ)	over-ear	KB006x + 711
https://filk.squig.link/data/V9%20Turbo%20game2%20L1.txt	Mchose V9 Turbo (Game 2 EQ)	Mchose V9 Turbo (Game 2 EQ)	over-ear	KB006x + 711
https://filk.squig.link/data/V9%20Turbo%20game2%20L2.txt	Mchose V9 Turbo (Game 2 EQ)	Mchose V9 Turbo (Game 2 EQ)	over-ear	KB006x + 711
https://filk.squig.link/data/V9%20Turbo%20game2%20L3.txt	Mchose V9 Turbo (Game 2 EQ)	Mchose V9 Turbo (Game 2 EQ)	over-ear	KB006x + 711
https://filk.squig.link/data/V9%20Turbo%20game2%20L4.txt	Mchose V9 Turbo (Game 2 EQ)	Mchose V9 Turbo (Game 2 EQ)	over-ear	KB006x + 711
https://filk.squig.link/data/V9%20Turbo%20game2%20L5.txt	Mchose V9 Turbo (Game 2 EQ)	Mchose V9 Turbo (Game 2 EQ)	over-ear	KB006x + 711
https://filk.squig.link/data/V9%20Turbo%20game2%20R1.txt	Mchose V9 Turbo (Game 2 EQ)	Mchose V9 Turbo (Game 2 EQ)	over-ear	KB006x + 711
https://filk.squig.link/data/V9%20Turbo%20game2%20R2.txt	Mchose V9 Turbo (Game 2 EQ)	Mchose V9 Turbo (Game 2 EQ)	over-ear	KB006x + 711
https://filk.squig.link/data/V9%20Turbo%20game2%20R3.txt	Mchose V9 Turbo (Game 2 EQ)	Mchose V9 Turbo (Game 2 EQ)	over-ear	KB006x + 711
https://filk.squig.link/data/V9%20Turbo%20game2%20R4.txt	Mchose V9 Turbo (Game 2 EQ)	Mchose V9 Turbo (Game 2 EQ)	over-ear	KB006x + 711
https://filk.squig.link/data/V9%20Turbo%20game2%20R5.txt	Mchose V9 Turbo (Game 2 EQ)	Mchose V9 Turbo (Game 2 EQ)	over-ear	KB006x + 711
https://filk.squig.link/data/V9%20Turbo%20music%20L1.txt	Mchose V9 Turbo (Music EQ)	Mchose V9 Turbo (Music EQ)	over-ear	KB006x + 711
https://filk.squig.link/data/V9%20Turbo%20music%20L2.txt	Mchose V9 Turbo (Music EQ)	Mchose V9 Turbo (Music EQ)	over-ear	KB006x + 711
https://filk.squig.link/data/V9%20Turbo%20music%20L3.txt	Mchose V9 Turbo (Music EQ)	Mchose V9 Turbo (Music EQ)	over-ear	KB006x + 711
https://filk.squig.link/data/V9%20Turbo%20music%20L4.txt	Mchose V9 Turbo (Music EQ)	Mchose V9 Turbo (Music EQ)	over-ear	KB006x + 711
https://filk.squig.link/data/V9%20Turbo%20music%20L5.txt	Mchose V9 Turbo (Music EQ)	Mchose V9 Turbo (Music EQ)	over-ear	KB006x + 711
https://filk.squig.link/data/V9%20Turbo%20music%20R1.txt	Mchose V9 Turbo (Music EQ)	Mchose V9 Turbo (Music EQ)	over-ear	KB006x + 711
https://filk.squig.link/data/V9%20Turbo%20music%20R2.txt	Mchose V9 Turbo (Music EQ)	Mchose V9 Turbo (Music EQ)	over-ear	KB006x + 711
https://filk.squig.link/data/V9%20Turbo%20music%20R3.txt	Mchose V9 Turbo (Music EQ)	Mchose V9 Turbo (Music EQ)	over-ear	KB006x + 711
https://filk.squig.link/data/V9%20Turbo%20music%20R4.txt	Mchose V9 Turbo (Music EQ)	Mchose V9 Turbo (Music EQ)	over-ear	KB006x + 711
https://filk.squig.link/data/V9%20Turbo%20music%20R5.txt	Mchose V9 Turbo (Music EQ)	Mchose V9 Turbo (Music EQ)	over-ear	KB006x + 711
https://filk.squig.link/iems/data/Meze%20Alba%20L.txt	Meze Alba	Meze Alba	in-ear	711
https://filk.squig.link/iems/data/Meze%20Alba%20R.txt	Meze Alba	Meze Alba	in-ear	711
https://filk.squig.link/iems/data/Moondrop%20BLOCK%20L.txt	Moondrop BLOCK	Moondrop BLOCK	in-ear	711
https://filk.squig.link/iems/data/Moondrop%20BLOCK%20R.txt	Moondrop BLOCK	Moondrop BLOCK	in-ear	711
https://filk.squig.link/iems/data/Moondrop%20Chu%20L.txt	Moondrop Chu	Moondrop Chu	in-ear	711
https://filk.squig.link/iems/data/Moondrop%20Chu%20R.txt	Moondrop Chu	Moondrop Chu	in-ear	711
https://filk.squig.link/iems/data/Moondrop%20Jiu%20L.txt	Moondrop Jiu	Moondrop Jiu	in-ear	711
https://filk.squig.link/iems/data/Moondrop%20Jiu%20R.txt	Moondrop Jiu	Moondrop Jiu	in-ear	711
https://filk.squig.link/data/Moondrop%20Joker%20L.txt	Moondrop Joker	Moondrop Joker	over-ear	KB006x + 711
https://filk.squig.link/data/Moondrop%20Joker%20R.txt	Moondrop Joker	Moondrop Joker	over-ear	KB006x + 711
https://filk.squig.link/iems/data/Moondrop%20MOCA%20S2%20L.txt	Moondrop MOCA (S1 ANC off + standard EQ)	Moondrop MOCA (ANC off, standard EQ)	in-ear	711
https://filk.squig.link/iems/data/Moondrop%20MOCA%20S2%20R.txt	Moondrop MOCA (S1 ANC off + standard EQ)	Moondrop MOCA (ANC off, standard EQ)	in-ear	711
https://filk.squig.link/iems/data/Moondrop%20MOCA%20L.txt	Moondrop MOCA (S2 ANC off + standard EQ)	Moondrop MOCA (ANC off, standard EQ)	in-ear	711
https://filk.squig.link/iems/data/Moondrop%20MOCA%20R.txt	Moondrop MOCA (S2 ANC off + standard EQ)	Moondrop MOCA (ANC off, standard EQ)	in-ear	711
https://filk.squig.link/iems/data/Moondrop%20MOCA%20ANC%20S2%20L.txt	Moondrop MOCA (S1 ANC on + standard EQ)	Moondrop MOCA (ANC on, standard EQ)	in-ear	711
https://filk.squig.link/iems/data/Moondrop%20MOCA%20ANC%20S2%20R.txt	Moondrop MOCA (S1 ANC on + standard EQ)	Moondrop MOCA (ANC on, standard EQ)	in-ear	711
https://filk.squig.link/iems/data/Moondrop%20MOCA%20ANC%20L.txt	Moondrop MOCA (S2 ANC on + standard EQ)	Moondrop MOCA (ANC on, standard EQ)	in-ear	711
https://filk.squig.link/iems/data/Moondrop%20MOCA%20ANC%20R.txt	Moondrop MOCA (S2 ANC on + standard EQ)	Moondrop MOCA (ANC on, standard EQ)	in-ear	711
https://filk.squig.link/iems/data/Moondrop%20Quark%202%20L.txt	Moondrop Quark 2	Moondrop Quark 2	in-ear	711
https://filk.squig.link/iems/data/Moondrop%20Quark%202%20R.txt	Moondrop Quark 2	Moondrop Quark 2	in-ear	711
https://filk.squig.link/iems/data/Moondrop%20SSR%20L.txt	Moondrop SSR	Moondrop SSR	in-ear	711
https://filk.squig.link/iems/data/Moondrop%20SSR%20R.txt	Moondrop SSR	Moondrop SSR	in-ear	711
https://filk.squig.link/data/Moondrop%20Space%20Travel%20ref%20L.txt		Moondrop Space Travel	in-ear	KB006x + 711
https://filk.squig.link/data/Moondrop%20Space%20Travel%20ref%20R.txt		Moondrop Space Travel	in-ear	KB006x + 711
https://filk.squig.link/iems/data/Moondrop%20Space%20Travel%20bas%20L.txt	Moondrop Space Travel (basshead EQ)	Moondrop Space Travel (basshead EQ)	ignore	711
https://filk.squig.link/iems/data/Moondrop%20Space%20Travel%20bas%20R.txt	Moondrop Space Travel (basshead EQ)	Moondrop Space Travel (basshead EQ)	ignore	711
https://filk.squig.link/iems/data/Moondrop%20Space%20Travel%20mon%20L.txt	Moondrop Space Travel (monitor EQ)	Moondrop Space Travel (monitor EQ)	ignore	711
https://filk.squig.link/iems/data/Moondrop%20Space%20Travel%20mon%20R.txt	Moondrop Space Travel (monitor EQ)	Moondrop Space Travel (monitor EQ)	ignore	711
https://filk.squig.link/iems/data/Moondrop%20Space%20Travel%20ref%20L.txt	Moondrop Space Travel (reference EQ)	Moondrop Space Travel (reference mode)	in-ear	711
https://filk.squig.link/iems/data/Moondrop%20Space%20Travel%20ref%20R.txt	Moondrop Space Travel (reference EQ)	Moondrop Space Travel (reference mode)	in-ear	711
https://filk.squig.link/iems/data/Space%20Travel%202%20L.txt	Moondrop Space Travel 2	Moondrop Space Travel 2	in-ear	711
https://filk.squig.link/iems/data/Space%20Travel%202%20R.txt	Moondrop Space Travel 2	Moondrop Space Travel 2	in-ear	711
https://filk.squig.link/iems/data/Moondrop%20Ultrasonic%20336x%20L.txt	Moondrop Ultrasonic (336xx EQ)	Moondrop Ultrasonic (336xx EQ)	ignore	711
https://filk.squig.link/iems/data/Moondrop%20Ultrasonic%20336x%20R.txt	Moondrop Ultrasonic (336xx EQ)	Moondrop Ultrasonic (336xx EQ)	ignore	711
https://filk.squig.link/iems/data/Moondrop%20Ultrasonic%2089xx%20L.txt	Moondrop Ultrasonic (89xx EQ)	Moondrop Ultrasonic (89xx EQ)	ignore	711
https://filk.squig.link/iems/data/Moondrop%20Ultrasonic%2089xx%20R.txt	Moondrop Ultrasonic (89xx EQ)	Moondrop Ultrasonic (89xx EQ)	ignore	711
https://filk.squig.link/iems/data/Moondrop%20Ultrasonic%20club%20L.txt	Moondrop Ultrasonic (club EQ)	Moondrop Ultrasonic (club EQ)	ignore	711
https://filk.squig.link/iems/data/Moondrop%20Ultrasonic%20club%20R.txt	Moondrop Ultrasonic (club EQ)	Moondrop Ultrasonic (club EQ)	ignore	711
https://filk.squig.link/iems/data/Moondrop%20Ultrasonic%20mon%20L.txt	Moondrop Ultrasonic (monitor EQ)	Moondrop Ultrasonic (monitor EQ)	ignore	711
https://filk.squig.link/iems/data/Moondrop%20Ultrasonic%20mon%20R.txt	Moondrop Ultrasonic (monitor EQ)	Moondrop Ultrasonic (monitor EQ)	ignore	711
https://filk.squig.link/iems/data/Moondrop%20Ultrasonic%20ref%20L.txt	Moondrop Ultrasonic (reference EQ)	Moondrop Ultrasonic (reference EQ)	in-ear	711
https://filk.squig.link/iems/data/Moondrop%20Ultrasonic%20ref%20R.txt	Moondrop Ultrasonic (reference EQ)	Moondrop Ultrasonic (reference EQ)	in-ear	711
https://filk.squig.link/iems/data/Motorola%20Moto%20Buds%20Plus%20L.txt	Motorola Moto Buds+ (ANC on)	Motorola Moto Buds Plus (ANC on)	in-ear	711
https://filk.squig.link/iems/data/Motorola%20Moto%20Buds%20Plus%20R.txt	Motorola Moto Buds+ (ANC on)	Motorola Moto Buds Plus (ANC on)	in-ear	711
https://filk.squig.link/data/NC-300D%20L1.txt	Navcomm NC-300D	Navcomm NC-300D	over-ear	KB006x + 711
https://filk.squig.link/data/NC-300D%20L2.txt	Navcomm NC-300D	Navcomm NC-300D	over-ear	KB006x + 711
https://filk.squig.link/data/NC-300D%20L3.txt	Navcomm NC-300D	Navcomm NC-300D	over-ear	KB006x + 711
https://filk.squig.link/data/NC-300D%20L4.txt	Navcomm NC-300D	Navcomm NC-300D	over-ear	KB006x + 711
https://filk.squig.link/data/NC-300D%20L5.txt	Navcomm NC-300D	Navcomm NC-300D	over-ear	KB006x + 711
https://filk.squig.link/data/NC-300D%20R1.txt	Navcomm NC-300D	Navcomm NC-300D	over-ear	KB006x + 711
https://filk.squig.link/data/NC-300D%20R2.txt	Navcomm NC-300D	Navcomm NC-300D	over-ear	KB006x + 711
https://filk.squig.link/data/NC-300D%20R3.txt	Navcomm NC-300D	Navcomm NC-300D	over-ear	KB006x + 711
https://filk.squig.link/data/NC-300D%20R4.txt	Navcomm NC-300D	Navcomm NC-300D	over-ear	KB006x + 711
https://filk.squig.link/data/NC-300D%20R5.txt	Navcomm NC-300D	Navcomm NC-300D	over-ear	KB006x + 711
https://filk.squig.link/iems/data/NuForce%20EDC3%20L.txt	NuForce EDC3	NuForce EDC3	in-ear	711
https://filk.squig.link/iems/data/NuForce%20EDC3%20R.txt	NuForce EDC3	NuForce EDC3	in-ear	711
https://filk.squig.link/data/NH1%20Pro%20game%20fab%20L1.txt	Nubi NH1 Pro (Fabric Pads, Game EQ)	Nubi NH1 Pro (Fabric Pads, Game EQ)	over-ear	KB006x + 711
https://filk.squig.link/data/NH1%20Pro%20game%20fab%20L2.txt	Nubi NH1 Pro (Fabric Pads, Game EQ)	Nubi NH1 Pro (Fabric Pads, Game EQ)	over-ear	KB006x + 711
https://filk.squig.link/data/NH1%20Pro%20game%20fab%20L3.txt	Nubi NH1 Pro (Fabric Pads, Game EQ)	Nubi NH1 Pro (Fabric Pads, Game EQ)	over-ear	KB006x + 711
https://filk.squig.link/data/NH1%20Pro%20game%20fab%20L4.txt	Nubi NH1 Pro (Fabric Pads, Game EQ)	Nubi NH1 Pro (Fabric Pads, Game EQ)	over-ear	KB006x + 711
https://filk.squig.link/data/NH1%20Pro%20game%20fab%20L5.txt	Nubi NH1 Pro (Fabric Pads, Game EQ)	Nubi NH1 Pro (Fabric Pads, Game EQ)	over-ear	KB006x + 711
https://filk.squig.link/data/NH1%20Pro%20game%20fab%20R1.txt	Nubi NH1 Pro (Fabric Pads, Game EQ)	Nubi NH1 Pro (Fabric Pads, Game EQ)	over-ear	KB006x + 711
https://filk.squig.link/data/NH1%20Pro%20game%20fab%20R2.txt	Nubi NH1 Pro (Fabric Pads, Game EQ)	Nubi NH1 Pro (Fabric Pads, Game EQ)	over-ear	KB006x + 711
https://filk.squig.link/data/NH1%20Pro%20game%20fab%20R3.txt	Nubi NH1 Pro (Fabric Pads, Game EQ)	Nubi NH1 Pro (Fabric Pads, Game EQ)	over-ear	KB006x + 711
https://filk.squig.link/data/NH1%20Pro%20game%20fab%20R4.txt	Nubi NH1 Pro (Fabric Pads, Game EQ)	Nubi NH1 Pro (Fabric Pads, Game EQ)	over-ear	KB006x + 711
https://filk.squig.link/data/NH1%20Pro%20game%20fab%20R5.txt	Nubi NH1 Pro (Fabric Pads, Game EQ)	Nubi NH1 Pro (Fabric Pads, Game EQ)	over-ear	KB006x + 711
https://filk.squig.link/data/NH1%20Pro%20game%20hyb%20L1.txt	Nubi NH1 Pro (Hybrid pads, Game EQ)	Nubi NH1 Pro (Hybrid pads, Game EQ)	over-ear	KB006x + 711
https://filk.squig.link/data/NH1%20Pro%20game%20hyb%20L2.txt	Nubi NH1 Pro (Hybrid pads, Game EQ)	Nubi NH1 Pro (Hybrid pads, Game EQ)	over-ear	KB006x + 711
https://filk.squig.link/data/NH1%20Pro%20game%20hyb%20L3.txt	Nubi NH1 Pro (Hybrid pads, Game EQ)	Nubi NH1 Pro (Hybrid pads, Game EQ)	over-ear	KB006x + 711
https://filk.squig.link/data/NH1%20Pro%20game%20hyb%20L4.txt	Nubi NH1 Pro (Hybrid pads, Game EQ)	Nubi NH1 Pro (Hybrid pads, Game EQ)	over-ear	KB006x + 711
https://filk.squig.link/data/NH1%20Pro%20game%20hyb%20L5.txt	Nubi NH1 Pro (Hybrid pads, Game EQ)	Nubi NH1 Pro (Hybrid pads, Game EQ)	over-ear	KB006x + 711
https://filk.squig.link/data/NH1%20Pro%20game%20hyb%20R1.txt	Nubi NH1 Pro (Hybrid pads, Game EQ)	Nubi NH1 Pro (Hybrid pads, Game EQ)	over-ear	KB006x + 711
https://filk.squig.link/data/NH1%20Pro%20game%20hyb%20R2.txt	Nubi NH1 Pro (Hybrid pads, Game EQ)	Nubi NH1 Pro (Hybrid pads, Game EQ)	over-ear	KB006x + 711
https://filk.squig.link/data/NH1%20Pro%20game%20hyb%20R3.txt	Nubi NH1 Pro (Hybrid pads, Game EQ)	Nubi NH1 Pro (Hybrid pads, Game EQ)	over-ear	KB006x + 711
https://filk.squig.link/data/NH1%20Pro%20game%20hyb%20R4.txt	Nubi NH1 Pro (Hybrid pads, Game EQ)	Nubi NH1 Pro (Hybrid pads, Game EQ)	over-ear	KB006x + 711
https://filk.squig.link/data/NH1%20Pro%20game%20hyb%20R5.txt	Nubi NH1 Pro (Hybrid pads, Game EQ)	Nubi NH1 Pro (Hybrid pads, Game EQ)	over-ear	KB006x + 711
https://filk.squig.link/data/NH1%20Pro%20bass%20L1.txt	Nubi NH1 Pro (Leather pads, Bass Boost EQ)	Nubi NH1 Pro (Leather pads, Bass Boost EQ)	over-ear	KB006x + 711
https://filk.squig.link/data/NH1%20Pro%20bass%20L2.txt	Nubi NH1 Pro (Leather pads, Bass Boost EQ)	Nubi NH1 Pro (Leather pads, Bass Boost EQ)	over-ear	KB006x + 711
https://filk.squig.link/data/NH1%20Pro%20bass%20L3.txt	Nubi NH1 Pro (Leather pads, Bass Boost EQ)	Nubi NH1 Pro (Leather pads, Bass Boost EQ)	over-ear	KB006x + 711
https://filk.squig.link/data/NH1%20Pro%20bass%20L4.txt	Nubi NH1 Pro (Leather pads, Bass Boost EQ)	Nubi NH1 Pro (Leather pads, Bass Boost EQ)	over-ear	KB006x + 711
https://filk.squig.link/data/NH1%20Pro%20bass%20L5.txt	Nubi NH1 Pro (Leather pads, Bass Boost EQ)	Nubi NH1 Pro (Leather pads, Bass Boost EQ)	over-ear	KB006x + 711
https://filk.squig.link/data/NH1%20Pro%20bass%20R1.txt	Nubi NH1 Pro (Leather pads, Bass Boost EQ)	Nubi NH1 Pro (Leather pads, Bass Boost EQ)	over-ear	KB006x + 711
https://filk.squig.link/data/NH1%20Pro%20bass%20R2.txt	Nubi NH1 Pro (Leather pads, Bass Boost EQ)	Nubi NH1 Pro (Leather pads, Bass Boost EQ)	over-ear	KB006x + 711
https://filk.squig.link/data/NH1%20Pro%20bass%20R3.txt	Nubi NH1 Pro (Leather pads, Bass Boost EQ)	Nubi NH1 Pro (Leather pads, Bass Boost EQ)	over-ear	KB006x + 711
https://filk.squig.link/data/NH1%20Pro%20bass%20R4.txt	Nubi NH1 Pro (Leather pads, Bass Boost EQ)	Nubi NH1 Pro (Leather pads, Bass Boost EQ)	over-ear	KB006x + 711
https://filk.squig.link/data/NH1%20Pro%20bass%20R5.txt	Nubi NH1 Pro (Leather pads, Bass Boost EQ)	Nubi NH1 Pro (Leather pads, Bass Boost EQ)	over-ear	KB006x + 711
https://filk.squig.link/data/NH1%20Pro%20clear%20L1.txt	Nubi NH1 Pro (Leather pads, Clear EQ)	Nubi NH1 Pro (Leather pads, Clear EQ)	over-ear	KB006x + 711
https://filk.squig.link/data/NH1%20Pro%20clear%20L2.txt	Nubi NH1 Pro (Leather pads, Clear EQ)	Nubi NH1 Pro (Leather pads, Clear EQ)	over-ear	KB006x + 711
https://filk.squig.link/data/NH1%20Pro%20clear%20L3.txt	Nubi NH1 Pro (Leather pads, Clear EQ)	Nubi NH1 Pro (Leather pads, Clear EQ)	over-ear	KB006x + 711
https://filk.squig.link/data/NH1%20Pro%20clear%20L4.txt	Nubi NH1 Pro (Leather pads, Clear EQ)	Nubi NH1 Pro (Leather pads, Clear EQ)	over-ear	KB006x + 711
https://filk.squig.link/data/NH1%20Pro%20clear%20L5.txt	Nubi NH1 Pro (Leather pads, Clear EQ)	Nubi NH1 Pro (Leather pads, Clear EQ)	over-ear	KB006x + 711
https://filk.squig.link/data/NH1%20Pro%20clear%20R1.txt	Nubi NH1 Pro (Leather pads, Clear EQ)	Nubi NH1 Pro (Leather pads, Clear EQ)	over-ear	KB006x + 711
https://filk.squig.link/data/NH1%20Pro%20clear%20R2.txt	Nubi NH1 Pro (Leather pads, Clear EQ)	Nubi NH1 Pro (Leather pads, Clear EQ)	over-ear	KB006x + 711
https://filk.squig.link/data/NH1%20Pro%20clear%20R3.txt	Nubi NH1 Pro (Leather pads, Clear EQ)	Nubi NH1 Pro (Leather pads, Clear EQ)	over-ear	KB006x + 711
https://filk.squig.link/data/NH1%20Pro%20clear%20R4.txt	Nubi NH1 Pro (Leather pads, Clear EQ)	Nubi NH1 Pro (Leather pads, Clear EQ)	over-ear	KB006x + 711
https://filk.squig.link/data/NH1%20Pro%20clear%20R5.txt	Nubi NH1 Pro (Leather pads, Clear EQ)	Nubi NH1 Pro (Leather pads, Clear EQ)	over-ear	KB006x + 711
https://filk.squig.link/data/NH1%20Pro%20game%20L1.txt	Nubi NH1 Pro (Leather pads, Game EQ)	Nubi NH1 Pro (Leather pads, Game EQ)	over-ear	KB006x + 711
https://filk.squig.link/data/NH1%20Pro%20game%20L2.txt	Nubi NH1 Pro (Leather pads, Game EQ)	Nubi NH1 Pro (Leather pads, Game EQ)	over-ear	KB006x + 711
https://filk.squig.link/data/NH1%20Pro%20game%20L3.txt	Nubi NH1 Pro (Leather pads, Game EQ)	Nubi NH1 Pro (Leather pads, Game EQ)	over-ear	KB006x + 711
https://filk.squig.link/data/NH1%20Pro%20game%20L4.txt	Nubi NH1 Pro (Leather pads, Game EQ)	Nubi NH1 Pro (Leather pads, Game EQ)	over-ear	KB006x + 711
https://filk.squig.link/data/NH1%20Pro%20game%20L5.txt	Nubi NH1 Pro (Leather pads, Game EQ)	Nubi NH1 Pro (Leather pads, Game EQ)	over-ear	KB006x + 711
https://filk.squig.link/data/NH1%20Pro%20game%20R1.txt	Nubi NH1 Pro (Leather pads, Game EQ)	Nubi NH1 Pro (Leather pads, Game EQ)	over-ear	KB006x + 711
https://filk.squig.link/data/NH1%20Pro%20game%20R2.txt	Nubi NH1 Pro (Leather pads, Game EQ)	Nubi NH1 Pro (Leather pads, Game EQ)	over-ear	KB006x + 711
https://filk.squig.link/data/NH1%20Pro%20game%20R3.txt	Nubi NH1 Pro (Leather pads, Game EQ)	Nubi NH1 Pro (Leather pads, Game EQ)	over-ear	KB006x + 711
https://filk.squig.link/data/NH1%20Pro%20game%20R4.txt	Nubi NH1 Pro (Leather pads, Game EQ)	Nubi NH1 Pro (Leather pads, Game EQ)	over-ear	KB006x + 711
https://filk.squig.link/data/NH1%20Pro%20game%20R5.txt	Nubi NH1 Pro (Leather pads, Game EQ)	Nubi NH1 Pro (Leather pads, Game EQ)	over-ear	KB006x + 711
https://filk.squig.link/data/NH1%20Pro%20voc%20L1.txt	Nubi NH1 Pro (Leather pads, Vocal EQ)	Nubi NH1 Pro (Leather pads, Vocal EQ)	over-ear	KB006x + 711
https://filk.squig.link/data/NH1%20Pro%20voc%20L2.txt	Nubi NH1 Pro (Leather pads, Vocal EQ)	Nubi NH1 Pro (Leather pads, Vocal EQ)	over-ear	KB006x + 711
https://filk.squig.link/data/NH1%20Pro%20voc%20L3.txt	Nubi NH1 Pro (Leather pads, Vocal EQ)	Nubi NH1 Pro (Leather pads, Vocal EQ)	over-ear	KB006x + 711
https://filk.squig.link/data/NH1%20Pro%20voc%20L4.txt	Nubi NH1 Pro (Leather pads, Vocal EQ)	Nubi NH1 Pro (Leather pads, Vocal EQ)	over-ear	KB006x + 711
https://filk.squig.link/data/NH1%20Pro%20voc%20L5.txt	Nubi NH1 Pro (Leather pads, Vocal EQ)	Nubi NH1 Pro (Leather pads, Vocal EQ)	over-ear	KB006x + 711
https://filk.squig.link/data/NH1%20Pro%20voc%20R1.txt	Nubi NH1 Pro (Leather pads, Vocal EQ)	Nubi NH1 Pro (Leather pads, Vocal EQ)	over-ear	KB006x + 711
https://filk.squig.link/data/NH1%20Pro%20voc%20R2.txt	Nubi NH1 Pro (Leather pads, Vocal EQ)	Nubi NH1 Pro (Leather pads, Vocal EQ)	over-ear	KB006x + 711
https://filk.squig.link/data/NH1%20Pro%20voc%20R3.txt	Nubi NH1 Pro (Leather pads, Vocal EQ)	Nubi NH1 Pro (Leather pads, Vocal EQ)	over-ear	KB006x + 711
https://filk.squig.link/data/NH1%20Pro%20voc%20R4.txt	Nubi NH1 Pro (Leather pads, Vocal EQ)	Nubi NH1 Pro (Leather pads, Vocal EQ)	over-ear	KB006x + 711
https://filk.squig.link/data/NH1%20Pro%20voc%20R5.txt	Nubi NH1 Pro (Leather pads, Vocal EQ)	Nubi NH1 Pro (Leather pads, Vocal EQ)	over-ear	KB006x + 711
https://filk.squig.link/data/OneOdio%20A71D%20L.txt	OneOdio A71D	OneOdio A71D	over-ear	KB006x + 711
https://filk.squig.link/data/OneOdio%20A71D%20R.txt	OneOdio A71D	OneOdio A71D	over-ear	KB006x + 711
https://filk.squig.link/data/Philips%20TAH2005BK00%20L.txt	Philips TAH2005BK/00	Philips TAH2005BK00	over-ear	KB006x + 711
https://filk.squig.link/data/Philips%20TAH2005BK00%20R.txt	Philips TAH2005BK/00	Philips TAH2005BK00	over-ear	KB006x + 711
https://filk.squig.link/data/Project%20HRP%20L.txt		Project HRP	ignore	
https://filk.squig.link/data/Project%20HRP%20R.txt		Project HRP	ignore	
https://filk.squig.link/data/QCY%20T12%20ANC2%20L.txt		QCY T12 ANC2	in-ear	KB006x + 711
https://filk.squig.link/data/QCY%20T12%20ANC2%20R.txt		QCY T12 ANC2	in-ear	KB006x + 711
https://filk.squig.link/iems/data/QCY%20T13%20ANC2%20L.txt	QCY T13 ANC2 (ANC on)	QCY T13 ANC2 (ANC on)	in-ear	711
https://filk.squig.link/iems/data/QCY%20T13%20ANC2%20R.txt	QCY T13 ANC2 (ANC on)	QCY T13 ANC2 (ANC on)	in-ear	711
https://filk.squig.link/data/PH-88%20R1.txt	RTS PH-88	RTS PH-88	over-ear	KB006x + 711
https://filk.squig.link/data/PH-88%20R2.txt	RTS PH-88	RTS PH-88	over-ear	KB006x + 711
https://filk.squig.link/data/PH-88%20R3.txt	RTS PH-88	RTS PH-88	over-ear	KB006x + 711
https://filk.squig.link/data/PH-88%20R4.txt	RTS PH-88	RTS PH-88	over-ear	KB006x + 711
https://filk.squig.link/data/PH-88%20R5.txt	RTS PH-88	RTS PH-88	over-ear	KB006x + 711
https://filk.squig.link/data/Razer%20Barracuda%20X%202022%20L.txt	Razer Barracuda X 2022	Razer Barracuda X (2022)	over-ear	KB006x + 711
https://filk.squig.link/data/Razer%20Barracuda%20X%202022%20R.txt	Razer Barracuda X 2022	Razer Barracuda X (2022)	over-ear	KB006x + 711
https://filk.squig.link/data/Razer%20Blackshark%20v2%20usb%20L.txt	Razer Blackshark V2 (via USB sound card + flat EQ)	Razer BlackShark V2	over-ear	KB006x + 711
https://filk.squig.link/data/Razer%20Blackshark%20v2%20usb%20R.txt	Razer Blackshark V2 (via USB sound card + flat EQ)	Razer BlackShark V2	over-ear	KB006x + 711
https://filk.squig.link/data/Razer%20Blackshark%20v2%20THX%20L.txt	Razer Blackshark V2 (via USB sound card + flat EQ + THX)	Razer Blackshark V2 (via USB sound card + flat EQ + THX)	ignore	KB006x + 711
https://filk.squig.link/data/Razer%20Blackshark%20v2%20THX%20R.txt	Razer Blackshark V2 (via USB sound card + flat EQ + THX)	Razer Blackshark V2 (via USB sound card + flat EQ + THX)	ignore	KB006x + 711
https://filk.squig.link/data/Razer%20Blackshark%20v2%20jack%20L.txt	Razer Blackshark V2 (via jack)	Razer Blackshark V2 (via jack)	ignore	KB006x + 711
https://filk.squig.link/data/Razer%20Blackshark%20v2%20jack%20R.txt	Razer Blackshark V2 (via jack)	Razer Blackshark V2 (via jack)	ignore	KB006x + 711
https://filk.squig.link/data/Razer%20Kraken%20V3%20Pro%20L.txt	Razer Kraken V3 Pro	Razer Kraken V3 Pro	over-ear	KB006x + 711
https://filk.squig.link/data/Razer%20Kraken%20V3%20Pro%20R.txt	Razer Kraken V3 Pro	Razer Kraken V3 Pro	over-ear	KB006x + 711
https://filk.squig.link/data/Opus%202020%20ANC%20off%20L.txt	Razer Opus 2020 (ANC off)	Razer Opus 2020 (ANC off)	over-ear	KB006x + 711
https://filk.squig.link/data/Opus%202020%20L.txt	Razer Opus 2020 (ANC on)	Razer Opus 2020 (ANC on)	over-ear	KB006x + 711
https://filk.squig.link/data/Razer%20Opus%202020%20S2%20ANC%20L.txt	Razer Opus 2020 (S2 ANC on)	Razer Opus 2020 (ANC on)	over-ear	KB006x + 711
https://filk.squig.link/data/Razer%20Opus%202020%20S2%20ANC%20R.txt	Razer Opus 2020 (S2 ANC on)	Razer Opus 2020 (ANC on)	over-ear	KB006x + 711
https://filk.squig.link/data/Opus%202020%20passive%20L.txt	Razer Opus 2020 (passive)	Razer Opus 2020 (passive)	over-ear	KB006x + 711
https://filk.squig.link/data/Redragon%20Arrow%20H858%20L.txt	Redragon Arrow H858	Redragon Arrow H858	over-ear	KB006x + 711
https://filk.squig.link/data/Redragon%20Arrow%20H858%20R.txt	Redragon Arrow H858	Redragon Arrow H858	over-ear	KB006x + 711
https://filk.squig.link/data/Redragon%20Diomedes%20H386%20L.txt	Redragon Diomedes H386	Redragon Diomedes H386	over-ear	KB006x + 711
https://filk.squig.link/data/Redragon%20Diomedes%20H386%20R.txt	Redragon Diomedes H386	Redragon Diomedes H386	over-ear	KB006x + 711
https://filk.squig.link/data/Redragon%20Zeus%20H510-PRO%20L.txt	Redragon Zeus Pro H510 (S1)	Redragon H510 Zeus Pro	over-ear	KB006x + 711
https://filk.squig.link/data/Redragon%20Zeus%20H510-PRO%20R.txt	Redragon Zeus Pro H510 (S1)	Redragon H510 Zeus Pro	over-ear	KB006x + 711
https://filk.squig.link/data/Redragon%20Zeus%20Pro%20H510%20S2%20L.txt	Redragon Zeus Pro H510 (S2)	Redragon H510 Zeus Pro	over-ear	KB006x + 711
https://filk.squig.link/data/Redragon%20Zeus%20Pro%20H510%20S2%20R.txt	Redragon Zeus Pro H510 (S2)	Redragon H510 Zeus Pro	over-ear	KB006x + 711
https://filk.squig.link/data/Redragon%20Zeus%20X%20L.txt	Redragon Zeus X H510	Redragon H510 Zeus-X	over-ear	KB006x + 711
https://filk.squig.link/data/Redragon%20Zeus%20X%20R.txt	Redragon Zeus X H510	Redragon H510 Zeus-X	over-ear	KB006x + 711
https://filk.squig.link/data/Redragon%20IRE%20PRO%20H848%20L.txt	Redragon IRE PRO H848	Redragon H848 IRE PRO	over-ear	KB006x + 711
https://filk.squig.link/data/Redragon%20IRE%20PRO%20H848%20R.txt	Redragon IRE PRO H848	Redragon H848 IRE PRO	over-ear	KB006x + 711
https://filk.squig.link/data/Spectra%20Pro%20L1.txt	Redragon Spectra Pro H899	Redragon Spectra Pro H899	over-ear	KB006x + 711
https://filk.squig.link/data/Spectra%20Pro%20L2.txt	Redragon Spectra Pro H899	Redragon Spectra Pro H899	over-ear	KB006x + 711
https://filk.squig.link/data/Spectra%20Pro%20L3.txt	Redragon Spectra Pro H899	Redragon Spectra Pro H899	over-ear	KB006x + 711
https://filk.squig.link/data/Spectra%20Pro%20L4.txt	Redragon Spectra Pro H899	Redragon Spectra Pro H899	over-ear	KB006x + 711
https://filk.squig.link/data/Spectra%20Pro%20L5.txt	Redragon Spectra Pro H899	Redragon Spectra Pro H899	over-ear	KB006x + 711
https://filk.squig.link/data/Spectra%20Pro%20R1.txt	Redragon Spectra Pro H899	Redragon Spectra Pro H899	over-ear	KB006x + 711
https://filk.squig.link/data/Spectra%20Pro%20R2.txt	Redragon Spectra Pro H899	Redragon Spectra Pro H899	over-ear	KB006x + 711
https://filk.squig.link/data/Spectra%20Pro%20R3.txt	Redragon Spectra Pro H899	Redragon Spectra Pro H899	over-ear	KB006x + 711
https://filk.squig.link/data/Spectra%20Pro%20R4.txt	Redragon Spectra Pro H899	Redragon Spectra Pro H899	over-ear	KB006x + 711
https://filk.squig.link/data/Spectra%20Pro%20R5.txt	Redragon Spectra Pro H899	Redragon Spectra Pro H899	over-ear	KB006x + 711
https://filk.squig.link/data/RODE%20NTH-100m%20L.txt	RODE NTH-100m	RØDE NTH-100M	over-ear	KB006x + 711
https://filk.squig.link/data/RODE%20NTH-100m%20R.txt	RODE NTH-100m	RØDE NTH-100M	over-ear	KB006x + 711
https://filk.squig.link/data/SPC%20Gear%20Viro%20S2%20velour%20L.txt	SPC Gear Viro (S2 Velour earpads)	SPC Gear Viro (S2 Velour earpads)	ignore	KB006x + 711
https://filk.squig.link/data/SPC%20Gear%20Viro%20S2%20velour%20R.txt	SPC Gear Viro (S2 Velour earpads)	SPC Gear Viro (S2 Velour earpads)	ignore	KB006x + 711
https://filk.squig.link/data/Viro%20Breathable%20L.txt	SPC Gear Viro (Breathable earpads)	SPC Gear Viro (breathable earpads)	over-ear	KB006x + 711
https://filk.squig.link/data/Viro%20Breathable%20R.txt	SPC Gear Viro (Breathable earpads)	SPC Gear Viro (breathable earpads)	over-ear	KB006x + 711
https://filk.squig.link/data/Viro%20leather%20L.txt	SPC Gear Viro (Leather earpads)	SPC Gear Viro (leather earpads)	over-ear	KB006x + 711
https://filk.squig.link/data/Viro%20leather%20R.txt	SPC Gear Viro (Leather earpads)	SPC Gear Viro (leather earpads)	over-ear	KB006x + 711
https://filk.squig.link/data/Viro%20L.txt	SPC Gear Viro (Velour earpads)	SPC Gear Viro (velour earpads)	over-ear	KB006x + 711
https://filk.squig.link/data/Viro%20R.txt	SPC Gear Viro (Velour earpads)	SPC Gear Viro (velour earpads)	over-ear	KB006x + 711
https://filk.squig.link/iems/data/SPC%20Gear%20Viro%20101M%20L.txt	SPC Gear Viro 101M	SPC Gear Viro 101M	in-ear	711
https://filk.squig.link/iems/data/SPC%20Gear%20Viro%20101M%20R.txt	SPC Gear Viro 101M	SPC Gear Viro 101M	in-ear	711
https://filk.squig.link/data/SPC%20Gear%20Viro%20S2%20Breath%20L.txt		SPC Gear Viro S2 Breath	ignore	KB006x + 711
https://filk.squig.link/data/SPC%20Gear%20Viro%20S2%20Breath%20R.txt		SPC Gear Viro S2 Breath	ignore	KB006x + 711
https://filk.squig.link/data/SX70%20fab%20L1.txt	Secret Gear SX70 Ultra (Fabric earpads, Standard EQ)	Secret Gear SX70 Ultra (Fabric earpads, Standard EQ)	over-ear	KB006x + 711
https://filk.squig.link/data/SX70%20fab%20L2.txt	Secret Gear SX70 Ultra (Fabric earpads, Standard EQ)	Secret Gear SX70 Ultra (Fabric earpads, Standard EQ)	over-ear	KB006x + 711
https://filk.squig.link/data/SX70%20fab%20L3.txt	Secret Gear SX70 Ultra (Fabric earpads, Standard EQ)	Secret Gear SX70 Ultra (Fabric earpads, Standard EQ)	over-ear	KB006x + 711
https://filk.squig.link/data/SX70%20fab%20L4.txt	Secret Gear SX70 Ultra (Fabric earpads, Standard EQ)	Secret Gear SX70 Ultra (Fabric earpads, Standard EQ)	over-ear	KB006x + 711
https://filk.squig.link/data/SX70%20fab%20L5.txt	Secret Gear SX70 Ultra (Fabric earpads, Standard EQ)	Secret Gear SX70 Ultra (Fabric earpads, Standard EQ)	over-ear	KB006x + 711
https://filk.squig.link/data/SX70%20fab%20R1.txt	Secret Gear SX70 Ultra (Fabric earpads, Standard EQ)	Secret Gear SX70 Ultra (Fabric earpads, Standard EQ)	over-ear	KB006x + 711
https://filk.squig.link/data/SX70%20fab%20R2.txt	Secret Gear SX70 Ultra (Fabric earpads, Standard EQ)	Secret Gear SX70 Ultra (Fabric earpads, Standard EQ)	over-ear	KB006x + 711
https://filk.squig.link/data/SX70%20fab%20R3.txt	Secret Gear SX70 Ultra (Fabric earpads, Standard EQ)	Secret Gear SX70 Ultra (Fabric earpads, Standard EQ)	over-ear	KB006x + 711
https://filk.squig.link/data/SX70%20fab%20R4.txt	Secret Gear SX70 Ultra (Fabric earpads, Standard EQ)	Secret Gear SX70 Ultra (Fabric earpads, Standard EQ)	over-ear	KB006x + 711
https://filk.squig.link/data/SX70%20fab%20R5.txt	Secret Gear SX70 Ultra (Fabric earpads, Standard EQ)	Secret Gear SX70 Ultra (Fabric earpads, Standard EQ)	over-ear	KB006x + 711
https://filk.squig.link/data/SX70%20bass%20L1.txt	Secret Gear SX70 Ultra (Hybrid earpads, Bass Boost EQ)	Secret Gear SX70 Ultra (Hybrid earpads, Bass Boost EQ)	over-ear	KB006x + 711
https://filk.squig.link/data/SX70%20bass%20L2.txt	Secret Gear SX70 Ultra (Hybrid earpads, Bass Boost EQ)	Secret Gear SX70 Ultra (Hybrid earpads, Bass Boost EQ)	over-ear	KB006x + 711
https://filk.squig.link/data/SX70%20bass%20L3.txt	Secret Gear SX70 Ultra (Hybrid earpads, Bass Boost EQ)	Secret Gear SX70 Ultra (Hybrid earpads, Bass Boost EQ)	over-ear	KB006x + 711
https://filk.squig.link/data/SX70%20bass%20L4.txt	Secret Gear SX70 Ultra (Hybrid earpads, Bass Boost EQ)	Secret Gear SX70 Ultra (Hybrid earpads, Bass Boost EQ)	over-ear	KB006x + 711
https://filk.squig.link/data/SX70%20bass%20L5.txt	Secret Gear SX70 Ultra (Hybrid earpads, Bass Boost EQ)	Secret Gear SX70 Ultra (Hybrid earpads, Bass Boost EQ)	over-ear	KB006x + 711
https://filk.squig.link/data/SX70%20bass%20R1.txt	Secret Gear SX70 Ultra (Hybrid earpads, Bass Boost EQ)	Secret Gear SX70 Ultra (Hybrid earpads, Bass Boost EQ)	over-ear	KB006x + 711
https://filk.squig.link/data/SX70%20bass%20R2.txt	Secret Gear SX70 Ultra (Hybrid earpads, Bass Boost EQ)	Secret Gear SX70 Ultra (Hybrid earpads, Bass Boost EQ)	over-ear	KB006x + 711
https://filk.squig.link/data/SX70%20bass%20R3.txt	Secret Gear SX70 Ultra (Hybrid earpads, Bass Boost EQ)	Secret Gear SX70 Ultra (Hybrid earpads, Bass Boost EQ)	over-ear	KB006x + 711
https://filk.squig.link/data/SX70%20bass%20R4.txt	Secret Gear SX70 Ultra (Hybrid earpads, Bass Boost EQ)	Secret Gear SX70 Ultra (Hybrid earpads, Bass Boost EQ)	over-ear	KB006x + 711
https://filk.squig.link/data/SX70%20bass%20R5.txt	Secret Gear SX70 Ultra (Hybrid earpads, Bass Boost EQ)	Secret Gear SX70 Ultra (Hybrid earpads, Bass Boost EQ)	over-ear	KB006x + 711
https://filk.squig.link/data/SX70%20L1.txt	Secret Gear SX70 Ultra (Hybrid earpads, Standard EQ)	Secret Gear SX70 Ultra (Hybrid earpads, Standard EQ)	over-ear	KB006x + 711
https://filk.squig.link/data/SX70%20L2.txt	Secret Gear SX70 Ultra (Hybrid earpads, Standard EQ)	Secret Gear SX70 Ultra (Hybrid earpads, Standard EQ)	over-ear	KB006x + 711
https://filk.squig.link/data/SX70%20L3.txt	Secret Gear SX70 Ultra (Hybrid earpads, Standard EQ)	Secret Gear SX70 Ultra (Hybrid earpads, Standard EQ)	over-ear	KB006x + 711
https://filk.squig.link/data/SX70%20L4.txt	Secret Gear SX70 Ultra (Hybrid earpads, Standard EQ)	Secret Gear SX70 Ultra (Hybrid earpads, Standard EQ)	over-ear	KB006x + 711
https://filk.squig.link/data/SX70%20L5.txt	Secret Gear SX70 Ultra (Hybrid earpads, Standard EQ)	Secret Gear SX70 Ultra (Hybrid earpads, Standard EQ)	over-ear	KB006x + 711
https://filk.squig.link/data/SX70%20R1.txt	Secret Gear SX70 Ultra (Hybrid earpads, Standard EQ)	Secret Gear SX70 Ultra (Hybrid earpads, Standard EQ)	over-ear	KB006x + 711
https://filk.squig.link/data/SX70%20R2.txt	Secret Gear SX70 Ultra (Hybrid earpads, Standard EQ)	Secret Gear SX70 Ultra (Hybrid earpads, Standard EQ)	over-ear	KB006x + 711
https://filk.squig.link/data/SX70%20R3.txt	Secret Gear SX70 Ultra (Hybrid earpads, Standard EQ)	Secret Gear SX70 Ultra (Hybrid earpads, Standard EQ)	over-ear	KB006x + 711
https://filk.squig.link/data/SX70%20R4.txt	Secret Gear SX70 Ultra (Hybrid earpads, Standard EQ)	Secret Gear SX70 Ultra (Hybrid earpads, Standard EQ)	over-ear	KB006x + 711
https://filk.squig.link/data/SX70%20R5.txt	Secret Gear SX70 Ultra (Hybrid earpads, Standard EQ)	Secret Gear SX70 Ultra (Hybrid earpads, Standard EQ)	over-ear	KB006x + 711
https://filk.squig.link/data/SX70%20studio%20L1.txt	Secret Gear SX70 Ultra (Hybrid earpads, Studio EQ)	Secret Gear SX70 Ultra (Hybrid earpads, Studio EQ)	over-ear	KB006x + 711
https://filk.squig.link/data/SX70%20studio%20L2.txt	Secret Gear SX70 Ultra (Hybrid earpads, Studio EQ)	Secret Gear SX70 Ultra (Hybrid earpads, Studio EQ)	over-ear	KB006x + 711
https://filk.squig.link/data/SX70%20studio%20L3.txt	Secret Gear SX70 Ultra (Hybrid earpads, Studio EQ)	Secret Gear SX70 Ultra (Hybrid earpads, Studio EQ)	over-ear	KB006x + 711
https://filk.squig.link/data/SX70%20studio%20L4.txt	Secret Gear SX70 Ultra (Hybrid earpads, Studio EQ)	Secret Gear SX70 Ultra (Hybrid earpads, Studio EQ)	over-ear	KB006x + 711
https://filk.squig.link/data/SX70%20studio%20L5.txt	Secret Gear SX70 Ultra (Hybrid earpads, Studio EQ)	Secret Gear SX70 Ultra (Hybrid earpads, Studio EQ)	over-ear	KB006x + 711
https://filk.squig.link/data/SX70%20studio%20R1.txt	Secret Gear SX70 Ultra (Hybrid earpads, Studio EQ)	Secret Gear SX70 Ultra (Hybrid earpads, Studio EQ)	over-ear	KB006x + 711
https://filk.squig.link/data/SX70%20studio%20R2.txt	Secret Gear SX70 Ultra (Hybrid earpads, Studio EQ)	Secret Gear SX70 Ultra (Hybrid earpads, Studio EQ)	over-ear	KB006x + 711
https://filk.squig.link/data/SX70%20studio%20R3.txt	Secret Gear SX70 Ultra (Hybrid earpads, Studio EQ)	Secret Gear SX70 Ultra (Hybrid earpads, Studio EQ)	over-ear	KB006x + 711
https://filk.squig.link/data/SX70%20studio%20R4.txt	Secret Gear SX70 Ultra (Hybrid earpads, Studio EQ)	Secret Gear SX70 Ultra (Hybrid earpads, Studio EQ)	over-ear	KB006x + 711
https://filk.squig.link/data/SX70%20studio%20R5.txt	Secret Gear SX70 Ultra (Hybrid earpads, Studio EQ)	Secret Gear SX70 Ultra (Hybrid earpads, Studio EQ)	over-ear	KB006x + 711
https://filk.squig.link/data/Sennheiser%20ACCENTUM%20L.txt	Sennheiser ACCENTUM	Sennheiser ACCENTUM	over-ear	KB006x + 711
https://filk.squig.link/data/Sennheiser%20ACCENTUM%20R.txt	Sennheiser ACCENTUM	Sennheiser ACCENTUM	over-ear	KB006x + 711
https://filk.squig.link/data/Sennheiser%20HD280pro%20S1%20L.txt	Sennheiser HD280 Pro (S1)	Sennheiser HD 280 Pro	over-ear	KB006x + 711
https://filk.squig.link/data/Sennheiser%20HD280pro%20S1%20R.txt	Sennheiser HD280 Pro (S1)	Sennheiser HD 280 Pro	over-ear	KB006x + 711
https://filk.squig.link/data/Sennheiser%20HD280pro%20S3%20L.txt	Sennheiser HD280 Pro (S3)	Sennheiser HD 280 Pro	over-ear	KB006x + 711
https://filk.squig.link/data/Sennheiser%20HD280pro%20S3%20R.txt	Sennheiser HD280 Pro (S3)	Sennheiser HD 280 Pro	over-ear	KB006x + 711
https://filk.squig.link/data/Sennheiser%20Hd280pro%20S1vel%20L.txt	Sennheiser HD280 Pro (S1 SPC Gear Velour earpads)	Sennheiser HD 280 Pro (SPC Gear velour earpads)	over-ear	KB006x + 711
https://filk.squig.link/data/Sennheiser%20Hd280pro%20S1vel%20R.txt	Sennheiser HD280 Pro (S1 SPC Gear Velour earpads)	Sennheiser HD 280 Pro (SPC Gear velour earpads)	over-ear	KB006x + 711
https://filk.squig.link/data/Sennheiser%20HD280pro%20S2vel%20L.txt	Sennheiser HD280 Pro (S2 SPC Gear Velour earpads)	Sennheiser HD 280 Pro (SPC Gear velour earpads)	over-ear	KB006x + 711
https://filk.squig.link/data/Sennheiser%20HD280pro%20S2vel%20R.txt	Sennheiser HD280 Pro (S2 SPC Gear Velour earpads)	Sennheiser HD 280 Pro (SPC Gear velour earpads)	over-ear	KB006x + 711
https://filk.squig.link/data/HD424%20L.txt	Sennheiser HD424	Sennheiser HD 424	over-ear	KB006x + 711
https://filk.squig.link/data/HD424%20R.txt	Sennheiser HD424	Sennheiser HD 424	over-ear	KB006x + 711
https://filk.squig.link/data/Sennheiser%20HD424%202k%20Ohm%20L.txt	Sennheiser HD424 (2000 Ohm)	Sennheiser HD 424-X	over-ear	KB006x + 711
https://filk.squig.link/data/Sennheiser%20HD424%202k%20Ohm%20R.txt	Sennheiser HD424 (2000 Ohm)	Sennheiser HD 424-X	over-ear	KB006x + 711
https://filk.squig.link/data/HD545%20Reference%20L.txt	Sennheiser HD545 Reference	Sennheiser HD 545 Reference	over-ear	KB006x + 711
https://filk.squig.link/data/Sennheiser%20HD560s%20worn%20L.txt	Sennheiser HD560s (worn earpads)	Sennheiser HD 560S (worn earpads)	over-ear	KB006x + 711
https://filk.squig.link/data/Sennheiser%20HD560s%20worn%20R.txt	Sennheiser HD560s (worn earpads)	Sennheiser HD 560S (worn earpads)	over-ear	KB006x + 711
https://filk.squig.link/data/Sennheiser%20HD600%20OG%20L.txt	Sennheiser HD600 OG	Sennheiser HD 600	over-ear	KB006x + 711
https://filk.squig.link/data/Sennheiser%20HD600%20OG%20R.txt	Sennheiser HD600 OG	Sennheiser HD 600	over-ear	KB006x + 711
https://filk.squig.link/data/Sennheiser%20HD660S2%20L.txt	Sennheiser HD660S2	Sennheiser HD 660S2	over-ear	KB006x + 711
https://filk.squig.link/data/Sennheiser%20HD660S2%20R.txt	Sennheiser HD660S2	Sennheiser HD 660S2	over-ear	KB006x + 711
https://filk.squig.link/data/Sennheiser%20HD490%20Pro%20mix%20L.txt	Sennheiser HD490 Pro (Mixing earpads)	Sennheiser HD490 Pro (mixing earpads)	over-ear	KB006x + 711
https://filk.squig.link/data/Sennheiser%20HD490%20Pro%20mix%20R.txt	Sennheiser HD490 Pro (Mixing earpads)	Sennheiser HD490 Pro (mixing earpads)	over-ear	KB006x + 711
https://filk.squig.link/data/Sennheiser%20HD490%20Pro%20pro%20L.txt	Sennheiser HD490 Pro (Producer earpads)	Sennheiser HD490 Pro (producing earpads)	over-ear	KB006x + 711
https://filk.squig.link/data/Sennheiser%20HD490%20Pro%20pro%20R.txt	Sennheiser HD490 Pro (Producer earpads)	Sennheiser HD490 Pro (producing earpads)	over-ear	KB006x + 711
https://filk.squig.link/data/HD550%20L1.txt	Sennheiser HD550	Sennheiser HD550	over-ear	KB006x + 711
https://filk.squig.link/data/HD550%20L2.txt	Sennheiser HD550	Sennheiser HD550	over-ear	KB006x + 711
https://filk.squig.link/data/HD550%20L3.txt	Sennheiser HD550	Sennheiser HD550	over-ear	KB006x + 711
https://filk.squig.link/data/HD550%20L4.txt	Sennheiser HD550	Sennheiser HD550	over-ear	KB006x + 711
https://filk.squig.link/data/HD550%20L5.txt	Sennheiser HD550	Sennheiser HD550	over-ear	KB006x + 711
https://filk.squig.link/data/HD550%20R1.txt	Sennheiser HD550	Sennheiser HD550	over-ear	KB006x + 711
https://filk.squig.link/data/HD550%20R2.txt	Sennheiser HD550	Sennheiser HD550	over-ear	KB006x + 711
https://filk.squig.link/data/HD550%20R3.txt	Sennheiser HD550	Sennheiser HD550	over-ear	KB006x + 711
https://filk.squig.link/data/HD550%20R4.txt	Sennheiser HD550	Sennheiser HD550	over-ear	KB006x + 711
https://filk.squig.link/data/HD550%20R5.txt	Sennheiser HD550	Sennheiser HD550	over-ear	KB006x + 711
https://filk.squig.link/data/HDB630%20L1.txt	Sennheiser HDB630	Sennheiser HDB630	over-ear	KB006x + 711
https://filk.squig.link/data/HDB630%20L2.txt	Sennheiser HDB630	Sennheiser HDB630	over-ear	KB006x + 711
https://filk.squig.link/data/HDB630%20L3.txt	Sennheiser HDB630	Sennheiser HDB630	over-ear	KB006x + 711
https://filk.squig.link/data/HDB630%20L4.txt	Sennheiser HDB630	Sennheiser HDB630	over-ear	KB006x + 711
https://filk.squig.link/data/HDB630%20L5.txt	Sennheiser HDB630	Sennheiser HDB630	over-ear	KB006x + 711
https://filk.squig.link/data/HDB630%20R1.txt	Sennheiser HDB630	Sennheiser HDB630	over-ear	KB006x + 711
https://filk.squig.link/data/HDB630%20R2.txt	Sennheiser HDB630	Sennheiser HDB630	over-ear	KB006x + 711
https://filk.squig.link/data/HDB630%20R3.txt	Sennheiser HDB630	Sennheiser HDB630	over-ear	KB006x + 711
https://filk.squig.link/data/HDB630%20R4.txt	Sennheiser HDB630	Sennheiser HDB630	over-ear	KB006x + 711
https://filk.squig.link/data/HDB630%20R5.txt	Sennheiser HDB630	Sennheiser HDB630	over-ear	KB006x + 711
https://filk.squig.link/data/HMD300%20L1.txt	Sennheiser HMD300	Sennheiser HMD300	over-ear	KB006x + 711
https://filk.squig.link/data/HMD300%20L2.txt	Sennheiser HMD300	Sennheiser HMD300	over-ear	KB006x + 711
https://filk.squig.link/data/HMD300%20L3.txt	Sennheiser HMD300	Sennheiser HMD300	over-ear	KB006x + 711
https://filk.squig.link/data/HMD300%20L4.txt	Sennheiser HMD300	Sennheiser HMD300	over-ear	KB006x + 711
https://filk.squig.link/data/HMD300%20L5.txt	Sennheiser HMD300	Sennheiser HMD300	over-ear	KB006x + 711
https://filk.squig.link/data/HMD300%20R1.txt	Sennheiser HMD300	Sennheiser HMD300	over-ear	KB006x + 711
https://filk.squig.link/data/HMD300%20R2.txt	Sennheiser HMD300	Sennheiser HMD300	over-ear	KB006x + 711
https://filk.squig.link/data/HMD300%20R3.txt	Sennheiser HMD300	Sennheiser HMD300	over-ear	KB006x + 711
https://filk.squig.link/data/HMD300%20R4.txt	Sennheiser HMD300	Sennheiser HMD300	over-ear	KB006x + 711
https://filk.squig.link/data/HMD300%20R5.txt	Sennheiser HMD300	Sennheiser HMD300	over-ear	KB006x + 711
https://filk.squig.link/data/Sennheiser%20PC38x%20fabric%20L.txt	Sennheiser PC38x (fabric earpads)	Sennheiser PC38X (velour earpads)	over-ear	KB006x + 711
https://filk.squig.link/data/Sennheiser%20PC38x%20fabric%20R.txt	Sennheiser PC38x (fabric earpads)	Sennheiser PC38X (velour earpads)	over-ear	KB006x + 711
https://filk.squig.link/data/Sennheiser%20PC38x%20L.txt	Sennheiser PC38x (velour earpads)	Sennheiser PC38X (velour earpads)	over-ear	KB006x + 711
https://filk.squig.link/data/Sennheiser%20PC38x%20R.txt	Sennheiser PC38x (velour earpads)	Sennheiser PC38X (velour earpads)	over-ear	KB006x + 711
https://filk.squig.link/data/Sennheiser%20PC38x%20S2%2050%20fab%20L.txt	Sennheiser PC38x (S2 fabric earpads + 50% volume)	Sennheiser PC38x (S2 fabric earpads + 50% volume)	ignore	KB006x + 711
https://filk.squig.link/data/Sennheiser%20PC38x%20S2%2050%20fab%20R.txt	Sennheiser PC38x (S2 fabric earpads + 50% volume)	Sennheiser PC38x (S2 fabric earpads + 50% volume)	ignore	KB006x + 711
https://filk.squig.link/data/Sennheiser%20PC38x%20S2%20fab%20L.txt	Sennheiser PC38x (S2 fabric earpads)	Sennheiser PC38x (S2 fabric earpads)	ignore	KB006x + 711
https://filk.squig.link/data/Sennheiser%20PC38x%20S2%20fab%20R.txt	Sennheiser PC38x (S2 fabric earpads)	Sennheiser PC38x (S2 fabric earpads)	ignore	KB006x + 711
https://filk.squig.link/data/Sennheiser%20PC38x%20S2%2050%20vel%20L.txt	Sennheiser PC38x (S2 velour earpads + 50% volume)	Sennheiser PC38x (S2 velour earpads + 50% volume)	ignore	KB006x + 711
https://filk.squig.link/data/Sennheiser%20PC38x%20S2%2050%20vel%20R.txt	Sennheiser PC38x (S2 velour earpads + 50% volume)	Sennheiser PC38x (S2 velour earpads + 50% volume)	ignore	KB006x + 711
https://filk.squig.link/data/Sennheiser%20PC38x%20S2%20L.txt	Sennheiser PC38x (S2 velour earpads)	Sennheiser PC38x (S2 velour earpads)	ignore	KB006x + 711
https://filk.squig.link/data/Sennheiser%20PC38x%20S2%20R.txt	Sennheiser PC38x (S2 velour earpads)	Sennheiser PC38x (S2 velour earpads)	ignore	KB006x + 711
https://filk.squig.link/data/PC38x%20S3%20L1.txt	Sennheiser PC38x (S3 velour earpads)	Sennheiser PC38x (S3 velour earpads)	over-ear	KB006x + 711
https://filk.squig.link/data/PC38x%20S3%20L2.txt	Sennheiser PC38x (S3 velour earpads)	Sennheiser PC38x (S3 velour earpads)	over-ear	KB006x + 711
https://filk.squig.link/data/PC38x%20S3%20L3.txt	Sennheiser PC38x (S3 velour earpads)	Sennheiser PC38x (S3 velour earpads)	over-ear	KB006x + 711
https://filk.squig.link/data/PC38x%20S3%20L4.txt	Sennheiser PC38x (S3 velour earpads)	Sennheiser PC38x (S3 velour earpads)	over-ear	KB006x + 711
https://filk.squig.link/data/PC38x%20S3%20L5.txt	Sennheiser PC38x (S3 velour earpads)	Sennheiser PC38x (S3 velour earpads)	over-ear	KB006x + 711
https://filk.squig.link/data/PC38x%20S3%20R1.txt	Sennheiser PC38x (S3 velour earpads)	Sennheiser PC38x (S3 velour earpads)	over-ear	KB006x + 711
https://filk.squig.link/data/PC38x%20S3%20R2.txt	Sennheiser PC38x (S3 velour earpads)	Sennheiser PC38x (S3 velour earpads)	over-ear	KB006x + 711
https://filk.squig.link/data/PC38x%20S3%20R3.txt	Sennheiser PC38x (S3 velour earpads)	Sennheiser PC38x (S3 velour earpads)	over-ear	KB006x + 711
https://filk.squig.link/data/PC38x%20S3%20R4.txt	Sennheiser PC38x (S3 velour earpads)	Sennheiser PC38x (S3 velour earpads)	over-ear	KB006x + 711
https://filk.squig.link/data/PC38x%20S3%20R5.txt	Sennheiser PC38x (S3 velour earpads)	Sennheiser PC38x (S3 velour earpads)	over-ear	KB006x + 711
https://filk.squig.link/data/Sennheiser%20PC38x%20fab%2050%20vol%20L.txt	Sennheiser PC38x (fabric earpads + 50% volume)	Sennheiser PC38x (fabric earpads + 50% volume)	ignore	KB006x + 711
https://filk.squig.link/data/Sennheiser%20PC38x%20fab%2050%20vol%20R.txt	Sennheiser PC38x (fabric earpads + 50% volume)	Sennheiser PC38x (fabric earpads + 50% volume)	ignore	KB006x + 711
https://filk.squig.link/data/Sennheiser%20PC38x%2050%20vol%20L.txt	Sennheiser PC38x (velour earpads + 50% volume)	Sennheiser PC38x (velour earpads + 50% volume)	ignore	KB006x + 711
https://filk.squig.link/data/Sennheiser%20PC38x%2050%20vol%20R.txt	Sennheiser PC38x (velour earpads + 50% volume)	Sennheiser PC38x (velour earpads + 50% volume)	ignore	KB006x + 711
https://filk.squig.link/data/Sennheiser%20RS175%20L.txt	Sennheiser RS175	Sennheiser RS 175	over-ear	KB006x + 711
https://filk.squig.link/data/Sennheiser%20RS175%20R.txt	Sennheiser RS175	Sennheiser RS 175	over-ear	KB006x + 711
https://filk.squig.link/data/SRH440%20L.txt	Shure SRH440 (S1 stock earpads)	Shure SRH440	over-ear	KB006x + 711
https://filk.squig.link/data/SRH440%20Brainwavz%20mod%20L.txt	Shure SRH440 (S1 Brainwavz Cooling Gel earpads + paper mod)	Shure SRH440 (S1 Brainwavz Cooling Gel earpads + paper mod)	ignore	
https://filk.squig.link/data/SRH440%20Brainwavz%20mod%20R.txt	Shure SRH440 (S1 Brainwavz Cooling Gel earpads + paper mod)	Shure SRH440 (S1 Brainwavz Cooling Gel earpads + paper mod)	ignore	
https://filk.squig.link/data/SRH440%20Brainwavz%20cooling%20L.txt	Shure SRH440 (S1 Brainwavz Cooling Gel earpads)	Shure SRH440 (S1 Brainwavz Cooling Gel earpads)	ignore	
https://filk.squig.link/data/SRH440%20Brainwavz%20cooling%20R.txt	Shure SRH440 (S1 Brainwavz Cooling Gel earpads)	Shure SRH440 (S1 Brainwavz Cooling Gel earpads)	ignore	
https://filk.squig.link/data/SRH440%20Brainwavz%20hybrid%20L.txt	Shure SRH440 (S1 Brainwavz Hybrid earpads)	Shure SRH440 (S1 Brainwavz Hybrid earpads)	ignore	
https://filk.squig.link/data/SRH440%20Brainwavz%20hybrid%20R.txt	Shure SRH440 (S1 Brainwavz Hybrid earpads)	Shure SRH440 (S1 Brainwavz Hybrid earpads)	ignore	
https://filk.squig.link/data/SRH440%20Gen%20Hybrid%20L.txt	Shure SRH440 (S1 Genesis Toron EP01 Hybrid earpads)	Shure SRH440 (S1 Genesis Toron EP01 Hybrid earpads)	ignore	KB006x + 711
https://filk.squig.link/data/SRH440%20Gen%20Hybrid%20R.txt	Shure SRH440 (S1 Genesis Toron EP01 Hybrid earpads)	Shure SRH440 (S1 Genesis Toron EP01 Hybrid earpads)	ignore	KB006x + 711
https://filk.squig.link/data/SRH440%20Gen%20breathable%20L.txt	Shure SRH440 (S1 Genesis Toron EP02 Breathable earpads)	Shure SRH440 (S1 Genesis Toron EP02 Breathable earpads)	ignore	KB006x + 711
https://filk.squig.link/data/SRH440%20Gen%20breathable%20R.txt	Shure SRH440 (S1 Genesis Toron EP02 Breathable earpads)	Shure SRH440 (S1 Genesis Toron EP02 Breathable earpads)	ignore	KB006x + 711
https://filk.squig.link/data/SRH440%20SPC%20Gear%20breathable%20L.txt	Shure SRH440 (S1 SPC Gear Breathable earpads)	Shure SRH440 (S1 SPC Gear Breathable earpads)	ignore	
https://filk.squig.link/data/SRH440%20SPC%20Gear%20leather%20L.txt	Shure SRH440 (S1 SPC Gear Leather earpads)	Shure SRH440 (S1 SPC Gear Leather earpads)	ignore	
https://filk.squig.link/data/SRH440%20SPC%20Gear%20velour%20L.txt	Shure SRH440 (S1 SPC Gear Velour earpads)	Shure SRH440 (S1 SPC Gear Velour earpads)	ignore	
https://filk.squig.link/data/Shure%20SRH440%20S2%20Hyb%20Ang%20L.txt	Shure SRH440 (S2 Brainwavz Hybrid Angled earpads)	Shure SRH440 (S2 Brainwavz Hybrid Angled earpads)	ignore	
https://filk.squig.link/data/Shure%20SRH440%20S2%20Hyb%20Ang%20R.txt	Shure SRH440 (S2 Brainwavz Hybrid Angled earpads)	Shure SRH440 (S2 Brainwavz Hybrid Angled earpads)	ignore	
https://filk.squig.link/data/Shure%20SRH440%20S2%20suede%20paper%20mod%20L.txt	Shure SRH440 (S2 Brainwavz Suede earpads + paper mod)	Shure SRH440 (S2 Brainwavz Suede earpads + paper mod)	ignore	
https://filk.squig.link/data/Shure%20SRH440%20S2%20suede%20paper%20mod%20R.txt	Shure SRH440 (S2 Brainwavz Suede earpads + paper mod)	Shure SRH440 (S2 Brainwavz Suede earpads + paper mod)	ignore	
https://filk.squig.link/data/Shure%20SRH440%20S2%20suede%20L.txt	Shure SRH440 (S2 Brainwavz Suede earpads)	Shure SRH440 (S2 Brainwavz Suede earpads)	ignore	
https://filk.squig.link/data/Shure%20SRH440%20S2%20suede%20R.txt	Shure SRH440 (S2 Brainwavz Suede earpads)	Shure SRH440 (S2 Brainwavz Suede earpads)	ignore	
https://filk.squig.link/data/SRH440%20S2%20leather%20angled%20L.txt	Shure SRH440 (S2 Leather Angled earpads)	Shure SRH440 (S2 Leather Angled earpads)	ignore	
https://filk.squig.link/data/SRH440%20S2%20leather%20angled%20R.txt	Shure SRH440 (S2 Leather Angled earpads)	Shure SRH440 (S2 Leather Angled earpads)	ignore	
https://filk.squig.link/data/SRH440%20S2%20SPC%20Gear%20Velour%20L.txt	Shure SRH440 (S2 SPC Gear Velour earpads)	Shure SRH440 (S2 SPC Gear Velour earpads)	ignore	
https://filk.squig.link/data/SRH440%20S2%20SPC%20Gear%20Velour%20R.txt	Shure SRH440 (S2 SPC Gear Velour earpads)	Shure SRH440 (S2 SPC Gear Velour earpads)	ignore	
https://filk.squig.link/data/SRH440%20S3%20Cooling%20paper%20L.txt	Shure SRH440 (S3 Brainwavz Cooling Gel earpads + paper mod)	Shure SRH440 (S3 Brainwavz Cooling Gel earpads + paper mod)	ignore	
https://filk.squig.link/data/SRH440%20S3%20Cooling%20paper%20R.txt	Shure SRH440 (S3 Brainwavz Cooling Gel earpads + paper mod)	Shure SRH440 (S3 Brainwavz Cooling Gel earpads + paper mod)	ignore	
https://filk.squig.link/data/SRH440%20Cooling%20S3%20L.txt	Shure SRH440 (S3 Brainwavz Cooling Gel earpads)	Shure SRH440 (S3 Brainwavz Cooling Gel earpads)	ignore	
https://filk.squig.link/data/SRH440%20Cooling%20S3%20R.txt	Shure SRH440 (S3 Brainwavz Cooling Gel earpads)	Shure SRH440 (S3 Brainwavz Cooling Gel earpads)	ignore	
https://filk.squig.link/data/SRH440%20S3%20SPC%20Gear%20Velour%20L.txt	Shure SRH440 (S3 SPC Gear Velour earpads)	Shure SRH440 (S3 SPC Gear Velour earpads)	ignore	
https://filk.squig.link/data/SRH440%20S3%20SPC%20Gear%20Velour%20R.txt	Shure SRH440 (S3 SPC Gear Velour earpads)	Shure SRH440 (S3 SPC Gear Velour earpads)	ignore	
https://filk.squig.link/data/SRH440%20S4%20SPC%20Gear%20Leather%20L.txt	Shure SRH440 (S4 SPC Gear Leather earpads)	Shure SRH440 (S4 SPC Gear Leather earpads)	ignore	
https://filk.squig.link/data/SRH440%20S4%20SPC%20Gear%20Leather%20R.txt	Shure SRH440 (S4 SPC Gear Leather earpads)	Shure SRH440 (S4 SPC Gear Leather earpads)	ignore	
https://filk.squig.link/data/Shure%20SRH440%20S4%20L.txt	Shure SRH440 (S4 stock earpads)	Shure SRH440 (S4 stock earpads)	ignore	
https://filk.squig.link/data/Shure%20SRH440%20S4%20R.txt	Shure SRH440 (S4 stock earpads)	Shure SRH440 (S4 stock earpads)	ignore	
https://filk.squig.link/data/Shure%20SRH440%20S5%20hybrid%20L.txt	Shure SRH440 (S5 Brainwavz Hybrid earpads)	Shure SRH440 (S5 Brainwavz Hybrid earpads)	ignore	
https://filk.squig.link/data/Shure%20SRH440%20S5%20hybrid%20R.txt	Shure SRH440 (S5 Brainwavz Hybrid earpads)	Shure SRH440 (S5 Brainwavz Hybrid earpads)	ignore	
https://filk.squig.link/data/Shure%20SRH440%20S5%20breath%20L.txt	Shure SRH440 (S5 SPC Gear Breathable earpads)	Shure SRH440 (S5 SPC Gear Breathable earpads)	ignore	
https://filk.squig.link/data/Shure%20SRH440%20S5%20breath%20R.txt	Shure SRH440 (S5 SPC Gear Breathable earpads)	Shure SRH440 (S5 SPC Gear Breathable earpads)	ignore	
https://filk.squig.link/data/Shure%20SRH440%20S5%20velour%20L.txt	Shure SRH440 (S5 SPC Gear Velour earpads)	Shure SRH440 (S5 SPC Gear Velour earpads)	ignore	
https://filk.squig.link/data/Shure%20SRH440%20S5%20velour%20R.txt	Shure SRH440 (S5 SPC Gear Velour earpads)	Shure SRH440 (S5 SPC Gear Velour earpads)	ignore	
https://filk.squig.link/data/SRH440%20S6%20velour%20L.txt	Shure SRH440 (S6 SPC Gear Velour earpads)	Shure SRH440 (S6 SPC Gear Velour earpads)	ignore	KB006x + 711
https://filk.squig.link/data/SRH440%20S6%20velour%20R.txt	Shure SRH440 (S6 SPC Gear Velour earpads)	Shure SRH440 (S6 SPC Gear Velour earpads)	ignore	KB006x + 711
https://filk.squig.link/data/Silver%20Monkey%20Arago%20L.txt	Silver Monkey Arago	Silver Monkey Arago	over-ear	KB006x + 711
https://filk.squig.link/data/Silver%20Monkey%20Arago%20R.txt	Silver Monkey Arago	Silver Monkey Arago	over-ear	KB006x + 711
https://filk.squig.link/iems/data/Simgot%20EW300%20gold%20L.txt	Simgot EW300 (gold nozzle)	Simgot Audio EW300 (gold)	in-ear	711
https://filk.squig.link/iems/data/Simgot%20EW300%20gold%20R.txt	Simgot EW300 (gold nozzle)	Simgot Audio EW300 (gold)	in-ear	711
https://filk.squig.link/iems/data/Simgot%20EW300%20silver%20L.txt	Simgot EW300 (silver nozzle)	Simgot Audio EW300 (silver)	in-ear	711
https://filk.squig.link/iems/data/Simgot%20EW300%20silver%20R.txt	Simgot EW300 (silver nozzle)	Simgot Audio EW300 (silver)	in-ear	711
https://filk.squig.link/iems/data/Snab%20Overtone%20EP-101M%20L.txt	Snab Overtone EP-101M	Snab Overtone EP-101M	in-ear	711
https://filk.squig.link/iems/data/Snab%20Overtone%20EP-101M%20R.txt	Snab Overtone EP-101M	Snab Overtone EP-101M	in-ear	711
https://filk.squig.link/data/V2%20L.txt	Somic V2	Somic V2	over-ear	KB006x + 711
https://filk.squig.link/data/V2%20R.txt	Somic V2	Somic V2	over-ear	KB006x + 711
https://filk.squig.link/iems/data/INZONE%20E9%20L.txt	Sony INZONE E9	Sony INZONE E9	in-ear	711
https://filk.squig.link/iems/data/INZONE%20E9%20R.txt	Sony INZONE E9	Sony INZONE E9	in-ear	711
https://filk.squig.link/data/INZONE%20H9%20II%20L1.txt	Sony INZONE H9 II (ANC off)	Sony INZONE H9 II (ANC off)	over-ear	KB006x + 711
https://filk.squig.link/data/INZONE%20H9%20II%20L2.txt	Sony INZONE H9 II (ANC off)	Sony INZONE H9 II (ANC off)	over-ear	KB006x + 711
https://filk.squig.link/data/INZONE%20H9%20II%20L3.txt	Sony INZONE H9 II (ANC off)	Sony INZONE H9 II (ANC off)	over-ear	KB006x + 711
https://filk.squig.link/data/INZONE%20H9%20II%20L4.txt	Sony INZONE H9 II (ANC off)	Sony INZONE H9 II (ANC off)	over-ear	KB006x + 711
https://filk.squig.link/data/INZONE%20H9%20II%20L5.txt	Sony INZONE H9 II (ANC off)	Sony INZONE H9 II (ANC off)	over-ear	KB006x + 711
https://filk.squig.link/data/INZONE%20H9%20II%20R1.txt	Sony INZONE H9 II (ANC off)	Sony INZONE H9 II (ANC off)	over-ear	KB006x + 711
https://filk.squig.link/data/INZONE%20H9%20II%20R2.txt	Sony INZONE H9 II (ANC off)	Sony INZONE H9 II (ANC off)	over-ear	KB006x + 711
https://filk.squig.link/data/INZONE%20H9%20II%20R3.txt	Sony INZONE H9 II (ANC off)	Sony INZONE H9 II (ANC off)	over-ear	KB006x + 711
https://filk.squig.link/data/INZONE%20H9%20II%20R4.txt	Sony INZONE H9 II (ANC off)	Sony INZONE H9 II (ANC off)	over-ear	KB006x + 711
https://filk.squig.link/data/INZONE%20H9%20II%20R5.txt	Sony INZONE H9 II (ANC off)	Sony INZONE H9 II (ANC off)	over-ear	KB006x + 711
https://filk.squig.link/data/INZONE%20H9%20II%20ANC%20L1.txt	Sony INZONE H9 II (ANC on)	Sony INZONE H9 II (ANC on)	over-ear	KB006x + 711
https://filk.squig.link/data/INZONE%20H9%20II%20ANC%20L2.txt	Sony INZONE H9 II (ANC on)	Sony INZONE H9 II (ANC on)	over-ear	KB006x + 711
https://filk.squig.link/data/INZONE%20H9%20II%20ANC%20L3.txt	Sony INZONE H9 II (ANC on)	Sony INZONE H9 II (ANC on)	over-ear	KB006x + 711
https://filk.squig.link/data/INZONE%20H9%20II%20ANC%20L4.txt	Sony INZONE H9 II (ANC on)	Sony INZONE H9 II (ANC on)	over-ear	KB006x + 711
https://filk.squig.link/data/INZONE%20H9%20II%20ANC%20L5.txt	Sony INZONE H9 II (ANC on)	Sony INZONE H9 II (ANC on)	over-ear	KB006x + 711
https://filk.squig.link/data/INZONE%20H9%20II%20ANC%20R1.txt	Sony INZONE H9 II (ANC on)	Sony INZONE H9 II (ANC on)	over-ear	KB006x + 711
https://filk.squig.link/data/INZONE%20H9%20II%20ANC%20R2.txt	Sony INZONE H9 II (ANC on)	Sony INZONE H9 II (ANC on)	over-ear	KB006x + 711
https://filk.squig.link/data/INZONE%20H9%20II%20ANC%20R3.txt	Sony INZONE H9 II (ANC on)	Sony INZONE H9 II (ANC on)	over-ear	KB006x + 711
https://filk.squig.link/data/INZONE%20H9%20II%20ANC%20R4.txt	Sony INZONE H9 II (ANC on)	Sony INZONE H9 II (ANC on)	over-ear	KB006x + 711
https://filk.squig.link/data/INZONE%20H9%20II%20ANC%20R5.txt	Sony INZONE H9 II (ANC on)	Sony INZONE H9 II (ANC on)	over-ear	KB006x + 711
https://filk.squig.link/data/WH-1000XM6%20L1.txt	Sony WH-1000XM6 (ANC on)	Sony WH-1000XM6 (ANC on)	over-ear	KB006x + 711
https://filk.squig.link/data/WH-1000XM6%20L2.txt	Sony WH-1000XM6 (ANC on)	Sony WH-1000XM6 (ANC on)	over-ear	KB006x + 711
https://filk.squig.link/data/WH-1000XM6%20L3.txt	Sony WH-1000XM6 (ANC on)	Sony WH-1000XM6 (ANC on)	over-ear	KB006x + 711
https://filk.squig.link/data/WH-1000XM6%20L4.txt	Sony WH-1000XM6 (ANC on)	Sony WH-1000XM6 (ANC on)	over-ear	KB006x + 711
https://filk.squig.link/data/WH-1000XM6%20L5.txt	Sony WH-1000XM6 (ANC on)	Sony WH-1000XM6 (ANC on)	over-ear	KB006x + 711
https://filk.squig.link/data/Arctis%20Nova%207x%20L1.txt	Steelseries Arctis Nova 7x	SteelSeries Arctis Nova 7x	over-ear	KB006x + 711
https://filk.squig.link/data/Arctis%20Nova%207x%20L2.txt	Steelseries Arctis Nova 7x	SteelSeries Arctis Nova 7x	over-ear	KB006x + 711
https://filk.squig.link/data/Arctis%20Nova%207x%20L3.txt	Steelseries Arctis Nova 7x	SteelSeries Arctis Nova 7x	over-ear	KB006x + 711
https://filk.squig.link/data/Arctis%20Nova%207x%20L4.txt	Steelseries Arctis Nova 7x	SteelSeries Arctis Nova 7x	over-ear	KB006x + 711
https://filk.squig.link/data/Arctis%20Nova%207x%20L5.txt	Steelseries Arctis Nova 7x	SteelSeries Arctis Nova 7x	over-ear	KB006x + 711
https://filk.squig.link/data/Arctis%20Nova%207x%20R1.txt	Steelseries Arctis Nova 7x	SteelSeries Arctis Nova 7x	over-ear	KB006x + 711
https://filk.squig.link/data/Arctis%20Nova%207x%20R2.txt	Steelseries Arctis Nova 7x	SteelSeries Arctis Nova 7x	over-ear	KB006x + 711
https://filk.squig.link/data/Arctis%20Nova%207x%20R3.txt	Steelseries Arctis Nova 7x	SteelSeries Arctis Nova 7x	over-ear	KB006x + 711
https://filk.squig.link/data/Arctis%20Nova%207x%20R4.txt	Steelseries Arctis Nova 7x	SteelSeries Arctis Nova 7x	over-ear	KB006x + 711
https://filk.squig.link/data/Arctis%20Nova%207x%20R5.txt	Steelseries Arctis Nova 7x	SteelSeries Arctis Nova 7x	over-ear	KB006x + 711
https://filk.squig.link/iems/data/GameBuds%20ANC%20off%20L.txt	Steelseries GameBuds (ANC off)	SteelSeries GameBuds (ANC off)	in-ear	711
https://filk.squig.link/iems/data/GameBuds%20ANC%20off%20R.txt	Steelseries GameBuds (ANC off)	SteelSeries GameBuds (ANC off)	in-ear	711
https://filk.squig.link/iems/data/GameBuds%20ANC%20on%20L.txt	Steelseries GameBuds (ANC on)	SteelSeries GameBuds (ANC on)	in-ear	711
https://filk.squig.link/iems/data/GameBuds%20ANC%20on%20R.txt	Steelseries GameBuds (ANC on)	SteelSeries GameBuds (ANC on)	in-ear	711
https://filk.squig.link/data/Superlux%20HD660%20Pro%20paper%20L.txt	Superlux HD660 Pro (paper mod)	Superlux HD660 Pro (paper mod)	ignore	KB006x + 711
https://filk.squig.link/data/Superlux%20HD660%20Pro%20paper%20R.txt	Superlux HD660 Pro (paper mod)	Superlux HD660 Pro (paper mod)	ignore	KB006x + 711
https://filk.squig.link/data/Superlux%20HD660%20Pro%20L.txt	Superlux HD660 Pro (stock)	Superlux HD660 Pro (stock)	ignore	KB006x + 711
https://filk.squig.link/data/Superlux%20HD660%20Pro%20R.txt	Superlux HD660 Pro (stock)	Superlux HD660 Pro (stock)	ignore	KB006x + 711
https://filk.squig.link/data/Superlux%20HMD-660%20paper%20R.txt	Superlux HMD-660 (SPC Gear Breathable earpads + paper mod)	Superlux HMD-660 (SPC Gear Breathable earpads + paper mod)	ignore	KB006x + 711
https://filk.squig.link/data/Superlux%20HMD-660%20breath%20R.txt	Superlux HMD-660 (SPC Gear Breathable earpads)	Superlux HMD-660 (SPC Gear Breathable earpads)	ignore	KB006x + 711
https://filk.squig.link/data/Superlux%20HMD-660%20worn%20R.txt	Superlux HMD-660 (worn earpads)	Superlux HMD-660 (worn earpads)	ignore	KB006x + 711
https://filk.squig.link/iems/data/Tanchjim%20Ola%20L.txt	Tanchjim Ola	Tanchjim Ola	in-ear	711
https://filk.squig.link/iems/data/Tanchjim%20Ola%20R.txt	Tanchjim Ola	Tanchjim Ola	in-ear	711
https://filk.squig.link/iems/data/Tanchjim%20Tanya%20L.txt	Tanchjim Tanya	Tanchjim Tanya	in-ear	711
https://filk.squig.link/iems/data/Tanchjim%20Tanya%20R.txt	Tanchjim Tanya	Tanchjim Tanya	in-ear	711
https://filk.squig.link/iems/data/Tanchjim%20Zero%20L.txt	Tanchjim Zero	Tanchjim Zero	in-ear	711
https://filk.squig.link/iems/data/Tanchjim%20Zero%20R.txt	Tanchjim Zero	Tanchjim Zero	in-ear	711
https://filk.squig.link/data/Teufel%20Cage%20active%20L.txt	Teufel Cage (active)	Teufel CAGE (active)	over-ear	KB006x + 711
https://filk.squig.link/data/Teufel%20Cage%20active%20R.txt	Teufel Cage (active)	Teufel CAGE (active)	over-ear	KB006x + 711
https://filk.squig.link/data/Teufel%20Cage%20passive%20L.txt	Teufel Cage (passive)	Teufel CAGE (passive)	over-ear	KB006x + 711
https://filk.squig.link/data/Teufel%20Cage%20passive%20R.txt	Teufel Cage (passive)	Teufel CAGE (passive)	over-ear	KB006x + 711
https://filk.squig.link/data/Real%20Blue%20NC%20L.txt	Teufel Real Blue NC (ANC on)	Teufel Real Blue NC (ANC on)	over-ear	KB006x + 711
https://filk.squig.link/data/Real%20Blue%20NC%20R.txt	Teufel Real Blue NC (ANC on)	Teufel Real Blue NC (ANC on)	over-ear	KB006x + 711
https://filk.squig.link/data/Real%20Blue%20NC%20ANC%20classic%20L.txt	Teufel Real Blue NC (ANC on + Classic EQ preset)	Teufel Real Blue NC (ANC on, classic EQ)	over-ear	KB006x + 711
https://filk.squig.link/data/Real%20Blue%20NC%20ANC%20classic%20R.txt	Teufel Real Blue NC (ANC on + Classic EQ preset)	Teufel Real Blue NC (ANC on, classic EQ)	over-ear	KB006x + 711
https://filk.squig.link/data/Real%20Blue%20NC%20passive%20L.txt	Teufel Real Blue NC (passive)	Teufel Real Blue NC (passive)	over-ear	KB006x + 711
https://filk.squig.link/data/Real%20Blue%20NC%20passive%20R.txt	Teufel Real Blue NC (passive)	Teufel Real Blue NC (passive)	over-ear	KB006x + 711
https://filk.squig.link/data/Teufel%20Real%20Blue%20Pro%20ANC%20L.txt	Teufel Real Blue Pro (ANC on)	Teufel Real Blue Pro (ANC on)	over-ear	KB006x + 711
https://filk.squig.link/data/Teufel%20Real%20Blue%20Pro%20ANC%20R.txt	Teufel Real Blue Pro (ANC on)	Teufel Real Blue Pro (ANC on)	over-ear	KB006x + 711
https://filk.squig.link/data/Teufel%20Real%20Blue%20Pro%20jack%20L.txt	Teufel Real Blue Pro (passive)	Teufel Real Blue Pro (passive)	over-ear	KB006x + 711
https://filk.squig.link/data/Teufel%20Real%20Blue%20Pro%20jack%20R.txt	Teufel Real Blue Pro (passive)	Teufel Real Blue Pro (passive)	over-ear	KB006x + 711
https://filk.squig.link/data/Teufel%20Zola%20active%20L.txt	Teufel Zola (via USB soundcard)	Teufel Zola (USB)	over-ear	KB006x + 711
https://filk.squig.link/data/Teufel%20Zola%20active%20R.txt	Teufel Zola (via USB soundcard)	Teufel Zola (USB)	over-ear	KB006x + 711
https://filk.squig.link/data/Teufel%20Zola%20passive%20L.txt	Teufel Zola (passive)	Teufel Zola (passive)	over-ear	KB006x + 711
https://filk.squig.link/data/Teufel%20Zola%20passive%20R.txt	Teufel Zola (passive)	Teufel Zola (passive)	over-ear	KB006x + 711
https://filk.squig.link/iems/data/Tripowin%20Vivace%20L.txt	Tripowin Vivace	Tripowin x 0diBi Vivace	in-ear	711
https://filk.squig.link/iems/data/Tripowin%20Vivace%20R.txt	Tripowin Vivace	Tripowin x 0diBi Vivace	in-ear	711
https://filk.squig.link/iems/data/Truthear%20Gate%20L.txt	Truthear Gate	Truthear Gate	in-ear	711
https://filk.squig.link/iems/data/Truthear%20Gate%20R.txt	Truthear Gate	Truthear Gate	in-ear	711
https://filk.squig.link/iems/data/Truthear%20Hexa%20L.txt	Truthear Hexa	Truthear Hexa	in-ear	711
https://filk.squig.link/iems/data/Truthear%20Hexa%20R.txt	Truthear Hexa	Truthear Hexa	in-ear	711
https://filk.squig.link/iems/data/Truthear%20Hola%20L.txt	Truthear Hola	Truthear Hola	in-ear	711
https://filk.squig.link/iems/data/Truthear%20Hola%20R.txt	Truthear Hola	Truthear Hola	in-ear	711
https://filk.squig.link/iems/data/Pure%20L.txt	Truthear Pure	Truthear Pure	in-ear	711
https://filk.squig.link/iems/data/Pure%20R.txt	Truthear Pure	Truthear Pure	in-ear	711
https://filk.squig.link/iems/data/Truthear%20Zero%20L.txt	Truthear Zero	Truthear x Crinacle Zero	in-ear	711
https://filk.squig.link/iems/data/Truthear%20Zero%20Red%20L.txt	Truthear Zero:RED 	Truthear x Crinacle Zero RED	in-ear	711
https://filk.squig.link/iems/data/Truthear%20Zero%20Red%20R.txt	Truthear Zero:RED 	Truthear x Crinacle Zero RED	in-ear	711
https://filk.squig.link/iems/data/Truthear%20ZeroRED%20Bass%20L.txt	Truthear Zero:RED (Bass+)	Truthear x Crinacle Zero RED (Bass+)	in-ear	711
https://filk.squig.link/iems/data/Truthear%20ZeroRED%20Bass%20R.txt	Truthear Zero:RED (Bass+)	Truthear x Crinacle Zero RED (Bass+)	in-ear	711
https://filk.squig.link/data/Precog%20S%20L.txt	XPG Precog S	XPG PRECOG S	over-ear	KB006x + 711
https://filk.squig.link/data/HD9999%20thick%20L.txt	ISK HD9999 (Thick earpads)	iSK HD-9999 (thick earpads)	over-ear	KB006x + 711
https://filk.squig.link/data/HD9999%20thick%20R.txt	ISK HD9999 (Thick earpads)	iSK HD-9999 (thick earpads)	over-ear	KB006x + 711
https://filk.squig.link/data/HD9999%20thin%20L.txt	ISK HD9999 (Thin earpads)	iSK HD-9999 (thin earpads)	over-ear	KB006x + 711
https://filk.squig.link/iems/data/nb%20audio%20SkeLeTon%20L.txt	nb audio SkeLeTon	nb Audio SkeLeTon	in-ear	711
https://filk.squig.link/iems/data/nb%20audio%20SkeLeTon%20R.txt	nb audio SkeLeTon	nb Audio SkeLeTon	in-ear	711
https://filk.squig.link/data/phone_book.json		phone_book.json	ignore	
https://filk.squig.link/iems/data/Realme%20Buds%20Air%205%20Pro%20L.txt	Realme Buds Air5 Pro	realme Buds Air 5 Pro	in-ear	711
https://filk.squig.link/iems/data/Realme%20Buds%20Air%205%20Pro%20R.txt	Realme Buds Air5 Pro	realme Buds Air 5 Pro	in-ear	711
https://filk.squig.link/iems/data/Realme%20Buds%20Air6%20Pro%20ANC%20L.txt	Realme Buds Air6 Pro	realme Buds Air6 Pro	in-ear	711
https://filk.squig.link/iems/data/Realme%20Buds%20Air6%20Pro%20ANC%20R.txt	Realme Buds Air6 Pro	realme Buds Air6 Pro	in-ear	711
